[0/2] Re-checking globbed directories...
[1/2] Building CXX object scratch/CMakeFiles/scratch_lr-wpan-swarm.dir/lr-wpan-swarm.cc.o
/home/ubuntu/ns-3-dev/scratch/lr-wpan-swarm.cc: In constructor ‘SwarmSchedulerApp::SwarmSchedulerApp()’:
/home/ubuntu/ns-3-dev/scratch/lr-wpan-swarm.cc:130:9: warning: ‘SwarmSchedulerApp::m_topologyCheckCount’ will be initialized after [-Wreorder]
  130 |     int m_topologyCheckCount;
      |         ^~~~~~~~~~~~~~~~~~~~
/home/ubuntu/ns-3-dev/scratch/lr-wpan-swarm.cc:107:12: warning:   ‘double SwarmSchedulerApp::m_epochStartTime’ [-Wreorder]
  107 |     double m_epochStartTime;
      |            ^~~~~~~~~~~~~~~~
/home/ubuntu/ns-3-dev/scratch/lr-wpan-swarm.cc:71:5: warning:   when initialized here [-Wreorder]
   71 |     SwarmSchedulerApp() : m_epoch(0), m_myClaimedSlot(0), m_myClaimedChannel(0), m_topologyMatchCount(0), m_topologyCheckCount(0), m_epochStartTime(0) {}
      |     ^~~~~~~~~~~~~~~~~
[2/2] Linking CXX executable /home/ubuntu/ns-3-dev/build/scratch/ns3.48-lr-wpan-swarm-default
Starting Simulation for 1.0s...
All 50 Drones StartApplication called! Running for 1.0s...
[P1_ATTEMPT] Time: 0ms, Drone: 12
[P1_SUCCESS] Time: 1ms, Drone: 12
[P1_RX] Time: 1ms, Receiver: 30, Sender: 12, RSSI: -98
[P1_RX] Time: 1ms, Receiver: 7, Sender: 12, RSSI: -103
[P1_RX] Time: 1ms, Receiver: 13, Sender: 12, RSSI: -105
[P1_RX] Time: 1ms, Receiver: 14, Sender: 12, RSSI: -106
[P1_RX] Time: 1ms, Receiver: 48, Sender: 12, RSSI: -106
[P1_RX] Time: 1ms, Receiver: 31, Sender: 12, RSSI: -107
[P1_RX] Time: 1ms, Receiver: 24, Sender: 12, RSSI: -108
[P1_ATTEMPT] Time: 2ms, Drone: 35
[P1_ATTEMPT] Time: 2ms, Drone: 3
[P1_ATTEMPT] Time: 2ms, Drone: 31
[P1_ATTEMPT] Time: 2ms, Drone: 13
[P1_ATTEMPT] Time: 2ms, Drone: 5
[P1_ABORT] Time: 3ms, Drone: 5
[P1_ATTEMPT] Time: 3ms, Drone: 5
[P1_ATTEMPT] Time: 3ms, Drone: 44
[P1_SUCCESS] Time: 3ms, Drone: 35
[P1_RX] Time: 3ms, Receiver: 5, Sender: 35, RSSI: -75
[P1_RX] Time: 3ms, Receiver: 39, Sender: 35, RSSI: -97
[P1_RX] Time: 3ms, Receiver: 19, Sender: 35, RSSI: -98
[P1_RX] Time: 3ms, Receiver: 40, Sender: 35, RSSI: -99
[P1_RX] Time: 3ms, Receiver: 9, Sender: 35, RSSI: -100
[P1_RX] Time: 3ms, Receiver: 41, Sender: 35, RSSI: -102
[P1_RX] Time: 3ms, Receiver: 36, Sender: 35, RSSI: -102
[P1_RX] Time: 3ms, Receiver: 47, Sender: 35, RSSI: -102
[P1_RX] Time: 3ms, Receiver: 6, Sender: 35, RSSI: -103
[P1_RX] Time: 3ms, Receiver: 22, Sender: 35, RSSI: -104
[P1_ABORT] Time: 3ms, Drone: 5
[P1_ATTEMPT] Time: 3ms, Drone: 5
[P1_ABORT] Time: 3ms, Drone: 44
[P1_ATTEMPT] Time: 3ms, Drone: 44
[P1_ABORT] Time: 3ms, Drone: 44
[P1_ATTEMPT] Time: 3ms, Drone: 44
[P1_ABORT] Time: 3ms, Drone: 44
[P1_ATTEMPT] Time: 3ms, Drone: 44
[P1_SUCCESS] Time: 3ms, Drone: 3
[P1_RX] Time: 3ms, Receiver: 49, Sender: 3, RSSI: -80
[P1_RX] Time: 3ms, Receiver: 18, Sender: 3, RSSI: -97
[P1_RX] Time: 3ms, Receiver: 21, Sender: 3, RSSI: -97
[P1_RX] Time: 3ms, Receiver: 15, Sender: 3, RSSI: -100
[P1_RX] Time: 3ms, Receiver: 8, Sender: 3, RSSI: -103
[P1_RX] Time: 3ms, Receiver: 43, Sender: 3, RSSI: -102
[P1_RX] Time: 3ms, Receiver: 38, Sender: 3, RSSI: -103
[P1_RX] Time: 3ms, Receiver: 11, Sender: 3, RSSI: -104
[P1_RX] Time: 3ms, Receiver: 10, Sender: 3, RSSI: -106
[P1_SUCCESS] Time: 3ms, Drone: 31
[P1_RX] Time: 3ms, Receiver: 33, Sender: 31, RSSI: -100
[P1_SUCCESS] Time: 3ms, Drone: 13
[P1_RX] Time: 3ms, Receiver: 48, Sender: 13, RSSI: -92
[P1_RX] Time: 3ms, Receiver: 4, Sender: 13, RSSI: -95
[P1_RX] Time: 3ms, Receiver: 30, Sender: 13, RSSI: -102
[P1_RX] Time: 3ms, Receiver: 7, Sender: 13, RSSI: -106
[P1_SUCCESS] Time: 4ms, Drone: 5
[P1_RX] Time: 4ms, Receiver: 35, Sender: 5, RSSI: -75
[P1_RX] Time: 4ms, Receiver: 40, Sender: 5, RSSI: -98
[P1_RX] Time: 4ms, Receiver: 39, Sender: 5, RSSI: -98
[P1_RX] Time: 4ms, Receiver: 19, Sender: 5, RSSI: -98
[P1_RX] Time: 4ms, Receiver: 36, Sender: 5, RSSI: -100
[P1_RX] Time: 4ms, Receiver: 41, Sender: 5, RSSI: -100
[P1_RX] Time: 4ms, Receiver: 9, Sender: 5, RSSI: -101
[P1_RX] Time: 4ms, Receiver: 47, Sender: 5, RSSI: -101
[P1_RX] Time: 4ms, Receiver: 22, Sender: 5, RSSI: -103
[P1_RX] Time: 4ms, Receiver: 27, Sender: 5, RSSI: -103
[P1_RX] Time: 4ms, Receiver: 6, Sender: 5, RSSI: -104
[P1_RX] Time: 4ms, Receiver: 42, Sender: 5, RSSI: -103
[P1_SUCCESS] Time: 4ms, Drone: 44
[P1_RX] Time: 4ms, Receiver: 28, Sender: 44, RSSI: -99
[P1_RX] Time: 4ms, Receiver: 46, Sender: 44, RSSI: -100
[P1_RX] Time: 4ms, Receiver: 34, Sender: 44, RSSI: -101
[P1_RX] Time: 4ms, Receiver: 20, Sender: 44, RSSI: -103
[P1_RX] Time: 4ms, Receiver: 29, Sender: 44, RSSI: -108
[P1_ATTEMPT] Time: 4ms, Drone: 8
[P1_ATTEMPT] Time: 5ms, Drone: 32
[P1_ATTEMPT] Time: 5ms, Drone: 19
[P1_ABORT] Time: 5ms, Drone: 32
[P1_ATTEMPT] Time: 5ms, Drone: 32
[P1_ABORT] Time: 5ms, Drone: 32
[P1_ATTEMPT] Time: 5ms, Drone: 32
[P1_ATTEMPT] Time: 5ms, Drone: 17
[P1_ATTEMPT] Time: 5ms, Drone: 29
[P1_ABORT] Time: 5ms, Drone: 32
[P1_ATTEMPT] Time: 5ms, Drone: 32
[P1_ATTEMPT] Time: 5ms, Drone: 16
[P1_ATTEMPT] Time: 5ms, Drone: 10
[P1_ABORT] Time: 5ms, Drone: 17
[P1_ATTEMPT] Time: 5ms, Drone: 17
[P1_ABORT] Time: 5ms, Drone: 32
[P1_ATTEMPT] Time: 5ms, Drone: 32
[P1_SUCCESS] Time: 5ms, Drone: 8
[P1_RX] Time: 5ms, Receiver: 10, Sender: 8, RSSI: -101
[P1_RX] Time: 5ms, Receiver: 38, Sender: 8, RSSI: -103
[P1_RX] Time: 5ms, Receiver: 3, Sender: 8, RSSI: -103
[P1_RX] Time: 5ms, Receiver: 49, Sender: 8, RSSI: -104
[P1_RX] Time: 5ms, Receiver: 21, Sender: 8, RSSI: -105
[P1_ABORT] Time: 5ms, Drone: 16
[P1_ATTEMPT] Time: 5ms, Drone: 16
[P1_ABORT] Time: 5ms, Drone: 10
[P1_ATTEMPT] Time: 5ms, Drone: 10
[P1_ABORT] Time: 5ms, Drone: 17
[P1_ATTEMPT] Time: 5ms, Drone: 17
[P1_ABORT] Time: 5ms, Drone: 32
[P1_ATTEMPT] Time: 5ms, Drone: 32
[P1_ABORT] Time: 5ms, Drone: 16
[P1_ATTEMPT] Time: 5ms, Drone: 16
[P1_ABORT] Time: 5ms, Drone: 17
[P1_ATTEMPT] Time: 5ms, Drone: 17
[P1_ABORT] Time: 5ms, Drone: 32
[P1_ATTEMPT] Time: 5ms, Drone: 32
[P1_ABORT] Time: 5ms, Drone: 16
[P1_ATTEMPT] Time: 5ms, Drone: 16
[P1_ABORT] Time: 6ms, Drone: 17
[P1_ATTEMPT] Time: 6ms, Drone: 17
[P1_ABORT] Time: 6ms, Drone: 32
[P1_ATTEMPT] Time: 6ms, Drone: 32
[P1_ABORT] Time: 6ms, Drone: 16
[P1_ATTEMPT] Time: 6ms, Drone: 16
[P1_ABORT] Time: 6ms, Drone: 17
[P1_ATTEMPT] Time: 6ms, Drone: 17
[P1_SUCCESS] Time: 6ms, Drone: 19
[P1_RX] Time: 6ms, Receiver: 40, Sender: 19, RSSI: -92
[P1_RX] Time: 6ms, Receiver: 47, Sender: 19, RSSI: -92
[P1_RX] Time: 6ms, Receiver: 27, Sender: 19, RSSI: -98
[P1_RX] Time: 6ms, Receiver: 35, Sender: 19, RSSI: -98
[P1_RX] Time: 6ms, Receiver: 5, Sender: 19, RSSI: -99
[P1_RX] Time: 6ms, Receiver: 41, Sender: 19, RSSI: -101
[P1_RX] Time: 6ms, Receiver: 42, Sender: 19, RSSI: -102
[P1_RX] Time: 6ms, Receiver: 2, Sender: 19, RSSI: -102
[P1_RX] Time: 6ms, Receiver: 39, Sender: 19, RSSI: -104
[P1_RX] Time: 6ms, Receiver: 9, Sender: 19, RSSI: -104
[P1_RX] Time: 6ms, Receiver: 0, Sender: 19, RSSI: -105
[P1_RX] Time: 6ms, Receiver: 6, Sender: 19, RSSI: -105
[P1_RX] Time: 6ms, Receiver: 24, Sender: 19, RSSI: -106
[P1_RX] Time: 6ms, Receiver: 23, Sender: 19, RSSI: -107
[P1_RX] Time: 6ms, Receiver: 36, Sender: 19, RSSI: -107
[P1_ABORT] Time: 6ms, Drone: 32
[P1_ATTEMPT] Time: 6ms, Drone: 32
[P1_ABORT] Time: 6ms, Drone: 16
[P1_ATTEMPT] Time: 6ms, Drone: 16
[P1_ABORT] Time: 6ms, Drone: 17
[P1_ATTEMPT] Time: 6ms, Drone: 17
[P1_SUCCESS] Time: 6ms, Drone: 29
[P1_RX] Time: 6ms, Receiver: 33, Sender: 29, RSSI: -89
[P1_RX] Time: 6ms, Receiver: 37, Sender: 29, RSSI: -89
[P1_RX] Time: 6ms, Receiver: 25, Sender: 29, RSSI: -93
[P1_RX] Time: 6ms, Receiver: 20, Sender: 29, RSSI: -102
[P1_RX] Time: 6ms, Receiver: 34, Sender: 29, RSSI: -105
[P1_RX] Time: 6ms, Receiver: 28, Sender: 29, RSSI: -106
[P1_ATTEMPT] Time: 6ms, Drone: 30
[P1_ATTEMPT] Time: 6ms, Drone: 1
[P1_SUCCESS] Time: 6ms, Drone: 10
[P1_RX] Time: 6ms, Receiver: 38, Sender: 10, RSSI: -98
[P1_RX] Time: 6ms, Receiver: 8, Sender: 10, RSSI: -101
[P1_ABORT] Time: 6ms, Drone: 1
[P1_ATTEMPT] Time: 6ms, Drone: 1
[P1_ABORT] Time: 6ms, Drone: 1
[P1_ATTEMPT] Time: 6ms, Drone: 1
[P1_ABORT] Time: 7ms, Drone: 1
[P1_ATTEMPT] Time: 7ms, Drone: 1
[P1_SUCCESS] Time: 7ms, Drone: 32
[P1_RX] Time: 7ms, Receiver: 1, Sender: 32, RSSI: -82
[P1_RX] Time: 7ms, Receiver: 15, Sender: 32, RSSI: -94
[P1_RX] Time: 7ms, Receiver: 27, Sender: 32, RSSI: -97
[P1_RX] Time: 7ms, Receiver: 45, Sender: 32, RSSI: -99
[P1_RX] Time: 7ms, Receiver: 43, Sender: 32, RSSI: -97
[P1_RX] Time: 7ms, Receiver: 4, Sender: 32, RSSI: -100
[P1_RX] Time: 7ms, Receiver: 31, Sender: 32, RSSI: -102
[P1_ABORT] Time: 7ms, Drone: 1
[P1_ATTEMPT] Time: 7ms, Drone: 1
[P1_SUCCESS] Time: 7ms, Drone: 16
[P1_RX] Time: 7ms, Receiver: 40, Sender: 16, RSSI: -98
[P1_SUCCESS] Time: 7ms, Drone: 17
[P1_ABORT] Time: 7ms, Drone: 1
[P1_ATTEMPT] Time: 7ms, Drone: 1
[P1_SUCCESS] Time: 7ms, Drone: 30
[P1_RX] Time: 7ms, Receiver: 7, Sender: 30, RSSI: -94
[P1_RX] Time: 7ms, Receiver: 14, Sender: 30, RSSI: -97
[P1_RX] Time: 7ms, Receiver: 12, Sender: 30, RSSI: -98
[P1_RX] Time: 7ms, Receiver: 23, Sender: 30, RSSI: -101
[P1_RX] Time: 7ms, Receiver: 26, Sender: 30, RSSI: -104
[P1_ATTEMPT] Time: 7ms, Drone: 46
[P1_SUCCESS] Time: 8ms, Drone: 1
[P1_RX] Time: 8ms, Receiver: 32, Sender: 1, RSSI: -82
[P1_RX] Time: 8ms, Receiver: 16, Sender: 1, RSSI: -89
[P1_RX] Time: 8ms, Receiver: 15, Sender: 1, RSSI: -98
[P1_RX] Time: 8ms, Receiver: 17, Sender: 1, RSSI: -99
[P1_RX] Time: 8ms, Receiver: 18, Sender: 1, RSSI: -99
[P1_RX] Time: 8ms, Receiver: 47, Sender: 1, RSSI: -99
[P1_RX] Time: 8ms, Receiver: 4, Sender: 1, RSSI: -101
[P1_RX] Time: 8ms, Receiver: 21, Sender: 1, RSSI: -101
[P1_RX] Time: 8ms, Receiver: 19, Sender: 1, RSSI: -102
[P1_RX] Time: 8ms, Receiver: 3, Sender: 1, RSSI: -102
[P1_RX] Time: 8ms, Receiver: 49, Sender: 1, RSSI: -102
[P1_RX] Time: 8ms, Receiver: 45, Sender: 1, RSSI: -102
[P1_RX] Time: 8ms, Receiver: 27, Sender: 1, RSSI: -102
[P1_RX] Time: 8ms, Receiver: 40, Sender: 1, RSSI: -103
[P1_RX] Time: 8ms, Receiver: 43, Sender: 1, RSSI: -103
[P1_RX] Time: 8ms, Receiver: 2, Sender: 1, RSSI: -105
[P1_RX] Time: 8ms, Receiver: 13, Sender: 1, RSSI: -105
[P1_RX] Time: 8ms, Receiver: 31, Sender: 1, RSSI: -105
[P1_RX] Time: 8ms, Receiver: 48, Sender: 1, RSSI: -106
[P1_RX] Time: 8ms, Receiver: 11, Sender: 1, RSSI: -106
[P1_RX] Time: 8ms, Receiver: 24, Sender: 1, RSSI: -107
[P1_RX] Time: 8ms, Receiver: 38, Sender: 1, RSSI: -107
[P1_SUCCESS] Time: 8ms, Drone: 46
[P1_RX] Time: 8ms, Receiver: 28, Sender: 46, RSSI: -82
[P1_RX] Time: 8ms, Receiver: 34, Sender: 46, RSSI: -87
[P1_RX] Time: 8ms, Receiver: 44, Sender: 46, RSSI: -100
[P1_RX] Time: 8ms, Receiver: 25, Sender: 46, RSSI: -105
[P1_ATTEMPT] Time: 8ms, Drone: 37
[P1_ATTEMPT] Time: 9ms, Drone: 6
[P1_ATTEMPT] Time: 9ms, Drone: 25
[P1_ABORT] Time: 9ms, Drone: 25
[P1_ATTEMPT] Time: 9ms, Drone: 25
[P1_SUCCESS] Time: 9ms, Drone: 37
[P1_RX] Time: 9ms, Receiver: 29, Sender: 37, RSSI: -89
[P1_RX] Time: 9ms, Receiver: 33, Sender: 37, RSSI: -90
[P1_RX] Time: 9ms, Receiver: 25, Sender: 37, RSSI: -95
[P1_RX] Time: 9ms, Receiver: 34, Sender: 37, RSSI: -102
[P1_RX] Time: 9ms, Receiver: 20, Sender: 37, RSSI: -103
[P1_RX] Time: 9ms, Receiver: 28, Sender: 37, RSSI: -104
[P1_RX] Time: 9ms, Receiver: 46, Sender: 37, RSSI: -105
[P1_RX] Time: 9ms, Receiver: 15, Sender: 37, RSSI: -105
[P1_RX] Time: 9ms, Receiver: 4, Sender: 37, RSSI: -106
[P1_RX] Time: 9ms, Receiver: 31, Sender: 37, RSSI: -106
[P1_RX] Time: 9ms, Receiver: 44, Sender: 37, RSSI: -107
[P1_RX] Time: 9ms, Receiver: 49, Sender: 37, RSSI: -109
[P1_RX] Time: 9ms, Receiver: 10, Sender: 37, RSSI: -110
[P1_ABORT] Time: 9ms, Drone: 25
[P1_ATTEMPT] Time: 9ms, Drone: 25
[P1_SUCCESS] Time: 9ms, Drone: 6
[P1_RX] Time: 9ms, Receiver: 39, Sender: 6, RSSI: -95
[P1_RX] Time: 9ms, Receiver: 42, Sender: 6, RSSI: -98
[P1_RX] Time: 9ms, Receiver: 0, Sender: 6, RSSI: -99
[P1_RX] Time: 9ms, Receiver: 23, Sender: 6, RSSI: -100
[P1_RX] Time: 9ms, Receiver: 9, Sender: 6, RSSI: -101
[P1_RX] Time: 9ms, Receiver: 26, Sender: 6, RSSI: -102
[P1_RX] Time: 9ms, Receiver: 35, Sender: 6, RSSI: -103
[P1_RX] Time: 9ms, Receiver: 14, Sender: 6, RSSI: -104
[P1_RX] Time: 9ms, Receiver: 2, Sender: 6, RSSI: -104
[P1_RX] Time: 9ms, Receiver: 5, Sender: 6, RSSI: -105
[P1_RX] Time: 9ms, Receiver: 19, Sender: 6, RSSI: -105
[P1_RX] Time: 9ms, Receiver: 24, Sender: 6, RSSI: -105
[P1_RX] Time: 9ms, Receiver: 27, Sender: 6, RSSI: -107
[P1_RX] Time: 9ms, Receiver: 40, Sender: 6, RSSI: -108
[P1_RX] Time: 9ms, Receiver: 47, Sender: 6, RSSI: -108
[P1_ATTEMPT] Time: 10ms, Drone: 26
[P1_ATTEMPT] Time: 10ms, Drone: 20
[P1_SUCCESS] Time: 10ms, Drone: 25
[P1_RX] Time: 10ms, Receiver: 29, Sender: 25, RSSI: -93
[P1_RX] Time: 10ms, Receiver: 37, Sender: 25, RSSI: -95
[P1_RX] Time: 10ms, Receiver: 33, Sender: 25, RSSI: -99
[P1_RX] Time: 10ms, Receiver: 34, Sender: 25, RSSI: -103
[P1_RX] Time: 10ms, Receiver: 20, Sender: 25, RSSI: -104
[P1_RX] Time: 10ms, Receiver: 28, Sender: 25, RSSI: -104
[P1_RX] Time: 10ms, Receiver: 46, Sender: 25, RSSI: -106
[P1_ABORT] Time: 10ms, Drone: 20
[P1_ATTEMPT] Time: 10ms, Drone: 20
[P1_SUCCESS] Time: 11ms, Drone: 26
[P1_RX] Time: 11ms, Receiver: 42, Sender: 26, RSSI: -94
[P1_RX] Time: 11ms, Receiver: 23, Sender: 26, RSSI: -97
[P1_RX] Time: 11ms, Receiver: 14, Sender: 26, RSSI: -99
[P1_RX] Time: 11ms, Receiver: 24, Sender: 26, RSSI: -99
[P1_RX] Time: 11ms, Receiver: 2, Sender: 26, RSSI: -101
[P1_RX] Time: 11ms, Receiver: 0, Sender: 26, RSSI: -101
[P1_RX] Time: 11ms, Receiver: 6, Sender: 26, RSSI: -102
[P1_RX] Time: 11ms, Receiver: 30, Sender: 26, RSSI: -105
[P1_RX] Time: 11ms, Receiver: 7, Sender: 26, RSSI: -106
[P1_RX] Time: 11ms, Receiver: 39, Sender: 26, RSSI: -107
[P1_RX] Time: 11ms, Receiver: 19, Sender: 26, RSSI: -108
[P1_ATTEMPT] Time: 11ms, Drone: 48
[P1_ABORT] Time: 11ms, Drone: 48
[P1_ATTEMPT] Time: 11ms, Drone: 48
[P1_ATTEMPT] Time: 11ms, Drone: 28
[P1_ATTEMPT] Time: 11ms, Drone: 42
[P1_ABORT] Time: 11ms, Drone: 48
[P1_ATTEMPT] Time: 11ms, Drone: 48
[P1_ABORT] Time: 11ms, Drone: 28
[P1_ATTEMPT] Time: 11ms, Drone: 28
[P1_ABORT] Time: 11ms, Drone: 48
[P1_ATTEMPT] Time: 11ms, Drone: 48
[P1_ABORT] Time: 11ms, Drone: 28
[P1_ATTEMPT] Time: 11ms, Drone: 28
[P1_ABORT] Time: 11ms, Drone: 48
[P1_ATTEMPT] Time: 11ms, Drone: 48
[P1_SUCCESS] Time: 11ms, Drone: 20
[P1_RX] Time: 11ms, Receiver: 29, Sender: 20, RSSI: -103
[P1_RX] Time: 11ms, Receiver: 44, Sender: 20, RSSI: -103
[P1_RX] Time: 11ms, Receiver: 37, Sender: 20, RSSI: -103
[P1_RX] Time: 11ms, Receiver: 25, Sender: 20, RSSI: -104
[P1_RX] Time: 11ms, Receiver: 34, Sender: 20, RSSI: -105
[P1_RX] Time: 11ms, Receiver: 28, Sender: 20, RSSI: -105
[P1_RX] Time: 11ms, Receiver: 33, Sender: 20, RSSI: -105
[P1_RX] Time: 11ms, Receiver: 4, Sender: 20, RSSI: -106
[P1_RX] Time: 11ms, Receiver: 46, Sender: 20, RSSI: -107
[P1_RX] Time: 11ms, Receiver: 49, Sender: 20, RSSI: -107
[P1_ABORT] Time: 11ms, Drone: 28
[P1_ATTEMPT] Time: 11ms, Drone: 28
[P1_ABORT] Time: 11ms, Drone: 48
[P1_ATTEMPT] Time: 11ms, Drone: 48
[P1_ATTEMPT] Time: 11ms, Drone: 38
[P1_ABORT] Time: 11ms, Drone: 48
[P1_ATTEMPT] Time: 11ms, Drone: 48
[P1_ATTEMPT] Time: 12ms, Drone: 21
[P1_ABORT] Time: 12ms, Drone: 48
[P1_ATTEMPT] Time: 12ms, Drone: 48
[P1_ABORT] Time: 12ms, Drone: 48
[P1_ATTEMPT] Time: 12ms, Drone: 48
[P1_SUCCESS] Time: 12ms, Drone: 42
[P1_RX] Time: 12ms, Receiver: 26, Sender: 42, RSSI: -94
[P1_RX] Time: 12ms, Receiver: 2, Sender: 42, RSSI: -96
[P1_RX] Time: 12ms, Receiver: 23, Sender: 42, RSSI: -97
[P1_RX] Time: 12ms, Receiver: 24, Sender: 42, RSSI: -98
[P1_RX] Time: 12ms, Receiver: 0, Sender: 42, RSSI: -98
[P1_RX] Time: 12ms, Receiver: 6, Sender: 42, RSSI: -98
[P1_RX] Time: 12ms, Receiver: 14, Sender: 42, RSSI: -102
[P1_RX] Time: 12ms, Receiver: 19, Sender: 42, RSSI: -103
[P1_RX] Time: 12ms, Receiver: 39, Sender: 42, RSSI: -103
[P1_RX] Time: 12ms, Receiver: 35, Sender: 42, RSSI: -105
[P1_RX] Time: 12ms, Receiver: 5, Sender: 42, RSSI: -106
[P1_RX] Time: 12ms, Receiver: 9, Sender: 42, RSSI: -107
[P1_RX] Time: 12ms, Receiver: 40, Sender: 42, RSSI: -107
[P1_RX] Time: 12ms, Receiver: 30, Sender: 42, RSSI: -108
[P1_ABORT] Time: 12ms, Drone: 48
[P1_ATTEMPT] Time: 12ms, Drone: 48
[P1_ATTEMPT] Time: 12ms, Drone: 4
[P1_ABORT] Time: 12ms, Drone: 4
[P1_ATTEMPT] Time: 12ms, Drone: 4
[P1_SUCCESS] Time: 12ms, Drone: 28
[P1_RX] Time: 12ms, Receiver: 34, Sender: 28, RSSI: -78
[P1_RX] Time: 12ms, Receiver: 46, Sender: 28, RSSI: -82
[P1_RX] Time: 12ms, Receiver: 44, Sender: 28, RSSI: -99
[P1_RX] Time: 12ms, Receiver: 37, Sender: 28, RSSI: -103
[P1_RX] Time: 12ms, Receiver: 25, Sender: 28, RSSI: -104
[P1_RX] Time: 12ms, Receiver: 20, Sender: 28, RSSI: -104
[P1_ABORT] Time: 12ms, Drone: 4
[P1_ATTEMPT] Time: 12ms, Drone: 4
[P1_SUCCESS] Time: 12ms, Drone: 38
[P1_RX] Time: 12ms, Receiver: 11, Sender: 38, RSSI: -94
[P1_RX] Time: 12ms, Receiver: 43, Sender: 38, RSSI: -96
[P1_RX] Time: 12ms, Receiver: 8, Sender: 38, RSSI: -103
[P1_ATTEMPT] Time: 12ms, Drone: 43
[P1_ABORT] Time: 12ms, Drone: 4
[P1_ATTEMPT] Time: 12ms, Drone: 4
[P1_SUCCESS] Time: 12ms, Drone: 21
[P1_RX] Time: 12ms, Receiver: 16, Sender: 21, RSSI: -96
[P1_RX] Time: 12ms, Receiver: 47, Sender: 21, RSSI: -103
[P1_RX] Time: 12ms, Receiver: 40, Sender: 21, RSSI: -106
[P1_RX] Time: 12ms, Receiver: 41, Sender: 21, RSSI: -106
[P1_ABORT] Time: 13ms, Drone: 43
[P1_ATTEMPT] Time: 13ms, Drone: 43
[P1_ABORT] Time: 13ms, Drone: 4
[P1_ATTEMPT] Time: 13ms, Drone: 4
[P1_ABORT] Time: 13ms, Drone: 4
[P1_ATTEMPT] Time: 13ms, Drone: 4
[P1_SUCCESS] Time: 13ms, Drone: 48
[P1_RX] Time: 13ms, Receiver: 13, Sender: 48, RSSI: -93
[P1_RX] Time: 13ms, Receiver: 24, Sender: 48, RSSI: -95
[P1_RX] Time: 13ms, Receiver: 2, Sender: 48, RSSI: -98
[P1_RX] Time: 13ms, Receiver: 31, Sender: 48, RSSI: -101
[P1_RX] Time: 13ms, Receiver: 14, Sender: 48, RSSI: -104
[P1_RX] Time: 13ms, Receiver: 30, Sender: 48, RSSI: -104
[P1_RX] Time: 13ms, Receiver: 23, Sender: 48, RSSI: -104
[P1_RX] Time: 13ms, Receiver: 42, Sender: 48, RSSI: -104
[P1_RX] Time: 13ms, Receiver: 26, Sender: 48, RSSI: -105
[P1_RX] Time: 13ms, Receiver: 0, Sender: 48, RSSI: -105
[P1_RX] Time: 13ms, Receiver: 12, Sender: 48, RSSI: -106
[P1_ABORT] Time: 13ms, Drone: 4
[P1_ATTEMPT] Time: 13ms, Drone: 4
[P1_ATTEMPT] Time: 13ms, Drone: 49
[P1_ABORT] Time: 13ms, Drone: 49
[P1_ATTEMPT] Time: 13ms, Drone: 49
[P1_ABORT] Time: 13ms, Drone: 49
[P1_ATTEMPT] Time: 13ms, Drone: 49
[P1_ATTEMPT] Time: 13ms, Drone: 11
[P1_SUCCESS] Time: 13ms, Drone: 43
[P1_RX] Time: 13ms, Receiver: 15, Sender: 43, RSSI: -93
[P1_RX] Time: 13ms, Receiver: 38, Sender: 43, RSSI: -96
[P1_RX] Time: 13ms, Receiver: 21, Sender: 43, RSSI: -99
[P1_RX] Time: 13ms, Receiver: 18, Sender: 43, RSSI: -99
[P1_RX] Time: 13ms, Receiver: 11, Sender: 43, RSSI: -100
[P1_RX] Time: 13ms, Receiver: 32, Sender: 43, RSSI: -101
[P1_RX] Time: 13ms, Receiver: 10, Sender: 43, RSSI: -102
[P1_RX] Time: 13ms, Receiver: 17, Sender: 43, RSSI: -103
[P1_RX] Time: 13ms, Receiver: 16, Sender: 43, RSSI: -103
[P1_RX] Time: 13ms, Receiver: 3, Sender: 43, RSSI: -104
[P1_RX] Time: 13ms, Receiver: 49, Sender: 43, RSSI: -105
[P1_RX] Time: 13ms, Receiver: 27, Sender: 43, RSSI: -106
[P1_RX] Time: 13ms, Receiver: 8, Sender: 43, RSSI: -107
[P1_ABORT] Time: 13ms, Drone: 49
[P1_ATTEMPT] Time: 13ms, Drone: 49
[P1_ATTEMPT] Time: 13ms, Drone: 18
[P1_ABORT] Time: 14ms, Drone: 11
[P1_ATTEMPT] Time: 14ms, Drone: 11
[P1_SUCCESS] Time: 14ms, Drone: 4
[P1_RX] Time: 14ms, Receiver: 48, Sender: 4, RSSI: -94
[P1_RX] Time: 14ms, Receiver: 2, Sender: 4, RSSI: -101
[P1_RX] Time: 14ms, Receiver: 24, Sender: 4, RSSI: -102
[P1_RX] Time: 14ms, Receiver: 20, Sender: 4, RSSI: -105
[P1_RX] Time: 14ms, Receiver: 42, Sender: 4, RSSI: -107
[P1_RX] Time: 14ms, Receiver: 25, Sender: 4, RSSI: -106
[P1_RX] Time: 14ms, Receiver: 23, Sender: 4, RSSI: -107
[P1_RX] Time: 14ms, Receiver: 0, Sender: 4, RSSI: -107
[P1_RX] Time: 14ms, Receiver: 14, Sender: 4, RSSI: -108
[P1_SUCCESS] Time: 14ms, Drone: 49
[P1_RX] Time: 14ms, Receiver: 3, Sender: 49, RSSI: -80
[P1_RX] Time: 14ms, Receiver: 8, Sender: 49, RSSI: -101
[P1_RX] Time: 14ms, Receiver: 20, Sender: 49, RSSI: -105
[P1_SUCCESS] Time: 14ms, Drone: 18
[P1_RX] Time: 14ms, Receiver: 21, Sender: 18, RSSI: -78
[P1_RX] Time: 14ms, Receiver: 17, Sender: 18, RSSI: -86
[P1_RX] Time: 14ms, Receiver: 16, Sender: 18, RSSI: -93
[P1_RX] Time: 14ms, Receiver: 32, Sender: 18, RSSI: -97
[P1_RX] Time: 14ms, Receiver: 43, Sender: 18, RSSI: -96
[P1_RX] Time: 14ms, Receiver: 47, Sender: 18, RSSI: -101
[P1_RX] Time: 14ms, Receiver: 40, Sender: 18, RSSI: -103
[P1_RX] Time: 14ms, Receiver: 19, Sender: 18, RSSI: -104
[P1_SUCCESS] Time: 14ms, Drone: 11
[P1_RX] Time: 14ms, Receiver: 38, Sender: 11, RSSI: -93
[P1_RX] Time: 14ms, Receiver: 10, Sender: 11, RSSI: -102
[P1_ATTEMPT] Time: 15ms, Drone: 34
[P1_ATTEMPT] Time: 15ms, Drone: 47
[P1_ATTEMPT] Time: 15ms, Drone: 40
[P1_ABORT] Time: 16ms, Drone: 40
[P1_ATTEMPT] Time: 16ms, Drone: 40
[P1_ABORT] Time: 16ms, Drone: 40
[P1_ATTEMPT] Time: 16ms, Drone: 40
[P1_SUCCESS] Time: 16ms, Drone: 34
[P1_RX] Time: 16ms, Receiver: 28, Sender: 34, RSSI: -78
[P1_RX] Time: 16ms, Receiver: 46, Sender: 34, RSSI: -87
[P1_RX] Time: 16ms, Receiver: 44, Sender: 34, RSSI: -101
[P1_RX] Time: 16ms, Receiver: 37, Sender: 34, RSSI: -102
[P1_RX] Time: 16ms, Receiver: 25, Sender: 34, RSSI: -103
[P1_RX] Time: 16ms, Receiver: 20, Sender: 34, RSSI: -104
[P1_RX] Time: 16ms, Receiver: 29, Sender: 34, RSSI: -104
[P1_RX] Time: 16ms, Receiver: 33, Sender: 34, RSSI: -106
[P1_SUCCESS] Time: 16ms, Drone: 47
[P1_RX] Time: 16ms, Receiver: 40, Sender: 47, RSSI: -91
[P1_RX] Time: 16ms, Receiver: 19, Sender: 47, RSSI: -92
[P1_RX] Time: 16ms, Receiver: 27, Sender: 47, RSSI: -95
[P1_RX] Time: 16ms, Receiver: 41, Sender: 47, RSSI: -97
[P1_RX] Time: 16ms, Receiver: 16, Sender: 47, RSSI: -97
[P1_RX] Time: 16ms, Receiver: 32, Sender: 47, RSSI: -99
[P1_RX] Time: 16ms, Receiver: 1, Sender: 47, RSSI: -99
[P1_RX] Time: 16ms, Receiver: 17, Sender: 47, RSSI: -101
[P1_RX] Time: 16ms, Receiver: 5, Sender: 47, RSSI: -102
[P1_RX] Time: 16ms, Receiver: 35, Sender: 47, RSSI: -102
[P1_RX] Time: 16ms, Receiver: 18, Sender: 47, RSSI: -103
[P1_RX] Time: 16ms, Receiver: 21, Sender: 47, RSSI: -104
[P1_RX] Time: 16ms, Receiver: 45, Sender: 47, RSSI: -105
[P1_RX] Time: 16ms, Receiver: 15, Sender: 47, RSSI: -105
[P1_RX] Time: 16ms, Receiver: 2, Sender: 47, RSSI: -106
[P1_RX] Time: 16ms, Receiver: 11, Sender: 47, RSSI: -106
[P1_RX] Time: 16ms, Receiver: 43, Sender: 47, RSSI: -106
[P1_RX] Time: 16ms, Receiver: 9, Sender: 47, RSSI: -107
[P1_RX] Time: 16ms, Receiver: 36, Sender: 47, RSSI: -107
[P1_RX] Time: 16ms, Receiver: 42, Sender: 47, RSSI: -107
[P1_RX] Time: 16ms, Receiver: 39, Sender: 47, RSSI: -108
[P1_RX] Time: 16ms, Receiver: 3, Sender: 47, RSSI: -107
[P1_RX] Time: 16ms, Receiver: 22, Sender: 47, RSSI: -108
[P1_RX] Time: 16ms, Receiver: 13, Sender: 47, RSSI: -108
[P1_RX] Time: 16ms, Receiver: 6, Sender: 47, RSSI: -109
[P1_ABORT] Time: 16ms, Drone: 40
[P1_ATTEMPT] Time: 16ms, Drone: 40
[P1_ATTEMPT] Time: 16ms, Drone: 41
[P1_ATTEMPT] Time: 16ms, Drone: 24
[P1_ABORT] Time: 16ms, Drone: 41
[P1_ATTEMPT] Time: 16ms, Drone: 41
[P1_ABORT] Time: 16ms, Drone: 24
[P1_ATTEMPT] Time: 16ms, Drone: 24
[P1_ABORT] Time: 17ms, Drone: 41
[P1_ATTEMPT] Time: 17ms, Drone: 41
[P1_ABORT] Time: 17ms, Drone: 24
[P1_ATTEMPT] Time: 17ms, Drone: 24
[P1_ABORT] Time: 17ms, Drone: 41
[P1_ATTEMPT] Time: 17ms, Drone: 41
[P1_SUCCESS] Time: 17ms, Drone: 40
[P1_RX] Time: 17ms, Receiver: 47, Sender: 40, RSSI: -91
[P1_RX] Time: 17ms, Receiver: 19, Sender: 40, RSSI: -92
[P1_RX] Time: 17ms, Receiver: 41, Sender: 40, RSSI: -95
[P1_RX] Time: 17ms, Receiver: 5, Sender: 40, RSSI: -98
[P1_RX] Time: 17ms, Receiver: 35, Sender: 40, RSSI: -99
[P1_RX] Time: 17ms, Receiver: 27, Sender: 40, RSSI: -101
[P1_RX] Time: 17ms, Receiver: 16, Sender: 40, RSSI: -102
[P1_RX] Time: 17ms, Receiver: 1, Sender: 40, RSSI: -103
[P1_RX] Time: 17ms, Receiver: 17, Sender: 40, RSSI: -104
[P1_RX] Time: 17ms, Receiver: 32, Sender: 40, RSSI: -104
[P1_RX] Time: 17ms, Receiver: 36, Sender: 40, RSSI: -104
[P1_RX] Time: 17ms, Receiver: 18, Sender: 40, RSSI: -106
[P1_RX] Time: 17ms, Receiver: 39, Sender: 40, RSSI: -106
[P1_RX] Time: 17ms, Receiver: 9, Sender: 40, RSSI: -107
[P1_RX] Time: 17ms, Receiver: 42, Sender: 40, RSSI: -107
[P1_RX] Time: 17ms, Receiver: 2, Sender: 40, RSSI: -107
[P1_RX] Time: 17ms, Receiver: 22, Sender: 40, RSSI: -107
[P1_RX] Time: 17ms, Receiver: 21, Sender: 40, RSSI: -107
[P1_RX] Time: 17ms, Receiver: 45, Sender: 40, RSSI: -108
[P1_RX] Time: 17ms, Receiver: 11, Sender: 40, RSSI: -109
[P1_RX] Time: 17ms, Receiver: 0, Sender: 40, RSSI: -109
[P1_ABORT] Time: 17ms, Drone: 41
[P1_ATTEMPT] Time: 17ms, Drone: 41
[P1_ATTEMPT] Time: 17ms, Drone: 39
[P1_ABORT] Time: 17ms, Drone: 39
[P1_ATTEMPT] Time: 17ms, Drone: 39
[P1_SUCCESS] Time: 18ms, Drone: 24
[P1_RX] Time: 18ms, Receiver: 2, Sender: 24, RSSI: -89
[P1_RX] Time: 18ms, Receiver: 48, Sender: 24, RSSI: -95
[P1_RX] Time: 18ms, Receiver: 13, Sender: 24, RSSI: -98
[P1_RX] Time: 18ms, Receiver: 42, Sender: 24, RSSI: -98
[P1_RX] Time: 18ms, Receiver: 23, Sender: 24, RSSI: -98
[P1_RX] Time: 18ms, Receiver: 26, Sender: 24, RSSI: -99
[P1_RX] Time: 18ms, Receiver: 14, Sender: 24, RSSI: -99
[P1_RX] Time: 18ms, Receiver: 0, Sender: 24, RSSI: -101
[P1_RX] Time: 18ms, Receiver: 4, Sender: 24, RSSI: -102
[P1_RX] Time: 18ms, Receiver: 45, Sender: 24, RSSI: -103
[P1_RX] Time: 18ms, Receiver: 30, Sender: 24, RSSI: -103
[P1_RX] Time: 18ms, Receiver: 31, Sender: 24, RSSI: -104
[P1_RX] Time: 18ms, Receiver: 6, Sender: 24, RSSI: -106
[P1_RX] Time: 18ms, Receiver: 12, Sender: 24, RSSI: -108
[P1_ABORT] Time: 18ms, Drone: 39
[P1_ATTEMPT] Time: 18ms, Drone: 39
[P1_ATTEMPT] Time: 18ms, Drone: 15
[P1_ATTEMPT] Time: 18ms, Drone: 22
[P1_SUCCESS] Time: 18ms, Drone: 41
[P1_RX] Time: 18ms, Receiver: 36, Sender: 41, RSSI: -101
[P1_RX] Time: 18ms, Receiver: 22, Sender: 41, RSSI: -103
[P1_RX] Time: 18ms, Receiver: 17, Sender: 41, RSSI: -104
[P1_RX] Time: 18ms, Receiver: 18, Sender: 41, RSSI: -106
[P1_RX] Time: 18ms, Receiver: 11, Sender: 41, RSSI: -107
[P1_RX] Time: 18ms, Receiver: 21, Sender: 41, RSSI: -107
[P1_ABORT] Time: 18ms, Drone: 22
[P1_ATTEMPT] Time: 18ms, Drone: 22
[P1_ATTEMPT] Time: 18ms, Drone: 45
[P1_ABORT] Time: 18ms, Drone: 45
[P1_ATTEMPT] Time: 18ms, Drone: 45
[P1_ATTEMPT] Time: 18ms, Drone: 27
[P1_ABORT] Time: 18ms, Drone: 45
[P1_ATTEMPT] Time: 18ms, Drone: 45
[P1_SUCCESS] Time: 18ms, Drone: 39
[P1_RX] Time: 18ms, Receiver: 6, Sender: 39, RSSI: -95
[P1_RX] Time: 18ms, Receiver: 35, Sender: 39, RSSI: -97
[P1_RX] Time: 18ms, Receiver: 9, Sender: 39, RSSI: -97
[P1_RX] Time: 18ms, Receiver: 5, Sender: 39, RSSI: -99
[P1_RX] Time: 18ms, Receiver: 42, Sender: 39, RSSI: -103
[P1_RX] Time: 18ms, Receiver: 19, Sender: 39, RSSI: -104
[P1_RX] Time: 18ms, Receiver: 0, Sender: 39, RSSI: -105
[P1_RX] Time: 18ms, Receiver: 23, Sender: 39, RSSI: -107
[P1_RX] Time: 18ms, Receiver: 26, Sender: 39, RSSI: -107
[P1_ABORT] Time: 19ms, Drone: 27
[P1_ATTEMPT] Time: 19ms, Drone: 27
[P1_ABORT] Time: 19ms, Drone: 45
[P1_ATTEMPT] Time: 19ms, Drone: 45
[P1_SUCCESS] Time: 19ms, Drone: 15
[P1_RX] Time: 19ms, Receiver: 43, Sender: 15, RSSI: -93
[P1_RX] Time: 19ms, Receiver: 32, Sender: 15, RSSI: -95
[P1_RX] Time: 19ms, Receiver: 1, Sender: 15, RSSI: -98
[P1_RX] Time: 19ms, Receiver: 18, Sender: 15, RSSI: -100
[P1_RX] Time: 19ms, Receiver: 16, Sender: 15, RSSI: -100
[P1_RX] Time: 19ms, Receiver: 21, Sender: 15, RSSI: -100
[P1_RX] Time: 19ms, Receiver: 3, Sender: 15, RSSI: -102
[P1_RX] Time: 19ms, Receiver: 17, Sender: 15, RSSI: -102
[P1_RX] Time: 19ms, Receiver: 49, Sender: 15, RSSI: -103
[P1_RX] Time: 19ms, Receiver: 38, Sender: 15, RSSI: -103
[P1_RX] Time: 19ms, Receiver: 33, Sender: 15, RSSI: -103
[P1_RX] Time: 19ms, Receiver: 4, Sender: 15, RSSI: -103
[P1_RX] Time: 19ms, Receiver: 31, Sender: 15, RSSI: -104
[P1_RX] Time: 19ms, Receiver: 11, Sender: 15, RSSI: -104
[P1_RX] Time: 19ms, Receiver: 37, Sender: 15, RSSI: -105
[P1_RX] Time: 19ms, Receiver: 10, Sender: 15, RSSI: -106
[P1_RX] Time: 19ms, Receiver: 29, Sender: 15, RSSI: -106
[P1_RX] Time: 19ms, Receiver: 13, Sender: 15, RSSI: -105
[P1_RX] Time: 19ms, Receiver: 48, Sender: 15, RSSI: -107
[P1_RX] Time: 19ms, Receiver: 8, Sender: 15, RSSI: -108
[P1_ABORT] Time: 19ms, Drone: 27
[P1_ATTEMPT] Time: 19ms, Drone: 27
[P1_ABORT] Time: 19ms, Drone: 45
[P1_ATTEMPT] Time: 19ms, Drone: 45
[P1_SUCCESS] Time: 19ms, Drone: 22
[P1_RX] Time: 19ms, Receiver: 41, Sender: 22, RSSI: -101
[P1_ATTEMPT] Time: 19ms, Drone: 33
[P1_ABORT] Time: 19ms, Drone: 33
[P1_ATTEMPT] Time: 19ms, Drone: 33
[P1_ABORT] Time: 19ms, Drone: 33
[P1_ATTEMPT] Time: 19ms, Drone: 33
[P1_ABORT] Time: 19ms, Drone: 33
[P1_ATTEMPT] Time: 19ms, Drone: 33
[P1_ATTEMPT] Time: 19ms, Drone: 36
[P1_ATTEMPT] Time: 19ms, Drone: 7
[P1_ABORT] Time: 19ms, Drone: 33
[P1_ATTEMPT] Time: 19ms, Drone: 33
[P1_ABORT] Time: 19ms, Drone: 36
[P1_ATTEMPT] Time: 19ms, Drone: 36
[P1_SUCCESS] Time: 20ms, Drone: 27
[P1_RX] Time: 20ms, Receiver: 47, Sender: 27, RSSI: -95
[P1_RX] Time: 20ms, Receiver: 19, Sender: 27, RSSI: -97
[P1_RX] Time: 20ms, Receiver: 41, Sender: 27, RSSI: -100
[P1_RX] Time: 20ms, Receiver: 40, Sender: 27, RSSI: -100
[P1_RX] Time: 20ms, Receiver: 16, Sender: 27, RSSI: -101
[P1_RX] Time: 20ms, Receiver: 5, Sender: 27, RSSI: -103
[P1_RX] Time: 20ms, Receiver: 17, Sender: 27, RSSI: -103
[P1_RX] Time: 20ms, Receiver: 9, Sender: 27, RSSI: -104
[P1_RX] Time: 20ms, Receiver: 18, Sender: 27, RSSI: -104
[P1_RX] Time: 20ms, Receiver: 43, Sender: 27, RSSI: -103
[P1_ABORT] Time: 20ms, Drone: 33
[P1_ATTEMPT] Time: 20ms, Drone: 33
[P1_SUCCESS] Time: 20ms, Drone: 45
[P1_RX] Time: 20ms, Receiver: 31, Sender: 45, RSSI: -90
[P1_RX] Time: 20ms, Receiver: 13, Sender: 45, RSSI: -96
[P1_RX] Time: 20ms, Receiver: 2, Sender: 45, RSSI: -99
[P1_RX] Time: 20ms, Receiver: 4, Sender: 45, RSSI: -100
[P1_RX] Time: 20ms, Receiver: 0, Sender: 45, RSSI: -101
[P1_RX] Time: 20ms, Receiver: 48, Sender: 45, RSSI: -102
[P1_RX] Time: 20ms, Receiver: 24, Sender: 45, RSSI: -102
[P1_RX] Time: 20ms, Receiver: 23, Sender: 45, RSSI: -103
[P1_RX] Time: 20ms, Receiver: 33, Sender: 45, RSSI: -104
[P1_RX] Time: 20ms, Receiver: 14, Sender: 45, RSSI: -105
[P1_RX] Time: 20ms, Receiver: 29, Sender: 45, RSSI: -106
[P1_RX] Time: 20ms, Receiver: 30, Sender: 45, RSSI: -107
[P1_RX] Time: 20ms, Receiver: 37, Sender: 45, RSSI: -107
[P1_RX] Time: 20ms, Receiver: 12, Sender: 45, RSSI: -108
[P1_ABORT] Time: 20ms, Drone: 33
[P1_ATTEMPT] Time: 20ms, Drone: 33
[P1_ATTEMPT] Time: 20ms, Drone: 9
[P1_ATTEMPT] Time: 20ms, Drone: 23
[P1_ABORT] Time: 20ms, Drone: 23
[P1_ATTEMPT] Time: 20ms, Drone: 23
[P1_ABORT] Time: 20ms, Drone: 23
[P1_ATTEMPT] Time: 20ms, Drone: 23
[P1_ABORT] Time: 20ms, Drone: 23
[P1_ATTEMPT] Time: 20ms, Drone: 23
[P1_SUCCESS] Time: 20ms, Drone: 7
[P1_RX] Time: 20ms, Receiver: 30, Sender: 7, RSSI: -94
[P1_RX] Time: 20ms, Receiver: 14, Sender: 7, RSSI: -101
[P1_RX] Time: 20ms, Receiver: 12, Sender: 7, RSSI: -103
[P1_RX] Time: 20ms, Receiver: 23, Sender: 7, RSSI: -105
[P1_RX] Time: 20ms, Receiver: 26, Sender: 7, RSSI: -106
[P1_RX] Time: 20ms, Receiver: 24, Sender: 7, RSSI: -106
[P1_SUCCESS] Time: 20ms, Drone: 36
[P1_RX] Time: 20ms, Receiver: 22, Sender: 36, RSSI: -99
[P1_RX] Time: 20ms, Receiver: 5, Sender: 36, RSSI: -100
[P1_RX] Time: 20ms, Receiver: 41, Sender: 36, RSSI: -101
[P1_RX] Time: 20ms, Receiver: 40, Sender: 36, RSSI: -104
[P1_ABORT] Time: 20ms, Drone: 23
[P1_ATTEMPT] Time: 20ms, Drone: 23
[P1_SUCCESS] Time: 21ms, Drone: 33
[P1_RX] Time: 21ms, Receiver: 29, Sender: 33, RSSI: -89
[P1_RX] Time: 21ms, Receiver: 37, Sender: 33, RSSI: -90
[P1_RX] Time: 21ms, Receiver: 25, Sender: 33, RSSI: -98
[P1_RX] Time: 21ms, Receiver: 4, Sender: 33, RSSI: -102
[P1_RX] Time: 21ms, Receiver: 15, Sender: 33, RSSI: -103
[P1_RX] Time: 21ms, Receiver: 45, Sender: 33, RSSI: -103
[P1_RX] Time: 21ms, Receiver: 20, Sender: 33, RSSI: -105
[P1_RX] Time: 21ms, Receiver: 43, Sender: 33, RSSI: -105
[P1_RX] Time: 21ms, Receiver: 28, Sender: 33, RSSI: -107
[P1_RX] Time: 21ms, Receiver: 1, Sender: 33, RSSI: -105
[P1_SUCCESS] Time: 21ms, Drone: 9
[P1_RX] Time: 21ms, Receiver: 6, Sender: 9, RSSI: -100
[P1_ATTEMPT] Time: 21ms, Drone: 2
[P1_ABORT] Time: 21ms, Drone: 2
[P1_ATTEMPT] Time: 21ms, Drone: 2
[P1_ABORT] Time: 21ms, Drone: 2
[P1_ATTEMPT] Time: 21ms, Drone: 2
[P1_ABORT] Time: 21ms, Drone: 2
[P1_ATTEMPT] Time: 21ms, Drone: 2
[P1_ABORT] Time: 21ms, Drone: 2
[P1_ATTEMPT] Time: 21ms, Drone: 2
[P1_SUCCESS] Time: 21ms, Drone: 23
[P1_RX] Time: 21ms, Receiver: 14, Sender: 23, RSSI: -89
[P1_RX] Time: 21ms, Receiver: 0, Sender: 23, RSSI: -89
[P1_RX] Time: 21ms, Receiver: 26, Sender: 23, RSSI: -97
[P1_RX] Time: 21ms, Receiver: 42, Sender: 23, RSSI: -97
[P1_RX] Time: 21ms, Receiver: 2, Sender: 23, RSSI: -98
[P1_RX] Time: 21ms, Receiver: 24, Sender: 23, RSSI: -98
[P1_RX] Time: 21ms, Receiver: 6, Sender: 23, RSSI: -100
[P1_RX] Time: 21ms, Receiver: 30, Sender: 23, RSSI: -102
[P1_RX] Time: 21ms, Receiver: 13, Sender: 23, RSSI: -103
[P1_RX] Time: 21ms, Receiver: 45, Sender: 23, RSSI: -105
[P1_RX] Time: 21ms, Receiver: 48, Sender: 23, RSSI: -105
[P1_RX] Time: 21ms, Receiver: 7, Sender: 23, RSSI: -105
[P1_RX] Time: 21ms, Receiver: 31, Sender: 23, RSSI: -106
[P1_RX] Time: 21ms, Receiver: 39, Sender: 23, RSSI: -107
[P1_RX] Time: 21ms, Receiver: 19, Sender: 23, RSSI: -107
[P1_RX] Time: 21ms, Receiver: 4, Sender: 23, RSSI: -108
[P1_RX] Time: 21ms, Receiver: 12, Sender: 23, RSSI: -108
[P1_ABORT] Time: 21ms, Drone: 2
[P1_ATTEMPT] Time: 21ms, Drone: 2
[P1_ATTEMPT] Time: 22ms, Drone: 0
[P1_ATTEMPT] Time: 22ms, Drone: 14
[P1_ABORT] Time: 22ms, Drone: 0
[P1_ATTEMPT] Time: 22ms, Drone: 0
[P1_ABORT] Time: 22ms, Drone: 14
[P1_ATTEMPT] Time: 22ms, Drone: 14
[P1_ABORT] Time: 22ms, Drone: 0
[P1_ATTEMPT] Time: 22ms, Drone: 0
[P1_ABORT] Time: 22ms, Drone: 14
[P1_ATTEMPT] Time: 22ms, Drone: 14
[P1_SUCCESS] Time: 22ms, Drone: 2
[P1_ABORT] Time: 22ms, Drone: 0
[P1_ATTEMPT] Time: 22ms, Drone: 0
[P1_RX] Time: 22ms, Receiver: 24, Sender: 2, RSSI: -89
[P1_RX] Time: 22ms, Receiver: 42, Sender: 2, RSSI: -96
[P1_RX] Time: 22ms, Receiver: 13, Sender: 2, RSSI: -97
[P1_RX] Time: 22ms, Receiver: 23, Sender: 2, RSSI: -98
[P1_RX] Time: 22ms, Receiver: 48, Sender: 2, RSSI: -98
[P1_RX] Time: 22ms, Receiver: 0, Sender: 2, RSSI: -98
[P1_RX] Time: 22ms, Receiver: 45, Sender: 2, RSSI: -99
[P1_RX] Time: 22ms, Receiver: 14, Sender: 2, RSSI: -101
[P1_RX] Time: 22ms, Receiver: 26, Sender: 2, RSSI: -101
[P1_RX] Time: 22ms, Receiver: 4, Sender: 2, RSSI: -102
[P1_RX] Time: 22ms, Receiver: 31, Sender: 2, RSSI: -102
[P1_RX] Time: 22ms, Receiver: 19, Sender: 2, RSSI: -103
[P1_RX] Time: 22ms, Receiver: 1, Sender: 2, RSSI: -105
[P1_RX] Time: 22ms, Receiver: 6, Sender: 2, RSSI: -105
[P1_RX] Time: 22ms, Receiver: 32, Sender: 2, RSSI: -105
[P1_RX] Time: 22ms, Receiver: 30, Sender: 2, RSSI: -106
[P1_RX] Time: 22ms, Receiver: 27, Sender: 2, RSSI: -106
[P1_RX] Time: 22ms, Receiver: 47, Sender: 2, RSSI: -106
[P1_RX] Time: 22ms, Receiver: 40, Sender: 2, RSSI: -107
[P1_RX] Time: 22ms, Receiver: 16, Sender: 2, RSSI: -108
[P1_RX] Time: 22ms, Receiver: 35, Sender: 2, RSSI: -108
[P1_RX] Time: 22ms, Receiver: 39, Sender: 2, RSSI: -108
[P1_RX] Time: 22ms, Receiver: 15, Sender: 2, RSSI: -109
[P1_ABORT] Time: 22ms, Drone: 14
[P1_ATTEMPT] Time: 22ms, Drone: 14
[P1_ABORT] Time: 22ms, Drone: 0
[P1_ATTEMPT] Time: 22ms, Drone: 0
[P1_SUCCESS] Time: 23ms, Drone: 14
[P1_RX] Time: 23ms, Receiver: 23, Sender: 14, RSSI: -86
[P1_RX] Time: 23ms, Receiver: 30, Sender: 14, RSSI: -97
[P1_RX] Time: 23ms, Receiver: 26, Sender: 14, RSSI: -97
[P1_RX] Time: 23ms, Receiver: 24, Sender: 14, RSSI: -97
[P1_RX] Time: 23ms, Receiver: 7, Sender: 14, RSSI: -100
[P1_RX] Time: 23ms, Receiver: 12, Sender: 14, RSSI: -104
[P1_SUCCESS] Time: 23ms, Drone: 0
[P1_RX] Time: 23ms, Receiver: 6, Sender: 0, RSSI: -98
[P1_RX] Time: 23ms, Receiver: 45, Sender: 0, RSSI: -101
[P1_RX] Time: 23ms, Receiver: 9, Sender: 0, RSSI: -104
[P1_RX] Time: 23ms, Receiver: 39, Sender: 0, RSSI: -104
[P1_RX] Time: 23ms, Receiver: 19, Sender: 0, RSSI: -104
[P1_RX] Time: 23ms, Receiver: 27, Sender: 0, RSSI: -105
[P1_RX] Time: 23ms, Receiver: 35, Sender: 0, RSSI: -106
[P1_RX] Time: 23ms, Receiver: 5, Sender: 0, RSSI: -107
[P1_RX] Time: 23ms, Receiver: 1, Sender: 0, RSSI: -107
[P1_ATTEMPT] Time: 51ms, Drone: 16
[P1_SUCCESS] Time: 52ms, Drone: 16
[P1_RX] Time: 52ms, Receiver: 1, Sender: 16, RSSI: -89
[P1_RX] Time: 52ms, Receiver: 32, Sender: 16, RSSI: -91
[P1_RX] Time: 52ms, Receiver: 17, Sender: 16, RSSI: -91
[P1_RX] Time: 52ms, Receiver: 18, Sender: 16, RSSI: -94
[P1_RX] Time: 52ms, Receiver: 21, Sender: 16, RSSI: -97
[P1_RX] Time: 52ms, Receiver: 47, Sender: 16, RSSI: -97
[P1_RX] Time: 52ms, Receiver: 15, Sender: 16, RSSI: -100
[P1_RX] Time: 52ms, Receiver: 3, Sender: 16, RSSI: -101
[P1_RX] Time: 52ms, Receiver: 40, Sender: 16, RSSI: -102
[P1_RX] Time: 52ms, Receiver: 49, Sender: 16, RSSI: -102
[P1_RX] Time: 52ms, Receiver: 19, Sender: 16, RSSI: -102
[P1_RX] Time: 52ms, Receiver: 27, Sender: 16, RSSI: -102
[P1_RX] Time: 52ms, Receiver: 43, Sender: 16, RSSI: -103
[P1_RX] Time: 52ms, Receiver: 11, Sender: 16, RSSI: -103
[P1_RX] Time: 52ms, Receiver: 41, Sender: 16, RSSI: -105
[P1_RX] Time: 52ms, Receiver: 38, Sender: 16, RSSI: -105
[P1_RX] Time: 52ms, Receiver: 4, Sender: 16, RSSI: -106
[P1_RX] Time: 52ms, Receiver: 45, Sender: 16, RSSI: -106
[P1_RX] Time: 52ms, Receiver: 2, Sender: 16, RSSI: -108
[P1_RX] Time: 52ms, Receiver: 13, Sender: 16, RSSI: -108
[P1_RX] Time: 52ms, Receiver: 5, Sender: 16, RSSI: -109
[P1_RX] Time: 52ms, Receiver: 42, Sender: 16, RSSI: -110
[P1_ATTEMPT] Time: 52ms, Drone: 33
[P1_SUCCESS] Time: 53ms, Drone: 33
[P1_RX] Time: 53ms, Receiver: 29, Sender: 33, RSSI: -89
[P1_RX] Time: 53ms, Receiver: 37, Sender: 33, RSSI: -90
[P1_RX] Time: 53ms, Receiver: 25, Sender: 33, RSSI: -99
[P1_RX] Time: 53ms, Receiver: 31, Sender: 33, RSSI: -102
[P1_RX] Time: 53ms, Receiver: 4, Sender: 33, RSSI: -103
[P1_RX] Time: 53ms, Receiver: 15, Sender: 33, RSSI: -103
[P1_RX] Time: 53ms, Receiver: 13, Sender: 33, RSSI: -104
[P1_RX] Time: 53ms, Receiver: 45, Sender: 33, RSSI: -105
[P1_RX] Time: 53ms, Receiver: 20, Sender: 33, RSSI: -105
[P1_RX] Time: 53ms, Receiver: 34, Sender: 33, RSSI: -107
[P1_RX] Time: 53ms, Receiver: 48, Sender: 33, RSSI: -107
[P1_RX] Time: 53ms, Receiver: 43, Sender: 33, RSSI: -107
[P1_RX] Time: 53ms, Receiver: 32, Sender: 33, RSSI: -107
[P1_RX] Time: 53ms, Receiver: 28, Sender: 33, RSSI: -107
[P1_RX] Time: 53ms, Receiver: 49, Sender: 33, RSSI: -109
[P1_RX] Time: 53ms, Receiver: 3, Sender: 33, RSSI: -110
[P1_ATTEMPT] Time: 53ms, Drone: 42
[P1_ATTEMPT] Time: 54ms, Drone: 18
[P1_ATTEMPT] Time: 54ms, Drone: 31
[P1_ABORT] Time: 54ms, Drone: 31
[P1_ATTEMPT] Time: 54ms, Drone: 31
[P1_SUCCESS] Time: 54ms, Drone: 42
[P1_RX] Time: 54ms, Receiver: 26, Sender: 42, RSSI: -94
[P1_RX] Time: 54ms, Receiver: 2, Sender: 42, RSSI: -96
[P1_RX] Time: 54ms, Receiver: 23, Sender: 42, RSSI: -97
[P1_RX] Time: 54ms, Receiver: 24, Sender: 42, RSSI: -98
[P1_RX] Time: 54ms, Receiver: 0, Sender: 42, RSSI: -98
[P1_RX] Time: 54ms, Receiver: 6, Sender: 42, RSSI: -98
[P1_RX] Time: 54ms, Receiver: 14, Sender: 42, RSSI: -102
[P1_RX] Time: 54ms, Receiver: 19, Sender: 42, RSSI: -103
[P1_RX] Time: 54ms, Receiver: 39, Sender: 42, RSSI: -103
[P1_RX] Time: 54ms, Receiver: 35, Sender: 42, RSSI: -105
[P1_RX] Time: 54ms, Receiver: 48, Sender: 42, RSSI: -105
[P1_RX] Time: 54ms, Receiver: 13, Sender: 42, RSSI: -105
[P1_RX] Time: 54ms, Receiver: 45, Sender: 42, RSSI: -106
[P1_RX] Time: 54ms, Receiver: 5, Sender: 42, RSSI: -106
[P1_RX] Time: 54ms, Receiver: 9, Sender: 42, RSSI: -107
[P1_ABORT] Time: 54ms, Drone: 31
[P1_ATTEMPT] Time: 54ms, Drone: 31
[P1_SUCCESS] Time: 55ms, Drone: 18
[P1_RX] Time: 55ms, Receiver: 21, Sender: 18, RSSI: -78
[P1_RX] Time: 55ms, Receiver: 17, Sender: 18, RSSI: -86
[P1_RX] Time: 55ms, Receiver: 3, Sender: 18, RSSI: -97
[P1_RX] Time: 55ms, Receiver: 11, Sender: 18, RSSI: -98
[P1_RX] Time: 55ms, Receiver: 43, Sender: 18, RSSI: -99
[P1_RX] Time: 55ms, Receiver: 38, Sender: 18, RSSI: -100
[P1_RX] Time: 55ms, Receiver: 15, Sender: 18, RSSI: -100
[P1_RX] Time: 55ms, Receiver: 49, Sender: 18, RSSI: -100
[P1_RX] Time: 55ms, Receiver: 8, Sender: 18, RSSI: -106
[P1_RX] Time: 55ms, Receiver: 10, Sender: 18, RSSI: -106
[P1_SUCCESS] Time: 55ms, Drone: 31
[P1_RX] Time: 55ms, Receiver: 45, Sender: 31, RSSI: -90
[P1_RX] Time: 55ms, Receiver: 13, Sender: 31, RSSI: -92
[P1_RX] Time: 55ms, Receiver: 4, Sender: 31, RSSI: -101
[P1_RX] Time: 55ms, Receiver: 48, Sender: 31, RSSI: -101
[P1_RX] Time: 55ms, Receiver: 2, Sender: 31, RSSI: -102
[P1_RX] Time: 55ms, Receiver: 33, Sender: 31, RSSI: -102
[P1_RX] Time: 55ms, Receiver: 24, Sender: 31, RSSI: -104
[P1_RX] Time: 55ms, Receiver: 32, Sender: 31, RSSI: -104
[P1_RX] Time: 55ms, Receiver: 15, Sender: 31, RSSI: -104
[P1_RX] Time: 55ms, Receiver: 0, Sender: 31, RSSI: -104
[P1_RX] Time: 55ms, Receiver: 29, Sender: 31, RSSI: -105
[P1_RX] Time: 55ms, Receiver: 1, Sender: 31, RSSI: -105
[P1_RX] Time: 55ms, Receiver: 23, Sender: 31, RSSI: -106
[P1_RX] Time: 55ms, Receiver: 27, Sender: 31, RSSI: -106
[P1_RX] Time: 55ms, Receiver: 14, Sender: 31, RSSI: -106
[P1_RX] Time: 55ms, Receiver: 37, Sender: 31, RSSI: -106
[P1_RX] Time: 55ms, Receiver: 12, Sender: 31, RSSI: -107
[P1_RX] Time: 55ms, Receiver: 42, Sender: 31, RSSI: -108
[P1_RX] Time: 55ms, Receiver: 19, Sender: 31, RSSI: -108
[P1_RX] Time: 55ms, Receiver: 43, Sender: 31, RSSI: -108
[P1_RX] Time: 55ms, Receiver: 16, Sender: 31, RSSI: -108
[P1_RX] Time: 55ms, Receiver: 25, Sender: 31, RSSI: -108
[P1_RX] Time: 55ms, Receiver: 47, Sender: 31, RSSI: -108
[P1_ATTEMPT] Time: 56ms, Drone: 0
[P1_ATTEMPT] Time: 56ms, Drone: 45
[P1_ABORT] Time: 56ms, Drone: 45
[P1_ATTEMPT] Time: 56ms, Drone: 45
[P1_ATTEMPT] Time: 56ms, Drone: 9
[P1_ABORT] Time: 56ms, Drone: 45
[P1_ATTEMPT] Time: 56ms, Drone: 45
[P1_ABORT] Time: 57ms, Drone: 9
[P1_ABORT] Time: 57ms, Drone: 45
[P1_ATTEMPT] Time: 57ms, Drone: 9
[P1_ATTEMPT] Time: 57ms, Drone: 45
[P1_ABORT] Time: 57ms, Drone: 9
[P1_ABORT] Time: 57ms, Drone: 45
[P1_ATTEMPT] Time: 57ms, Drone: 9
[P1_ATTEMPT] Time: 57ms, Drone: 45
[P1_SUCCESS] Time: 57ms, Drone: 0
[P1_RX] Time: 57ms, Receiver: 23, Sender: 0, RSSI: -89
[P1_RX] Time: 57ms, Receiver: 14, Sender: 0, RSSI: -97
[P1_RX] Time: 57ms, Receiver: 42, Sender: 0, RSSI: -98
[P1_RX] Time: 57ms, Receiver: 2, Sender: 0, RSSI: -98
[P1_RX] Time: 57ms, Receiver: 6, Sender: 0, RSSI: -99
[P1_RX] Time: 57ms, Receiver: 24, Sender: 0, RSSI: -101
[P1_RX] Time: 57ms, Receiver: 26, Sender: 0, RSSI: -102
[P1_RX] Time: 57ms, Receiver: 45, Sender: 0, RSSI: -103
[P1_RX] Time: 57ms, Receiver: 13, Sender: 0, RSSI: -104
[P1_RX] Time: 57ms, Receiver: 31, Sender: 0, RSSI: -104
[P1_RX] Time: 57ms, Receiver: 9, Sender: 0, RSSI: -105
[P1_RX] Time: 57ms, Receiver: 39, Sender: 0, RSSI: -105
[P1_RX] Time: 57ms, Receiver: 30, Sender: 0, RSSI: -105
[P1_RX] Time: 57ms, Receiver: 19, Sender: 0, RSSI: -105
[P1_RX] Time: 57ms, Receiver: 48, Sender: 0, RSSI: -106
[P1_RX] Time: 57ms, Receiver: 27, Sender: 0, RSSI: -107
[P1_RX] Time: 57ms, Receiver: 35, Sender: 0, RSSI: -107
[P1_RX] Time: 57ms, Receiver: 7, Sender: 0, RSSI: -108
[P1_RX] Time: 57ms, Receiver: 4, Sender: 0, RSSI: -108
[P1_ABORT] Time: 57ms, Drone: 9
[P1_ABORT] Time: 57ms, Drone: 45
[P1_ATTEMPT] Time: 57ms, Drone: 9
[P1_ATTEMPT] Time: 57ms, Drone: 45
[P1_ATTEMPT] Time: 57ms, Drone: 23
[P1_ATTEMPT] Time: 57ms, Drone: 28
[P1_ATTEMPT] Time: 57ms, Drone: 19
[P1_ATTEMPT] Time: 57ms, Drone: 6
[P1_ABORT] Time: 57ms, Drone: 6
[P1_ATTEMPT] Time: 57ms, Drone: 6
[P1_ABORT] Time: 57ms, Drone: 6
[P1_ATTEMPT] Time: 57ms, Drone: 6
[P1_ATTEMPT] Time: 58ms, Drone: 29
[P1_ABORT] Time: 58ms, Drone: 6
[P1_ATTEMPT] Time: 58ms, Drone: 6
[P1_ABORT] Time: 58ms, Drone: 29
[P1_ABORT] Time: 58ms, Drone: 6
[P1_ATTEMPT] Time: 58ms, Drone: 29
[P1_ATTEMPT] Time: 58ms, Drone: 6
[P1_SUCCESS] Time: 58ms, Drone: 9
[P1_SUCCESS] Time: 58ms, Drone: 45
[P1_RX] Time: 58ms, Receiver: 31, Sender: 45, RSSI: -90
[P1_RX] Time: 58ms, Receiver: 13, Sender: 45, RSSI: -95
[P1_RX] Time: 58ms, Receiver: 39, Sender: 9, RSSI: -96
[P1_RX] Time: 58ms, Receiver: 35, Sender: 9, RSSI: -96
[P1_RX] Time: 58ms, Receiver: 32, Sender: 45, RSSI: -98
[P1_RX] Time: 58ms, Receiver: 4, Sender: 45, RSSI: -99
[P1_RX] Time: 58ms, Receiver: 48, Sender: 45, RSSI: -99
[P1_RX] Time: 58ms, Receiver: 22, Sender: 9, RSSI: -101
[P1_RX] Time: 58ms, Receiver: 15, Sender: 45, RSSI: -101
[P1_SUCCESS] Time: 58ms, Drone: 23
[P1_RX] Time: 58ms, Receiver: 14, Sender: 23, RSSI: -88
[P1_RX] Time: 58ms, Receiver: 0, Sender: 23, RSSI: -89
[P1_RX] Time: 58ms, Receiver: 26, Sender: 23, RSSI: -96
[P1_RX] Time: 58ms, Receiver: 42, Sender: 23, RSSI: -95
[P1_RX] Time: 58ms, Receiver: 24, Sender: 23, RSSI: -96
[P1_RX] Time: 58ms, Receiver: 30, Sender: 23, RSSI: -101
[P1_RX] Time: 58ms, Receiver: 7, Sender: 23, RSSI: -103
[P1_SUCCESS] Time: 58ms, Drone: 28
[P1_RX] Time: 58ms, Receiver: 34, Sender: 28, RSSI: -78
[P1_RX] Time: 58ms, Receiver: 46, Sender: 28, RSSI: -82
[P1_RX] Time: 58ms, Receiver: 44, Sender: 28, RSSI: -99
[P1_RX] Time: 58ms, Receiver: 37, Sender: 28, RSSI: -102
[P1_RX] Time: 58ms, Receiver: 25, Sender: 28, RSSI: -103
[P1_RX] Time: 58ms, Receiver: 20, Sender: 28, RSSI: -103
[P1_ABORT] Time: 58ms, Drone: 29
[P1_ABORT] Time: 58ms, Drone: 6
[P1_ATTEMPT] Time: 58ms, Drone: 29
[P1_ATTEMPT] Time: 58ms, Drone: 6
[P1_SUCCESS] Time: 58ms, Drone: 19
[P1_RX] Time: 58ms, Receiver: 40, Sender: 19, RSSI: -92
[P1_RX] Time: 58ms, Receiver: 47, Sender: 19, RSSI: -92
[P1_RX] Time: 58ms, Receiver: 27, Sender: 19, RSSI: -96
[P1_RX] Time: 58ms, Receiver: 41, Sender: 19, RSSI: -99
[P1_RX] Time: 58ms, Receiver: 16, Sender: 19, RSSI: -100
[P1_RX] Time: 58ms, Receiver: 17, Sender: 19, RSSI: -103
[P1_RX] Time: 58ms, Receiver: 18, Sender: 19, RSSI: -104
[P1_ABORT] Time: 58ms, Drone: 6
[P1_ATTEMPT] Time: 58ms, Drone: 6
[P1_ATTEMPT] Time: 58ms, Drone: 26
[P1_ATTEMPT] Time: 59ms, Drone: 11
[P1_SUCCESS] Time: 59ms, Drone: 29
[P1_RX] Time: 59ms, Receiver: 33, Sender: 29, RSSI: -89
[P1_RX] Time: 59ms, Receiver: 37, Sender: 29, RSSI: -89
[P1_RX] Time: 59ms, Receiver: 25, Sender: 29, RSSI: -93
[P1_RX] Time: 59ms, Receiver: 20, Sender: 29, RSSI: -103
[P1_RX] Time: 59ms, Receiver: 4, Sender: 29, RSSI: -103
[P1_RX] Time: 59ms, Receiver: 31, Sender: 29, RSSI: -105
[P1_RX] Time: 59ms, Receiver: 34, Sender: 29, RSSI: -105
[P1_RX] Time: 59ms, Receiver: 13, Sender: 29, RSSI: -105
[P1_RX] Time: 59ms, Receiver: 28, Sender: 29, RSSI: -106
[P1_RX] Time: 59ms, Receiver: 15, Sender: 29, RSSI: -106
[P1_RX] Time: 59ms, Receiver: 46, Sender: 29, RSSI: -107
[P1_ATTEMPT] Time: 59ms, Drone: 3
[P1_SUCCESS] Time: 59ms, Drone: 6
[P1_RX] Time: 59ms, Receiver: 39, Sender: 6, RSSI: -95
[P1_RX] Time: 59ms, Receiver: 0, Sender: 6, RSSI: -99
[P1_RX] Time: 59ms, Receiver: 9, Sender: 6, RSSI: -101
[P1_RX] Time: 59ms, Receiver: 35, Sender: 6, RSSI: -103
[P1_RX] Time: 59ms, Receiver: 5, Sender: 6, RSSI: -105
[P1_RX] Time: 59ms, Receiver: 19, Sender: 6, RSSI: -105
[P1_SUCCESS] Time: 59ms, Drone: 26
[P1_RX] Time: 59ms, Receiver: 7, Sender: 26, RSSI: -104
[P1_ATTEMPT] Time: 59ms, Drone: 24
[P1_ATTEMPT] Time: 59ms, Drone: 43
[P1_ABORT] Time: 59ms, Drone: 43
[P1_ATTEMPT] Time: 59ms, Drone: 43
[P1_ABORT] Time: 60ms, Drone: 43
[P1_ATTEMPT] Time: 60ms, Drone: 43
[P1_SUCCESS] Time: 60ms, Drone: 11
[P1_RX] Time: 60ms, Receiver: 38, Sender: 11, RSSI: -94
[P1_RX] Time: 60ms, Receiver: 21, Sender: 11, RSSI: -96
[P1_RX] Time: 60ms, Receiver: 17, Sender: 11, RSSI: -99
[P1_RX] Time: 60ms, Receiver: 43, Sender: 11, RSSI: -100
[P1_RX] Time: 60ms, Receiver: 10, Sender: 11, RSSI: -106
[P1_RX] Time: 60ms, Receiver: 41, Sender: 11, RSSI: -107
[P1_ABORT] Time: 60ms, Drone: 43
[P1_ATTEMPT] Time: 60ms, Drone: 43
[P1_SUCCESS] Time: 60ms, Drone: 3
[P1_RX] Time: 60ms, Receiver: 20, Sender: 3, RSSI: -108
[P1_ABORT] Time: 60ms, Drone: 43
[P1_ATTEMPT] Time: 60ms, Drone: 43
[P1_SUCCESS] Time: 60ms, Drone: 24
[P1_RX] Time: 60ms, Receiver: 2, Sender: 24, RSSI: -89
[P1_RX] Time: 60ms, Receiver: 48, Sender: 24, RSSI: -95
[P1_RX] Time: 60ms, Receiver: 13, Sender: 24, RSSI: -98
[P1_RX] Time: 60ms, Receiver: 42, Sender: 24, RSSI: -98
[P1_RX] Time: 60ms, Receiver: 23, Sender: 24, RSSI: -98
[P1_RX] Time: 60ms, Receiver: 26, Sender: 24, RSSI: -99
[P1_RX] Time: 60ms, Receiver: 14, Sender: 24, RSSI: -99
[P1_RX] Time: 60ms, Receiver: 0, Sender: 24, RSSI: -101
[P1_RX] Time: 60ms, Receiver: 30, Sender: 24, RSSI: -103
[P1_RX] Time: 60ms, Receiver: 31, Sender: 24, RSSI: -103
[P1_RX] Time: 60ms, Receiver: 6, Sender: 24, RSSI: -106
[P1_RX] Time: 60ms, Receiver: 12, Sender: 24, RSSI: -107
[P1_SUCCESS] Time: 61ms, Drone: 43
[P1_RX] Time: 61ms, Receiver: 15, Sender: 43, RSSI: -93
[P1_RX] Time: 61ms, Receiver: 38, Sender: 43, RSSI: -96
[P1_RX] Time: 61ms, Receiver: 21, Sender: 43, RSSI: -99
[P1_RX] Time: 61ms, Receiver: 18, Sender: 43, RSSI: -99
[P1_RX] Time: 61ms, Receiver: 11, Sender: 43, RSSI: -100
[P1_RX] Time: 61ms, Receiver: 32, Sender: 43, RSSI: -101
[P1_RX] Time: 61ms, Receiver: 10, Sender: 43, RSSI: -102
[P1_RX] Time: 61ms, Receiver: 17, Sender: 43, RSSI: -103
[P1_RX] Time: 61ms, Receiver: 16, Sender: 43, RSSI: -103
[P1_RX] Time: 61ms, Receiver: 1, Sender: 43, RSSI: -103
[P1_RX] Time: 61ms, Receiver: 3, Sender: 43, RSSI: -104
[P1_RX] Time: 61ms, Receiver: 49, Sender: 43, RSSI: -105
[P1_RX] Time: 61ms, Receiver: 27, Sender: 43, RSSI: -106
[P1_RX] Time: 61ms, Receiver: 33, Sender: 43, RSSI: -107
[P1_RX] Time: 61ms, Receiver: 47, Sender: 43, RSSI: -107
[P1_RX] Time: 61ms, Receiver: 45, Sender: 43, RSSI: -107
[P1_RX] Time: 61ms, Receiver: 8, Sender: 43, RSSI: -107
[P1_RX] Time: 61ms, Receiver: 37, Sender: 43, RSSI: -108
[P1_ATTEMPT] Time: 61ms, Drone: 17
[P1_ATTEMPT] Time: 62ms, Drone: 20
[P1_SUCCESS] Time: 62ms, Drone: 17
[P1_RX] Time: 62ms, Receiver: 18, Sender: 17, RSSI: -86
[P1_RX] Time: 62ms, Receiver: 21, Sender: 17, RSSI: -91
[P1_RX] Time: 62ms, Receiver: 16, Sender: 17, RSSI: -91
[P1_RX] Time: 62ms, Receiver: 1, Sender: 17, RSSI: -99
[P1_RX] Time: 62ms, Receiver: 11, Sender: 17, RSSI: -99
[P1_RX] Time: 62ms, Receiver: 32, Sender: 17, RSSI: -99
[P1_RX] Time: 62ms, Receiver: 3, Sender: 17, RSSI: -100
[P1_RX] Time: 62ms, Receiver: 47, Sender: 17, RSSI: -101
[P1_RX] Time: 62ms, Receiver: 49, Sender: 17, RSSI: -103
[P1_RX] Time: 62ms, Receiver: 15, Sender: 17, RSSI: -103
[P1_RX] Time: 62ms, Receiver: 43, Sender: 17, RSSI: -103
[P1_RX] Time: 62ms, Receiver: 38, Sender: 17, RSSI: -103
[P1_RX] Time: 62ms, Receiver: 40, Sender: 17, RSSI: -104
[P1_RX] Time: 62ms, Receiver: 41, Sender: 17, RSSI: -105
[P1_RX] Time: 62ms, Receiver: 27, Sender: 17, RSSI: -105
[P1_RX] Time: 62ms, Receiver: 19, Sender: 17, RSSI: -106
[P1_ATTEMPT] Time: 62ms, Drone: 48
[P1_ABORT] Time: 62ms, Drone: 48
[P1_ATTEMPT] Time: 62ms, Drone: 48
[P1_ABORT] Time: 62ms, Drone: 48
[P1_ATTEMPT] Time: 62ms, Drone: 48
[P1_ABORT] Time: 62ms, Drone: 48
[P1_ATTEMPT] Time: 62ms, Drone: 48
[P1_SUCCESS] Time: 63ms, Drone: 20
[P1_RX] Time: 63ms, Receiver: 29, Sender: 20, RSSI: -103
[P1_RX] Time: 63ms, Receiver: 44, Sender: 20, RSSI: -103
[P1_RX] Time: 63ms, Receiver: 37, Sender: 20, RSSI: -103
[P1_RX] Time: 63ms, Receiver: 25, Sender: 20, RSSI: -104
[P1_RX] Time: 63ms, Receiver: 34, Sender: 20, RSSI: -105
[P1_RX] Time: 63ms, Receiver: 28, Sender: 20, RSSI: -105
[P1_RX] Time: 63ms, Receiver: 33, Sender: 20, RSSI: -105
[P1_RX] Time: 63ms, Receiver: 48, Sender: 20, RSSI: -108
[P1_ATTEMPT] Time: 63ms, Drone: 38
[P1_SUCCESS] Time: 63ms, Drone: 48
[P1_RX] Time: 63ms, Receiver: 13, Sender: 48, RSSI: -93
[P1_RX] Time: 63ms, Receiver: 4, Sender: 48, RSSI: -94
[P1_RX] Time: 63ms, Receiver: 24, Sender: 48, RSSI: -95
[P1_RX] Time: 63ms, Receiver: 2, Sender: 48, RSSI: -98
[P1_RX] Time: 63ms, Receiver: 31, Sender: 48, RSSI: -101
[P1_RX] Time: 63ms, Receiver: 45, Sender: 48, RSSI: -103
[P1_RX] Time: 63ms, Receiver: 14, Sender: 48, RSSI: -105
[P1_RX] Time: 63ms, Receiver: 30, Sender: 48, RSSI: -105
[P1_RX] Time: 63ms, Receiver: 23, Sender: 48, RSSI: -105
[P1_RX] Time: 63ms, Receiver: 42, Sender: 48, RSSI: -105
[P1_RX] Time: 63ms, Receiver: 1, Sender: 48, RSSI: -106
[P1_RX] Time: 63ms, Receiver: 26, Sender: 48, RSSI: -106
[P1_RX] Time: 63ms, Receiver: 0, Sender: 48, RSSI: -106
[P1_RX] Time: 63ms, Receiver: 12, Sender: 48, RSSI: -106
[P1_RX] Time: 63ms, Receiver: 33, Sender: 48, RSSI: -107
[P1_RX] Time: 63ms, Receiver: 20, Sender: 48, RSSI: -108
[P1_SUCCESS] Time: 64ms, Drone: 38
[P1_RX] Time: 64ms, Receiver: 11, Sender: 38, RSSI: -94
[P1_RX] Time: 64ms, Receiver: 43, Sender: 38, RSSI: -96
[P1_RX] Time: 64ms, Receiver: 21, Sender: 38, RSSI: -97
[P1_RX] Time: 64ms, Receiver: 10, Sender: 38, RSSI: -98
[P1_RX] Time: 64ms, Receiver: 18, Sender: 38, RSSI: -99
[P1_RX] Time: 64ms, Receiver: 17, Sender: 38, RSSI: -102
[P1_RX] Time: 64ms, Receiver: 8, Sender: 38, RSSI: -103
[P1_ATTEMPT] Time: 64ms, Drone: 1
[P1_ATTEMPT] Time: 64ms, Drone: 36
[P1_ATTEMPT] Time: 64ms, Drone: 46
[P1_SUCCESS] Time: 65ms, Drone: 1
[P1_RX] Time: 65ms, Receiver: 32, Sender: 1, RSSI: -82
[P1_RX] Time: 65ms, Receiver: 16, Sender: 1, RSSI: -89
[P1_RX] Time: 65ms, Receiver: 15, Sender: 1, RSSI: -98
[P1_RX] Time: 65ms, Receiver: 17, Sender: 1, RSSI: -99
[P1_RX] Time: 65ms, Receiver: 18, Sender: 1, RSSI: -99
[P1_RX] Time: 65ms, Receiver: 47, Sender: 1, RSSI: -99
[P1_RX] Time: 65ms, Receiver: 4, Sender: 1, RSSI: -101
[P1_RX] Time: 65ms, Receiver: 21, Sender: 1, RSSI: -101
[P1_RX] Time: 65ms, Receiver: 19, Sender: 1, RSSI: -102
[P1_RX] Time: 65ms, Receiver: 3, Sender: 1, RSSI: -102
[P1_RX] Time: 65ms, Receiver: 49, Sender: 1, RSSI: -102
[P1_RX] Time: 65ms, Receiver: 45, Sender: 1, RSSI: -102
[P1_RX] Time: 65ms, Receiver: 27, Sender: 1, RSSI: -102
[P1_RX] Time: 65ms, Receiver: 40, Sender: 1, RSSI: -103
[P1_RX] Time: 65ms, Receiver: 43, Sender: 1, RSSI: -103
[P1_RX] Time: 65ms, Receiver: 2, Sender: 1, RSSI: -105
[P1_RX] Time: 65ms, Receiver: 13, Sender: 1, RSSI: -105
[P1_RX] Time: 65ms, Receiver: 31, Sender: 1, RSSI: -105
[P1_RX] Time: 65ms, Receiver: 48, Sender: 1, RSSI: -106
[P1_RX] Time: 65ms, Receiver: 11, Sender: 1, RSSI: -106
[P1_RX] Time: 65ms, Receiver: 38, Sender: 1, RSSI: -107
[P1_RX] Time: 65ms, Receiver: 33, Sender: 1, RSSI: -108
[P1_RX] Time: 65ms, Receiver: 42, Sender: 1, RSSI: -108
[P1_SUCCESS] Time: 65ms, Drone: 36
[P1_RX] Time: 65ms, Receiver: 22, Sender: 36, RSSI: -99
[P1_RX] Time: 65ms, Receiver: 9, Sender: 36, RSSI: -106
[P1_RX] Time: 65ms, Receiver: 39, Sender: 36, RSSI: -106
[P1_SUCCESS] Time: 65ms, Drone: 46
[P1_RX] Time: 65ms, Receiver: 28, Sender: 46, RSSI: -82
[P1_RX] Time: 65ms, Receiver: 34, Sender: 46, RSSI: -87
[P1_RX] Time: 65ms, Receiver: 44, Sender: 46, RSSI: -100
[P1_RX] Time: 65ms, Receiver: 37, Sender: 46, RSSI: -105
[P1_RX] Time: 65ms, Receiver: 25, Sender: 46, RSSI: -106
[P1_RX] Time: 65ms, Receiver: 20, Sender: 46, RSSI: -107
[P1_RX] Time: 65ms, Receiver: 29, Sender: 46, RSSI: -107
[P1_RX] Time: 65ms, Receiver: 33, Sender: 46, RSSI: -108
[P1_ATTEMPT] Time: 65ms, Drone: 22
[P1_ATTEMPT] Time: 66ms, Drone: 40
[P1_ABORT] Time: 66ms, Drone: 40
[P1_ATTEMPT] Time: 66ms, Drone: 40
[P1_ABORT] Time: 66ms, Drone: 40
[P1_ATTEMPT] Time: 66ms, Drone: 40
[P1_ABORT] Time: 66ms, Drone: 40
[P1_ATTEMPT] Time: 66ms, Drone: 40
[P1_ABORT] Time: 66ms, Drone: 40
[P1_ATTEMPT] Time: 66ms, Drone: 40
[P1_SUCCESS] Time: 66ms, Drone: 22
[P1_RX] Time: 66ms, Receiver: 36, Sender: 22, RSSI: -100
[P1_RX] Time: 66ms, Receiver: 9, Sender: 22, RSSI: -103
[P1_RX] Time: 66ms, Receiver: 5, Sender: 22, RSSI: -103
[P1_RX] Time: 66ms, Receiver: 41, Sender: 22, RSSI: -103
[P1_RX] Time: 66ms, Receiver: 35, Sender: 22, RSSI: -104
[P1_RX] Time: 66ms, Receiver: 39, Sender: 22, RSSI: -107
[P1_RX] Time: 66ms, Receiver: 40, Sender: 22, RSSI: -107
[P1_RX] Time: 66ms, Receiver: 47, Sender: 22, RSSI: -108
[P1_RX] Time: 66ms, Receiver: 19, Sender: 22, RSSI: -108
[P1_ATTEMPT] Time: 67ms, Drone: 49
[P1_ABORT] Time: 67ms, Drone: 49
[P1_ATTEMPT] Time: 67ms, Drone: 49
[P1_SUCCESS] Time: 67ms, Drone: 40
[P1_RX] Time: 67ms, Receiver: 47, Sender: 40, RSSI: -91
[P1_RX] Time: 67ms, Receiver: 19, Sender: 40, RSSI: -92
[P1_RX] Time: 67ms, Receiver: 41, Sender: 40, RSSI: -95
[P1_RX] Time: 67ms, Receiver: 5, Sender: 40, RSSI: -98
[P1_RX] Time: 67ms, Receiver: 35, Sender: 40, RSSI: -99
[P1_RX] Time: 67ms, Receiver: 27, Sender: 40, RSSI: -101
[P1_RX] Time: 67ms, Receiver: 16, Sender: 40, RSSI: -102
[P1_RX] Time: 67ms, Receiver: 1, Sender: 40, RSSI: -103
[P1_RX] Time: 67ms, Receiver: 17, Sender: 40, RSSI: -104
[P1_RX] Time: 67ms, Receiver: 32, Sender: 40, RSSI: -104
[P1_RX] Time: 67ms, Receiver: 36, Sender: 40, RSSI: -104
[P1_RX] Time: 67ms, Receiver: 18, Sender: 40, RSSI: -106
[P1_RX] Time: 67ms, Receiver: 39, Sender: 40, RSSI: -106
[P1_RX] Time: 67ms, Receiver: 9, Sender: 40, RSSI: -107
[P1_RX] Time: 67ms, Receiver: 42, Sender: 40, RSSI: -107
[P1_RX] Time: 67ms, Receiver: 2, Sender: 40, RSSI: -107
[P1_RX] Time: 67ms, Receiver: 22, Sender: 40, RSSI: -107
[P1_RX] Time: 67ms, Receiver: 21, Sender: 40, RSSI: -107
[P1_RX] Time: 67ms, Receiver: 45, Sender: 40, RSSI: -108
[P1_RX] Time: 67ms, Receiver: 6, Sender: 40, RSSI: -109
[P1_ATTEMPT] Time: 67ms, Drone: 4
[P1_ATTEMPT] Time: 68ms, Drone: 25
[P1_ABORT] Time: 68ms, Drone: 25
[P1_ATTEMPT] Time: 68ms, Drone: 25
[P1_ABORT] Time: 68ms, Drone: 25
[P1_ATTEMPT] Time: 68ms, Drone: 25
[P1_ABORT] Time: 68ms, Drone: 25
[P1_ATTEMPT] Time: 68ms, Drone: 25
[P1_SUCCESS] Time: 68ms, Drone: 49
[P1_RX] Time: 68ms, Receiver: 3, Sender: 49, RSSI: -80
[P1_RX] Time: 68ms, Receiver: 18, Sender: 49, RSSI: -100
[P1_RX] Time: 68ms, Receiver: 21, Sender: 49, RSSI: -100
[P1_RX] Time: 68ms, Receiver: 16, Sender: 49, RSSI: -100
[P1_RX] Time: 68ms, Receiver: 1, Sender: 49, RSSI: -99
[P1_RX] Time: 68ms, Receiver: 17, Sender: 49, RSSI: -102
[P1_RX] Time: 68ms, Receiver: 15, Sender: 49, RSSI: -100
[P1_RX] Time: 68ms, Receiver: 8, Sender: 49, RSSI: -104
[P1_RX] Time: 68ms, Receiver: 43, Sender: 49, RSSI: -103
[P1_RX] Time: 68ms, Receiver: 38, Sender: 49, RSSI: -105
[P1_RX] Time: 68ms, Receiver: 11, Sender: 49, RSSI: -106
[P1_ABORT] Time: 68ms, Drone: 25
[P1_ATTEMPT] Time: 68ms, Drone: 25
[P1_SUCCESS] Time: 68ms, Drone: 4
[P1_RX] Time: 68ms, Receiver: 48, Sender: 4, RSSI: -94
[P1_RX] Time: 68ms, Receiver: 13, Sender: 4, RSSI: -96
[P1_RX] Time: 68ms, Receiver: 31, Sender: 4, RSSI: -100
[P1_RX] Time: 68ms, Receiver: 45, Sender: 4, RSSI: -101
[P1_RX] Time: 68ms, Receiver: 2, Sender: 4, RSSI: -101
[P1_RX] Time: 68ms, Receiver: 24, Sender: 4, RSSI: -102
[P1_RX] Time: 68ms, Receiver: 33, Sender: 4, RSSI: -102
[P1_RX] Time: 68ms, Receiver: 29, Sender: 4, RSSI: -102
[P1_RX] Time: 68ms, Receiver: 37, Sender: 4, RSSI: -104
[P1_RX] Time: 68ms, Receiver: 42, Sender: 4, RSSI: -107
[P1_RX] Time: 68ms, Receiver: 19, Sender: 4, RSSI: -106
[P1_RX] Time: 68ms, Receiver: 25, Sender: 4, RSSI: -106
[P1_RX] Time: 68ms, Receiver: 23, Sender: 4, RSSI: -107
[P1_RX] Time: 68ms, Receiver: 0, Sender: 4, RSSI: -107
[P1_RX] Time: 68ms, Receiver: 27, Sender: 4, RSSI: -106
[P1_RX] Time: 68ms, Receiver: 30, Sender: 4, RSSI: -108
[P1_RX] Time: 68ms, Receiver: 26, Sender: 4, RSSI: -109
[P1_ATTEMPT] Time: 68ms, Drone: 13
[P1_ATTEMPT] Time: 68ms, Drone: 37
[P1_ABORT] Time: 68ms, Drone: 37
[P1_ATTEMPT] Time: 68ms, Drone: 37
[P1_ABORT] Time: 69ms, Drone: 37
[P1_ATTEMPT] Time: 69ms, Drone: 37
[P1_ABORT] Time: 69ms, Drone: 37
[P1_ATTEMPT] Time: 69ms, Drone: 37
[P1_ABORT] Time: 69ms, Drone: 37
[P1_ATTEMPT] Time: 69ms, Drone: 37
[P1_ATTEMPT] Time: 69ms, Drone: 5
[P1_ABORT] Time: 69ms, Drone: 37
[P1_ATTEMPT] Time: 69ms, Drone: 37
[P1_ATTEMPT] Time: 69ms, Drone: 39
[P1_SUCCESS] Time: 69ms, Drone: 25
[P1_RX] Time: 69ms, Receiver: 29, Sender: 25, RSSI: -93
[P1_RX] Time: 69ms, Receiver: 37, Sender: 25, RSSI: -95
[P1_RX] Time: 69ms, Receiver: 33, Sender: 25, RSSI: -97
[P1_RX] Time: 69ms, Receiver: 34, Sender: 25, RSSI: -102
[P1_RX] Time: 69ms, Receiver: 20, Sender: 25, RSSI: -103
[P1_RX] Time: 69ms, Receiver: 28, Sender: 25, RSSI: -104
[P1_RX] Time: 69ms, Receiver: 46, Sender: 25, RSSI: -106
[P1_ATTEMPT] Time: 69ms, Drone: 2
[P1_ABORT] Time: 69ms, Drone: 37
[P1_ATTEMPT] Time: 69ms, Drone: 37
[P1_SUCCESS] Time: 69ms, Drone: 13
[P1_RX] Time: 69ms, Receiver: 31, Sender: 13, RSSI: -92
[P1_RX] Time: 69ms, Receiver: 48, Sender: 13, RSSI: -93
[P1_RX] Time: 69ms, Receiver: 45, Sender: 13, RSSI: -96
[P1_RX] Time: 69ms, Receiver: 4, Sender: 13, RSSI: -96
[P1_RX] Time: 69ms, Receiver: 2, Sender: 13, RSSI: -97
[P1_RX] Time: 69ms, Receiver: 24, Sender: 13, RSSI: -98
[P1_RX] Time: 69ms, Receiver: 23, Sender: 13, RSSI: -103
[P1_RX] Time: 69ms, Receiver: 0, Sender: 13, RSSI: -103
[P1_RX] Time: 69ms, Receiver: 14, Sender: 13, RSSI: -103
[P1_RX] Time: 69ms, Receiver: 30, Sender: 13, RSSI: -104
[P1_RX] Time: 69ms, Receiver: 32, Sender: 13, RSSI: -104
[P1_RX] Time: 69ms, Receiver: 1, Sender: 13, RSSI: -104
[P1_RX] Time: 69ms, Receiver: 12, Sender: 13, RSSI: -104
[P1_RX] Time: 69ms, Receiver: 42, Sender: 13, RSSI: -105
[P1_RX] Time: 69ms, Receiver: 15, Sender: 13, RSSI: -105
[P1_RX] Time: 69ms, Receiver: 26, Sender: 13, RSSI: -107
[P1_RX] Time: 69ms, Receiver: 19, Sender: 13, RSSI: -107
[P1_RX] Time: 69ms, Receiver: 27, Sender: 13, RSSI: -107
[P1_RX] Time: 69ms, Receiver: 16, Sender: 13, RSSI: -107
[P1_RX] Time: 69ms, Receiver: 7, Sender: 13, RSSI: -108
[P1_RX] Time: 69ms, Receiver: 47, Sender: 13, RSSI: -108
[P1_ABORT] Time: 69ms, Drone: 2
[P1_ATTEMPT] Time: 69ms, Drone: 2
[P1_ATTEMPT] Time: 70ms, Drone: 35
[P1_ABORT] Time: 70ms, Drone: 35
[P1_ATTEMPT] Time: 70ms, Drone: 35
[P1_SUCCESS] Time: 70ms, Drone: 5
[P1_RX] Time: 70ms, Receiver: 35, Sender: 5, RSSI: -75
[P1_RX] Time: 70ms, Receiver: 40, Sender: 5, RSSI: -97
[P1_RX] Time: 70ms, Receiver: 19, Sender: 5, RSSI: -98
[P1_RX] Time: 70ms, Receiver: 36, Sender: 5, RSSI: -99
[P1_RX] Time: 70ms, Receiver: 41, Sender: 5, RSSI: -100
[P1_RX] Time: 70ms, Receiver: 47, Sender: 5, RSSI: -101
[P1_RX] Time: 70ms, Receiver: 22, Sender: 5, RSSI: -102
[P1_ABORT] Time: 70ms, Drone: 35
[P1_ATTEMPT] Time: 70ms, Drone: 35
[P1_ATTEMPT] Time: 70ms, Drone: 41
[P1_SUCCESS] Time: 70ms, Drone: 39
[P1_RX] Time: 70ms, Receiver: 6, Sender: 39, RSSI: -95
[P1_ABORT] Time: 70ms, Drone: 35
[P1_ATTEMPT] Time: 70ms, Drone: 35
[P1_SUCCESS] Time: 70ms, Drone: 37
[P1_RX] Time: 70ms, Receiver: 29, Sender: 37, RSSI: -89
[P1_RX] Time: 70ms, Receiver: 33, Sender: 37, RSSI: -90
[P1_RX] Time: 70ms, Receiver: 25, Sender: 37, RSSI: -95
[P1_RX] Time: 70ms, Receiver: 34, Sender: 37, RSSI: -102
[P1_RX] Time: 70ms, Receiver: 20, Sender: 37, RSSI: -103
[P1_RX] Time: 70ms, Receiver: 28, Sender: 37, RSSI: -103
[P1_RX] Time: 70ms, Receiver: 46, Sender: 37, RSSI: -105
[P1_RX] Time: 70ms, Receiver: 44, Sender: 37, RSSI: -107
[P1_RX] Time: 70ms, Receiver: 43, Sender: 37, RSSI: -105
[P1_ABORT] Time: 70ms, Drone: 41
[P1_ATTEMPT] Time: 70ms, Drone: 41
[P1_SUCCESS] Time: 70ms, Drone: 2
[P1_RX] Time: 70ms, Receiver: 24, Sender: 2, RSSI: -89
[P1_RX] Time: 70ms, Receiver: 13, Sender: 2, RSSI: -97
[P1_RX] Time: 70ms, Receiver: 48, Sender: 2, RSSI: -97
[P1_RX] Time: 70ms, Receiver: 45, Sender: 2, RSSI: -98
[P1_RX] Time: 70ms, Receiver: 4, Sender: 2, RSSI: -100
[P1_RX] Time: 70ms, Receiver: 31, Sender: 2, RSSI: -100
[P1_RX] Time: 70ms, Receiver: 30, Sender: 2, RSSI: -104
[P1_RX] Time: 70ms, Receiver: 7, Sender: 2, RSSI: -107
[P1_ATTEMPT] Time: 71ms, Drone: 8
[P1_ATTEMPT] Time: 71ms, Drone: 27
[P1_SUCCESS] Time: 71ms, Drone: 35
[P1_RX] Time: 71ms, Receiver: 5, Sender: 35, RSSI: -75
[P1_RX] Time: 71ms, Receiver: 39, Sender: 35, RSSI: -96
[P1_RX] Time: 71ms, Receiver: 19, Sender: 35, RSSI: -96
[P1_RX] Time: 71ms, Receiver: 9, Sender: 35, RSSI: -99
[P1_RX] Time: 71ms, Receiver: 6, Sender: 35, RSSI: -103
[P1_RX] Time: 71ms, Receiver: 42, Sender: 35, RSSI: -104
[P1_ATTEMPT] Time: 71ms, Drone: 21
[P1_SUCCESS] Time: 71ms, Drone: 41
[P1_RX] Time: 71ms, Receiver: 47, Sender: 41, RSSI: -96
[P1_RX] Time: 71ms, Receiver: 17, Sender: 41, RSSI: -104
[P1_RX] Time: 71ms, Receiver: 16, Sender: 41, RSSI: -103
[P1_RX] Time: 71ms, Receiver: 32, Sender: 41, RSSI: -105
[P1_RX] Time: 71ms, Receiver: 1, Sender: 41, RSSI: -105
[P1_ABORT] Time: 71ms, Drone: 27
[P1_ATTEMPT] Time: 71ms, Drone: 27
[P1_ABORT] Time: 71ms, Drone: 21
[P1_ATTEMPT] Time: 71ms, Drone: 21
[P1_ABORT] Time: 71ms, Drone: 21
[P1_ATTEMPT] Time: 71ms, Drone: 21
[P1_ABORT] Time: 71ms, Drone: 21
[P1_ATTEMPT] Time: 71ms, Drone: 21
[P1_ABORT] Time: 71ms, Drone: 21
[P1_ATTEMPT] Time: 71ms, Drone: 21
[P1_SUCCESS] Time: 72ms, Drone: 8
[P1_RX] Time: 72ms, Receiver: 10, Sender: 8, RSSI: -101
[P1_RX] Time: 72ms, Receiver: 38, Sender: 8, RSSI: -103
[P1_RX] Time: 72ms, Receiver: 3, Sender: 8, RSSI: -103
[P1_RX] Time: 72ms, Receiver: 49, Sender: 8, RSSI: -104
[P1_ABORT] Time: 72ms, Drone: 21
[P1_ATTEMPT] Time: 72ms, Drone: 21
[P1_ABORT] Time: 72ms, Drone: 21
[P1_ATTEMPT] Time: 72ms, Drone: 21
[P1_ABORT] Time: 72ms, Drone: 21
[P1_ATTEMPT] Time: 72ms, Drone: 21
[P1_SUCCESS] Time: 72ms, Drone: 27
[P1_RX] Time: 72ms, Receiver: 47, Sender: 27, RSSI: -95
[P1_RX] Time: 72ms, Receiver: 19, Sender: 27, RSSI: -98
[P1_RX] Time: 72ms, Receiver: 32, Sender: 27, RSSI: -100
[P1_RX] Time: 72ms, Receiver: 41, Sender: 27, RSSI: -101
[P1_RX] Time: 72ms, Receiver: 40, Sender: 27, RSSI: -101
[P1_RX] Time: 72ms, Receiver: 45, Sender: 27, RSSI: -102
[P1_RX] Time: 72ms, Receiver: 1, Sender: 27, RSSI: -102
[P1_RX] Time: 72ms, Receiver: 16, Sender: 27, RSSI: -102
[P1_RX] Time: 72ms, Receiver: 35, Sender: 27, RSSI: -104
[P1_RX] Time: 72ms, Receiver: 5, Sender: 27, RSSI: -104
[P1_RX] Time: 72ms, Receiver: 15, Sender: 27, RSSI: -103
[P1_RX] Time: 72ms, Receiver: 17, Sender: 27, RSSI: -103
[P1_RX] Time: 72ms, Receiver: 9, Sender: 27, RSSI: -105
[P1_RX] Time: 72ms, Receiver: 18, Sender: 27, RSSI: -103
[P1_RX] Time: 72ms, Receiver: 43, Sender: 27, RSSI: -103
[P1_RX] Time: 72ms, Receiver: 31, Sender: 27, RSSI: -106
[P1_RX] Time: 72ms, Receiver: 2, Sender: 27, RSSI: -106
[P1_RX] Time: 72ms, Receiver: 0, Sender: 27, RSSI: -106
[P1_RX] Time: 72ms, Receiver: 11, Sender: 27, RSSI: -104
[P1_RX] Time: 72ms, Receiver: 21, Sender: 27, RSSI: -103
[P1_RX] Time: 72ms, Receiver: 22, Sender: 27, RSSI: -107
[P1_RX] Time: 72ms, Receiver: 13, Sender: 27, RSSI: -107
[P1_RX] Time: 72ms, Receiver: 42, Sender: 27, RSSI: -107
[P1_RX] Time: 72ms, Receiver: 36, Sender: 27, RSSI: -109
[P1_RX] Time: 72ms, Receiver: 24, Sender: 27, RSSI: -109
[P1_ATTEMPT] Time: 72ms, Drone: 10
[P1_ATTEMPT] Time: 72ms, Drone: 47
[P1_ABORT] Time: 72ms, Drone: 10
[P1_ATTEMPT] Time: 72ms, Drone: 10
[P1_ABORT] Time: 72ms, Drone: 47
[P1_ATTEMPT] Time: 72ms, Drone: 47
[P1_ATTEMPT] Time: 72ms, Drone: 14
[P1_ABORT] Time: 72ms, Drone: 10
[P1_ATTEMPT] Time: 72ms, Drone: 10
[P1_ABORT] Time: 72ms, Drone: 47
[P1_ATTEMPT] Time: 72ms, Drone: 47
[P1_ATTEMPT] Time: 73ms, Drone: 44
[P1_ABORT] Time: 73ms, Drone: 10
[P1_ATTEMPT] Time: 73ms, Drone: 10
[P1_ABORT] Time: 73ms, Drone: 47
[P1_ATTEMPT] Time: 73ms, Drone: 47
[P1_ABORT] Time: 73ms, Drone: 10
[P1_ATTEMPT] Time: 73ms, Drone: 10
[P1_ABORT] Time: 73ms, Drone: 47
[P1_ATTEMPT] Time: 73ms, Drone: 47
[P1_SUCCESS] Time: 73ms, Drone: 21
[P1_RX] Time: 73ms, Receiver: 18, Sender: 21, RSSI: -78
[P1_RX] Time: 73ms, Receiver: 17, Sender: 21, RSSI: -91
[P1_RX] Time: 73ms, Receiver: 11, Sender: 21, RSSI: -96
[P1_RX] Time: 73ms, Receiver: 16, Sender: 21, RSSI: -97
[P1_RX] Time: 73ms, Receiver: 38, Sender: 21, RSSI: -97
[P1_RX] Time: 73ms, Receiver: 3, Sender: 21, RSSI: -98
[P1_RX] Time: 73ms, Receiver: 43, Sender: 21, RSSI: -99
[P1_RX] Time: 73ms, Receiver: 49, Sender: 21, RSSI: -100
[P1_RX] Time: 73ms, Receiver: 15, Sender: 21, RSSI: -101
[P1_RX] Time: 73ms, Receiver: 32, Sender: 21, RSSI: -101
[P1_RX] Time: 73ms, Receiver: 1, Sender: 21, RSSI: -101
[P1_RX] Time: 73ms, Receiver: 8, Sender: 21, RSSI: -105
[P1_RX] Time: 73ms, Receiver: 47, Sender: 21, RSSI: -105
[P1_RX] Time: 73ms, Receiver: 10, Sender: 21, RSSI: -105
[P1_RX] Time: 73ms, Receiver: 41, Sender: 21, RSSI: -108
[P1_ABORT] Time: 73ms, Drone: 10
[P1_ATTEMPT] Time: 73ms, Drone: 10
[P1_ABORT] Time: 73ms, Drone: 47
[P1_ATTEMPT] Time: 73ms, Drone: 47
[P1_ATTEMPT] Time: 73ms, Drone: 32
[P1_ATTEMPT] Time: 73ms, Drone: 15
[P1_ABORT] Time: 73ms, Drone: 32
[P1_ATTEMPT] Time: 73ms, Drone: 32
[P1_ATTEMPT] Time: 73ms, Drone: 7
[P1_ABORT] Time: 73ms, Drone: 15
[P1_ATTEMPT] Time: 73ms, Drone: 15
[P1_SUCCESS] Time: 73ms, Drone: 14
[P1_RX] Time: 73ms, Receiver: 23, Sender: 14, RSSI: -89
[P1_RX] Time: 73ms, Receiver: 0, Sender: 14, RSSI: -97
[P1_RX] Time: 73ms, Receiver: 30, Sender: 14, RSSI: -97
[P1_RX] Time: 73ms, Receiver: 26, Sender: 14, RSSI: -99
[P1_RX] Time: 73ms, Receiver: 24, Sender: 14, RSSI: -99
[P1_RX] Time: 73ms, Receiver: 7, Sender: 14, RSSI: -101
[P1_RX] Time: 73ms, Receiver: 2, Sender: 14, RSSI: -101
[P1_RX] Time: 73ms, Receiver: 42, Sender: 14, RSSI: -102
[P1_RX] Time: 73ms, Receiver: 13, Sender: 14, RSSI: -104
[P1_RX] Time: 73ms, Receiver: 6, Sender: 14, RSSI: -104
[P1_RX] Time: 73ms, Receiver: 48, Sender: 14, RSSI: -105
[P1_RX] Time: 73ms, Receiver: 12, Sender: 14, RSSI: -106
[P1_ABORT] Time: 73ms, Drone: 32
[P1_ATTEMPT] Time: 73ms, Drone: 32
[P1_ABORT] Time: 73ms, Drone: 7
[P1_ATTEMPT] Time: 73ms, Drone: 7
[P1_ATTEMPT] Time: 73ms, Drone: 34
[P1_ABORT] Time: 73ms, Drone: 15
[P1_ATTEMPT] Time: 73ms, Drone: 15
[P1_ABORT] Time: 73ms, Drone: 32
[P1_ATTEMPT] Time: 73ms, Drone: 32
[P1_SUCCESS] Time: 73ms, Drone: 44
[P1_RX] Time: 73ms, Receiver: 28, Sender: 44, RSSI: -99
[P1_RX] Time: 73ms, Receiver: 46, Sender: 44, RSSI: -100
[P1_RX] Time: 73ms, Receiver: 34, Sender: 44, RSSI: -101
[P1_RX] Time: 73ms, Receiver: 20, Sender: 44, RSSI: -103
[P1_ATTEMPT] Time: 73ms, Drone: 12
[P1_ATTEMPT] Time: 73ms, Drone: 30
[P1_ABORT] Time: 74ms, Drone: 34
[P1_ABORT] Time: 74ms, Drone: 15
[P1_ABORT] Time: 74ms, Drone: 32
[P1_SUCCESS] Time: 74ms, Drone: 10
[P1_RX] Time: 74ms, Receiver: 38, Sender: 10, RSSI: -98
[P1_RX] Time: 74ms, Receiver: 43, Sender: 10, RSSI: -100
[P1_SUCCESS] Time: 74ms, Drone: 47
[P1_RX] Time: 74ms, Receiver: 40, Sender: 47, RSSI: -91
[P1_RX] Time: 74ms, Receiver: 19, Sender: 47, RSSI: -92
[P1_RX] Time: 74ms, Receiver: 27, Sender: 47, RSSI: -95
[P1_RX] Time: 74ms, Receiver: 41, Sender: 47, RSSI: -96
[P1_RX] Time: 74ms, Receiver: 16, Sender: 47, RSSI: -97
[P1_RX] Time: 74ms, Receiver: 32, Sender: 47, RSSI: -98
[P1_RX] Time: 74ms, Receiver: 1, Sender: 47, RSSI: -99
[P1_RX] Time: 74ms, Receiver: 17, Sender: 47, RSSI: -100
[P1_RX] Time: 74ms, Receiver: 5, Sender: 47, RSSI: -102
[P1_RX] Time: 74ms, Receiver: 18, Sender: 47, RSSI: -101
[P1_RX] Time: 74ms, Receiver: 45, Sender: 47, RSSI: -102
[P1_RX] Time: 74ms, Receiver: 36, Sender: 47, RSSI: -106
[P1_RX] Time: 74ms, Receiver: 22, Sender: 47, RSSI: -107
[P1_SUCCESS] Time: 74ms, Drone: 7
[P1_SUCCESS] Time: 74ms, Drone: 12
[P1_SUCCESS] Time: 74ms, Drone: 30
[P1_RX] Time: 74ms, Receiver: 24, Sender: 30, RSSI: -101
[P1_RX] Time: 74ms, Receiver: 0, Sender: 30, RSSI: -102
[P1_RX] Time: 74ms, Receiver: 2, Sender: 30, RSSI: -103
[P1_RX] Time: 74ms, Receiver: 42, Sender: 30, RSSI: -105
[P1_ATTEMPT] Time: 102ms, Drone: 49
[P1_ATTEMPT] Time: 102ms, Drone: 2
[P1_SUCCESS] Time: 103ms, Drone: 49
[P1_RX] Time: 103ms, Receiver: 3, Sender: 49, RSSI: -80
[P1_RX] Time: 103ms, Receiver: 21, Sender: 49, RSSI: -100
[P1_RX] Time: 103ms, Receiver: 17, Sender: 49, RSSI: -102
[P1_RX] Time: 103ms, Receiver: 15, Sender: 49, RSSI: -102
[P1_RX] Time: 103ms, Receiver: 8, Sender: 49, RSSI: -104
[P1_RX] Time: 103ms, Receiver: 43, Sender: 49, RSSI: -104
[P1_RX] Time: 103ms, Receiver: 11, Sender: 49, RSSI: -107
[P1_RX] Time: 103ms, Receiver: 10, Sender: 49, RSSI: -107
[P1_RX] Time: 103ms, Receiver: 44, Sender: 49, RSSI: -108
[P1_SUCCESS] Time: 103ms, Drone: 2
[P1_RX] Time: 103ms, Receiver: 42, Sender: 2, RSSI: -95
[P1_RX] Time: 103ms, Receiver: 13, Sender: 2, RSSI: -97
[P1_RX] Time: 103ms, Receiver: 23, Sender: 2, RSSI: -98
[P1_RX] Time: 103ms, Receiver: 48, Sender: 2, RSSI: -98
[P1_RX] Time: 103ms, Receiver: 0, Sender: 2, RSSI: -98
[P1_RX] Time: 103ms, Receiver: 14, Sender: 2, RSSI: -101
[P1_RX] Time: 103ms, Receiver: 26, Sender: 2, RSSI: -101
[P1_RX] Time: 103ms, Receiver: 31, Sender: 2, RSSI: -101
[P1_RX] Time: 103ms, Receiver: 19, Sender: 2, RSSI: -102
[P1_RX] Time: 103ms, Receiver: 30, Sender: 2, RSSI: -105
[P1_RX] Time: 103ms, Receiver: 47, Sender: 2, RSSI: -104
[P1_RX] Time: 103ms, Receiver: 40, Sender: 2, RSSI: -106
[P1_RX] Time: 103ms, Receiver: 35, Sender: 2, RSSI: -107
[P1_RX] Time: 103ms, Receiver: 39, Sender: 2, RSSI: -107
[P1_RX] Time: 103ms, Receiver: 7, Sender: 2, RSSI: -108
[P1_ATTEMPT] Time: 103ms, Drone: 42
[P1_ATTEMPT] Time: 104ms, Drone: 32
[P1_SUCCESS] Time: 104ms, Drone: 42
[P1_RX] Time: 104ms, Receiver: 26, Sender: 42, RSSI: -94
[P1_RX] Time: 104ms, Receiver: 2, Sender: 42, RSSI: -96
[P1_RX] Time: 104ms, Receiver: 23, Sender: 42, RSSI: -97
[P1_RX] Time: 104ms, Receiver: 0, Sender: 42, RSSI: -98
[P1_RX] Time: 104ms, Receiver: 14, Sender: 42, RSSI: -102
[P1_RX] Time: 104ms, Receiver: 19, Sender: 42, RSSI: -103
[P1_RX] Time: 104ms, Receiver: 39, Sender: 42, RSSI: -103
[P1_RX] Time: 104ms, Receiver: 35, Sender: 42, RSSI: -105
[P1_RX] Time: 104ms, Receiver: 48, Sender: 42, RSSI: -105
[P1_RX] Time: 104ms, Receiver: 13, Sender: 42, RSSI: -105
[P1_RX] Time: 104ms, Receiver: 9, Sender: 42, RSSI: -107
[P1_RX] Time: 104ms, Receiver: 40, Sender: 42, RSSI: -107
[P1_RX] Time: 104ms, Receiver: 47, Sender: 42, RSSI: -107
[P1_RX] Time: 104ms, Receiver: 31, Sender: 42, RSSI: -108
[P1_RX] Time: 104ms, Receiver: 30, Sender: 42, RSSI: -108
[P1_ATTEMPT] Time: 104ms, Drone: 17
[P1_ATTEMPT] Time: 105ms, Drone: 15
[P1_ATTEMPT] Time: 105ms, Drone: 18
[P1_ATTEMPT] Time: 105ms, Drone: 41
[P1_SUCCESS] Time: 105ms, Drone: 17
[P1_RX] Time: 105ms, Receiver: 21, Sender: 17, RSSI: -90
[P1_RX] Time: 105ms, Receiver: 11, Sender: 17, RSSI: -98
[P1_RX] Time: 105ms, Receiver: 40, Sender: 17, RSSI: -101
[P1_RX] Time: 105ms, Receiver: 41, Sender: 17, RSSI: -102
[P1_ABORT] Time: 105ms, Drone: 18
[P1_ATTEMPT] Time: 105ms, Drone: 18
[P1_SUCCESS] Time: 105ms, Drone: 32
[P1_RX] Time: 105ms, Receiver: 31, Sender: 32, RSSI: -101
[P1_RX] Time: 105ms, Receiver: 13, Sender: 32, RSSI: -102
[P1_RX] Time: 105ms, Receiver: 2, Sender: 32, RSSI: -103
[P1_RX] Time: 105ms, Receiver: 42, Sender: 32, RSSI: -106
[P1_ABORT] Time: 105ms, Drone: 41
[P1_ATTEMPT] Time: 105ms, Drone: 41
[P1_ABORT] Time: 105ms, Drone: 18
[P1_ATTEMPT] Time: 105ms, Drone: 18
[P1_SUCCESS] Time: 105ms, Drone: 15
[P1_ABORT] Time: 106ms, Drone: 18
[P1_ATTEMPT] Time: 106ms, Drone: 18
[P1_ATTEMPT] Time: 106ms, Drone: 24
[P1_ATTEMPT] Time: 106ms, Drone: 38
[P1_SUCCESS] Time: 106ms, Drone: 41
[P1_RX] Time: 106ms, Receiver: 40, Sender: 41, RSSI: -95
[P1_RX] Time: 106ms, Receiver: 47, Sender: 41, RSSI: -97
[P1_RX] Time: 106ms, Receiver: 5, Sender: 41, RSSI: -100
[P1_RX] Time: 106ms, Receiver: 19, Sender: 41, RSSI: -101
[P1_RX] Time: 106ms, Receiver: 36, Sender: 41, RSSI: -101
[P1_RX] Time: 106ms, Receiver: 35, Sender: 41, RSSI: -102
[P1_RX] Time: 106ms, Receiver: 22, Sender: 41, RSSI: -103
[P1_ATTEMPT] Time: 106ms, Drone: 21
[P1_ABORT] Time: 106ms, Drone: 21
[P1_ATTEMPT] Time: 106ms, Drone: 21
[P1_ABORT] Time: 106ms, Drone: 38
[P1_ATTEMPT] Time: 106ms, Drone: 38
[P1_SUCCESS] Time: 107ms, Drone: 18
[P1_RX] Time: 107ms, Receiver: 49, Sender: 18, RSSI: -100
[P1_RX] Time: 107ms, Receiver: 8, Sender: 18, RSSI: -105
[P1_RX] Time: 107ms, Receiver: 10, Sender: 18, RSSI: -106
[P1_ATTEMPT] Time: 107ms, Drone: 25
[P1_ABORT] Time: 107ms, Drone: 21
[P1_ATTEMPT] Time: 107ms, Drone: 21
[P1_ABORT] Time: 107ms, Drone: 38
[P1_ATTEMPT] Time: 107ms, Drone: 38
[P1_SUCCESS] Time: 107ms, Drone: 24
[P1_RX] Time: 107ms, Receiver: 48, Sender: 24, RSSI: -95
[P1_RX] Time: 107ms, Receiver: 13, Sender: 24, RSSI: -97
[P1_RX] Time: 107ms, Receiver: 23, Sender: 24, RSSI: -98
[P1_RX] Time: 107ms, Receiver: 26, Sender: 24, RSSI: -99
[P1_RX] Time: 107ms, Receiver: 14, Sender: 24, RSSI: -99
[P1_RX] Time: 107ms, Receiver: 30, Sender: 24, RSSI: -103
[P1_SUCCESS] Time: 107ms, Drone: 21
[P1_RX] Time: 107ms, Receiver: 18, Sender: 21, RSSI: -78
[P1_RX] Time: 107ms, Receiver: 17, Sender: 21, RSSI: -91
[P1_RX] Time: 107ms, Receiver: 11, Sender: 21, RSSI: -92
[P1_RX] Time: 107ms, Receiver: 3, Sender: 21, RSSI: -97
[P1_RX] Time: 107ms, Receiver: 49, Sender: 21, RSSI: -99
[P1_RX] Time: 107ms, Receiver: 15, Sender: 21, RSSI: -99
[P1_RX] Time: 107ms, Receiver: 32, Sender: 21, RSSI: -100
[P1_RX] Time: 107ms, Receiver: 47, Sender: 21, RSSI: -104
[P1_RX] Time: 107ms, Receiver: 41, Sender: 21, RSSI: -106
[P1_SUCCESS] Time: 108ms, Drone: 38
[P1_RX] Time: 108ms, Receiver: 10, Sender: 38, RSSI: -98
[P1_SUCCESS] Time: 108ms, Drone: 25
[P1_RX] Time: 108ms, Receiver: 34, Sender: 25, RSSI: -102
[P1_RX] Time: 108ms, Receiver: 20, Sender: 25, RSSI: -103
[P1_RX] Time: 108ms, Receiver: 28, Sender: 25, RSSI: -104
[P1_RX] Time: 108ms, Receiver: 46, Sender: 25, RSSI: -105
[P1_RX] Time: 108ms, Receiver: 31, Sender: 25, RSSI: -105
[P1_RX] Time: 108ms, Receiver: 13, Sender: 25, RSSI: -106
[P1_RX] Time: 108ms, Receiver: 12, Sender: 25, RSSI: -108
[P1_ATTEMPT] Time: 109ms, Drone: 13
[P1_ATTEMPT] Time: 109ms, Drone: 0
[P1_ABORT] Time: 109ms, Drone: 0
[P1_ATTEMPT] Time: 109ms, Drone: 0
[P1_ATTEMPT] Time: 109ms, Drone: 16
[P1_ABORT] Time: 109ms, Drone: 0
[P1_ATTEMPT] Time: 109ms, Drone: 0
[P1_ABORT] Time: 109ms, Drone: 0
[P1_ATTEMPT] Time: 109ms, Drone: 0
[P1_ATTEMPT] Time: 109ms, Drone: 34
[P1_ABORT] Time: 109ms, Drone: 0
[P1_ATTEMPT] Time: 109ms, Drone: 0
[P1_ABORT] Time: 109ms, Drone: 0
[P1_ATTEMPT] Time: 109ms, Drone: 0
[P1_SUCCESS] Time: 110ms, Drone: 13
[P1_RX] Time: 110ms, Receiver: 31, Sender: 13, RSSI: -92
[P1_RX] Time: 110ms, Receiver: 48, Sender: 13, RSSI: -93
[P1_RX] Time: 110ms, Receiver: 2, Sender: 13, RSSI: -97
[P1_RX] Time: 110ms, Receiver: 24, Sender: 13, RSSI: -98
[P1_RX] Time: 110ms, Receiver: 23, Sender: 13, RSSI: -103
[P1_RX] Time: 110ms, Receiver: 0, Sender: 13, RSSI: -104
[P1_RX] Time: 110ms, Receiver: 14, Sender: 13, RSSI: -104
[P1_RX] Time: 110ms, Receiver: 30, Sender: 13, RSSI: -104
[P1_RX] Time: 110ms, Receiver: 12, Sender: 13, RSSI: -105
[P1_RX] Time: 110ms, Receiver: 42, Sender: 13, RSSI: -105
[P1_RX] Time: 110ms, Receiver: 26, Sender: 13, RSSI: -107
[P1_ABORT] Time: 110ms, Drone: 0
[P1_ATTEMPT] Time: 110ms, Drone: 0
[P1_ATTEMPT] Time: 110ms, Drone: 1
[P1_ABORT] Time: 110ms, Drone: 1
[P1_ATTEMPT] Time: 110ms, Drone: 1
[P1_SUCCESS] Time: 110ms, Drone: 16
[P1_RX] Time: 110ms, Receiver: 21, Sender: 16, RSSI: -97
[P1_RX] Time: 110ms, Receiver: 11, Sender: 16, RSSI: -103
[P1_RX] Time: 110ms, Receiver: 41, Sender: 16, RSSI: -105
[P1_RX] Time: 110ms, Receiver: 38, Sender: 16, RSSI: -105
[P1_SUCCESS] Time: 110ms, Drone: 34
[P1_RX] Time: 110ms, Receiver: 28, Sender: 34, RSSI: -78
[P1_RX] Time: 110ms, Receiver: 46, Sender: 34, RSSI: -87
[P1_RX] Time: 110ms, Receiver: 44, Sender: 34, RSSI: -101
[P1_RX] Time: 110ms, Receiver: 25, Sender: 34, RSSI: -103
[P1_RX] Time: 110ms, Receiver: 20, Sender: 34, RSSI: -104
[P1_ABORT] Time: 110ms, Drone: 1
[P1_ATTEMPT] Time: 110ms, Drone: 1
[P1_ATTEMPT] Time: 111ms, Drone: 3
[P1_SUCCESS] Time: 111ms, Drone: 0
[P1_RX] Time: 111ms, Receiver: 23, Sender: 0, RSSI: -89
[P1_RX] Time: 111ms, Receiver: 14, Sender: 0, RSSI: -97
[P1_RX] Time: 111ms, Receiver: 42, Sender: 0, RSSI: -98
[P1_RX] Time: 111ms, Receiver: 2, Sender: 0, RSSI: -98
[P1_RX] Time: 111ms, Receiver: 24, Sender: 0, RSSI: -100
[P1_RX] Time: 111ms, Receiver: 26, Sender: 0, RSSI: -101
[P1_RX] Time: 111ms, Receiver: 13, Sender: 0, RSSI: -102
[P1_RX] Time: 111ms, Receiver: 31, Sender: 0, RSSI: -103
[P1_RX] Time: 111ms, Receiver: 9, Sender: 0, RSSI: -104
[P1_RX] Time: 111ms, Receiver: 39, Sender: 0, RSSI: -104
[P1_RX] Time: 111ms, Receiver: 30, Sender: 0, RSSI: -105
[P1_RX] Time: 111ms, Receiver: 19, Sender: 0, RSSI: -100
[P1_RX] Time: 111ms, Receiver: 48, Sender: 0, RSSI: -104
[P1_ABORT] Time: 111ms, Drone: 3
[P1_ATTEMPT] Time: 111ms, Drone: 3
[P1_ABORT] Time: 111ms, Drone: 3
[P1_ATTEMPT] Time: 111ms, Drone: 3
[P1_ABORT] Time: 111ms, Drone: 3
[P1_ATTEMPT] Time: 111ms, Drone: 3
[P1_ATTEMPT] Time: 111ms, Drone: 9
[P1_ABORT] Time: 111ms, Drone: 3
[P1_ATTEMPT] Time: 111ms, Drone: 3
[P1_ATTEMPT] Time: 111ms, Drone: 30
[P1_ABORT] Time: 111ms, Drone: 3
[P1_ATTEMPT] Time: 111ms, Drone: 3
[P1_SUCCESS] Time: 111ms, Drone: 1
[P1_RX] Time: 111ms, Receiver: 32, Sender: 1, RSSI: -82
[P1_RX] Time: 111ms, Receiver: 16, Sender: 1, RSSI: -89
[P1_RX] Time: 111ms, Receiver: 15, Sender: 1, RSSI: -98
[P1_RX] Time: 111ms, Receiver: 17, Sender: 1, RSSI: -99
[P1_RX] Time: 111ms, Receiver: 18, Sender: 1, RSSI: -99
[P1_RX] Time: 111ms, Receiver: 47, Sender: 1, RSSI: -99
[P1_RX] Time: 111ms, Receiver: 21, Sender: 1, RSSI: -101
[P1_RX] Time: 111ms, Receiver: 19, Sender: 1, RSSI: -102
[P1_RX] Time: 111ms, Receiver: 3, Sender: 1, RSSI: -102
[P1_RX] Time: 111ms, Receiver: 49, Sender: 1, RSSI: -102
[P1_RX] Time: 111ms, Receiver: 40, Sender: 1, RSSI: -103
[P1_RX] Time: 111ms, Receiver: 43, Sender: 1, RSSI: -103
[P1_RX] Time: 111ms, Receiver: 2, Sender: 1, RSSI: -105
[P1_RX] Time: 111ms, Receiver: 13, Sender: 1, RSSI: -105
[P1_RX] Time: 111ms, Receiver: 31, Sender: 1, RSSI: -105
[P1_RX] Time: 111ms, Receiver: 48, Sender: 1, RSSI: -106
[P1_RX] Time: 111ms, Receiver: 11, Sender: 1, RSSI: -106
[P1_RX] Time: 111ms, Receiver: 41, Sender: 1, RSSI: -107
[P1_RX] Time: 111ms, Receiver: 24, Sender: 1, RSSI: -107
[P1_RX] Time: 111ms, Receiver: 38, Sender: 1, RSSI: -107
[P1_RX] Time: 111ms, Receiver: 42, Sender: 1, RSSI: -108
[P1_RX] Time: 111ms, Receiver: 5, Sender: 1, RSSI: -109
[P1_ATTEMPT] Time: 111ms, Drone: 10
[P1_ABORT] Time: 111ms, Drone: 3
[P1_ATTEMPT] Time: 111ms, Drone: 3
[P1_ATTEMPT] Time: 112ms, Drone: 46
[P1_ATTEMPT] Time: 112ms, Drone: 11
[P1_ABORT] Time: 112ms, Drone: 11
[P1_ATTEMPT] Time: 112ms, Drone: 11
[P1_SUCCESS] Time: 112ms, Drone: 9
[P1_RX] Time: 112ms, Receiver: 39, Sender: 9, RSSI: -97
[P1_RX] Time: 112ms, Receiver: 35, Sender: 9, RSSI: -100
[P1_RX] Time: 112ms, Receiver: 5, Sender: 9, RSSI: -101
[P1_RX] Time: 112ms, Receiver: 22, Sender: 9, RSSI: -103
[P1_RX] Time: 112ms, Receiver: 19, Sender: 9, RSSI: -105
[P1_RX] Time: 112ms, Receiver: 36, Sender: 9, RSSI: -107
[P1_ABORT] Time: 112ms, Drone: 11
[P1_ATTEMPT] Time: 112ms, Drone: 11
[P1_ATTEMPT] Time: 112ms, Drone: 27
[P1_SUCCESS] Time: 112ms, Drone: 30
[P1_RX] Time: 112ms, Receiver: 7, Sender: 30, RSSI: -94
[P1_RX] Time: 112ms, Receiver: 12, Sender: 30, RSSI: -98
[P1_RX] Time: 112ms, Receiver: 13, Sender: 30, RSSI: -103
[P1_RX] Time: 112ms, Receiver: 48, Sender: 30, RSSI: -104
[P1_ABORT] Time: 112ms, Drone: 11
[P1_ATTEMPT] Time: 112ms, Drone: 11
[P1_SUCCESS] Time: 112ms, Drone: 10
[P1_RX] Time: 112ms, Receiver: 38, Sender: 10, RSSI: -97
[P1_RX] Time: 112ms, Receiver: 8, Sender: 10, RSSI: -99
[P1_RX] Time: 112ms, Receiver: 43, Sender: 10, RSSI: -100
[P1_ATTEMPT] Time: 112ms, Drone: 39
[P1_ABORT] Time: 112ms, Drone: 11
[P1_ATTEMPT] Time: 112ms, Drone: 11
[P1_SUCCESS] Time: 112ms, Drone: 3
[P1_RX] Time: 112ms, Receiver: 49, Sender: 3, RSSI: -80
[P1_RX] Time: 112ms, Receiver: 18, Sender: 3, RSSI: -97
[P1_RX] Time: 112ms, Receiver: 21, Sender: 3, RSSI: -97
[P1_RX] Time: 112ms, Receiver: 17, Sender: 3, RSSI: -100
[P1_RX] Time: 112ms, Receiver: 16, Sender: 3, RSSI: -100
[P1_RX] Time: 112ms, Receiver: 1, Sender: 3, RSSI: -101
[P1_RX] Time: 112ms, Receiver: 15, Sender: 3, RSSI: -100
[P1_ATTEMPT] Time: 112ms, Drone: 28
[P1_ABORT] Time: 112ms, Drone: 11
[P1_ATTEMPT] Time: 112ms, Drone: 11
[P1_ABORT] Time: 112ms, Drone: 28
[P1_ATTEMPT] Time: 112ms, Drone: 28
[P1_ABORT] Time: 113ms, Drone: 28
[P1_ATTEMPT] Time: 113ms, Drone: 28
[P1_SUCCESS] Time: 113ms, Drone: 46
[P1_RX] Time: 113ms, Receiver: 28, Sender: 46, RSSI: -82
[P1_RX] Time: 113ms, Receiver: 34, Sender: 46, RSSI: -87
[P1_RX] Time: 113ms, Receiver: 44, Sender: 46, RSSI: -99
[P1_RX] Time: 113ms, Receiver: 25, Sender: 46, RSSI: -105
[P1_ABORT] Time: 113ms, Drone: 28
[P1_ATTEMPT] Time: 113ms, Drone: 28
[P1_SUCCESS] Time: 113ms, Drone: 39
[P1_RX] Time: 113ms, Receiver: 35, Sender: 39, RSSI: -96
[P1_RX] Time: 113ms, Receiver: 9, Sender: 39, RSSI: -97
[P1_RX] Time: 113ms, Receiver: 5, Sender: 39, RSSI: -98
[P1_RX] Time: 113ms, Receiver: 42, Sender: 39, RSSI: -102
[P1_RX] Time: 113ms, Receiver: 0, Sender: 39, RSSI: -103
[P1_RX] Time: 113ms, Receiver: 23, Sender: 39, RSSI: -105
[P1_SUCCESS] Time: 113ms, Drone: 27
[P1_RX] Time: 113ms, Receiver: 47, Sender: 27, RSSI: -94
[P1_RX] Time: 113ms, Receiver: 19, Sender: 27, RSSI: -97
[P1_RX] Time: 113ms, Receiver: 32, Sender: 27, RSSI: -99
[P1_RX] Time: 113ms, Receiver: 41, Sender: 27, RSSI: -99
[P1_RX] Time: 113ms, Receiver: 40, Sender: 27, RSSI: -99
[P1_RX] Time: 113ms, Receiver: 1, Sender: 27, RSSI: -101
[P1_RX] Time: 113ms, Receiver: 16, Sender: 27, RSSI: -100
[P1_RX] Time: 113ms, Receiver: 31, Sender: 27, RSSI: -104
[P1_SUCCESS] Time: 113ms, Drone: 11
[P1_RX] Time: 113ms, Receiver: 38, Sender: 11, RSSI: -94
[P1_RX] Time: 113ms, Receiver: 21, Sender: 11, RSSI: -96
[P1_RX] Time: 113ms, Receiver: 18, Sender: 11, RSSI: -97
[P1_RX] Time: 113ms, Receiver: 17, Sender: 11, RSSI: -98
[P1_RX] Time: 113ms, Receiver: 43, Sender: 11, RSSI: -99
[P1_RX] Time: 113ms, Receiver: 10, Sender: 11, RSSI: -105
[P1_RX] Time: 113ms, Receiver: 3, Sender: 11, RSSI: -104
[P1_RX] Time: 113ms, Receiver: 49, Sender: 11, RSSI: -105
[P1_SUCCESS] Time: 114ms, Drone: 28
[P1_RX] Time: 114ms, Receiver: 34, Sender: 28, RSSI: -78
[P1_RX] Time: 114ms, Receiver: 46, Sender: 28, RSSI: -82
[P1_RX] Time: 114ms, Receiver: 44, Sender: 28, RSSI: -99
[P1_RX] Time: 114ms, Receiver: 25, Sender: 28, RSSI: -104
[P1_RX] Time: 114ms, Receiver: 20, Sender: 28, RSSI: -104
[P1_ATTEMPT] Time: 114ms, Drone: 8
[P1_ATTEMPT] Time: 114ms, Drone: 43
[P1_ABORT] Time: 114ms, Drone: 43
[P1_ATTEMPT] Time: 114ms, Drone: 43
[P1_ABORT] Time: 115ms, Drone: 43
[P1_ATTEMPT] Time: 115ms, Drone: 43
[P1_ATTEMPT] Time: 115ms, Drone: 40
[P1_SUCCESS] Time: 115ms, Drone: 8
[P1_RX] Time: 115ms, Receiver: 10, Sender: 8, RSSI: -101
[P1_RX] Time: 115ms, Receiver: 38, Sender: 8, RSSI: -103
[P1_RX] Time: 115ms, Receiver: 3, Sender: 8, RSSI: -103
[P1_RX] Time: 115ms, Receiver: 49, Sender: 8, RSSI: -104
[P1_RX] Time: 115ms, Receiver: 21, Sender: 8, RSSI: -105
[P1_RX] Time: 115ms, Receiver: 18, Sender: 8, RSSI: -106
[P1_RX] Time: 115ms, Receiver: 43, Sender: 8, RSSI: -107
[P1_RX] Time: 115ms, Receiver: 11, Sender: 8, RSSI: -107
[P1_RX] Time: 115ms, Receiver: 17, Sender: 8, RSSI: -108
[P1_RX] Time: 115ms, Receiver: 15, Sender: 8, RSSI: -109
[P1_ATTEMPT] Time: 115ms, Drone: 6
[P1_ATTEMPT] Time: 115ms, Drone: 45
[P1_SUCCESS] Time: 116ms, Drone: 43
[P1_RX] Time: 116ms, Receiver: 15, Sender: 43, RSSI: -93
[P1_RX] Time: 116ms, Receiver: 38, Sender: 43, RSSI: -96
[P1_RX] Time: 116ms, Receiver: 21, Sender: 43, RSSI: -98
[P1_RX] Time: 116ms, Receiver: 18, Sender: 43, RSSI: -99
[P1_RX] Time: 116ms, Receiver: 11, Sender: 43, RSSI: -99
[P1_RX] Time: 116ms, Receiver: 32, Sender: 43, RSSI: -99
[P1_RX] Time: 116ms, Receiver: 10, Sender: 43, RSSI: -102
[P1_RX] Time: 116ms, Receiver: 17, Sender: 43, RSSI: -100
[P1_RX] Time: 116ms, Receiver: 16, Sender: 43, RSSI: -99
[P1_RX] Time: 116ms, Receiver: 3, Sender: 43, RSSI: -103
[P1_RX] Time: 116ms, Receiver: 49, Sender: 43, RSSI: -104
[P1_RX] Time: 116ms, Receiver: 8, Sender: 43, RSSI: -107
[P1_SUCCESS] Time: 116ms, Drone: 40
[P1_RX] Time: 116ms, Receiver: 47, Sender: 40, RSSI: -91
[P1_RX] Time: 116ms, Receiver: 19, Sender: 40, RSSI: -92
[P1_RX] Time: 116ms, Receiver: 41, Sender: 40, RSSI: -95
[P1_RX] Time: 116ms, Receiver: 5, Sender: 40, RSSI: -98
[P1_RX] Time: 116ms, Receiver: 35, Sender: 40, RSSI: -99
[P1_RX] Time: 116ms, Receiver: 27, Sender: 40, RSSI: -100
[P1_RX] Time: 116ms, Receiver: 36, Sender: 40, RSSI: -104
[P1_RX] Time: 116ms, Receiver: 22, Sender: 40, RSSI: -107
[P1_SUCCESS] Time: 116ms, Drone: 6
[P1_RX] Time: 116ms, Receiver: 26, Sender: 6, RSSI: -101
[P1_RX] Time: 116ms, Receiver: 14, Sender: 6, RSSI: -103
[P1_SUCCESS] Time: 117ms, Drone: 45
[P1_RX] Time: 117ms, Receiver: 31, Sender: 45, RSSI: -90
[P1_RX] Time: 117ms, Receiver: 13, Sender: 45, RSSI: -96
[P1_RX] Time: 117ms, Receiver: 2, Sender: 45, RSSI: -99
[P1_RX] Time: 117ms, Receiver: 32, Sender: 45, RSSI: -101
[P1_RX] Time: 117ms, Receiver: 27, Sender: 45, RSSI: -102
[P1_RX] Time: 117ms, Receiver: 1, Sender: 45, RSSI: -102
[P1_RX] Time: 117ms, Receiver: 0, Sender: 45, RSSI: -103
[P1_RX] Time: 117ms, Receiver: 48, Sender: 45, RSSI: -103
[P1_RX] Time: 117ms, Receiver: 24, Sender: 45, RSSI: -103
[P1_RX] Time: 117ms, Receiver: 15, Sender: 45, RSSI: -103
[P1_RX] Time: 117ms, Receiver: 19, Sender: 45, RSSI: -104
[P1_RX] Time: 117ms, Receiver: 23, Sender: 45, RSSI: -105
[P1_RX] Time: 117ms, Receiver: 47, Sender: 45, RSSI: -105
[P1_RX] Time: 117ms, Receiver: 16, Sender: 45, RSSI: -106
[P1_RX] Time: 117ms, Receiver: 42, Sender: 45, RSSI: -106
[P1_RX] Time: 117ms, Receiver: 14, Sender: 45, RSSI: -106
[P1_RX] Time: 117ms, Receiver: 43, Sender: 45, RSSI: -107
[P1_RX] Time: 117ms, Receiver: 21, Sender: 45, RSSI: -110
[P1_ATTEMPT] Time: 118ms, Drone: 35
[P1_ATTEMPT] Time: 118ms, Drone: 44
[P1_ATTEMPT] Time: 118ms, Drone: 5
[P1_SUCCESS] Time: 119ms, Drone: 35
[P1_RX] Time: 119ms, Receiver: 39, Sender: 35, RSSI: -97
[P1_RX] Time: 119ms, Receiver: 19, Sender: 35, RSSI: -98
[P1_RX] Time: 119ms, Receiver: 40, Sender: 35, RSSI: -99
[P1_RX] Time: 119ms, Receiver: 9, Sender: 35, RSSI: -100
[P1_RX] Time: 119ms, Receiver: 6, Sender: 35, RSSI: -103
[P1_RX] Time: 119ms, Receiver: 27, Sender: 35, RSSI: -104
[P1_RX] Time: 119ms, Receiver: 2, Sender: 35, RSSI: -108
[P1_SUCCESS] Time: 119ms, Drone: 44
[P1_RX] Time: 119ms, Receiver: 28, Sender: 44, RSSI: -99
[P1_RX] Time: 119ms, Receiver: 46, Sender: 44, RSSI: -100
[P1_RX] Time: 119ms, Receiver: 34, Sender: 44, RSSI: -101
[P1_RX] Time: 119ms, Receiver: 20, Sender: 44, RSSI: -103
[P1_RX] Time: 119ms, Receiver: 49, Sender: 44, RSSI: -107
[P1_RX] Time: 119ms, Receiver: 8, Sender: 44, RSSI: -108
[P1_SUCCESS] Time: 119ms, Drone: 5
[P1_ATTEMPT] Time: 119ms, Drone: 29
[P1_ATTEMPT] Time: 120ms, Drone: 22
[P1_ATTEMPT] Time: 120ms, Drone: 7
[P1_ATTEMPT] Time: 120ms, Drone: 33
[P1_ATTEMPT] Time: 120ms, Drone: 4
[P1_ATTEMPT] Time: 120ms, Drone: 31
[P1_SUCCESS] Time: 120ms, Drone: 29
[P1_RX] Time: 120ms, Receiver: 25, Sender: 29, RSSI: -93
[P1_RX] Time: 120ms, Receiver: 20, Sender: 29, RSSI: -103
[P1_RX] Time: 120ms, Receiver: 31, Sender: 29, RSSI: -105
[P1_RX] Time: 120ms, Receiver: 34, Sender: 29, RSSI: -105
[P1_RX] Time: 120ms, Receiver: 13, Sender: 29, RSSI: -105
[P1_RX] Time: 120ms, Receiver: 28, Sender: 29, RSSI: -106
[P1_RX] Time: 120ms, Receiver: 15, Sender: 29, RSSI: -106
[P1_RX] Time: 120ms, Receiver: 48, Sender: 29, RSSI: -106
[P1_RX] Time: 120ms, Receiver: 12, Sender: 29, RSSI: -109
[P1_RX] Time: 120ms, Receiver: 49, Sender: 29, RSSI: -110
[P1_ATTEMPT] Time: 120ms, Drone: 26
[P1_ABORT] Time: 121ms, Drone: 31
[P1_ATTEMPT] Time: 121ms, Drone: 31
[P1_ATTEMPT] Time: 121ms, Drone: 14
[P1_ABORT] Time: 121ms, Drone: 26
[P1_ATTEMPT] Time: 121ms, Drone: 26
[P1_ABORT] Time: 121ms, Drone: 31
[P1_ATTEMPT] Time: 121ms, Drone: 31
[P1_ABORT] Time: 121ms, Drone: 14
[P1_ATTEMPT] Time: 121ms, Drone: 14
[P1_ABORT] Time: 121ms, Drone: 26
[P1_ATTEMPT] Time: 121ms, Drone: 26
[P1_ATTEMPT] Time: 121ms, Drone: 48
[P1_ATTEMPT] Time: 121ms, Drone: 20
[P1_ABORT] Time: 121ms, Drone: 31
[P1_ATTEMPT] Time: 121ms, Drone: 31
[P1_ABORT] Time: 121ms, Drone: 14
[P1_ATTEMPT] Time: 121ms, Drone: 14
[P1_ABORT] Time: 121ms, Drone: 26
[P1_ATTEMPT] Time: 121ms, Drone: 26
[P1_ATTEMPT] Time: 121ms, Drone: 47
[P1_ABORT] Time: 121ms, Drone: 48
[P1_ATTEMPT] Time: 121ms, Drone: 48
[P1_ABORT] Time: 121ms, Drone: 20
[P1_ATTEMPT] Time: 121ms, Drone: 20
[P1_ABORT] Time: 121ms, Drone: 31
[P1_ATTEMPT] Time: 121ms, Drone: 31
[P1_ABORT] Time: 121ms, Drone: 14
[P1_ATTEMPT] Time: 121ms, Drone: 14
[P1_ABORT] Time: 121ms, Drone: 26
[P1_ATTEMPT] Time: 121ms, Drone: 26
[P1_ABORT] Time: 121ms, Drone: 47
[P1_ATTEMPT] Time: 121ms, Drone: 47
[P1_ABORT] Time: 121ms, Drone: 48
[P1_ATTEMPT] Time: 121ms, Drone: 48
[P1_ABORT] Time: 121ms, Drone: 20
[P1_ATTEMPT] Time: 121ms, Drone: 20
[P1_ABORT] Time: 121ms, Drone: 31
[P1_ATTEMPT] Time: 121ms, Drone: 31
[P1_ABORT] Time: 121ms, Drone: 14
[P1_ATTEMPT] Time: 121ms, Drone: 14
[P1_ABORT] Time: 121ms, Drone: 26
[P1_ATTEMPT] Time: 121ms, Drone: 26
[P1_SUCCESS] Time: 121ms, Drone: 22
[P1_RX] Time: 121ms, Receiver: 36, Sender: 22, RSSI: -99
[P1_RX] Time: 121ms, Receiver: 9, Sender: 22, RSSI: -103
[P1_RX] Time: 121ms, Receiver: 5, Sender: 22, RSSI: -103
[P1_RX] Time: 121ms, Receiver: 41, Sender: 22, RSSI: -103
[P1_RX] Time: 121ms, Receiver: 35, Sender: 22, RSSI: -104
[P1_RX] Time: 121ms, Receiver: 39, Sender: 22, RSSI: -106
[P1_ABORT] Time: 121ms, Drone: 47
[P1_ATTEMPT] Time: 121ms, Drone: 47
[P1_ABORT] Time: 121ms, Drone: 48
[P1_ATTEMPT] Time: 121ms, Drone: 48
[P1_ABORT] Time: 121ms, Drone: 20
[P1_ATTEMPT] Time: 121ms, Drone: 20
[P1_SUCCESS] Time: 121ms, Drone: 7
[P1_RX] Time: 121ms, Receiver: 30, Sender: 7, RSSI: -94
[P1_RX] Time: 121ms, Receiver: 14, Sender: 7, RSSI: -100
[P1_RX] Time: 121ms, Receiver: 12, Sender: 7, RSSI: -103
[P1_RX] Time: 121ms, Receiver: 23, Sender: 7, RSSI: -104
[P1_ABORT] Time: 121ms, Drone: 31
[P1_ATTEMPT] Time: 121ms, Drone: 31
[P1_ABORT] Time: 121ms, Drone: 14
[P1_ATTEMPT] Time: 121ms, Drone: 14
[P1_ABORT] Time: 121ms, Drone: 26
[P1_ATTEMPT] Time: 121ms, Drone: 26
[P1_ABORT] Time: 121ms, Drone: 48
[P1_ATTEMPT] Time: 121ms, Drone: 48
[P1_ABORT] Time: 121ms, Drone: 20
[P1_ATTEMPT] Time: 121ms, Drone: 20
[P1_ABORT] Time: 121ms, Drone: 31
[P1_ATTEMPT] Time: 121ms, Drone: 31
[P1_ATTEMPT] Time: 121ms, Drone: 12
[P1_SUCCESS] Time: 121ms, Drone: 33
[P1_RX] Time: 121ms, Receiver: 29, Sender: 33, RSSI: -89
[P1_RX] Time: 121ms, Receiver: 25, Sender: 33, RSSI: -98
[P1_RX] Time: 121ms, Receiver: 15, Sender: 33, RSSI: -100
[P1_RX] Time: 121ms, Receiver: 20, Sender: 33, RSSI: -102
[P1_RX] Time: 121ms, Receiver: 34, Sender: 33, RSSI: -105
[P1_RX] Time: 121ms, Receiver: 28, Sender: 33, RSSI: -106
[P1_ABORT] Time: 121ms, Drone: 48
[P1_ATTEMPT] Time: 121ms, Drone: 48
[P1_ABORT] Time: 121ms, Drone: 20
[P1_ATTEMPT] Time: 121ms, Drone: 20
[P1_SUCCESS] Time: 121ms, Drone: 4
[P1_RX] Time: 121ms, Receiver: 1, Sender: 4, RSSI: -100
[P1_RX] Time: 121ms, Receiver: 45, Sender: 4, RSSI: -99
[P1_RX] Time: 121ms, Receiver: 32, Sender: 4, RSSI: -100
[P1_RX] Time: 121ms, Receiver: 16, Sender: 4, RSSI: -103
[P1_RX] Time: 121ms, Receiver: 49, Sender: 4, RSSI: -104
[P1_RX] Time: 121ms, Receiver: 3, Sender: 4, RSSI: -105
[P1_RX] Time: 121ms, Receiver: 18, Sender: 4, RSSI: -105
[P1_RX] Time: 121ms, Receiver: 17, Sender: 4, RSSI: -106
[P1_ABORT] Time: 121ms, Drone: 31
[P1_ATTEMPT] Time: 121ms, Drone: 31
[P1_ABORT] Time: 122ms, Drone: 48
[P1_ATTEMPT] Time: 122ms, Drone: 48
[P1_ABORT] Time: 122ms, Drone: 20
[P1_ATTEMPT] Time: 122ms, Drone: 20
[P1_ABORT] Time: 122ms, Drone: 31
[P1_ATTEMPT] Time: 122ms, Drone: 31
[P1_ABORT] Time: 122ms, Drone: 48
[P1_ATTEMPT] Time: 122ms, Drone: 48
[P1_ABORT] Time: 122ms, Drone: 31
[P1_ATTEMPT] Time: 122ms, Drone: 31
[P1_ABORT] Time: 122ms, Drone: 48
[P1_ATTEMPT] Time: 122ms, Drone: 48
[P1_ABORT] Time: 122ms, Drone: 31
[P1_ATTEMPT] Time: 122ms, Drone: 31
[P1_ABORT] Time: 122ms, Drone: 48
[P1_ATTEMPT] Time: 122ms, Drone: 48
[P1_ABORT] Time: 122ms, Drone: 31
[P1_ATTEMPT] Time: 122ms, Drone: 31
[P1_ABORT] Time: 122ms, Drone: 48
[P1_ATTEMPT] Time: 122ms, Drone: 48
[P1_SUCCESS] Time: 122ms, Drone: 47
[P1_RX] Time: 122ms, Receiver: 40, Sender: 47, RSSI: -91
[P1_RX] Time: 122ms, Receiver: 19, Sender: 47, RSSI: -92
[P1_RX] Time: 122ms, Receiver: 27, Sender: 47, RSSI: -95
[P1_RX] Time: 122ms, Receiver: 41, Sender: 47, RSSI: -96
[P1_RX] Time: 122ms, Receiver: 16, Sender: 47, RSSI: -97
[P1_RX] Time: 122ms, Receiver: 32, Sender: 47, RSSI: -99
[P1_RX] Time: 122ms, Receiver: 1, Sender: 47, RSSI: -99
[P1_RX] Time: 122ms, Receiver: 17, Sender: 47, RSSI: -100
[P1_RX] Time: 122ms, Receiver: 5, Sender: 47, RSSI: -101
[P1_RX] Time: 122ms, Receiver: 35, Sender: 47, RSSI: -101
[P1_RX] Time: 122ms, Receiver: 18, Sender: 47, RSSI: -103
[P1_RX] Time: 122ms, Receiver: 21, Sender: 47, RSSI: -104
[P1_RX] Time: 122ms, Receiver: 15, Sender: 47, RSSI: -104
[P1_RX] Time: 122ms, Receiver: 11, Sender: 47, RSSI: -106
[P1_ABORT] Time: 122ms, Drone: 31
[P1_ATTEMPT] Time: 122ms, Drone: 31
[P1_SUCCESS] Time: 122ms, Drone: 14
[P1_RX] Time: 122ms, Receiver: 23, Sender: 14, RSSI: -88
[P1_RX] Time: 122ms, Receiver: 0, Sender: 14, RSSI: -95
[P1_RX] Time: 122ms, Receiver: 30, Sender: 14, RSSI: -97
[P1_RX] Time: 122ms, Receiver: 7, Sender: 14, RSSI: -99
[P1_RX] Time: 122ms, Receiver: 2, Sender: 14, RSSI: -97
[P1_SUCCESS] Time: 122ms, Drone: 26
[P1_RX] Time: 122ms, Receiver: 42, Sender: 26, RSSI: -94
[P1_RX] Time: 122ms, Receiver: 39, Sender: 26, RSSI: -103
[P1_ABORT] Time: 122ms, Drone: 48
[P1_ATTEMPT] Time: 122ms, Drone: 48
[P1_ABORT] Time: 122ms, Drone: 31
[P1_ATTEMPT] Time: 122ms, Drone: 31
[P1_ABORT] Time: 122ms, Drone: 48
[P1_ATTEMPT] Time: 122ms, Drone: 48
[P1_SUCCESS] Time: 122ms, Drone: 12
[P1_ABORT] Time: 122ms, Drone: 31
[P1_ATTEMPT] Time: 122ms, Drone: 31
[P1_ABORT] Time: 122ms, Drone: 48
[P1_ATTEMPT] Time: 122ms, Drone: 48
[P1_SUCCESS] Time: 122ms, Drone: 20
[P1_RX] Time: 122ms, Receiver: 44, Sender: 20, RSSI: -102
[P1_RX] Time: 122ms, Receiver: 34, Sender: 20, RSSI: -104
[P1_RX] Time: 122ms, Receiver: 28, Sender: 20, RSSI: -104
[P1_RX] Time: 122ms, Receiver: 33, Sender: 20, RSSI: -103
[P1_RX] Time: 122ms, Receiver: 4, Sender: 20, RSSI: -101
[P1_RX] Time: 122ms, Receiver: 46, Sender: 20, RSSI: -106
[P1_ATTEMPT] Time: 123ms, Drone: 23
[P1_ABORT] Time: 123ms, Drone: 23
[P1_ATTEMPT] Time: 123ms, Drone: 23
[P1_ABORT] Time: 123ms, Drone: 23
[P1_ATTEMPT] Time: 123ms, Drone: 23
[P1_ABORT] Time: 123ms, Drone: 23
[P1_ATTEMPT] Time: 123ms, Drone: 23
[P1_SUCCESS] Time: 123ms, Drone: 31
[P1_RX] Time: 123ms, Receiver: 45, Sender: 31, RSSI: -90
[P1_RX] Time: 123ms, Receiver: 13, Sender: 31, RSSI: -90
[P1_RX] Time: 123ms, Receiver: 33, Sender: 31, RSSI: -101
[P1_RX] Time: 123ms, Receiver: 32, Sender: 31, RSSI: -102
[P1_RX] Time: 123ms, Receiver: 15, Sender: 31, RSSI: -103
[P1_RX] Time: 123ms, Receiver: 0, Sender: 31, RSSI: -102
[P1_RX] Time: 123ms, Receiver: 29, Sender: 31, RSSI: -102
[P1_RX] Time: 123ms, Receiver: 1, Sender: 31, RSSI: -102
[P1_RX] Time: 123ms, Receiver: 27, Sender: 31, RSSI: -105
[P1_SUCCESS] Time: 123ms, Drone: 48
[P1_RX] Time: 123ms, Receiver: 4, Sender: 48, RSSI: -93
[P1_RX] Time: 123ms, Receiver: 24, Sender: 48, RSSI: -94
[P1_RX] Time: 123ms, Receiver: 42, Sender: 48, RSSI: -103
[P1_RX] Time: 123ms, Receiver: 26, Sender: 48, RSSI: -104
[P1_RX] Time: 123ms, Receiver: 7, Sender: 48, RSSI: -107
[P1_ABORT] Time: 123ms, Drone: 23
[P1_ATTEMPT] Time: 123ms, Drone: 23
[P1_ATTEMPT] Time: 124ms, Drone: 37
[P1_ATTEMPT] Time: 124ms, Drone: 36
[P1_ATTEMPT] Time: 124ms, Drone: 19
[P1_SUCCESS] Time: 124ms, Drone: 23
[P1_RX] Time: 124ms, Receiver: 14, Sender: 23, RSSI: -89
[P1_RX] Time: 124ms, Receiver: 0, Sender: 23, RSSI: -89
[P1_RX] Time: 124ms, Receiver: 26, Sender: 23, RSSI: -97
[P1_RX] Time: 124ms, Receiver: 42, Sender: 23, RSSI: -97
[P1_RX] Time: 124ms, Receiver: 2, Sender: 23, RSSI: -98
[P1_RX] Time: 124ms, Receiver: 24, Sender: 23, RSSI: -98
[P1_RX] Time: 124ms, Receiver: 6, Sender: 23, RSSI: -100
[P1_RX] Time: 124ms, Receiver: 30, Sender: 23, RSSI: -102
[P1_RX] Time: 124ms, Receiver: 13, Sender: 23, RSSI: -103
[P1_RX] Time: 124ms, Receiver: 45, Sender: 23, RSSI: -105
[P1_RX] Time: 124ms, Receiver: 48, Sender: 23, RSSI: -105
[P1_RX] Time: 124ms, Receiver: 7, Sender: 23, RSSI: -105
[P1_RX] Time: 124ms, Receiver: 31, Sender: 23, RSSI: -106
[P1_ABORT] Time: 124ms, Drone: 19
[P1_ATTEMPT] Time: 124ms, Drone: 19
[P1_SUCCESS] Time: 125ms, Drone: 36
[P1_RX] Time: 125ms, Receiver: 22, Sender: 36, RSSI: -99
[P1_RX] Time: 125ms, Receiver: 41, Sender: 36, RSSI: -101
[P1_SUCCESS] Time: 125ms, Drone: 37
[P1_RX] Time: 125ms, Receiver: 29, Sender: 37, RSSI: -89
[P1_RX] Time: 125ms, Receiver: 33, Sender: 37, RSSI: -90
[P1_RX] Time: 125ms, Receiver: 25, Sender: 37, RSSI: -95
[P1_RX] Time: 125ms, Receiver: 34, Sender: 37, RSSI: -102
[P1_RX] Time: 125ms, Receiver: 20, Sender: 37, RSSI: -103
[P1_RX] Time: 125ms, Receiver: 28, Sender: 37, RSSI: -104
[P1_RX] Time: 125ms, Receiver: 46, Sender: 37, RSSI: -105
[P1_RX] Time: 125ms, Receiver: 15, Sender: 37, RSSI: -105
[P1_RX] Time: 125ms, Receiver: 44, Sender: 37, RSSI: -107
[P1_SUCCESS] Time: 125ms, Drone: 19
[P1_RX] Time: 125ms, Receiver: 40, Sender: 19, RSSI: -92
[P1_RX] Time: 125ms, Receiver: 47, Sender: 19, RSSI: -92
[P1_RX] Time: 125ms, Receiver: 27, Sender: 19, RSSI: -98
[P1_RX] Time: 125ms, Receiver: 35, Sender: 19, RSSI: -97
[P1_RX] Time: 125ms, Receiver: 5, Sender: 19, RSSI: -96
[P1_RX] Time: 125ms, Receiver: 1, Sender: 19, RSSI: -101
[P1_RX] Time: 125ms, Receiver: 32, Sender: 19, RSSI: -101
[P1_RX] Time: 125ms, Receiver: 16, Sender: 19, RSSI: -101
[P1_RX] Time: 125ms, Receiver: 42, Sender: 19, RSSI: -102
[P1_RX] Time: 125ms, Receiver: 2, Sender: 19, RSSI: -102
[P1_RX] Time: 125ms, Receiver: 39, Sender: 19, RSSI: -102
[P1_RX] Time: 125ms, Receiver: 45, Sender: 19, RSSI: -103
[P1_RX] Time: 125ms, Receiver: 9, Sender: 19, RSSI: -102
[P1_RX] Time: 125ms, Receiver: 0, Sender: 19, RSSI: -104
[P1_RX] Time: 125ms, Receiver: 6, Sender: 19, RSSI: -104
[P1_RX] Time: 125ms, Receiver: 17, Sender: 19, RSSI: -104
[P1_RX] Time: 125ms, Receiver: 24, Sender: 19, RSSI: -105
[P1_RX] Time: 125ms, Receiver: 23, Sender: 19, RSSI: -106
[P1_RX] Time: 125ms, Receiver: 18, Sender: 19, RSSI: -105
[P1_RX] Time: 125ms, Receiver: 13, Sender: 19, RSSI: -104
[P1_RX] Time: 125ms, Receiver: 4, Sender: 19, RSSI: -103
[P1_RX] Time: 125ms, Receiver: 48, Sender: 19, RSSI: -105
[P1_RX] Time: 125ms, Receiver: 21, Sender: 19, RSSI: -106
[P1_ATTEMPT] Time: 153ms, Drone: 19
[P1_ATTEMPT] Time: 153ms, Drone: 32
[P1_ATTEMPT] Time: 153ms, Drone: 15
[P1_ATTEMPT] Time: 153ms, Drone: 44
[P1_ATTEMPT] Time: 154ms, Drone: 36
[P1_ATTEMPT] Time: 154ms, Drone: 35
[P1_ABORT] Time: 154ms, Drone: 32
[P1_ATTEMPT] Time: 154ms, Drone: 32
[P1_ABORT] Time: 154ms, Drone: 15
[P1_ATTEMPT] Time: 154ms, Drone: 15
[P1_ABORT] Time: 154ms, Drone: 36
[P1_ATTEMPT] Time: 154ms, Drone: 36
[P1_ABORT] Time: 154ms, Drone: 35
[P1_ATTEMPT] Time: 154ms, Drone: 35
[P1_ABORT] Time: 154ms, Drone: 32
[P1_ATTEMPT] Time: 154ms, Drone: 32
[P1_ABORT] Time: 154ms, Drone: 15
[P1_ATTEMPT] Time: 154ms, Drone: 15
[P1_ABORT] Time: 154ms, Drone: 36
[P1_ATTEMPT] Time: 154ms, Drone: 36
[P1_ABORT] Time: 154ms, Drone: 35
[P1_ATTEMPT] Time: 154ms, Drone: 35
[P1_ABORT] Time: 154ms, Drone: 32
[P1_ATTEMPT] Time: 154ms, Drone: 32
[P1_ABORT] Time: 154ms, Drone: 15
[P1_ATTEMPT] Time: 154ms, Drone: 15
[P1_ABORT] Time: 154ms, Drone: 36
[P1_ATTEMPT] Time: 154ms, Drone: 36
[P1_ABORT] Time: 154ms, Drone: 35
[P1_ATTEMPT] Time: 154ms, Drone: 35
[P1_ABORT] Time: 154ms, Drone: 32
[P1_ATTEMPT] Time: 154ms, Drone: 32
[P1_ABORT] Time: 154ms, Drone: 15
[P1_ATTEMPT] Time: 154ms, Drone: 15
[P1_SUCCESS] Time: 154ms, Drone: 19
[P1_RX] Time: 154ms, Receiver: 40, Sender: 19, RSSI: -92
[P1_RX] Time: 154ms, Receiver: 47, Sender: 19, RSSI: -92
[P1_RX] Time: 154ms, Receiver: 27, Sender: 19, RSSI: -98
[P1_RX] Time: 154ms, Receiver: 35, Sender: 19, RSSI: -98
[P1_RX] Time: 154ms, Receiver: 5, Sender: 19, RSSI: -99
[P1_RX] Time: 154ms, Receiver: 41, Sender: 19, RSSI: -101
[P1_RX] Time: 154ms, Receiver: 1, Sender: 19, RSSI: -102
[P1_RX] Time: 154ms, Receiver: 32, Sender: 19, RSSI: -102
[P1_RX] Time: 154ms, Receiver: 16, Sender: 19, RSSI: -102
[P1_RX] Time: 154ms, Receiver: 42, Sender: 19, RSSI: -103
[P1_RX] Time: 154ms, Receiver: 39, Sender: 19, RSSI: -104
[P1_RX] Time: 154ms, Receiver: 45, Sender: 19, RSSI: -104
[P1_RX] Time: 154ms, Receiver: 9, Sender: 19, RSSI: -105
[P1_RX] Time: 154ms, Receiver: 0, Sender: 19, RSSI: -105
[P1_RX] Time: 154ms, Receiver: 6, Sender: 19, RSSI: -105
[P1_RX] Time: 154ms, Receiver: 24, Sender: 19, RSSI: -106
[P1_RX] Time: 154ms, Receiver: 23, Sender: 19, RSSI: -107
[P1_RX] Time: 154ms, Receiver: 36, Sender: 19, RSSI: -107
[P1_RX] Time: 154ms, Receiver: 13, Sender: 19, RSSI: -108
[P1_RX] Time: 154ms, Receiver: 31, Sender: 19, RSSI: -108
[P1_RX] Time: 154ms, Receiver: 15, Sender: 19, RSSI: -108
[P1_RX] Time: 154ms, Receiver: 26, Sender: 19, RSSI: -108
[P1_RX] Time: 154ms, Receiver: 48, Sender: 19, RSSI: -108
[P1_ABORT] Time: 154ms, Drone: 35
[P1_ATTEMPT] Time: 154ms, Drone: 35
[P1_ABORT] Time: 154ms, Drone: 32
[P1_ATTEMPT] Time: 154ms, Drone: 32
[P1_ATTEMPT] Time: 154ms, Drone: 8
[P1_ATTEMPT] Time: 154ms, Drone: 28
[P1_SUCCESS] Time: 154ms, Drone: 44
[P1_RX] Time: 154ms, Receiver: 28, Sender: 44, RSSI: -99
[P1_RX] Time: 154ms, Receiver: 46, Sender: 44, RSSI: -100
[P1_RX] Time: 154ms, Receiver: 34, Sender: 44, RSSI: -101
[P1_RX] Time: 154ms, Receiver: 20, Sender: 44, RSSI: -103
[P1_ABORT] Time: 155ms, Drone: 28
[P1_ATTEMPT] Time: 155ms, Drone: 28
[P1_SUCCESS] Time: 155ms, Drone: 36
[P1_RX] Time: 155ms, Receiver: 22, Sender: 36, RSSI: -99
[P1_RX] Time: 155ms, Receiver: 41, Sender: 36, RSSI: -101
[P1_SUCCESS] Time: 155ms, Drone: 15
[P1_RX] Time: 155ms, Receiver: 43, Sender: 15, RSSI: -92
[P1_RX] Time: 155ms, Receiver: 18, Sender: 15, RSSI: -96
[P1_RX] Time: 155ms, Receiver: 38, Sender: 15, RSSI: -101
[P1_RX] Time: 155ms, Receiver: 31, Sender: 15, RSSI: -101
[P1_SUCCESS] Time: 155ms, Drone: 35
[P1_RX] Time: 155ms, Receiver: 6, Sender: 35, RSSI: -102
[P1_RX] Time: 155ms, Receiver: 42, Sender: 35, RSSI: -102
[P1_SUCCESS] Time: 155ms, Drone: 32
[P1_RX] Time: 155ms, Receiver: 1, Sender: 32, RSSI: -82
[P1_RX] Time: 155ms, Receiver: 16, Sender: 32, RSSI: -91
[P1_RX] Time: 155ms, Receiver: 27, Sender: 32, RSSI: -98
[P1_RX] Time: 155ms, Receiver: 48, Sender: 32, RSSI: -103
[P1_RX] Time: 155ms, Receiver: 24, Sender: 32, RSSI: -104
[P1_ATTEMPT] Time: 155ms, Drone: 48
[P1_SUCCESS] Time: 155ms, Drone: 28
[P1_RX] Time: 155ms, Receiver: 34, Sender: 28, RSSI: -78
[P1_RX] Time: 155ms, Receiver: 46, Sender: 28, RSSI: -82
[P1_RX] Time: 155ms, Receiver: 44, Sender: 28, RSSI: -99
[P1_RX] Time: 155ms, Receiver: 37, Sender: 28, RSSI: -102
[P1_RX] Time: 155ms, Receiver: 25, Sender: 28, RSSI: -103
[P1_RX] Time: 155ms, Receiver: 20, Sender: 28, RSSI: -103
[P1_SUCCESS] Time: 155ms, Drone: 8
[P1_RX] Time: 155ms, Receiver: 10, Sender: 8, RSSI: -101
[P1_RX] Time: 155ms, Receiver: 38, Sender: 8, RSSI: -103
[P1_RX] Time: 155ms, Receiver: 3, Sender: 8, RSSI: -103
[P1_RX] Time: 155ms, Receiver: 49, Sender: 8, RSSI: -103
[P1_RX] Time: 155ms, Receiver: 18, Sender: 8, RSSI: -105
[P1_SUCCESS] Time: 156ms, Drone: 48
[P1_RX] Time: 156ms, Receiver: 13, Sender: 48, RSSI: -93
[P1_RX] Time: 156ms, Receiver: 24, Sender: 48, RSSI: -95
[P1_RX] Time: 156ms, Receiver: 31, Sender: 48, RSSI: -101
[P1_RX] Time: 156ms, Receiver: 45, Sender: 48, RSSI: -103
[P1_RX] Time: 156ms, Receiver: 14, Sender: 48, RSSI: -105
[P1_RX] Time: 156ms, Receiver: 30, Sender: 48, RSSI: -105
[P1_RX] Time: 156ms, Receiver: 23, Sender: 48, RSSI: -105
[P1_RX] Time: 156ms, Receiver: 42, Sender: 48, RSSI: -105
[P1_RX] Time: 156ms, Receiver: 1, Sender: 48, RSSI: -106
[P1_RX] Time: 156ms, Receiver: 26, Sender: 48, RSSI: -106
[P1_RX] Time: 156ms, Receiver: 0, Sender: 48, RSSI: -106
[P1_RX] Time: 156ms, Receiver: 12, Sender: 48, RSSI: -106
[P1_RX] Time: 156ms, Receiver: 32, Sender: 48, RSSI: -106
[P1_RX] Time: 156ms, Receiver: 15, Sender: 48, RSSI: -108
[P1_RX] Time: 156ms, Receiver: 19, Sender: 48, RSSI: -108
[P1_RX] Time: 156ms, Receiver: 7, Sender: 48, RSSI: -109
[P1_ATTEMPT] Time: 156ms, Drone: 27
[P1_ATTEMPT] Time: 156ms, Drone: 18
[P1_ATTEMPT] Time: 156ms, Drone: 10
[P1_ATTEMPT] Time: 157ms, Drone: 41
[P1_SUCCESS] Time: 157ms, Drone: 27
[P1_RX] Time: 157ms, Receiver: 47, Sender: 27, RSSI: -94
[P1_RX] Time: 157ms, Receiver: 19, Sender: 27, RSSI: -98
[P1_RX] Time: 157ms, Receiver: 41, Sender: 27, RSSI: -100
[P1_RX] Time: 157ms, Receiver: 40, Sender: 27, RSSI: -100
[P1_RX] Time: 157ms, Receiver: 45, Sender: 27, RSSI: -101
[P1_RX] Time: 157ms, Receiver: 35, Sender: 27, RSSI: -104
[P1_RX] Time: 157ms, Receiver: 5, Sender: 27, RSSI: -104
[P1_RX] Time: 157ms, Receiver: 9, Sender: 27, RSSI: -104
[P1_RX] Time: 157ms, Receiver: 31, Sender: 27, RSSI: -105
[P1_RX] Time: 157ms, Receiver: 0, Sender: 27, RSSI: -106
[P1_RX] Time: 157ms, Receiver: 6, Sender: 27, RSSI: -108
[P1_ABORT] Time: 157ms, Drone: 41
[P1_ATTEMPT] Time: 157ms, Drone: 41
[P1_SUCCESS] Time: 157ms, Drone: 18
[P1_RX] Time: 157ms, Receiver: 16, Sender: 18, RSSI: -93
[P1_RX] Time: 157ms, Receiver: 3, Sender: 18, RSSI: -97
[P1_RX] Time: 157ms, Receiver: 43, Sender: 18, RSSI: -99
[P1_RX] Time: 157ms, Receiver: 15, Sender: 18, RSSI: -99
[P1_RX] Time: 157ms, Receiver: 49, Sender: 18, RSSI: -100
[P1_SUCCESS] Time: 157ms, Drone: 10
[P1_SUCCESS] Time: 158ms, Drone: 41
[P1_RX] Time: 158ms, Receiver: 40, Sender: 41, RSSI: -95
[P1_RX] Time: 158ms, Receiver: 47, Sender: 41, RSSI: -97
[P1_RX] Time: 158ms, Receiver: 5, Sender: 41, RSSI: -100
[P1_RX] Time: 158ms, Receiver: 27, Sender: 41, RSSI: -101
[P1_RX] Time: 158ms, Receiver: 19, Sender: 41, RSSI: -101
[P1_RX] Time: 158ms, Receiver: 36, Sender: 41, RSSI: -101
[P1_RX] Time: 158ms, Receiver: 35, Sender: 41, RSSI: -102
[P1_RX] Time: 158ms, Receiver: 22, Sender: 41, RSSI: -103
[P1_RX] Time: 158ms, Receiver: 16, Sender: 41, RSSI: -105
[P1_RX] Time: 158ms, Receiver: 9, Sender: 41, RSSI: -106
[P1_RX] Time: 158ms, Receiver: 32, Sender: 41, RSSI: -106
[P1_RX] Time: 158ms, Receiver: 1, Sender: 41, RSSI: -107
[P1_RX] Time: 158ms, Receiver: 18, Sender: 41, RSSI: -107
[P1_ATTEMPT] Time: 158ms, Drone: 47
[P1_ATTEMPT] Time: 158ms, Drone: 3
[P1_ATTEMPT] Time: 159ms, Drone: 2
[P1_SUCCESS] Time: 159ms, Drone: 47
[P1_RX] Time: 159ms, Receiver: 40, Sender: 47, RSSI: -91
[P1_RX] Time: 159ms, Receiver: 19, Sender: 47, RSSI: -92
[P1_RX] Time: 159ms, Receiver: 27, Sender: 47, RSSI: -95
[P1_RX] Time: 159ms, Receiver: 41, Sender: 47, RSSI: -97
[P1_RX] Time: 159ms, Receiver: 16, Sender: 47, RSSI: -97
[P1_RX] Time: 159ms, Receiver: 32, Sender: 47, RSSI: -99
[P1_RX] Time: 159ms, Receiver: 1, Sender: 47, RSSI: -99
[P1_RX] Time: 159ms, Receiver: 5, Sender: 47, RSSI: -102
[P1_RX] Time: 159ms, Receiver: 35, Sender: 47, RSSI: -102
[P1_RX] Time: 159ms, Receiver: 45, Sender: 47, RSSI: -105
[P1_RX] Time: 159ms, Receiver: 9, Sender: 47, RSSI: -107
[P1_RX] Time: 159ms, Receiver: 36, Sender: 47, RSSI: -107
[P1_RX] Time: 159ms, Receiver: 42, Sender: 47, RSSI: -107
[P1_RX] Time: 159ms, Receiver: 39, Sender: 47, RSSI: -108
[P1_RX] Time: 159ms, Receiver: 22, Sender: 47, RSSI: -108
[P1_RX] Time: 159ms, Receiver: 0, Sender: 47, RSSI: -109
[P1_RX] Time: 159ms, Receiver: 13, Sender: 47, RSSI: -109
[P1_ABORT] Time: 159ms, Drone: 2
[P1_ATTEMPT] Time: 159ms, Drone: 2
[P1_SUCCESS] Time: 159ms, Drone: 3
[P1_RX] Time: 159ms, Receiver: 8, Sender: 3, RSSI: -103
[P1_RX] Time: 159ms, Receiver: 20, Sender: 3, RSSI: -108
[P1_ATTEMPT] Time: 160ms, Drone: 7
[P1_ATTEMPT] Time: 160ms, Drone: 40
[P1_SUCCESS] Time: 160ms, Drone: 2
[P1_RX] Time: 160ms, Receiver: 24, Sender: 2, RSSI: -89
[P1_RX] Time: 160ms, Receiver: 42, Sender: 2, RSSI: -96
[P1_RX] Time: 160ms, Receiver: 13, Sender: 2, RSSI: -97
[P1_RX] Time: 160ms, Receiver: 23, Sender: 2, RSSI: -98
[P1_RX] Time: 160ms, Receiver: 48, Sender: 2, RSSI: -98
[P1_RX] Time: 160ms, Receiver: 0, Sender: 2, RSSI: -98
[P1_RX] Time: 160ms, Receiver: 45, Sender: 2, RSSI: -99
[P1_RX] Time: 160ms, Receiver: 14, Sender: 2, RSSI: -101
[P1_RX] Time: 160ms, Receiver: 26, Sender: 2, RSSI: -101
[P1_RX] Time: 160ms, Receiver: 31, Sender: 2, RSSI: -102
[P1_RX] Time: 160ms, Receiver: 19, Sender: 2, RSSI: -103
[P1_RX] Time: 160ms, Receiver: 1, Sender: 2, RSSI: -105
[P1_RX] Time: 160ms, Receiver: 6, Sender: 2, RSSI: -105
[P1_RX] Time: 160ms, Receiver: 32, Sender: 2, RSSI: -105
[P1_RX] Time: 160ms, Receiver: 30, Sender: 2, RSSI: -106
[P1_RX] Time: 160ms, Receiver: 27, Sender: 2, RSSI: -106
[P1_RX] Time: 160ms, Receiver: 47, Sender: 2, RSSI: -106
[P1_RX] Time: 160ms, Receiver: 40, Sender: 2, RSSI: -107
[P1_RX] Time: 160ms, Receiver: 35, Sender: 2, RSSI: -108
[P1_RX] Time: 160ms, Receiver: 39, Sender: 2, RSSI: -108
[P1_RX] Time: 160ms, Receiver: 5, Sender: 2, RSSI: -108
[P1_RX] Time: 160ms, Receiver: 7, Sender: 2, RSSI: -109
[P1_ATTEMPT] Time: 161ms, Drone: 46
[P1_SUCCESS] Time: 161ms, Drone: 7
[P1_RX] Time: 161ms, Receiver: 30, Sender: 7, RSSI: -94
[P1_RX] Time: 161ms, Receiver: 14, Sender: 7, RSSI: -100
[P1_RX] Time: 161ms, Receiver: 12, Sender: 7, RSSI: -103
[P1_RX] Time: 161ms, Receiver: 23, Sender: 7, RSSI: -104
[P1_RX] Time: 161ms, Receiver: 26, Sender: 7, RSSI: -105
[P1_RX] Time: 161ms, Receiver: 24, Sender: 7, RSSI: -105
[P1_RX] Time: 161ms, Receiver: 0, Sender: 7, RSSI: -106
[P1_SUCCESS] Time: 161ms, Drone: 40
[P1_RX] Time: 161ms, Receiver: 47, Sender: 40, RSSI: -91
[P1_RX] Time: 161ms, Receiver: 19, Sender: 40, RSSI: -92
[P1_RX] Time: 161ms, Receiver: 41, Sender: 40, RSSI: -95
[P1_RX] Time: 161ms, Receiver: 5, Sender: 40, RSSI: -98
[P1_RX] Time: 161ms, Receiver: 35, Sender: 40, RSSI: -99
[P1_RX] Time: 161ms, Receiver: 27, Sender: 40, RSSI: -101
[P1_RX] Time: 161ms, Receiver: 16, Sender: 40, RSSI: -101
[P1_RX] Time: 161ms, Receiver: 1, Sender: 40, RSSI: -103
[P1_RX] Time: 161ms, Receiver: 32, Sender: 40, RSSI: -103
[P1_RX] Time: 161ms, Receiver: 36, Sender: 40, RSSI: -104
[P1_RX] Time: 161ms, Receiver: 18, Sender: 40, RSSI: -106
[P1_RX] Time: 161ms, Receiver: 39, Sender: 40, RSSI: -106
[P1_RX] Time: 161ms, Receiver: 9, Sender: 40, RSSI: -106
[P1_RX] Time: 161ms, Receiver: 42, Sender: 40, RSSI: -105
[P1_RX] Time: 161ms, Receiver: 22, Sender: 40, RSSI: -107
[P1_RX] Time: 161ms, Receiver: 45, Sender: 40, RSSI: -106
[P1_SUCCESS] Time: 162ms, Drone: 46
[P1_RX] Time: 162ms, Receiver: 28, Sender: 46, RSSI: -82
[P1_RX] Time: 162ms, Receiver: 34, Sender: 46, RSSI: -87
[P1_RX] Time: 162ms, Receiver: 44, Sender: 46, RSSI: -100
[P1_RX] Time: 162ms, Receiver: 37, Sender: 46, RSSI: -105
[P1_RX] Time: 162ms, Receiver: 25, Sender: 46, RSSI: -106
[P1_RX] Time: 162ms, Receiver: 20, Sender: 46, RSSI: -107
[P1_RX] Time: 162ms, Receiver: 29, Sender: 46, RSSI: -107
[P1_RX] Time: 162ms, Receiver: 33, Sender: 46, RSSI: -109
[P1_ATTEMPT] Time: 162ms, Drone: 9
[P1_ATTEMPT] Time: 162ms, Drone: 24
[P1_ATTEMPT] Time: 162ms, Drone: 21
[P1_ATTEMPT] Time: 162ms, Drone: 13
[P1_SUCCESS] Time: 163ms, Drone: 9
[P1_RX] Time: 163ms, Receiver: 39, Sender: 9, RSSI: -97
[P1_RX] Time: 163ms, Receiver: 35, Sender: 9, RSSI: -100
[P1_RX] Time: 163ms, Receiver: 5, Sender: 9, RSSI: -101
[P1_RX] Time: 163ms, Receiver: 6, Sender: 9, RSSI: -101
[P1_RX] Time: 163ms, Receiver: 22, Sender: 9, RSSI: -103
[P1_RX] Time: 163ms, Receiver: 36, Sender: 9, RSSI: -107
[P1_ABORT] Time: 163ms, Drone: 13
[P1_ATTEMPT] Time: 163ms, Drone: 13
[P1_ABORT] Time: 163ms, Drone: 13
[P1_ATTEMPT] Time: 163ms, Drone: 13
[P1_SUCCESS] Time: 163ms, Drone: 24
[P1_RX] Time: 163ms, Receiver: 48, Sender: 24, RSSI: -95
[P1_RX] Time: 163ms, Receiver: 13, Sender: 24, RSSI: -98
[P1_RX] Time: 163ms, Receiver: 30, Sender: 24, RSSI: -103
[P1_RX] Time: 163ms, Receiver: 7, Sender: 24, RSSI: -106
[P1_ABORT] Time: 163ms, Drone: 13
[P1_ATTEMPT] Time: 163ms, Drone: 13
[P1_ATTEMPT] Time: 163ms, Drone: 12
[P1_SUCCESS] Time: 163ms, Drone: 21
[P1_RX] Time: 163ms, Receiver: 18, Sender: 21, RSSI: -78
[P1_RX] Time: 163ms, Receiver: 38, Sender: 21, RSSI: -97
[P1_RX] Time: 163ms, Receiver: 3, Sender: 21, RSSI: -97
[P1_RX] Time: 163ms, Receiver: 43, Sender: 21, RSSI: -99
[P1_RX] Time: 163ms, Receiver: 49, Sender: 21, RSSI: -100
[P1_RX] Time: 163ms, Receiver: 8, Sender: 21, RSSI: -104
[P1_RX] Time: 163ms, Receiver: 10, Sender: 21, RSSI: -105
[P1_ATTEMPT] Time: 163ms, Drone: 42
[P1_ATTEMPT] Time: 163ms, Drone: 34
[P1_ABORT] Time: 163ms, Drone: 42
[P1_ATTEMPT] Time: 163ms, Drone: 42
[P1_ATTEMPT] Time: 163ms, Drone: 5
[P1_ATTEMPT] Time: 164ms, Drone: 29
[P1_ATTEMPT] Time: 164ms, Drone: 16
[P1_ABORT] Time: 164ms, Drone: 42
[P1_ATTEMPT] Time: 164ms, Drone: 42
[P1_ABORT] Time: 164ms, Drone: 29
[P1_ATTEMPT] Time: 164ms, Drone: 29
[P1_ABORT] Time: 164ms, Drone: 16
[P1_ATTEMPT] Time: 164ms, Drone: 16
[P1_ABORT] Time: 164ms, Drone: 42
[P1_ATTEMPT] Time: 164ms, Drone: 42
[P1_SUCCESS] Time: 164ms, Drone: 13
[P1_RX] Time: 164ms, Receiver: 31, Sender: 13, RSSI: -92
[P1_RX] Time: 164ms, Receiver: 48, Sender: 13, RSSI: -93
[P1_RX] Time: 164ms, Receiver: 45, Sender: 13, RSSI: -96
[P1_RX] Time: 164ms, Receiver: 2, Sender: 13, RSSI: -97
[P1_RX] Time: 164ms, Receiver: 24, Sender: 13, RSSI: -97
[P1_RX] Time: 164ms, Receiver: 23, Sender: 13, RSSI: -102
[P1_RX] Time: 164ms, Receiver: 0, Sender: 13, RSSI: -103
[P1_RX] Time: 164ms, Receiver: 14, Sender: 13, RSSI: -102
[P1_RX] Time: 164ms, Receiver: 32, Sender: 13, RSSI: -104
[P1_RX] Time: 164ms, Receiver: 1, Sender: 13, RSSI: -105
[P1_RX] Time: 164ms, Receiver: 42, Sender: 13, RSSI: -104
[P1_RX] Time: 164ms, Receiver: 15, Sender: 13, RSSI: -106
[P1_ABORT] Time: 164ms, Drone: 29
[P1_ATTEMPT] Time: 164ms, Drone: 29
[P1_ABORT] Time: 164ms, Drone: 42
[P1_ATTEMPT] Time: 164ms, Drone: 42
[P1_SUCCESS] Time: 164ms, Drone: 12
[P1_RX] Time: 164ms, Receiver: 30, Sender: 12, RSSI: -97
[P1_RX] Time: 164ms, Receiver: 7, Sender: 12, RSSI: -102
[P1_ABORT] Time: 164ms, Drone: 29
[P1_ATTEMPT] Time: 164ms, Drone: 29
[P1_ABORT] Time: 164ms, Drone: 42
[P1_ATTEMPT] Time: 164ms, Drone: 42
[P1_ABORT] Time: 164ms, Drone: 29
[P1_ATTEMPT] Time: 164ms, Drone: 29
[P1_ABORT] Time: 164ms, Drone: 42
[P1_ATTEMPT] Time: 164ms, Drone: 42
[P1_ABORT] Time: 164ms, Drone: 29
[P1_ATTEMPT] Time: 164ms, Drone: 29
[P1_ABORT] Time: 164ms, Drone: 42
[P1_ATTEMPT] Time: 164ms, Drone: 42
[P1_ABORT] Time: 164ms, Drone: 29
[P1_ATTEMPT] Time: 164ms, Drone: 29
[P1_SUCCESS] Time: 164ms, Drone: 34
[P1_RX] Time: 164ms, Receiver: 28, Sender: 34, RSSI: -78
[P1_RX] Time: 164ms, Receiver: 46, Sender: 34, RSSI: -87
[P1_RX] Time: 164ms, Receiver: 44, Sender: 34, RSSI: -101
[P1_ABORT] Time: 164ms, Drone: 42
[P1_ATTEMPT] Time: 164ms, Drone: 42
[P1_SUCCESS] Time: 164ms, Drone: 5
[P1_RX] Time: 164ms, Receiver: 35, Sender: 5, RSSI: -75
[P1_RX] Time: 164ms, Receiver: 40, Sender: 5, RSSI: -98
[P1_RX] Time: 164ms, Receiver: 39, Sender: 5, RSSI: -99
[P1_RX] Time: 164ms, Receiver: 19, Sender: 5, RSSI: -99
[P1_RX] Time: 164ms, Receiver: 36, Sender: 5, RSSI: -100
[P1_RX] Time: 164ms, Receiver: 41, Sender: 5, RSSI: -100
[P1_RX] Time: 164ms, Receiver: 9, Sender: 5, RSSI: -101
[P1_RX] Time: 164ms, Receiver: 22, Sender: 5, RSSI: -103
[P1_RX] Time: 164ms, Receiver: 6, Sender: 5, RSSI: -105
[P1_RX] Time: 164ms, Receiver: 42, Sender: 5, RSSI: -106
[P1_ABORT] Time: 164ms, Drone: 29
[P1_ATTEMPT] Time: 164ms, Drone: 29
[P1_ABORT] Time: 164ms, Drone: 42
[P1_ATTEMPT] Time: 164ms, Drone: 42
[P1_ATTEMPT] Time: 164ms, Drone: 11
[P1_SUCCESS] Time: 165ms, Drone: 16
[P1_RX] Time: 165ms, Receiver: 18, Sender: 16, RSSI: -94
[P1_RX] Time: 165ms, Receiver: 21, Sender: 16, RSSI: -97
[P1_RX] Time: 165ms, Receiver: 15, Sender: 16, RSSI: -100
[P1_RX] Time: 165ms, Receiver: 3, Sender: 16, RSSI: -100
[P1_RX] Time: 165ms, Receiver: 49, Sender: 16, RSSI: -101
[P1_RX] Time: 165ms, Receiver: 43, Sender: 16, RSSI: -102
[P1_RX] Time: 165ms, Receiver: 38, Sender: 16, RSSI: -105
[P1_RX] Time: 165ms, Receiver: 13, Sender: 16, RSSI: -106
[P1_SUCCESS] Time: 165ms, Drone: 29
[P1_RX] Time: 165ms, Receiver: 33, Sender: 29, RSSI: -89
[P1_RX] Time: 165ms, Receiver: 37, Sender: 29, RSSI: -89
[P1_RX] Time: 165ms, Receiver: 25, Sender: 29, RSSI: -93
[P1_RX] Time: 165ms, Receiver: 20, Sender: 29, RSSI: -102
[P1_RX] Time: 165ms, Receiver: 31, Sender: 29, RSSI: -103
[P1_RX] Time: 165ms, Receiver: 34, Sender: 29, RSSI: -105
[P1_RX] Time: 165ms, Receiver: 13, Sender: 29, RSSI: -102
[P1_RX] Time: 165ms, Receiver: 28, Sender: 29, RSSI: -106
[P1_RX] Time: 165ms, Receiver: 46, Sender: 29, RSSI: -107
[P1_SUCCESS] Time: 165ms, Drone: 42
[P1_RX] Time: 165ms, Receiver: 26, Sender: 42, RSSI: -94
[P1_RX] Time: 165ms, Receiver: 2, Sender: 42, RSSI: -95
[P1_RX] Time: 165ms, Receiver: 23, Sender: 42, RSSI: -97
[P1_RX] Time: 165ms, Receiver: 24, Sender: 42, RSSI: -98
[P1_RX] Time: 165ms, Receiver: 0, Sender: 42, RSSI: -98
[P1_RX] Time: 165ms, Receiver: 6, Sender: 42, RSSI: -98
[P1_RX] Time: 165ms, Receiver: 14, Sender: 42, RSSI: -101
[P1_RX] Time: 165ms, Receiver: 19, Sender: 42, RSSI: -102
[P1_RX] Time: 165ms, Receiver: 39, Sender: 42, RSSI: -103
[P1_RX] Time: 165ms, Receiver: 35, Sender: 42, RSSI: -105
[P1_RX] Time: 165ms, Receiver: 5, Sender: 42, RSSI: -106
[P1_RX] Time: 165ms, Receiver: 9, Sender: 42, RSSI: -106
[P1_RX] Time: 165ms, Receiver: 40, Sender: 42, RSSI: -106
[P1_RX] Time: 165ms, Receiver: 30, Sender: 42, RSSI: -106
[P1_SUCCESS] Time: 166ms, Drone: 11
[P1_RX] Time: 166ms, Receiver: 38, Sender: 11, RSSI: -94
[P1_RX] Time: 166ms, Receiver: 21, Sender: 11, RSSI: -96
[P1_RX] Time: 166ms, Receiver: 18, Sender: 11, RSSI: -98
[P1_RX] Time: 166ms, Receiver: 16, Sender: 11, RSSI: -102
[P1_RX] Time: 166ms, Receiver: 10, Sender: 11, RSSI: -104
[P1_ATTEMPT] Time: 166ms, Drone: 49
[P1_SUCCESS] Time: 167ms, Drone: 49
[P1_RX] Time: 167ms, Receiver: 3, Sender: 49, RSSI: -80
[P1_RX] Time: 167ms, Receiver: 18, Sender: 49, RSSI: -100
[P1_RX] Time: 167ms, Receiver: 21, Sender: 49, RSSI: -100
[P1_RX] Time: 167ms, Receiver: 16, Sender: 49, RSSI: -102
[P1_RX] Time: 167ms, Receiver: 1, Sender: 49, RSSI: -102
[P1_RX] Time: 167ms, Receiver: 15, Sender: 49, RSSI: -103
[P1_RX] Time: 167ms, Receiver: 32, Sender: 49, RSSI: -103
[P1_RX] Time: 167ms, Receiver: 8, Sender: 49, RSSI: -104
[P1_RX] Time: 167ms, Receiver: 43, Sender: 49, RSSI: -105
[P1_RX] Time: 167ms, Receiver: 38, Sender: 49, RSSI: -106
[P1_RX] Time: 167ms, Receiver: 20, Sender: 49, RSSI: -107
[P1_RX] Time: 167ms, Receiver: 11, Sender: 49, RSSI: -107
[P1_RX] Time: 167ms, Receiver: 10, Sender: 49, RSSI: -108
[P1_RX] Time: 167ms, Receiver: 47, Sender: 49, RSSI: -109
[P1_RX] Time: 167ms, Receiver: 29, Sender: 49, RSSI: -110
[P1_ATTEMPT] Time: 167ms, Drone: 1
[P1_ATTEMPT] Time: 167ms, Drone: 26
[P1_ATTEMPT] Time: 167ms, Drone: 39
[P1_ABORT] Time: 167ms, Drone: 39
[P1_ATTEMPT] Time: 167ms, Drone: 39
[P1_ATTEMPT] Time: 167ms, Drone: 4
[P1_ABORT] Time: 167ms, Drone: 39
[P1_ATTEMPT] Time: 167ms, Drone: 39
[P1_ATTEMPT] Time: 167ms, Drone: 25
[P1_ABORT] Time: 167ms, Drone: 39
[P1_ATTEMPT] Time: 167ms, Drone: 39
[P1_ATTEMPT] Time: 167ms, Drone: 33
[P1_ATTEMPT] Time: 167ms, Drone: 14
[P1_ABORT] Time: 167ms, Drone: 4
[P1_ATTEMPT] Time: 167ms, Drone: 4
[P1_ABORT] Time: 167ms, Drone: 39
[P1_ATTEMPT] Time: 167ms, Drone: 39
[P1_ABORT] Time: 167ms, Drone: 33
[P1_ATTEMPT] Time: 167ms, Drone: 33
[P1_SUCCESS] Time: 167ms, Drone: 1
[P1_RX] Time: 167ms, Receiver: 32, Sender: 1, RSSI: -82
[P1_RX] Time: 167ms, Receiver: 16, Sender: 1, RSSI: -89
[P1_RX] Time: 167ms, Receiver: 15, Sender: 1, RSSI: -98
[P1_RX] Time: 167ms, Receiver: 18, Sender: 1, RSSI: -99
[P1_RX] Time: 167ms, Receiver: 47, Sender: 1, RSSI: -99
[P1_RX] Time: 167ms, Receiver: 21, Sender: 1, RSSI: -101
[P1_RX] Time: 167ms, Receiver: 19, Sender: 1, RSSI: -102
[P1_RX] Time: 167ms, Receiver: 3, Sender: 1, RSSI: -102
[P1_RX] Time: 167ms, Receiver: 49, Sender: 1, RSSI: -102
[P1_RX] Time: 167ms, Receiver: 45, Sender: 1, RSSI: -102
[P1_RX] Time: 167ms, Receiver: 27, Sender: 1, RSSI: -102
[P1_RX] Time: 167ms, Receiver: 40, Sender: 1, RSSI: -103
[P1_RX] Time: 167ms, Receiver: 43, Sender: 1, RSSI: -103
[P1_RX] Time: 167ms, Receiver: 13, Sender: 1, RSSI: -105
[P1_RX] Time: 167ms, Receiver: 31, Sender: 1, RSSI: -105
[P1_RX] Time: 167ms, Receiver: 11, Sender: 1, RSSI: -106
[P1_RX] Time: 167ms, Receiver: 41, Sender: 1, RSSI: -107
[P1_RX] Time: 167ms, Receiver: 38, Sender: 1, RSSI: -107
[P1_ABORT] Time: 167ms, Drone: 14
[P1_ATTEMPT] Time: 167ms, Drone: 14
[P1_ABORT] Time: 168ms, Drone: 4
[P1_ATTEMPT] Time: 168ms, Drone: 4
[P1_ABORT] Time: 168ms, Drone: 39
[P1_ATTEMPT] Time: 168ms, Drone: 39
[P1_ABORT] Time: 168ms, Drone: 33
[P1_ATTEMPT] Time: 168ms, Drone: 33
[P1_SUCCESS] Time: 168ms, Drone: 26
[P1_RX] Time: 168ms, Receiver: 14, Sender: 26, RSSI: -99
[P1_RX] Time: 168ms, Receiver: 6, Sender: 26, RSSI: -101
[P1_RX] Time: 168ms, Receiver: 30, Sender: 26, RSSI: -105
[P1_RX] Time: 168ms, Receiver: 7, Sender: 26, RSSI: -106
[P1_RX] Time: 168ms, Receiver: 39, Sender: 26, RSSI: -106
[P1_ABORT] Time: 168ms, Drone: 14
[P1_ATTEMPT] Time: 168ms, Drone: 14
[P1_ABORT] Time: 168ms, Drone: 4
[P1_ATTEMPT] Time: 168ms, Drone: 4
[P1_ABORT] Time: 168ms, Drone: 33
[P1_ATTEMPT] Time: 168ms, Drone: 33
[P1_ABORT] Time: 168ms, Drone: 4
[P1_ATTEMPT] Time: 168ms, Drone: 4
[P1_ABORT] Time: 168ms, Drone: 33
[P1_ATTEMPT] Time: 168ms, Drone: 33
[P1_ABORT] Time: 168ms, Drone: 4
[P1_ATTEMPT] Time: 168ms, Drone: 4
[P1_ATTEMPT] Time: 168ms, Drone: 23
[P1_ABORT] Time: 168ms, Drone: 33
[P1_ATTEMPT] Time: 168ms, Drone: 33
[P1_ABORT] Time: 168ms, Drone: 4
[P1_ATTEMPT] Time: 168ms, Drone: 4
[P1_ABORT] Time: 168ms, Drone: 23
[P1_ATTEMPT] Time: 168ms, Drone: 23
[P1_ABORT] Time: 168ms, Drone: 33
[P1_ATTEMPT] Time: 168ms, Drone: 33
[P1_SUCCESS] Time: 168ms, Drone: 25
[P1_RX] Time: 168ms, Receiver: 29, Sender: 25, RSSI: -93
[P1_RX] Time: 168ms, Receiver: 37, Sender: 25, RSSI: -95
[P1_RX] Time: 168ms, Receiver: 33, Sender: 25, RSSI: -99
[P1_RX] Time: 168ms, Receiver: 34, Sender: 25, RSSI: -103
[P1_RX] Time: 168ms, Receiver: 20, Sender: 25, RSSI: -104
[P1_RX] Time: 168ms, Receiver: 28, Sender: 25, RSSI: -104
[P1_RX] Time: 168ms, Receiver: 46, Sender: 25, RSSI: -106
[P1_ABORT] Time: 168ms, Drone: 4
[P1_ATTEMPT] Time: 168ms, Drone: 4
[P1_ABORT] Time: 168ms, Drone: 23
[P1_ATTEMPT] Time: 168ms, Drone: 23
[P1_ABORT] Time: 168ms, Drone: 33
[P1_ATTEMPT] Time: 168ms, Drone: 33
[P1_ATTEMPT] Time: 168ms, Drone: 43
[P1_ABORT] Time: 168ms, Drone: 23
[P1_ATTEMPT] Time: 168ms, Drone: 23
[P1_ABORT] Time: 168ms, Drone: 23
[P1_ATTEMPT] Time: 168ms, Drone: 23
[P1_SUCCESS] Time: 168ms, Drone: 39
[P1_RX] Time: 168ms, Receiver: 6, Sender: 39, RSSI: -95
[P1_RX] Time: 168ms, Receiver: 35, Sender: 39, RSSI: -96
[P1_RX] Time: 168ms, Receiver: 9, Sender: 39, RSSI: -97
[P1_RX] Time: 168ms, Receiver: 5, Sender: 39, RSSI: -98
[P1_RX] Time: 168ms, Receiver: 42, Sender: 39, RSSI: -99
[P1_RX] Time: 168ms, Receiver: 19, Sender: 39, RSSI: -103
[P1_RX] Time: 168ms, Receiver: 40, Sender: 39, RSSI: -105
[P1_RX] Time: 168ms, Receiver: 22, Sender: 39, RSSI: -106
[P1_RX] Time: 168ms, Receiver: 36, Sender: 39, RSSI: -106
[P1_RX] Time: 168ms, Receiver: 41, Sender: 39, RSSI: -107
[P1_ATTEMPT] Time: 168ms, Drone: 31
[P1_SUCCESS] Time: 169ms, Drone: 14
[P1_RX] Time: 169ms, Receiver: 23, Sender: 14, RSSI: -89
[P1_RX] Time: 169ms, Receiver: 0, Sender: 14, RSSI: -96
[P1_RX] Time: 169ms, Receiver: 30, Sender: 14, RSSI: -97
[P1_RX] Time: 169ms, Receiver: 26, Sender: 14, RSSI: -98
[P1_RX] Time: 169ms, Receiver: 24, Sender: 14, RSSI: -99
[P1_RX] Time: 169ms, Receiver: 7, Sender: 14, RSSI: -100
[P1_RX] Time: 169ms, Receiver: 2, Sender: 14, RSSI: -100
[P1_ABORT] Time: 169ms, Drone: 23
[P1_ATTEMPT] Time: 169ms, Drone: 23
[P1_ABORT] Time: 169ms, Drone: 31
[P1_ATTEMPT] Time: 169ms, Drone: 31
[P1_ATTEMPT] Time: 169ms, Drone: 20
[P1_ATTEMPT] Time: 169ms, Drone: 6
[P1_ABORT] Time: 169ms, Drone: 31
[P1_ATTEMPT] Time: 169ms, Drone: 31
[P1_ABORT] Time: 169ms, Drone: 20
[P1_ATTEMPT] Time: 169ms, Drone: 20
[P1_ATTEMPT] Time: 169ms, Drone: 30
[P1_ABORT] Time: 169ms, Drone: 31
[P1_ATTEMPT] Time: 169ms, Drone: 31
[P1_ABORT] Time: 169ms, Drone: 20
[P1_ATTEMPT] Time: 169ms, Drone: 20
[P1_ABORT] Time: 169ms, Drone: 30
[P1_ATTEMPT] Time: 169ms, Drone: 30
[P1_ABORT] Time: 169ms, Drone: 31
[P1_ATTEMPT] Time: 169ms, Drone: 31
[P1_ABORT] Time: 169ms, Drone: 20
[P1_ATTEMPT] Time: 169ms, Drone: 20
[P1_SUCCESS] Time: 169ms, Drone: 4
[P1_RX] Time: 169ms, Receiver: 48, Sender: 4, RSSI: -94
[P1_RX] Time: 169ms, Receiver: 13, Sender: 4, RSSI: -95
[P1_RX] Time: 169ms, Receiver: 1, Sender: 4, RSSI: -100
[P1_RX] Time: 169ms, Receiver: 45, Sender: 4, RSSI: -100
[P1_ABORT] Time: 169ms, Drone: 30
[P1_ATTEMPT] Time: 169ms, Drone: 30
[P1_ABORT] Time: 169ms, Drone: 31
[P1_ATTEMPT] Time: 169ms, Drone: 31
[P1_SUCCESS] Time: 169ms, Drone: 33
[P1_RX] Time: 169ms, Receiver: 29, Sender: 33, RSSI: -88
[P1_RX] Time: 169ms, Receiver: 37, Sender: 33, RSSI: -90
[P1_RX] Time: 169ms, Receiver: 25, Sender: 33, RSSI: -98
[P1_ABORT] Time: 169ms, Drone: 20
[P1_ATTEMPT] Time: 169ms, Drone: 20
[P1_SUCCESS] Time: 169ms, Drone: 43
[P1_RX] Time: 169ms, Receiver: 38, Sender: 43, RSSI: -96
[P1_RX] Time: 169ms, Receiver: 11, Sender: 43, RSSI: -99
[P1_RX] Time: 169ms, Receiver: 10, Sender: 43, RSSI: -101
[P1_RX] Time: 169ms, Receiver: 8, Sender: 43, RSSI: -105
[P1_ABORT] Time: 169ms, Drone: 30
[P1_ATTEMPT] Time: 169ms, Drone: 30
[P1_ABORT] Time: 169ms, Drone: 31
[P1_ATTEMPT] Time: 169ms, Drone: 31
[P1_ABORT] Time: 169ms, Drone: 30
[P1_ATTEMPT] Time: 169ms, Drone: 30
[P1_ABORT] Time: 169ms, Drone: 31
[P1_ATTEMPT] Time: 169ms, Drone: 31
[P1_SUCCESS] Time: 169ms, Drone: 23
[P1_ABORT] Time: 169ms, Drone: 30
[P1_ATTEMPT] Time: 169ms, Drone: 30
[P1_RX] Time: 169ms, Receiver: 14, Sender: 23, RSSI: -89
[P1_RX] Time: 169ms, Receiver: 0, Sender: 23, RSSI: -89
[P1_RX] Time: 169ms, Receiver: 26, Sender: 23, RSSI: -97
[P1_RX] Time: 169ms, Receiver: 2, Sender: 23, RSSI: -96
[P1_RX] Time: 169ms, Receiver: 24, Sender: 23, RSSI: -96
[P1_RX] Time: 169ms, Receiver: 30, Sender: 23, RSSI: -101
[P1_RX] Time: 169ms, Receiver: 7, Sender: 23, RSSI: -104
[P1_ABORT] Time: 169ms, Drone: 31
[P1_ATTEMPT] Time: 169ms, Drone: 31
[P1_ABORT] Time: 170ms, Drone: 30
[P1_ATTEMPT] Time: 170ms, Drone: 30
[P1_SUCCESS] Time: 170ms, Drone: 6
[P1_RX] Time: 170ms, Receiver: 5, Sender: 6, RSSI: -103
[P1_ATTEMPT] Time: 170ms, Drone: 45
[P1_ATTEMPT] Time: 170ms, Drone: 38
[P1_ABORT] Time: 170ms, Drone: 45
[P1_ATTEMPT] Time: 170ms, Drone: 45
[P1_SUCCESS] Time: 170ms, Drone: 20
[P1_RX] Time: 170ms, Receiver: 29, Sender: 20, RSSI: -103
[P1_RX] Time: 170ms, Receiver: 44, Sender: 20, RSSI: -103
[P1_RX] Time: 170ms, Receiver: 37, Sender: 20, RSSI: -103
[P1_RX] Time: 170ms, Receiver: 25, Sender: 20, RSSI: -104
[P1_RX] Time: 170ms, Receiver: 34, Sender: 20, RSSI: -104
[P1_RX] Time: 170ms, Receiver: 28, Sender: 20, RSSI: -105
[P1_RX] Time: 170ms, Receiver: 46, Sender: 20, RSSI: -107
[P1_ABORT] Time: 170ms, Drone: 45
[P1_ATTEMPT] Time: 170ms, Drone: 45
[P1_ABORT] Time: 170ms, Drone: 45
[P1_ATTEMPT] Time: 170ms, Drone: 45
[P1_ABORT] Time: 170ms, Drone: 45
[P1_ATTEMPT] Time: 170ms, Drone: 45
[P1_SUCCESS] Time: 170ms, Drone: 31
[P1_RX] Time: 170ms, Receiver: 45, Sender: 31, RSSI: -90
[P1_RX] Time: 170ms, Receiver: 2, Sender: 31, RSSI: -100
[P1_RX] Time: 170ms, Receiver: 24, Sender: 31, RSSI: -100
[P1_RX] Time: 170ms, Receiver: 32, Sender: 31, RSSI: -103
[P1_RX] Time: 170ms, Receiver: 0, Sender: 31, RSSI: -102
[P1_RX] Time: 170ms, Receiver: 27, Sender: 31, RSSI: -105
[P1_ATTEMPT] Time: 170ms, Drone: 17
[P1_ABORT] Time: 170ms, Drone: 45
[P1_ATTEMPT] Time: 170ms, Drone: 45
[P1_SUCCESS] Time: 171ms, Drone: 30
[P1_RX] Time: 171ms, Receiver: 7, Sender: 30, RSSI: -94
[P1_RX] Time: 171ms, Receiver: 14, Sender: 30, RSSI: -97
[P1_RX] Time: 171ms, Receiver: 12, Sender: 30, RSSI: -97
[P1_RX] Time: 171ms, Receiver: 26, Sender: 30, RSSI: -104
[P1_ABORT] Time: 171ms, Drone: 17
[P1_ATTEMPT] Time: 171ms, Drone: 17
[P1_SUCCESS] Time: 171ms, Drone: 38
[P1_RX] Time: 171ms, Receiver: 11, Sender: 38, RSSI: -94
[P1_RX] Time: 171ms, Receiver: 21, Sender: 38, RSSI: -97
[P1_RX] Time: 171ms, Receiver: 10, Sender: 38, RSSI: -98
[P1_RX] Time: 171ms, Receiver: 18, Sender: 38, RSSI: -99
[P1_RX] Time: 171ms, Receiver: 8, Sender: 38, RSSI: -103
[P1_RX] Time: 171ms, Receiver: 3, Sender: 38, RSSI: -103
[P1_RX] Time: 171ms, Receiver: 49, Sender: 38, RSSI: -104
[P1_ABORT] Time: 171ms, Drone: 17
[P1_ATTEMPT] Time: 171ms, Drone: 17
[P1_ABORT] Time: 171ms, Drone: 17
[P1_ATTEMPT] Time: 171ms, Drone: 17
[P1_ABORT] Time: 171ms, Drone: 17
[P1_ATTEMPT] Time: 171ms, Drone: 17
[P1_ABORT] Time: 171ms, Drone: 17
[P1_ATTEMPT] Time: 171ms, Drone: 17
[P1_ABORT] Time: 171ms, Drone: 17
[P1_ATTEMPT] Time: 171ms, Drone: 17
[P1_SUCCESS] Time: 171ms, Drone: 45
[P1_RX] Time: 171ms, Receiver: 31, Sender: 45, RSSI: -90
[P1_RX] Time: 171ms, Receiver: 13, Sender: 45, RSSI: -96
[P1_RX] Time: 171ms, Receiver: 2, Sender: 45, RSSI: -99
[P1_RX] Time: 171ms, Receiver: 32, Sender: 45, RSSI: -101
[P1_RX] Time: 171ms, Receiver: 4, Sender: 45, RSSI: -101
[P1_RX] Time: 171ms, Receiver: 27, Sender: 45, RSSI: -102
[P1_RX] Time: 171ms, Receiver: 0, Sender: 45, RSSI: -103
[P1_RX] Time: 171ms, Receiver: 48, Sender: 45, RSSI: -103
[P1_RX] Time: 171ms, Receiver: 24, Sender: 45, RSSI: -103
[P1_RX] Time: 171ms, Receiver: 19, Sender: 45, RSSI: -104
[P1_RX] Time: 171ms, Receiver: 23, Sender: 45, RSSI: -105
[P1_RX] Time: 171ms, Receiver: 47, Sender: 45, RSSI: -105
[P1_RX] Time: 171ms, Receiver: 33, Sender: 45, RSSI: -105
[P1_RX] Time: 171ms, Receiver: 16, Sender: 45, RSSI: -106
[P1_RX] Time: 171ms, Receiver: 42, Sender: 45, RSSI: -106
[P1_RX] Time: 171ms, Receiver: 14, Sender: 45, RSSI: -106
[P1_RX] Time: 171ms, Receiver: 43, Sender: 45, RSSI: -107
[P1_RX] Time: 171ms, Receiver: 29, Sender: 45, RSSI: -107
[P1_RX] Time: 171ms, Receiver: 40, Sender: 45, RSSI: -108
[P1_RX] Time: 171ms, Receiver: 9, Sender: 45, RSSI: -109
[P1_ATTEMPT] Time: 172ms, Drone: 22
[P1_SUCCESS] Time: 172ms, Drone: 17
[P1_RX] Time: 172ms, Receiver: 18, Sender: 17, RSSI: -86
[P1_RX] Time: 172ms, Receiver: 21, Sender: 17, RSSI: -91
[P1_RX] Time: 172ms, Receiver: 16, Sender: 17, RSSI: -91
[P1_RX] Time: 172ms, Receiver: 1, Sender: 17, RSSI: -99
[P1_RX] Time: 172ms, Receiver: 11, Sender: 17, RSSI: -99
[P1_RX] Time: 172ms, Receiver: 32, Sender: 17, RSSI: -99
[P1_RX] Time: 172ms, Receiver: 3, Sender: 17, RSSI: -100
[P1_RX] Time: 172ms, Receiver: 47, Sender: 17, RSSI: -101
[P1_RX] Time: 172ms, Receiver: 49, Sender: 17, RSSI: -103
[P1_RX] Time: 172ms, Receiver: 15, Sender: 17, RSSI: -103
[P1_RX] Time: 172ms, Receiver: 43, Sender: 17, RSSI: -103
[P1_RX] Time: 172ms, Receiver: 38, Sender: 17, RSSI: -103
[P1_RX] Time: 172ms, Receiver: 40, Sender: 17, RSSI: -104
[P1_RX] Time: 172ms, Receiver: 41, Sender: 17, RSSI: -105
[P1_RX] Time: 172ms, Receiver: 27, Sender: 17, RSSI: -105
[P1_RX] Time: 172ms, Receiver: 19, Sender: 17, RSSI: -106
[P1_RX] Time: 172ms, Receiver: 8, Sender: 17, RSSI: -108
[P1_RX] Time: 172ms, Receiver: 45, Sender: 17, RSSI: -109
[P1_ATTEMPT] Time: 172ms, Drone: 37
[P1_SUCCESS] Time: 172ms, Drone: 22
[P1_RX] Time: 172ms, Receiver: 36, Sender: 22, RSSI: -99
[P1_RX] Time: 172ms, Receiver: 9, Sender: 22, RSSI: -102
[P1_RX] Time: 172ms, Receiver: 39, Sender: 22, RSSI: -106
[P1_SUCCESS] Time: 173ms, Drone: 37
[P1_RX] Time: 173ms, Receiver: 29, Sender: 37, RSSI: -89
[P1_RX] Time: 173ms, Receiver: 33, Sender: 37, RSSI: -90
[P1_RX] Time: 173ms, Receiver: 25, Sender: 37, RSSI: -95
[P1_RX] Time: 173ms, Receiver: 34, Sender: 37, RSSI: -102
[P1_RX] Time: 173ms, Receiver: 20, Sender: 37, RSSI: -103
[P1_RX] Time: 173ms, Receiver: 28, Sender: 37, RSSI: -104
[P1_RX] Time: 173ms, Receiver: 46, Sender: 37, RSSI: -105
[P1_RX] Time: 173ms, Receiver: 15, Sender: 37, RSSI: -105
[P1_RX] Time: 173ms, Receiver: 4, Sender: 37, RSSI: -106
[P1_RX] Time: 173ms, Receiver: 31, Sender: 37, RSSI: -106
[P1_RX] Time: 173ms, Receiver: 13, Sender: 37, RSSI: -108
[P1_RX] Time: 173ms, Receiver: 43, Sender: 37, RSSI: -108
[P1_RX] Time: 173ms, Receiver: 45, Sender: 37, RSSI: -109
[P1_RX] Time: 173ms, Receiver: 49, Sender: 37, RSSI: -109
[P1_ATTEMPT] Time: 174ms, Drone: 0
[P1_SUCCESS] Time: 175ms, Drone: 0
[P1_RX] Time: 175ms, Receiver: 23, Sender: 0, RSSI: -89
[P1_RX] Time: 175ms, Receiver: 14, Sender: 0, RSSI: -97
[P1_RX] Time: 175ms, Receiver: 42, Sender: 0, RSSI: -98
[P1_RX] Time: 175ms, Receiver: 2, Sender: 0, RSSI: -98
[P1_RX] Time: 175ms, Receiver: 6, Sender: 0, RSSI: -99
[P1_RX] Time: 175ms, Receiver: 24, Sender: 0, RSSI: -101
[P1_RX] Time: 175ms, Receiver: 26, Sender: 0, RSSI: -102
[P1_RX] Time: 175ms, Receiver: 45, Sender: 0, RSSI: -103
[P1_RX] Time: 175ms, Receiver: 13, Sender: 0, RSSI: -104
[P1_RX] Time: 175ms, Receiver: 31, Sender: 0, RSSI: -104
[P1_RX] Time: 175ms, Receiver: 9, Sender: 0, RSSI: -105
[P1_RX] Time: 175ms, Receiver: 39, Sender: 0, RSSI: -105
[P1_RX] Time: 175ms, Receiver: 30, Sender: 0, RSSI: -105
[P1_RX] Time: 175ms, Receiver: 19, Sender: 0, RSSI: -105
[P1_RX] Time: 175ms, Receiver: 48, Sender: 0, RSSI: -106
[P1_RX] Time: 175ms, Receiver: 27, Sender: 0, RSSI: -107
[P1_RX] Time: 175ms, Receiver: 7, Sender: 0, RSSI: -108
[P1_RX] Time: 175ms, Receiver: 5, Sender: 0, RSSI: -108
[P1_RX] Time: 175ms, Receiver: 4, Sender: 0, RSSI: -108
[P1_RX] Time: 175ms, Receiver: 32, Sender: 0, RSSI: -109
[P1_RX] Time: 175ms, Receiver: 1, Sender: 0, RSSI: -109
[P1_ATTEMPT] Time: 204ms, Drone: 43
[P1_ATTEMPT] Time: 204ms, Drone: 11
[P1_ATTEMPT] Time: 204ms, Drone: 49
[P1_ATTEMPT] Time: 204ms, Drone: 17
[P1_ABORT] Time: 204ms, Drone: 17
[P1_ATTEMPT] Time: 204ms, Drone: 17
[P1_ABORT] Time: 204ms, Drone: 17
[P1_ATTEMPT] Time: 204ms, Drone: 17
[P1_ATTEMPT] Time: 204ms, Drone: 14
[P1_ATTEMPT] Time: 204ms, Drone: 33
[P1_ABORT] Time: 204ms, Drone: 43
[P1_ATTEMPT] Time: 204ms, Drone: 43
[P1_ABORT] Time: 204ms, Drone: 17
[P1_ATTEMPT] Time: 204ms, Drone: 17
[P1_ABORT] Time: 204ms, Drone: 33
[P1_ATTEMPT] Time: 204ms, Drone: 33
[P1_ABORT] Time: 205ms, Drone: 43
[P1_ATTEMPT] Time: 205ms, Drone: 43
[P1_ABORT] Time: 205ms, Drone: 17
[P1_ATTEMPT] Time: 205ms, Drone: 17
[P1_ABORT] Time: 205ms, Drone: 33
[P1_ATTEMPT] Time: 205ms, Drone: 33
[P1_ABORT] Time: 205ms, Drone: 43
[P1_ATTEMPT] Time: 205ms, Drone: 43
[P1_ABORT] Time: 205ms, Drone: 17
[P1_ATTEMPT] Time: 205ms, Drone: 17
[P1_ABORT] Time: 205ms, Drone: 33
[P1_ATTEMPT] Time: 205ms, Drone: 33
[P1_SUCCESS] Time: 205ms, Drone: 11
[P1_RX] Time: 205ms, Receiver: 38, Sender: 11, RSSI: -94
[P1_RX] Time: 205ms, Receiver: 21, Sender: 11, RSSI: -95
[P1_RX] Time: 205ms, Receiver: 18, Sender: 11, RSSI: -96
[P1_RX] Time: 205ms, Receiver: 17, Sender: 11, RSSI: -98
[P1_RX] Time: 205ms, Receiver: 43, Sender: 11, RSSI: -99
[P1_RX] Time: 205ms, Receiver: 10, Sender: 11, RSSI: -103
[P1_SUCCESS] Time: 205ms, Drone: 49
[P1_RX] Time: 205ms, Receiver: 3, Sender: 49, RSSI: -80
[P1_RX] Time: 205ms, Receiver: 8, Sender: 49, RSSI: -102
[P1_RX] Time: 205ms, Receiver: 4, Sender: 49, RSSI: -105
[P1_RX] Time: 205ms, Receiver: 20, Sender: 49, RSSI: -106
[P1_RX] Time: 205ms, Receiver: 44, Sender: 49, RSSI: -108
[P1_ABORT] Time: 205ms, Drone: 43
[P1_ATTEMPT] Time: 205ms, Drone: 43
[P1_ATTEMPT] Time: 205ms, Drone: 45
[P1_ABORT] Time: 205ms, Drone: 17
[P1_ATTEMPT] Time: 205ms, Drone: 17
[P1_ATTEMPT] Time: 205ms, Drone: 32
[P1_ABORT] Time: 205ms, Drone: 45
[P1_ATTEMPT] Time: 205ms, Drone: 45
[P1_ATTEMPT] Time: 205ms, Drone: 35
[P1_ABORT] Time: 205ms, Drone: 32
[P1_ATTEMPT] Time: 205ms, Drone: 32
[P1_ABORT] Time: 205ms, Drone: 45
[P1_ATTEMPT] Time: 205ms, Drone: 45
[P1_ATTEMPT] Time: 205ms, Drone: 13
[P1_ABORT] Time: 205ms, Drone: 35
[P1_ATTEMPT] Time: 205ms, Drone: 35
[P1_ABORT] Time: 205ms, Drone: 32
[P1_ATTEMPT] Time: 205ms, Drone: 32
[P1_ABORT] Time: 205ms, Drone: 45
[P1_ATTEMPT] Time: 205ms, Drone: 45
[P1_ATTEMPT] Time: 205ms, Drone: 28
[P1_ABORT] Time: 205ms, Drone: 35
[P1_ATTEMPT] Time: 205ms, Drone: 35
[P1_SUCCESS] Time: 205ms, Drone: 14
[P1_RX] Time: 205ms, Receiver: 30, Sender: 14, RSSI: -97
[P1_RX] Time: 205ms, Receiver: 26, Sender: 14, RSSI: -99
[P1_RX] Time: 205ms, Receiver: 24, Sender: 14, RSSI: -99
[P1_RX] Time: 205ms, Receiver: 7, Sender: 14, RSSI: -101
[P1_RX] Time: 205ms, Receiver: 2, Sender: 14, RSSI: -101
[P1_RX] Time: 205ms, Receiver: 42, Sender: 14, RSSI: -102
[P1_RX] Time: 205ms, Receiver: 6, Sender: 14, RSSI: -104
[P1_RX] Time: 205ms, Receiver: 12, Sender: 14, RSSI: -106
[P1_ABORT] Time: 205ms, Drone: 32
[P1_ATTEMPT] Time: 205ms, Drone: 32
[P1_ABORT] Time: 206ms, Drone: 45
[P1_ATTEMPT] Time: 206ms, Drone: 45
[P1_ABORT] Time: 206ms, Drone: 28
[P1_ATTEMPT] Time: 206ms, Drone: 28
[P1_ATTEMPT] Time: 206ms, Drone: 12
[P1_ABORT] Time: 206ms, Drone: 13
[P1_ATTEMPT] Time: 206ms, Drone: 13
[P1_ABORT] Time: 206ms, Drone: 32
[P1_ATTEMPT] Time: 206ms, Drone: 32
[P1_ABORT] Time: 206ms, Drone: 45
[P1_ATTEMPT] Time: 206ms, Drone: 45
[P1_ABORT] Time: 206ms, Drone: 28
[P1_ATTEMPT] Time: 206ms, Drone: 28
[P1_ATTEMPT] Time: 206ms, Drone: 38
[P1_SUCCESS] Time: 206ms, Drone: 33
[P1_RX] Time: 206ms, Receiver: 29, Sender: 33, RSSI: -89
[P1_RX] Time: 206ms, Receiver: 37, Sender: 33, RSSI: -90
[P1_RX] Time: 206ms, Receiver: 25, Sender: 33, RSSI: -98
[P1_RX] Time: 206ms, Receiver: 20, Sender: 33, RSSI: -104
[P1_RX] Time: 206ms, Receiver: 34, Sender: 33, RSSI: -105
[P1_ABORT] Time: 206ms, Drone: 13
[P1_ATTEMPT] Time: 206ms, Drone: 13
[P1_SUCCESS] Time: 206ms, Drone: 43
[P1_RX] Time: 206ms, Receiver: 15, Sender: 43, RSSI: -92
[P1_RX] Time: 206ms, Receiver: 38, Sender: 43, RSSI: -95
[P1_RX] Time: 206ms, Receiver: 11, Sender: 43, RSSI: -96
[P1_RX] Time: 206ms, Receiver: 10, Sender: 43, RSSI: -101
[P1_SUCCESS] Time: 206ms, Drone: 17
[P1_RX] Time: 206ms, Receiver: 18, Sender: 17, RSSI: -86
[P1_RX] Time: 206ms, Receiver: 21, Sender: 17, RSSI: -90
[P1_RX] Time: 206ms, Receiver: 3, Sender: 17, RSSI: -98
[P1_ABORT] Time: 206ms, Drone: 32
[P1_ATTEMPT] Time: 206ms, Drone: 32
[P1_ABORT] Time: 206ms, Drone: 45
[P1_ATTEMPT] Time: 206ms, Drone: 45
[P1_ABORT] Time: 206ms, Drone: 28
[P1_ATTEMPT] Time: 206ms, Drone: 28
[P1_ABORT] Time: 206ms, Drone: 38
[P1_ATTEMPT] Time: 206ms, Drone: 38
[P1_ATTEMPT] Time: 206ms, Drone: 34
[P1_ABORT] Time: 206ms, Drone: 45
[P1_ATTEMPT] Time: 206ms, Drone: 45
[P1_ATTEMPT] Time: 206ms, Drone: 18
[P1_ABORT] Time: 206ms, Drone: 45
[P1_ATTEMPT] Time: 206ms, Drone: 45
[P1_ATTEMPT] Time: 206ms, Drone: 7
[P1_ABORT] Time: 206ms, Drone: 45
[P1_ATTEMPT] Time: 206ms, Drone: 45
[P1_ABORT] Time: 206ms, Drone: 7
[P1_ATTEMPT] Time: 206ms, Drone: 7
[P1_ATTEMPT] Time: 206ms, Drone: 44
[P1_ABORT] Time: 206ms, Drone: 45
[P1_ATTEMPT] Time: 206ms, Drone: 45
[P1_ABORT] Time: 206ms, Drone: 7
[P1_ATTEMPT] Time: 206ms, Drone: 7
[P1_SUCCESS] Time: 206ms, Drone: 35
[P1_RX] Time: 206ms, Receiver: 39, Sender: 35, RSSI: -97
[P1_RX] Time: 206ms, Receiver: 19, Sender: 35, RSSI: -98
[P1_RX] Time: 206ms, Receiver: 9, Sender: 35, RSSI: -100
[P1_RX] Time: 206ms, Receiver: 36, Sender: 35, RSSI: -102
[P1_RX] Time: 206ms, Receiver: 6, Sender: 35, RSSI: -103
[P1_RX] Time: 206ms, Receiver: 22, Sender: 35, RSSI: -104
[P1_ABORT] Time: 206ms, Drone: 44
[P1_ATTEMPT] Time: 206ms, Drone: 44
[P1_ABORT] Time: 206ms, Drone: 45
[P1_ATTEMPT] Time: 206ms, Drone: 45
[P1_ABORT] Time: 206ms, Drone: 7
[P1_ATTEMPT] Time: 206ms, Drone: 7
[P1_SUCCESS] Time: 206ms, Drone: 12
[P1_RX] Time: 206ms, Receiver: 30, Sender: 12, RSSI: -98
[P1_RX] Time: 206ms, Receiver: 7, Sender: 12, RSSI: -103
[P1_ABORT] Time: 207ms, Drone: 44
[P1_ATTEMPT] Time: 207ms, Drone: 44
[P1_ABORT] Time: 207ms, Drone: 45
[P1_ATTEMPT] Time: 207ms, Drone: 45
[P1_ABORT] Time: 207ms, Drone: 7
[P1_ATTEMPT] Time: 207ms, Drone: 7
[P1_ATTEMPT] Time: 207ms, Drone: 15
[P1_ABORT] Time: 207ms, Drone: 44
[P1_ATTEMPT] Time: 207ms, Drone: 44
[P1_SUCCESS] Time: 207ms, Drone: 13
[P1_ABORT] Time: 207ms, Drone: 45
[P1_ATTEMPT] Time: 207ms, Drone: 45
[P1_ATTEMPT] Time: 207ms, Drone: 31
[P1_SUCCESS] Time: 207ms, Drone: 32
[P1_RX] Time: 207ms, Receiver: 15, Sender: 32, RSSI: -94
[P1_ABORT] Time: 207ms, Drone: 15
[P1_ATTEMPT] Time: 207ms, Drone: 15
[P1_SUCCESS] Time: 207ms, Drone: 28
[P1_RX] Time: 207ms, Receiver: 46, Sender: 28, RSSI: -81
[P1_RX] Time: 207ms, Receiver: 44, Sender: 28, RSSI: -97
[P1_SUCCESS] Time: 207ms, Drone: 38
[P1_RX] Time: 207ms, Receiver: 11, Sender: 38, RSSI: -92
[P1_RX] Time: 207ms, Receiver: 43, Sender: 38, RSSI: -94
[P1_RX] Time: 207ms, Receiver: 10, Sender: 38, RSSI: -97
[P1_RX] Time: 207ms, Receiver: 8, Sender: 38, RSSI: -100
[P1_ABORT] Time: 207ms, Drone: 44
[P1_ATTEMPT] Time: 207ms, Drone: 44
[P1_SUCCESS] Time: 207ms, Drone: 34
[P1_ABORT] Time: 207ms, Drone: 45
[P1_ATTEMPT] Time: 207ms, Drone: 45
[P1_ABORT] Time: 207ms, Drone: 15
[P1_ATTEMPT] Time: 207ms, Drone: 15
[P1_SUCCESS] Time: 207ms, Drone: 18
[P1_RX] Time: 207ms, Receiver: 41, Sender: 18, RSSI: -102
[P1_ABORT] Time: 207ms, Drone: 44
[P1_ATTEMPT] Time: 207ms, Drone: 44
[P1_ABORT] Time: 207ms, Drone: 15
[P1_ATTEMPT] Time: 207ms, Drone: 15
[P1_ATTEMPT] Time: 207ms, Drone: 47
[P1_SUCCESS] Time: 207ms, Drone: 7
[P1_RX] Time: 207ms, Receiver: 30, Sender: 7, RSSI: -94
[P1_RX] Time: 207ms, Receiver: 14, Sender: 7, RSSI: -101
[P1_RX] Time: 207ms, Receiver: 12, Sender: 7, RSSI: -103
[P1_ABORT] Time: 208ms, Drone: 47
[P1_ATTEMPT] Time: 208ms, Drone: 47
[P1_SUCCESS] Time: 208ms, Drone: 45
[P1_RX] Time: 208ms, Receiver: 27, Sender: 45, RSSI: -100
[P1_RX] Time: 208ms, Receiver: 19, Sender: 45, RSSI: -102
[P1_SUCCESS] Time: 208ms, Drone: 31
[P1_RX] Time: 208ms, Receiver: 33, Sender: 31, RSSI: -98
[P1_ABORT] Time: 208ms, Drone: 47
[P1_ATTEMPT] Time: 208ms, Drone: 47
[P1_SUCCESS] Time: 208ms, Drone: 44
[P1_RX] Time: 208ms, Receiver: 28, Sender: 44, RSSI: -99
[P1_RX] Time: 208ms, Receiver: 46, Sender: 44, RSSI: -100
[P1_RX] Time: 208ms, Receiver: 34, Sender: 44, RSSI: -100
[P1_RX] Time: 208ms, Receiver: 20, Sender: 44, RSSI: -101
[P1_SUCCESS] Time: 208ms, Drone: 15
[P1_RX] Time: 208ms, Receiver: 21, Sender: 15, RSSI: -99
[P1_RX] Time: 208ms, Receiver: 3, Sender: 15, RSSI: -101
[P1_RX] Time: 208ms, Receiver: 49, Sender: 15, RSSI: -101
[P1_RX] Time: 208ms, Receiver: 38, Sender: 15, RSSI: -102
[P1_RX] Time: 208ms, Receiver: 11, Sender: 15, RSSI: -103
[P1_RX] Time: 208ms, Receiver: 37, Sender: 15, RSSI: -101
[P1_RX] Time: 208ms, Receiver: 10, Sender: 15, RSSI: -103
[P1_ABORT] Time: 208ms, Drone: 47
[P1_ATTEMPT] Time: 208ms, Drone: 47
[P1_SUCCESS] Time: 209ms, Drone: 47
[P1_RX] Time: 209ms, Receiver: 40, Sender: 47, RSSI: -91
[P1_RX] Time: 209ms, Receiver: 19, Sender: 47, RSSI: -92
[P1_RX] Time: 209ms, Receiver: 27, Sender: 47, RSSI: -95
[P1_RX] Time: 209ms, Receiver: 41, Sender: 47, RSSI: -97
[P1_RX] Time: 209ms, Receiver: 32, Sender: 47, RSSI: -99
[P1_RX] Time: 209ms, Receiver: 17, Sender: 47, RSSI: -101
[P1_RX] Time: 209ms, Receiver: 35, Sender: 47, RSSI: -102
[P1_RX] Time: 209ms, Receiver: 18, Sender: 47, RSSI: -103
[P1_RX] Time: 209ms, Receiver: 21, Sender: 47, RSSI: -105
[P1_RX] Time: 209ms, Receiver: 45, Sender: 47, RSSI: -105
[P1_RX] Time: 209ms, Receiver: 15, Sender: 47, RSSI: -106
[P1_RX] Time: 209ms, Receiver: 2, Sender: 47, RSSI: -106
[P1_RX] Time: 209ms, Receiver: 11, Sender: 47, RSSI: -106
[P1_RX] Time: 209ms, Receiver: 43, Sender: 47, RSSI: -107
[P1_RX] Time: 209ms, Receiver: 9, Sender: 47, RSSI: -107
[P1_RX] Time: 209ms, Receiver: 36, Sender: 47, RSSI: -107
[P1_RX] Time: 209ms, Receiver: 42, Sender: 47, RSSI: -107
[P1_RX] Time: 209ms, Receiver: 39, Sender: 47, RSSI: -108
[P1_RX] Time: 209ms, Receiver: 3, Sender: 47, RSSI: -108
[P1_RX] Time: 209ms, Receiver: 4, Sender: 47, RSSI: -108
[P1_RX] Time: 209ms, Receiver: 31, Sender: 47, RSSI: -108
[P1_RX] Time: 209ms, Receiver: 49, Sender: 47, RSSI: -109
[P1_RX] Time: 209ms, Receiver: 24, Sender: 47, RSSI: -109
[P1_ATTEMPT] Time: 209ms, Drone: 21
[P1_ATTEMPT] Time: 209ms, Drone: 3
[P1_ABORT] Time: 209ms, Drone: 3
[P1_ATTEMPT] Time: 209ms, Drone: 3
[P1_ABORT] Time: 210ms, Drone: 3
[P1_ATTEMPT] Time: 210ms, Drone: 3
[P1_ABORT] Time: 210ms, Drone: 3
[P1_ATTEMPT] Time: 210ms, Drone: 3
[P1_ABORT] Time: 210ms, Drone: 3
[P1_ATTEMPT] Time: 210ms, Drone: 3
[P1_ABORT] Time: 210ms, Drone: 3
[P1_ATTEMPT] Time: 210ms, Drone: 3
[P1_SUCCESS] Time: 210ms, Drone: 21
[P1_RX] Time: 210ms, Receiver: 18, Sender: 21, RSSI: -78
[P1_RX] Time: 210ms, Receiver: 17, Sender: 21, RSSI: -91
[P1_RX] Time: 210ms, Receiver: 11, Sender: 21, RSSI: -96
[P1_RX] Time: 210ms, Receiver: 38, Sender: 21, RSSI: -97
[P1_RX] Time: 210ms, Receiver: 3, Sender: 21, RSSI: -98
[P1_RX] Time: 210ms, Receiver: 43, Sender: 21, RSSI: -99
[P1_RX] Time: 210ms, Receiver: 49, Sender: 21, RSSI: -100
[P1_RX] Time: 210ms, Receiver: 15, Sender: 21, RSSI: -101
[P1_RX] Time: 210ms, Receiver: 32, Sender: 21, RSSI: -101
[P1_RX] Time: 210ms, Receiver: 8, Sender: 21, RSSI: -105
[P1_RX] Time: 210ms, Receiver: 47, Sender: 21, RSSI: -105
[P1_RX] Time: 210ms, Receiver: 10, Sender: 21, RSSI: -105
[P1_RX] Time: 210ms, Receiver: 27, Sender: 21, RSSI: -107
[P1_RX] Time: 210ms, Receiver: 40, Sender: 21, RSSI: -107
[P1_RX] Time: 210ms, Receiver: 41, Sender: 21, RSSI: -108
[P1_RX] Time: 210ms, Receiver: 19, Sender: 21, RSSI: -109
[P1_ABORT] Time: 210ms, Drone: 3
[P1_ATTEMPT] Time: 210ms, Drone: 3
[P1_ATTEMPT] Time: 211ms, Drone: 4
[P1_ABORT] Time: 211ms, Drone: 4
[P1_ATTEMPT] Time: 211ms, Drone: 4
[P1_ABORT] Time: 211ms, Drone: 4
[P1_ATTEMPT] Time: 211ms, Drone: 4
[P1_ATTEMPT] Time: 211ms, Drone: 41
[P1_ABORT] Time: 211ms, Drone: 4
[P1_ATTEMPT] Time: 211ms, Drone: 4
[P1_ABORT] Time: 211ms, Drone: 41
[P1_ATTEMPT] Time: 211ms, Drone: 41
[P1_SUCCESS] Time: 211ms, Drone: 3
[P1_RX] Time: 211ms, Receiver: 49, Sender: 3, RSSI: -80
[P1_RX] Time: 211ms, Receiver: 18, Sender: 3, RSSI: -97
[P1_RX] Time: 211ms, Receiver: 21, Sender: 3, RSSI: -98
[P1_RX] Time: 211ms, Receiver: 17, Sender: 3, RSSI: -100
[P1_RX] Time: 211ms, Receiver: 15, Sender: 3, RSSI: -103
[P1_RX] Time: 211ms, Receiver: 32, Sender: 3, RSSI: -103
[P1_RX] Time: 211ms, Receiver: 8, Sender: 3, RSSI: -103
[P1_RX] Time: 211ms, Receiver: 43, Sender: 3, RSSI: -104
[P1_RX] Time: 211ms, Receiver: 38, Sender: 3, RSSI: -104
[P1_RX] Time: 211ms, Receiver: 11, Sender: 3, RSSI: -106
[P1_RX] Time: 211ms, Receiver: 4, Sender: 3, RSSI: -107
[P1_RX] Time: 211ms, Receiver: 10, Sender: 3, RSSI: -107
[P1_RX] Time: 211ms, Receiver: 47, Sender: 3, RSSI: -108
[P1_RX] Time: 211ms, Receiver: 20, Sender: 3, RSSI: -109
[P1_ATTEMPT] Time: 212ms, Drone: 37
[P1_ABORT] Time: 212ms, Drone: 37
[P1_ATTEMPT] Time: 212ms, Drone: 37
[P1_SUCCESS] Time: 212ms, Drone: 4
[P1_RX] Time: 212ms, Receiver: 13, Sender: 4, RSSI: -96
[P1_RX] Time: 212ms, Receiver: 31, Sender: 4, RSSI: -100
[P1_RX] Time: 212ms, Receiver: 45, Sender: 4, RSSI: -101
[P1_RX] Time: 212ms, Receiver: 2, Sender: 4, RSSI: -101
[P1_RX] Time: 212ms, Receiver: 24, Sender: 4, RSSI: -102
[P1_RX] Time: 212ms, Receiver: 32, Sender: 4, RSSI: -101
[P1_RX] Time: 212ms, Receiver: 33, Sender: 4, RSSI: -103
[P1_RX] Time: 212ms, Receiver: 29, Sender: 4, RSSI: -103
[P1_RX] Time: 212ms, Receiver: 15, Sender: 4, RSSI: -103
[P1_RX] Time: 212ms, Receiver: 20, Sender: 4, RSSI: -105
[P1_RX] Time: 212ms, Receiver: 37, Sender: 4, RSSI: -105
[P1_RX] Time: 212ms, Receiver: 49, Sender: 4, RSSI: -105
[P1_RX] Time: 212ms, Receiver: 3, Sender: 4, RSSI: -106
[P1_SUCCESS] Time: 212ms, Drone: 41
[P1_RX] Time: 212ms, Receiver: 40, Sender: 41, RSSI: -95
[P1_RX] Time: 212ms, Receiver: 47, Sender: 41, RSSI: -96
[P1_RX] Time: 212ms, Receiver: 27, Sender: 41, RSSI: -100
[P1_RX] Time: 212ms, Receiver: 19, Sender: 41, RSSI: -100
[P1_RX] Time: 212ms, Receiver: 36, Sender: 41, RSSI: -101
[P1_RX] Time: 212ms, Receiver: 35, Sender: 41, RSSI: -101
[P1_RX] Time: 212ms, Receiver: 22, Sender: 41, RSSI: -103
[P1_RX] Time: 212ms, Receiver: 17, Sender: 41, RSSI: -103
[P1_RX] Time: 212ms, Receiver: 9, Sender: 41, RSSI: -106
[P1_RX] Time: 212ms, Receiver: 11, Sender: 41, RSSI: -106
[P1_RX] Time: 212ms, Receiver: 21, Sender: 41, RSSI: -106
[P1_RX] Time: 212ms, Receiver: 39, Sender: 41, RSSI: -107
[P1_ABORT] Time: 212ms, Drone: 37
[P1_ATTEMPT] Time: 212ms, Drone: 37
[P1_ATTEMPT] Time: 212ms, Drone: 20
[P1_ATTEMPT] Time: 212ms, Drone: 40
[P1_ATTEMPT] Time: 212ms, Drone: 42
[P1_SUCCESS] Time: 213ms, Drone: 37
[P1_RX] Time: 213ms, Receiver: 29, Sender: 37, RSSI: -89
[P1_RX] Time: 213ms, Receiver: 33, Sender: 37, RSSI: -90
[P1_RX] Time: 213ms, Receiver: 25, Sender: 37, RSSI: -95
[P1_RX] Time: 213ms, Receiver: 34, Sender: 37, RSSI: -102
[P1_RX] Time: 213ms, Receiver: 28, Sender: 37, RSSI: -104
[P1_RX] Time: 213ms, Receiver: 46, Sender: 37, RSSI: -105
[P1_RX] Time: 213ms, Receiver: 15, Sender: 37, RSSI: -105
[P1_SUCCESS] Time: 213ms, Drone: 20
[P1_SUCCESS] Time: 213ms, Drone: 40
[P1_RX] Time: 213ms, Receiver: 47, Sender: 40, RSSI: -91
[P1_RX] Time: 213ms, Receiver: 19, Sender: 40, RSSI: -92
[P1_RX] Time: 213ms, Receiver: 41, Sender: 40, RSSI: -95
[P1_RX] Time: 213ms, Receiver: 35, Sender: 40, RSSI: -98
[P1_RX] Time: 213ms, Receiver: 27, Sender: 40, RSSI: -100
[P1_RX] Time: 213ms, Receiver: 17, Sender: 40, RSSI: -102
[P1_RX] Time: 213ms, Receiver: 36, Sender: 40, RSSI: -104
[P1_SUCCESS] Time: 213ms, Drone: 42
[P1_RX] Time: 213ms, Receiver: 26, Sender: 42, RSSI: -94
[P1_RX] Time: 213ms, Receiver: 2, Sender: 42, RSSI: -95
[P1_RX] Time: 213ms, Receiver: 24, Sender: 42, RSSI: -97
[P1_RX] Time: 213ms, Receiver: 6, Sender: 42, RSSI: -98
[P1_RX] Time: 213ms, Receiver: 14, Sender: 42, RSSI: -101
[P1_RX] Time: 213ms, Receiver: 30, Sender: 42, RSSI: -106
[P1_ATTEMPT] Time: 216ms, Drone: 9
[P1_ATTEMPT] Time: 216ms, Drone: 2
[P1_ATTEMPT] Time: 216ms, Drone: 29
[P1_SUCCESS] Time: 217ms, Drone: 9
[P1_RX] Time: 217ms, Receiver: 39, Sender: 9, RSSI: -97
[P1_RX] Time: 217ms, Receiver: 35, Sender: 9, RSSI: -100
[P1_RX] Time: 217ms, Receiver: 6, Sender: 9, RSSI: -101
[P1_RX] Time: 217ms, Receiver: 22, Sender: 9, RSSI: -103
[P1_RX] Time: 217ms, Receiver: 41, Sender: 9, RSSI: -106
[P1_RX] Time: 217ms, Receiver: 40, Sender: 9, RSSI: -107
[P1_RX] Time: 217ms, Receiver: 36, Sender: 9, RSSI: -107
[P1_SUCCESS] Time: 217ms, Drone: 2
[P1_RX] Time: 217ms, Receiver: 13, Sender: 2, RSSI: -97
[P1_RX] Time: 217ms, Receiver: 4, Sender: 2, RSSI: -101
[P1_RX] Time: 217ms, Receiver: 30, Sender: 2, RSSI: -105
[P1_ATTEMPT] Time: 217ms, Drone: 16
[P1_SUCCESS] Time: 217ms, Drone: 29
[P1_RX] Time: 217ms, Receiver: 37, Sender: 29, RSSI: -89
[P1_RX] Time: 217ms, Receiver: 25, Sender: 29, RSSI: -93
[P1_RX] Time: 217ms, Receiver: 20, Sender: 29, RSSI: -102
[P1_RX] Time: 217ms, Receiver: 31, Sender: 29, RSSI: -100
[P1_RX] Time: 217ms, Receiver: 34, Sender: 29, RSSI: -105
[P1_RX] Time: 217ms, Receiver: 28, Sender: 29, RSSI: -106
[P1_RX] Time: 217ms, Receiver: 46, Sender: 29, RSSI: -107
[P1_RX] Time: 217ms, Receiver: 44, Sender: 29, RSSI: -108
[P1_ATTEMPT] Time: 217ms, Drone: 8
[P1_ATTEMPT] Time: 217ms, Drone: 0
[P1_ATTEMPT] Time: 218ms, Drone: 46
[P1_ATTEMPT] Time: 218ms, Drone: 48
[P1_ATTEMPT] Time: 218ms, Drone: 22
[P1_ATTEMPT] Time: 218ms, Drone: 10
[P1_SUCCESS] Time: 218ms, Drone: 16
[P1_RX] Time: 218ms, Receiver: 32, Sender: 16, RSSI: -91
[P1_RX] Time: 218ms, Receiver: 17, Sender: 16, RSSI: -91
[P1_RX] Time: 218ms, Receiver: 18, Sender: 16, RSSI: -93
[P1_RX] Time: 218ms, Receiver: 21, Sender: 16, RSSI: -96
[P1_RX] Time: 218ms, Receiver: 47, Sender: 16, RSSI: -97
[P1_RX] Time: 218ms, Receiver: 15, Sender: 16, RSSI: -100
[P1_RX] Time: 218ms, Receiver: 3, Sender: 16, RSSI: -99
[P1_RX] Time: 218ms, Receiver: 40, Sender: 16, RSSI: -101
[P1_RX] Time: 218ms, Receiver: 49, Sender: 16, RSSI: -100
[P1_RX] Time: 218ms, Receiver: 19, Sender: 16, RSSI: -102
[P1_RX] Time: 218ms, Receiver: 27, Sender: 16, RSSI: -102
[P1_RX] Time: 218ms, Receiver: 43, Sender: 16, RSSI: -101
[P1_RX] Time: 218ms, Receiver: 11, Sender: 16, RSSI: -102
[P1_RX] Time: 218ms, Receiver: 41, Sender: 16, RSSI: -104
[P1_RX] Time: 218ms, Receiver: 4, Sender: 16, RSSI: -105
[P1_ABORT] Time: 218ms, Drone: 48
[P1_ATTEMPT] Time: 218ms, Drone: 48
[P1_SUCCESS] Time: 218ms, Drone: 8
[P1_RX] Time: 218ms, Receiver: 10, Sender: 8, RSSI: -101
[P1_ABORT] Time: 218ms, Drone: 10
[P1_ATTEMPT] Time: 218ms, Drone: 10
[P1_ABORT] Time: 218ms, Drone: 48
[P1_ATTEMPT] Time: 218ms, Drone: 48
[P1_ATTEMPT] Time: 218ms, Drone: 30
[P1_SUCCESS] Time: 218ms, Drone: 0
[P1_RX] Time: 218ms, Receiver: 14, Sender: 0, RSSI: -97
[P1_RX] Time: 218ms, Receiver: 6, Sender: 0, RSSI: -99
[P1_RX] Time: 218ms, Receiver: 26, Sender: 0, RSSI: -101
[P1_RX] Time: 218ms, Receiver: 39, Sender: 0, RSSI: -104
[P1_RX] Time: 218ms, Receiver: 30, Sender: 0, RSSI: -105
[P1_RX] Time: 218ms, Receiver: 7, Sender: 0, RSSI: -107
[P1_ABORT] Time: 218ms, Drone: 48
[P1_ATTEMPT] Time: 218ms, Drone: 48
[P1_ATTEMPT] Time: 218ms, Drone: 19
[P1_ABORT] Time: 219ms, Drone: 30
[P1_ATTEMPT] Time: 219ms, Drone: 30
[P1_ABORT] Time: 219ms, Drone: 19
[P1_ATTEMPT] Time: 219ms, Drone: 19
[P1_SUCCESS] Time: 219ms, Drone: 46
[P1_RX] Time: 219ms, Receiver: 28, Sender: 46, RSSI: -82
[P1_RX] Time: 219ms, Receiver: 34, Sender: 46, RSSI: -87
[P1_RX] Time: 219ms, Receiver: 37, Sender: 46, RSSI: -105
[P1_RX] Time: 219ms, Receiver: 25, Sender: 46, RSSI: -106
[P1_RX] Time: 219ms, Receiver: 20, Sender: 46, RSSI: -106
[P1_ABORT] Time: 219ms, Drone: 19
[P1_ATTEMPT] Time: 219ms, Drone: 19
[P1_ABORT] Time: 219ms, Drone: 19
[P1_ATTEMPT] Time: 219ms, Drone: 19
[P1_SUCCESS] Time: 219ms, Drone: 22
[P1_RX] Time: 219ms, Receiver: 36, Sender: 22, RSSI: -99
[P1_RX] Time: 219ms, Receiver: 41, Sender: 22, RSSI: -103
[P1_RX] Time: 219ms, Receiver: 35, Sender: 22, RSSI: -104
[P1_ABORT] Time: 219ms, Drone: 19
[P1_ATTEMPT] Time: 219ms, Drone: 19
[P1_SUCCESS] Time: 219ms, Drone: 10
[P1_RX] Time: 219ms, Receiver: 38, Sender: 10, RSSI: -98
[P1_RX] Time: 219ms, Receiver: 8, Sender: 10, RSSI: -101
[P1_RX] Time: 219ms, Receiver: 43, Sender: 10, RSSI: -102
[P1_RX] Time: 219ms, Receiver: 21, Sender: 10, RSSI: -105
[P1_RX] Time: 219ms, Receiver: 11, Sender: 10, RSSI: -105
[P1_RX] Time: 219ms, Receiver: 15, Sender: 10, RSSI: -105
[P1_RX] Time: 219ms, Receiver: 3, Sender: 10, RSSI: -106
[P1_SUCCESS] Time: 219ms, Drone: 48
[P1_RX] Time: 219ms, Receiver: 13, Sender: 48, RSSI: -92
[P1_RX] Time: 219ms, Receiver: 4, Sender: 48, RSSI: -94
[P1_RX] Time: 219ms, Receiver: 24, Sender: 48, RSSI: -94
[P1_RX] Time: 219ms, Receiver: 2, Sender: 48, RSSI: -97
[P1_RX] Time: 219ms, Receiver: 31, Sender: 48, RSSI: -100
[P1_RX] Time: 219ms, Receiver: 29, Sender: 48, RSSI: -104
[P1_RX] Time: 219ms, Receiver: 33, Sender: 48, RSSI: -104
[P1_SUCCESS] Time: 219ms, Drone: 30
[P1_RX] Time: 219ms, Receiver: 7, Sender: 30, RSSI: -94
[P1_RX] Time: 219ms, Receiver: 14, Sender: 30, RSSI: -96
[P1_RX] Time: 219ms, Receiver: 12, Sender: 30, RSSI: -97
[P1_ATTEMPT] Time: 220ms, Drone: 27
[P1_SUCCESS] Time: 220ms, Drone: 19
[P1_RX] Time: 220ms, Receiver: 40, Sender: 19, RSSI: -92
[P1_RX] Time: 220ms, Receiver: 47, Sender: 19, RSSI: -92
[P1_RX] Time: 220ms, Receiver: 27, Sender: 19, RSSI: -98
[P1_RX] Time: 220ms, Receiver: 35, Sender: 19, RSSI: -98
[P1_RX] Time: 220ms, Receiver: 41, Sender: 19, RSSI: -101
[P1_RX] Time: 220ms, Receiver: 32, Sender: 19, RSSI: -102
[P1_RX] Time: 220ms, Receiver: 16, Sender: 19, RSSI: -102
[P1_RX] Time: 220ms, Receiver: 39, Sender: 19, RSSI: -104
[P1_RX] Time: 220ms, Receiver: 9, Sender: 19, RSSI: -104
[P1_RX] Time: 220ms, Receiver: 6, Sender: 19, RSSI: -104
[P1_RX] Time: 220ms, Receiver: 17, Sender: 19, RSSI: -105
[P1_RX] Time: 220ms, Receiver: 36, Sender: 19, RSSI: -107
[P1_RX] Time: 220ms, Receiver: 18, Sender: 19, RSSI: -107
[P1_RX] Time: 220ms, Receiver: 15, Sender: 19, RSSI: -107
[P1_ABORT] Time: 220ms, Drone: 27
[P1_ATTEMPT] Time: 220ms, Drone: 27
[P1_SUCCESS] Time: 221ms, Drone: 27
[P1_RX] Time: 221ms, Receiver: 47, Sender: 27, RSSI: -95
[P1_RX] Time: 221ms, Receiver: 19, Sender: 27, RSSI: -98
[P1_RX] Time: 221ms, Receiver: 32, Sender: 27, RSSI: -100
[P1_RX] Time: 221ms, Receiver: 41, Sender: 27, RSSI: -101
[P1_RX] Time: 221ms, Receiver: 40, Sender: 27, RSSI: -101
[P1_RX] Time: 221ms, Receiver: 45, Sender: 27, RSSI: -102
[P1_RX] Time: 221ms, Receiver: 16, Sender: 27, RSSI: -102
[P1_RX] Time: 221ms, Receiver: 35, Sender: 27, RSSI: -104
[P1_RX] Time: 221ms, Receiver: 15, Sender: 27, RSSI: -105
[P1_RX] Time: 221ms, Receiver: 17, Sender: 27, RSSI: -105
[P1_RX] Time: 221ms, Receiver: 9, Sender: 27, RSSI: -105
[P1_RX] Time: 221ms, Receiver: 18, Sender: 27, RSSI: -106
[P1_RX] Time: 221ms, Receiver: 43, Sender: 27, RSSI: -106
[P1_RX] Time: 221ms, Receiver: 31, Sender: 27, RSSI: -106
[P1_RX] Time: 221ms, Receiver: 2, Sender: 27, RSSI: -106
[P1_RX] Time: 221ms, Receiver: 0, Sender: 27, RSSI: -107
[P1_RX] Time: 221ms, Receiver: 21, Sender: 27, RSSI: -107
[P1_RX] Time: 221ms, Receiver: 13, Sender: 27, RSSI: -108
[P1_RX] Time: 221ms, Receiver: 4, Sender: 27, RSSI: -108
[P1_ATTEMPT] Time: 222ms, Drone: 25
[P1_ATTEMPT] Time: 222ms, Drone: 5
[P1_ATTEMPT] Time: 223ms, Drone: 26
[P1_SUCCESS] Time: 223ms, Drone: 25
[P1_RX] Time: 223ms, Receiver: 29, Sender: 25, RSSI: -93
[P1_RX] Time: 223ms, Receiver: 37, Sender: 25, RSSI: -95
[P1_RX] Time: 223ms, Receiver: 33, Sender: 25, RSSI: -99
[P1_RX] Time: 223ms, Receiver: 34, Sender: 25, RSSI: -103
[P1_RX] Time: 223ms, Receiver: 20, Sender: 25, RSSI: -104
[P1_RX] Time: 223ms, Receiver: 28, Sender: 25, RSSI: -104
[P1_RX] Time: 223ms, Receiver: 46, Sender: 25, RSSI: -106
[P1_RX] Time: 223ms, Receiver: 4, Sender: 25, RSSI: -108
[P1_RX] Time: 223ms, Receiver: 31, Sender: 25, RSSI: -108
[P1_ATTEMPT] Time: 223ms, Drone: 23
[P1_SUCCESS] Time: 223ms, Drone: 5
[P1_RX] Time: 223ms, Receiver: 35, Sender: 5, RSSI: -75
[P1_RX] Time: 223ms, Receiver: 40, Sender: 5, RSSI: -98
[P1_RX] Time: 223ms, Receiver: 39, Sender: 5, RSSI: -99
[P1_RX] Time: 223ms, Receiver: 19, Sender: 5, RSSI: -99
[P1_RX] Time: 223ms, Receiver: 36, Sender: 5, RSSI: -100
[P1_RX] Time: 223ms, Receiver: 41, Sender: 5, RSSI: -100
[P1_RX] Time: 223ms, Receiver: 9, Sender: 5, RSSI: -101
[P1_RX] Time: 223ms, Receiver: 47, Sender: 5, RSSI: -102
[P1_RX] Time: 223ms, Receiver: 22, Sender: 5, RSSI: -103
[P1_RX] Time: 223ms, Receiver: 27, Sender: 5, RSSI: -105
[P1_ABORT] Time: 224ms, Drone: 23
[P1_ATTEMPT] Time: 224ms, Drone: 23
[P1_ABORT] Time: 224ms, Drone: 23
[P1_ATTEMPT] Time: 224ms, Drone: 23
[P1_SUCCESS] Time: 224ms, Drone: 26
[P1_RX] Time: 224ms, Receiver: 14, Sender: 26, RSSI: -99
[P1_RX] Time: 224ms, Receiver: 30, Sender: 26, RSSI: -105
[P1_RX] Time: 224ms, Receiver: 48, Sender: 26, RSSI: -105
[P1_RX] Time: 224ms, Receiver: 7, Sender: 26, RSSI: -106
[P1_RX] Time: 224ms, Receiver: 13, Sender: 26, RSSI: -106
[P1_RX] Time: 224ms, Receiver: 31, Sender: 26, RSSI: -108
[P1_ABORT] Time: 224ms, Drone: 23
[P1_ATTEMPT] Time: 224ms, Drone: 23
[P1_ATTEMPT] Time: 225ms, Drone: 36
[P1_SUCCESS] Time: 225ms, Drone: 23
[P1_RX] Time: 225ms, Receiver: 14, Sender: 23, RSSI: -89
[P1_RX] Time: 225ms, Receiver: 0, Sender: 23, RSSI: -89
[P1_RX] Time: 225ms, Receiver: 26, Sender: 23, RSSI: -97
[P1_RX] Time: 225ms, Receiver: 42, Sender: 23, RSSI: -97
[P1_RX] Time: 225ms, Receiver: 2, Sender: 23, RSSI: -98
[P1_RX] Time: 225ms, Receiver: 24, Sender: 23, RSSI: -98
[P1_RX] Time: 225ms, Receiver: 6, Sender: 23, RSSI: -100
[P1_RX] Time: 225ms, Receiver: 30, Sender: 23, RSSI: -102
[P1_RX] Time: 225ms, Receiver: 13, Sender: 23, RSSI: -103
[P1_RX] Time: 225ms, Receiver: 45, Sender: 23, RSSI: -105
[P1_RX] Time: 225ms, Receiver: 48, Sender: 23, RSSI: -105
[P1_RX] Time: 225ms, Receiver: 7, Sender: 23, RSSI: -105
[P1_RX] Time: 225ms, Receiver: 31, Sender: 23, RSSI: -106
[P1_RX] Time: 225ms, Receiver: 39, Sender: 23, RSSI: -107
[P1_RX] Time: 225ms, Receiver: 19, Sender: 23, RSSI: -107
[P1_RX] Time: 225ms, Receiver: 12, Sender: 23, RSSI: -108
[P1_ATTEMPT] Time: 225ms, Drone: 6
[P1_SUCCESS] Time: 226ms, Drone: 36
[P1_RX] Time: 226ms, Receiver: 22, Sender: 36, RSSI: -100
[P1_RX] Time: 226ms, Receiver: 5, Sender: 36, RSSI: -100
[P1_RX] Time: 226ms, Receiver: 41, Sender: 36, RSSI: -101
[P1_RX] Time: 226ms, Receiver: 35, Sender: 36, RSSI: -102
[P1_RX] Time: 226ms, Receiver: 40, Sender: 36, RSSI: -104
[P1_RX] Time: 226ms, Receiver: 9, Sender: 36, RSSI: -107
[P1_RX] Time: 226ms, Receiver: 39, Sender: 36, RSSI: -107
[P1_RX] Time: 226ms, Receiver: 47, Sender: 36, RSSI: -107
[P1_RX] Time: 226ms, Receiver: 19, Sender: 36, RSSI: -107
[P1_ATTEMPT] Time: 226ms, Drone: 24
[P1_ATTEMPT] Time: 226ms, Drone: 1
[P1_ATTEMPT] Time: 226ms, Drone: 39
[P1_ABORT] Time: 226ms, Drone: 39
[P1_ATTEMPT] Time: 226ms, Drone: 39
[P1_ABORT] Time: 226ms, Drone: 1
[P1_ATTEMPT] Time: 226ms, Drone: 1
[P1_ABORT] Time: 226ms, Drone: 39
[P1_ATTEMPT] Time: 226ms, Drone: 39
[P1_SUCCESS] Time: 226ms, Drone: 6
[P1_RX] Time: 226ms, Receiver: 39, Sender: 6, RSSI: -95
[P1_RX] Time: 226ms, Receiver: 42, Sender: 6, RSSI: -95
[P1_RX] Time: 226ms, Receiver: 0, Sender: 6, RSSI: -97
[P1_RX] Time: 226ms, Receiver: 9, Sender: 6, RSSI: -101
[P1_RX] Time: 226ms, Receiver: 35, Sender: 6, RSSI: -102
[P1_RX] Time: 226ms, Receiver: 5, Sender: 6, RSSI: -104
[P1_SUCCESS] Time: 227ms, Drone: 24
[P1_RX] Time: 227ms, Receiver: 2, Sender: 24, RSSI: -89
[P1_RX] Time: 227ms, Receiver: 48, Sender: 24, RSSI: -95
[P1_RX] Time: 227ms, Receiver: 13, Sender: 24, RSSI: -98
[P1_RX] Time: 227ms, Receiver: 14, Sender: 24, RSSI: -98
[P1_RX] Time: 227ms, Receiver: 4, Sender: 24, RSSI: -101
[P1_RX] Time: 227ms, Receiver: 45, Sender: 24, RSSI: -102
[P1_RX] Time: 227ms, Receiver: 30, Sender: 24, RSSI: -102
[P1_RX] Time: 227ms, Receiver: 31, Sender: 24, RSSI: -103
[P1_RX] Time: 227ms, Receiver: 7, Sender: 24, RSSI: -105
[P1_RX] Time: 227ms, Receiver: 32, Sender: 24, RSSI: -106
[P1_RX] Time: 227ms, Receiver: 12, Sender: 24, RSSI: -107
[P1_ABORT] Time: 227ms, Drone: 1
[P1_ABORT] Time: 227ms, Drone: 39
[P1_ATTEMPT] Time: 256ms, Drone: 44
[P1_ATTEMPT] Time: 256ms, Drone: 26
[P1_ATTEMPT] Time: 256ms, Drone: 24
[P1_ATTEMPT] Time: 256ms, Drone: 35
[P1_ABORT] Time: 256ms, Drone: 24
[P1_ATTEMPT] Time: 256ms, Drone: 24
[P1_ABORT] Time: 256ms, Drone: 35
[P1_ATTEMPT] Time: 256ms, Drone: 35
[P1_ABORT] Time: 256ms, Drone: 24
[P1_ATTEMPT] Time: 256ms, Drone: 24
[P1_SUCCESS] Time: 256ms, Drone: 44
[P1_RX] Time: 256ms, Receiver: 28, Sender: 44, RSSI: -99
[P1_RX] Time: 256ms, Receiver: 46, Sender: 44, RSSI: -100
[P1_RX] Time: 256ms, Receiver: 34, Sender: 44, RSSI: -101
[P1_RX] Time: 256ms, Receiver: 20, Sender: 44, RSSI: -103
[P1_RX] Time: 256ms, Receiver: 37, Sender: 44, RSSI: -107
[P1_ABORT] Time: 256ms, Drone: 35
[P1_ATTEMPT] Time: 256ms, Drone: 35
[P1_ABORT] Time: 257ms, Drone: 24
[P1_ATTEMPT] Time: 257ms, Drone: 24
[P1_ABORT] Time: 257ms, Drone: 35
[P1_ATTEMPT] Time: 257ms, Drone: 35
[P1_ABORT] Time: 257ms, Drone: 24
[P1_ATTEMPT] Time: 257ms, Drone: 24
[P1_ABORT] Time: 257ms, Drone: 35
[P1_ATTEMPT] Time: 257ms, Drone: 35
[P1_SUCCESS] Time: 257ms, Drone: 26
[P1_RX] Time: 257ms, Receiver: 42, Sender: 26, RSSI: -94
[P1_RX] Time: 257ms, Receiver: 23, Sender: 26, RSSI: -97
[P1_RX] Time: 257ms, Receiver: 14, Sender: 26, RSSI: -99
[P1_RX] Time: 257ms, Receiver: 24, Sender: 26, RSSI: -99
[P1_RX] Time: 257ms, Receiver: 2, Sender: 26, RSSI: -101
[P1_RX] Time: 257ms, Receiver: 0, Sender: 26, RSSI: -102
[P1_RX] Time: 257ms, Receiver: 6, Sender: 26, RSSI: -102
[P1_RX] Time: 257ms, Receiver: 30, Sender: 26, RSSI: -105
[P1_RX] Time: 257ms, Receiver: 48, Sender: 26, RSSI: -105
[P1_RX] Time: 257ms, Receiver: 7, Sender: 26, RSSI: -106
[P1_RX] Time: 257ms, Receiver: 39, Sender: 26, RSSI: -107
[P1_RX] Time: 257ms, Receiver: 13, Sender: 26, RSSI: -106
[P1_ABORT] Time: 257ms, Drone: 24
[P1_ATTEMPT] Time: 257ms, Drone: 24
[P1_ATTEMPT] Time: 257ms, Drone: 38
[P1_ATTEMPT] Time: 257ms, Drone: 36
[P1_ABORT] Time: 257ms, Drone: 36
[P1_ATTEMPT] Time: 257ms, Drone: 36
[P1_ABORT] Time: 257ms, Drone: 36
[P1_ATTEMPT] Time: 257ms, Drone: 36
[P1_ABORT] Time: 257ms, Drone: 36
[P1_ATTEMPT] Time: 257ms, Drone: 36
[P1_ABORT] Time: 258ms, Drone: 36
[P1_ATTEMPT] Time: 258ms, Drone: 36
[P1_SUCCESS] Time: 258ms, Drone: 35
[P1_ABORT] Time: 258ms, Drone: 36
[P1_ATTEMPT] Time: 258ms, Drone: 36
[P1_RX] Time: 258ms, Receiver: 5, Sender: 35, RSSI: -75
[P1_RX] Time: 258ms, Receiver: 39, Sender: 35, RSSI: -96
[P1_RX] Time: 258ms, Receiver: 19, Sender: 35, RSSI: -98
[P1_RX] Time: 258ms, Receiver: 40, Sender: 35, RSSI: -99
[P1_RX] Time: 258ms, Receiver: 9, Sender: 35, RSSI: -100
[P1_RX] Time: 258ms, Receiver: 41, Sender: 35, RSSI: -101
[P1_RX] Time: 258ms, Receiver: 36, Sender: 35, RSSI: -101
[P1_RX] Time: 258ms, Receiver: 47, Sender: 35, RSSI: -102
[P1_RX] Time: 258ms, Receiver: 22, Sender: 35, RSSI: -104
[P1_RX] Time: 258ms, Receiver: 27, Sender: 35, RSSI: -103
[P1_SUCCESS] Time: 258ms, Drone: 24
[P1_RX] Time: 258ms, Receiver: 2, Sender: 24, RSSI: -89
[P1_RX] Time: 258ms, Receiver: 48, Sender: 24, RSSI: -95
[P1_RX] Time: 258ms, Receiver: 13, Sender: 24, RSSI: -98
[P1_RX] Time: 258ms, Receiver: 42, Sender: 24, RSSI: -97
[P1_RX] Time: 258ms, Receiver: 23, Sender: 24, RSSI: -98
[P1_RX] Time: 258ms, Receiver: 26, Sender: 24, RSSI: -99
[P1_RX] Time: 258ms, Receiver: 14, Sender: 24, RSSI: -99
[P1_RX] Time: 258ms, Receiver: 0, Sender: 24, RSSI: -100
[P1_RX] Time: 258ms, Receiver: 4, Sender: 24, RSSI: -102
[P1_RX] Time: 258ms, Receiver: 45, Sender: 24, RSSI: -102
[P1_RX] Time: 258ms, Receiver: 30, Sender: 24, RSSI: -103
[P1_RX] Time: 258ms, Receiver: 31, Sender: 24, RSSI: -103
[P1_RX] Time: 258ms, Receiver: 7, Sender: 24, RSSI: -106
[P1_RX] Time: 258ms, Receiver: 12, Sender: 24, RSSI: -107
[P1_ABORT] Time: 258ms, Drone: 36
[P1_ATTEMPT] Time: 258ms, Drone: 36
[P1_SUCCESS] Time: 258ms, Drone: 38
[P1_RX] Time: 258ms, Receiver: 11, Sender: 38, RSSI: -94
[P1_RX] Time: 258ms, Receiver: 43, Sender: 38, RSSI: -96
[P1_RX] Time: 258ms, Receiver: 21, Sender: 38, RSSI: -97
[P1_RX] Time: 258ms, Receiver: 10, Sender: 38, RSSI: -98
[P1_RX] Time: 258ms, Receiver: 18, Sender: 38, RSSI: -99
[P1_RX] Time: 258ms, Receiver: 8, Sender: 38, RSSI: -103
[P1_RX] Time: 258ms, Receiver: 3, Sender: 38, RSSI: -103
[P1_RX] Time: 258ms, Receiver: 49, Sender: 38, RSSI: -104
[P1_ATTEMPT] Time: 258ms, Drone: 27
[P1_ATTEMPT] Time: 258ms, Drone: 3
[P1_ATTEMPT] Time: 258ms, Drone: 9
[P1_ABORT] Time: 258ms, Drone: 9
[P1_ATTEMPT] Time: 258ms, Drone: 9
[P1_ABORT] Time: 259ms, Drone: 9
[P1_ATTEMPT] Time: 259ms, Drone: 9
[P1_ATTEMPT] Time: 259ms, Drone: 1
[P1_ABORT] Time: 259ms, Drone: 9
[P1_ATTEMPT] Time: 259ms, Drone: 9
[P1_ABORT] Time: 259ms, Drone: 1
[P1_ATTEMPT] Time: 259ms, Drone: 1
[P1_ATTEMPT] Time: 259ms, Drone: 5
[P1_SUCCESS] Time: 259ms, Drone: 36
[P1_RX] Time: 259ms, Receiver: 22, Sender: 36, RSSI: -100
[P1_RX] Time: 259ms, Receiver: 5, Sender: 36, RSSI: -100
[P1_RX] Time: 259ms, Receiver: 35, Sender: 36, RSSI: -102
[P1_ABORT] Time: 259ms, Drone: 9
[P1_ATTEMPT] Time: 259ms, Drone: 9
[P1_ABORT] Time: 259ms, Drone: 1
[P1_ATTEMPT] Time: 259ms, Drone: 1
[P1_ABORT] Time: 259ms, Drone: 5
[P1_ATTEMPT] Time: 259ms, Drone: 5
[P1_ABORT] Time: 259ms, Drone: 9
[P1_ATTEMPT] Time: 259ms, Drone: 9
[P1_ABORT] Time: 259ms, Drone: 1
[P1_ATTEMPT] Time: 259ms, Drone: 1
[P1_ABORT] Time: 259ms, Drone: 5
[P1_ATTEMPT] Time: 259ms, Drone: 5
[P1_SUCCESS] Time: 259ms, Drone: 27
[P1_RX] Time: 259ms, Receiver: 32, Sender: 27, RSSI: -98
[P1_RX] Time: 259ms, Receiver: 45, Sender: 27, RSSI: -101
[P1_RX] Time: 259ms, Receiver: 1, Sender: 27, RSSI: -99
[P1_RX] Time: 259ms, Receiver: 31, Sender: 27, RSSI: -105
[P1_RX] Time: 259ms, Receiver: 2, Sender: 27, RSSI: -104
[P1_RX] Time: 259ms, Receiver: 0, Sender: 27, RSSI: -105
[P1_RX] Time: 259ms, Receiver: 42, Sender: 27, RSSI: -106
[P1_SUCCESS] Time: 259ms, Drone: 3
[P1_RX] Time: 259ms, Receiver: 49, Sender: 3, RSSI: -80
[P1_RX] Time: 259ms, Receiver: 18, Sender: 3, RSSI: -97
[P1_RX] Time: 259ms, Receiver: 21, Sender: 3, RSSI: -97
[P1_RX] Time: 259ms, Receiver: 17, Sender: 3, RSSI: -99
[P1_RX] Time: 259ms, Receiver: 8, Sender: 3, RSSI: -103
[P1_RX] Time: 259ms, Receiver: 38, Sender: 3, RSSI: -103
[P1_RX] Time: 259ms, Receiver: 10, Sender: 3, RSSI: -106
[P1_RX] Time: 259ms, Receiver: 20, Sender: 3, RSSI: -107
[P1_ABORT] Time: 259ms, Drone: 9
[P1_ATTEMPT] Time: 259ms, Drone: 9
[P1_ABORT] Time: 259ms, Drone: 1
[P1_ATTEMPT] Time: 259ms, Drone: 1
[P1_ABORT] Time: 259ms, Drone: 5
[P1_ATTEMPT] Time: 259ms, Drone: 5
[P1_ATTEMPT] Time: 259ms, Drone: 45
[P1_ABORT] Time: 260ms, Drone: 45
[P1_ATTEMPT] Time: 260ms, Drone: 45
[P1_ABORT] Time: 260ms, Drone: 45
[P1_ATTEMPT] Time: 260ms, Drone: 45
[P1_ABORT] Time: 260ms, Drone: 45
[P1_ATTEMPT] Time: 260ms, Drone: 45
[P1_ATTEMPT] Time: 260ms, Drone: 2
[P1_ABORT] Time: 260ms, Drone: 45
[P1_ATTEMPT] Time: 260ms, Drone: 45
[P1_SUCCESS] Time: 260ms, Drone: 9
[P1_RX] Time: 260ms, Receiver: 39, Sender: 9, RSSI: -95
[P1_RX] Time: 260ms, Receiver: 6, Sender: 9, RSSI: -99
[P1_RX] Time: 260ms, Receiver: 0, Sender: 9, RSSI: -102
[P1_ABORT] Time: 260ms, Drone: 2
[P1_ATTEMPT] Time: 260ms, Drone: 2
[P1_SUCCESS] Time: 260ms, Drone: 1
[P1_RX] Time: 260ms, Receiver: 32, Sender: 1, RSSI: -82
[P1_RX] Time: 260ms, Receiver: 16, Sender: 1, RSSI: -89
[P1_RX] Time: 260ms, Receiver: 15, Sender: 1, RSSI: -98
[P1_RX] Time: 260ms, Receiver: 17, Sender: 1, RSSI: -99
[P1_RX] Time: 260ms, Receiver: 18, Sender: 1, RSSI: -99
[P1_RX] Time: 260ms, Receiver: 47, Sender: 1, RSSI: -97
[P1_RX] Time: 260ms, Receiver: 4, Sender: 1, RSSI: -101
[P1_RX] Time: 260ms, Receiver: 21, Sender: 1, RSSI: -101
[P1_RX] Time: 260ms, Receiver: 3, Sender: 1, RSSI: -101
[P1_RX] Time: 260ms, Receiver: 49, Sender: 1, RSSI: -102
[P1_RX] Time: 260ms, Receiver: 45, Sender: 1, RSSI: -101
[P1_RX] Time: 260ms, Receiver: 27, Sender: 1, RSSI: -99
[P1_RX] Time: 260ms, Receiver: 43, Sender: 1, RSSI: -103
[P1_RX] Time: 260ms, Receiver: 2, Sender: 1, RSSI: -102
[P1_RX] Time: 260ms, Receiver: 13, Sender: 1, RSSI: -104
[P1_RX] Time: 260ms, Receiver: 31, Sender: 1, RSSI: -104
[P1_RX] Time: 260ms, Receiver: 48, Sender: 1, RSSI: -104
[P1_SUCCESS] Time: 260ms, Drone: 5
[P1_RX] Time: 260ms, Receiver: 35, Sender: 5, RSSI: -75
[P1_RX] Time: 260ms, Receiver: 40, Sender: 5, RSSI: -96
[P1_RX] Time: 260ms, Receiver: 36, Sender: 5, RSSI: -99
[P1_RX] Time: 260ms, Receiver: 41, Sender: 5, RSSI: -99
[P1_ABORT] Time: 260ms, Drone: 45
[P1_ATTEMPT] Time: 260ms, Drone: 45
[P1_ABORT] Time: 260ms, Drone: 2
[P1_ATTEMPT] Time: 260ms, Drone: 2
[P1_ATTEMPT] Time: 261ms, Drone: 6
[P1_ABORT] Time: 261ms, Drone: 6
[P1_ATTEMPT] Time: 261ms, Drone: 6
[P1_ABORT] Time: 261ms, Drone: 6
[P1_ATTEMPT] Time: 261ms, Drone: 6
[P1_ABORT] Time: 261ms, Drone: 6
[P1_ATTEMPT] Time: 261ms, Drone: 6
[P1_ATTEMPT] Time: 261ms, Drone: 19
[P1_ABORT] Time: 261ms, Drone: 6
[P1_ATTEMPT] Time: 261ms, Drone: 6
[P1_SUCCESS] Time: 261ms, Drone: 45
[P1_RX] Time: 261ms, Receiver: 31, Sender: 45, RSSI: -89
[P1_RX] Time: 261ms, Receiver: 13, Sender: 45, RSSI: -94
[P1_RX] Time: 261ms, Receiver: 32, Sender: 45, RSSI: -99
[P1_RX] Time: 261ms, Receiver: 4, Sender: 45, RSSI: -98
[P1_RX] Time: 261ms, Receiver: 27, Sender: 45, RSSI: -100
[P1_RX] Time: 261ms, Receiver: 1, Sender: 45, RSSI: -100
[P1_RX] Time: 261ms, Receiver: 15, Sender: 45, RSSI: -102
[P1_RX] Time: 261ms, Receiver: 47, Sender: 45, RSSI: -103
[P1_RX] Time: 261ms, Receiver: 33, Sender: 45, RSSI: -104
[P1_RX] Time: 261ms, Receiver: 43, Sender: 45, RSSI: -106
[P1_RX] Time: 261ms, Receiver: 29, Sender: 45, RSSI: -106
[P1_SUCCESS] Time: 261ms, Drone: 2
[P1_RX] Time: 261ms, Receiver: 24, Sender: 2, RSSI: -89
[P1_RX] Time: 261ms, Receiver: 42, Sender: 2, RSSI: -95
[P1_RX] Time: 261ms, Receiver: 23, Sender: 2, RSSI: -97
[P1_RX] Time: 261ms, Receiver: 48, Sender: 2, RSSI: -97
[P1_RX] Time: 261ms, Receiver: 14, Sender: 2, RSSI: -100
[P1_RX] Time: 261ms, Receiver: 26, Sender: 2, RSSI: -100
[P1_RX] Time: 261ms, Receiver: 6, Sender: 2, RSSI: -103
[P1_RX] Time: 261ms, Receiver: 30, Sender: 2, RSSI: -104
[P1_RX] Time: 261ms, Receiver: 35, Sender: 2, RSSI: -106
[P1_RX] Time: 261ms, Receiver: 39, Sender: 2, RSSI: -106
[P1_ABORT] Time: 261ms, Drone: 19
[P1_ATTEMPT] Time: 261ms, Drone: 19
[P1_ABORT] Time: 261ms, Drone: 6
[P1_ATTEMPT] Time: 261ms, Drone: 6
[P1_SUCCESS] Time: 262ms, Drone: 19
[P1_RX] Time: 262ms, Receiver: 40, Sender: 19, RSSI: -92
[P1_RX] Time: 262ms, Receiver: 47, Sender: 19, RSSI: -92
[P1_RX] Time: 262ms, Receiver: 27, Sender: 19, RSSI: -98
[P1_RX] Time: 262ms, Receiver: 35, Sender: 19, RSSI: -97
[P1_RX] Time: 262ms, Receiver: 5, Sender: 19, RSSI: -98
[P1_RX] Time: 262ms, Receiver: 41, Sender: 19, RSSI: -101
[P1_RX] Time: 262ms, Receiver: 1, Sender: 19, RSSI: -101
[P1_RX] Time: 262ms, Receiver: 32, Sender: 19, RSSI: -102
[P1_RX] Time: 262ms, Receiver: 16, Sender: 19, RSSI: -102
[P1_RX] Time: 262ms, Receiver: 2, Sender: 19, RSSI: -100
[P1_RX] Time: 262ms, Receiver: 45, Sender: 19, RSSI: -103
[P1_RX] Time: 262ms, Receiver: 17, Sender: 19, RSSI: -105
[P1_RX] Time: 262ms, Receiver: 36, Sender: 19, RSSI: -106
[P1_RX] Time: 262ms, Receiver: 18, Sender: 19, RSSI: -107
[P1_RX] Time: 262ms, Receiver: 13, Sender: 19, RSSI: -105
[P1_RX] Time: 262ms, Receiver: 31, Sender: 19, RSSI: -106
[P1_RX] Time: 262ms, Receiver: 15, Sender: 19, RSSI: -107
[P1_RX] Time: 262ms, Receiver: 48, Sender: 19, RSSI: -106
[P1_SUCCESS] Time: 262ms, Drone: 6
[P1_RX] Time: 262ms, Receiver: 39, Sender: 6, RSSI: -95
[P1_RX] Time: 262ms, Receiver: 0, Sender: 6, RSSI: -98
[P1_RX] Time: 262ms, Receiver: 23, Sender: 6, RSSI: -100
[P1_RX] Time: 262ms, Receiver: 26, Sender: 6, RSSI: -101
[P1_RX] Time: 262ms, Receiver: 14, Sender: 6, RSSI: -103
[P1_ATTEMPT] Time: 262ms, Drone: 48
[P1_SUCCESS] Time: 263ms, Drone: 48
[P1_RX] Time: 263ms, Receiver: 13, Sender: 48, RSSI: -93
[P1_RX] Time: 263ms, Receiver: 4, Sender: 48, RSSI: -94
[P1_RX] Time: 263ms, Receiver: 24, Sender: 48, RSSI: -95
[P1_RX] Time: 263ms, Receiver: 2, Sender: 48, RSSI: -98
[P1_RX] Time: 263ms, Receiver: 31, Sender: 48, RSSI: -101
[P1_RX] Time: 263ms, Receiver: 45, Sender: 48, RSSI: -103
[P1_RX] Time: 263ms, Receiver: 14, Sender: 48, RSSI: -105
[P1_RX] Time: 263ms, Receiver: 30, Sender: 48, RSSI: -105
[P1_RX] Time: 263ms, Receiver: 23, Sender: 48, RSSI: -105
[P1_RX] Time: 263ms, Receiver: 42, Sender: 48, RSSI: -105
[P1_RX] Time: 263ms, Receiver: 1, Sender: 48, RSSI: -106
[P1_RX] Time: 263ms, Receiver: 26, Sender: 48, RSSI: -106
[P1_RX] Time: 263ms, Receiver: 0, Sender: 48, RSSI: -106
[P1_RX] Time: 263ms, Receiver: 29, Sender: 48, RSSI: -106
[P1_RX] Time: 263ms, Receiver: 12, Sender: 48, RSSI: -106
[P1_RX] Time: 263ms, Receiver: 32, Sender: 48, RSSI: -106
[P1_RX] Time: 263ms, Receiver: 33, Sender: 48, RSSI: -107
[P1_RX] Time: 263ms, Receiver: 15, Sender: 48, RSSI: -108
[P1_RX] Time: 263ms, Receiver: 19, Sender: 48, RSSI: -108
[P1_RX] Time: 263ms, Receiver: 7, Sender: 48, RSSI: -109
[P1_RX] Time: 263ms, Receiver: 37, Sender: 48, RSSI: -109
[P1_RX] Time: 263ms, Receiver: 25, Sender: 48, RSSI: -109
[P1_ATTEMPT] Time: 263ms, Drone: 14
[P1_ATTEMPT] Time: 263ms, Drone: 12
[P1_ATTEMPT] Time: 264ms, Drone: 23
[P1_ABORT] Time: 264ms, Drone: 23
[P1_ATTEMPT] Time: 264ms, Drone: 23
[P1_ABORT] Time: 264ms, Drone: 23
[P1_ATTEMPT] Time: 264ms, Drone: 23
[P1_ABORT] Time: 264ms, Drone: 23
[P1_ATTEMPT] Time: 264ms, Drone: 23
[P1_ATTEMPT] Time: 264ms, Drone: 34
[P1_SUCCESS] Time: 264ms, Drone: 14
[P1_RX] Time: 264ms, Receiver: 23, Sender: 14, RSSI: -89
[P1_RX] Time: 264ms, Receiver: 0, Sender: 14, RSSI: -97
[P1_RX] Time: 264ms, Receiver: 30, Sender: 14, RSSI: -97
[P1_RX] Time: 264ms, Receiver: 26, Sender: 14, RSSI: -99
[P1_RX] Time: 264ms, Receiver: 24, Sender: 14, RSSI: -99
[P1_RX] Time: 264ms, Receiver: 7, Sender: 14, RSSI: -101
[P1_RX] Time: 264ms, Receiver: 2, Sender: 14, RSSI: -101
[P1_RX] Time: 264ms, Receiver: 42, Sender: 14, RSSI: -102
[P1_RX] Time: 264ms, Receiver: 13, Sender: 14, RSSI: -104
[P1_RX] Time: 264ms, Receiver: 6, Sender: 14, RSSI: -104
[P1_RX] Time: 264ms, Receiver: 48, Sender: 14, RSSI: -105
[P1_RX] Time: 264ms, Receiver: 45, Sender: 14, RSSI: -106
[P1_ABORT] Time: 264ms, Drone: 23
[P1_ATTEMPT] Time: 264ms, Drone: 23
[P1_ATTEMPT] Time: 264ms, Drone: 17
[P1_SUCCESS] Time: 264ms, Drone: 12
[P1_RX] Time: 264ms, Receiver: 33, Sender: 12, RSSI: -108
[P1_ATTEMPT] Time: 265ms, Drone: 47
[P1_SUCCESS] Time: 265ms, Drone: 34
[P1_RX] Time: 265ms, Receiver: 28, Sender: 34, RSSI: -78
[P1_RX] Time: 265ms, Receiver: 46, Sender: 34, RSSI: -87
[P1_RX] Time: 265ms, Receiver: 44, Sender: 34, RSSI: -101
[P1_RX] Time: 265ms, Receiver: 37, Sender: 34, RSSI: -102
[P1_RX] Time: 265ms, Receiver: 25, Sender: 34, RSSI: -102
[P1_RX] Time: 265ms, Receiver: 29, Sender: 34, RSSI: -104
[P1_ABORT] Time: 265ms, Drone: 47
[P1_ATTEMPT] Time: 265ms, Drone: 47
[P1_SUCCESS] Time: 265ms, Drone: 23
[P1_RX] Time: 265ms, Receiver: 14, Sender: 23, RSSI: -89
[P1_RX] Time: 265ms, Receiver: 0, Sender: 23, RSSI: -89
[P1_RX] Time: 265ms, Receiver: 26, Sender: 23, RSSI: -97
[P1_RX] Time: 265ms, Receiver: 42, Sender: 23, RSSI: -97
[P1_RX] Time: 265ms, Receiver: 2, Sender: 23, RSSI: -98
[P1_RX] Time: 265ms, Receiver: 24, Sender: 23, RSSI: -98
[P1_RX] Time: 265ms, Receiver: 6, Sender: 23, RSSI: -100
[P1_RX] Time: 265ms, Receiver: 30, Sender: 23, RSSI: -102
[P1_RX] Time: 265ms, Receiver: 13, Sender: 23, RSSI: -102
[P1_RX] Time: 265ms, Receiver: 45, Sender: 23, RSSI: -103
[P1_RX] Time: 265ms, Receiver: 48, Sender: 23, RSSI: -104
[P1_RX] Time: 265ms, Receiver: 7, Sender: 23, RSSI: -105
[P1_RX] Time: 265ms, Receiver: 31, Sender: 23, RSSI: -104
[P1_RX] Time: 265ms, Receiver: 39, Sender: 23, RSSI: -106
[P1_SUCCESS] Time: 265ms, Drone: 17
[P1_RX] Time: 265ms, Receiver: 18, Sender: 17, RSSI: -86
[P1_RX] Time: 265ms, Receiver: 21, Sender: 17, RSSI: -91
[P1_RX] Time: 265ms, Receiver: 16, Sender: 17, RSSI: -91
[P1_RX] Time: 265ms, Receiver: 1, Sender: 17, RSSI: -99
[P1_RX] Time: 265ms, Receiver: 11, Sender: 17, RSSI: -99
[P1_RX] Time: 265ms, Receiver: 32, Sender: 17, RSSI: -99
[P1_RX] Time: 265ms, Receiver: 3, Sender: 17, RSSI: -100
[P1_RX] Time: 265ms, Receiver: 47, Sender: 17, RSSI: -100
[P1_RX] Time: 265ms, Receiver: 49, Sender: 17, RSSI: -102
[P1_RX] Time: 265ms, Receiver: 15, Sender: 17, RSSI: -102
[P1_RX] Time: 265ms, Receiver: 43, Sender: 17, RSSI: -102
[P1_RX] Time: 265ms, Receiver: 38, Sender: 17, RSSI: -102
[P1_RX] Time: 265ms, Receiver: 40, Sender: 17, RSSI: -103
[P1_RX] Time: 265ms, Receiver: 41, Sender: 17, RSSI: -104
[P1_RX] Time: 265ms, Receiver: 27, Sender: 17, RSSI: -103
[P1_RX] Time: 265ms, Receiver: 8, Sender: 17, RSSI: -107
[P1_ABORT] Time: 265ms, Drone: 47
[P1_ATTEMPT] Time: 265ms, Drone: 47
[P1_ATTEMPT] Time: 265ms, Drone: 39
[P1_ATTEMPT] Time: 266ms, Drone: 7
[P1_ATTEMPT] Time: 266ms, Drone: 13
[P1_ABORT] Time: 266ms, Drone: 13
[P1_ATTEMPT] Time: 266ms, Drone: 13
[P1_ABORT] Time: 266ms, Drone: 13
[P1_ATTEMPT] Time: 266ms, Drone: 13
[P1_SUCCESS] Time: 266ms, Drone: 47
[P1_RX] Time: 266ms, Receiver: 40, Sender: 47, RSSI: -91
[P1_RX] Time: 266ms, Receiver: 19, Sender: 47, RSSI: -92
[P1_RX] Time: 266ms, Receiver: 27, Sender: 47, RSSI: -95
[P1_RX] Time: 266ms, Receiver: 41, Sender: 47, RSSI: -96
[P1_RX] Time: 266ms, Receiver: 16, Sender: 47, RSSI: -97
[P1_RX] Time: 266ms, Receiver: 32, Sender: 47, RSSI: -99
[P1_RX] Time: 266ms, Receiver: 1, Sender: 47, RSSI: -99
[P1_RX] Time: 266ms, Receiver: 17, Sender: 47, RSSI: -100
[P1_RX] Time: 266ms, Receiver: 18, Sender: 47, RSSI: -103
[P1_RX] Time: 266ms, Receiver: 21, Sender: 47, RSSI: -105
[P1_RX] Time: 266ms, Receiver: 45, Sender: 47, RSSI: -104
[P1_RX] Time: 266ms, Receiver: 15, Sender: 47, RSSI: -105
[P1_RX] Time: 266ms, Receiver: 11, Sender: 47, RSSI: -106
[P1_RX] Time: 266ms, Receiver: 43, Sender: 47, RSSI: -106
[P1_RX] Time: 266ms, Receiver: 3, Sender: 47, RSSI: -108
[P1_SUCCESS] Time: 266ms, Drone: 39
[P1_RX] Time: 266ms, Receiver: 6, Sender: 39, RSSI: -95
[P1_RX] Time: 266ms, Receiver: 35, Sender: 39, RSSI: -96
[P1_RX] Time: 266ms, Receiver: 9, Sender: 39, RSSI: -97
[P1_RX] Time: 266ms, Receiver: 42, Sender: 39, RSSI: -102
[P1_RX] Time: 266ms, Receiver: 0, Sender: 39, RSSI: -103
[P1_ABORT] Time: 266ms, Drone: 13
[P1_ATTEMPT] Time: 266ms, Drone: 13
[P1_SUCCESS] Time: 267ms, Drone: 7
[P1_RX] Time: 267ms, Receiver: 30, Sender: 7, RSSI: -94
[P1_RX] Time: 267ms, Receiver: 12, Sender: 7, RSSI: -103
[P1_ATTEMPT] Time: 267ms, Drone: 30
[P1_ABORT] Time: 267ms, Drone: 30
[P1_ATTEMPT] Time: 267ms, Drone: 30
[P1_ABORT] Time: 267ms, Drone: 30
[P1_ATTEMPT] Time: 267ms, Drone: 30
[P1_SUCCESS] Time: 267ms, Drone: 13
[P1_RX] Time: 267ms, Receiver: 31, Sender: 13, RSSI: -92
[P1_RX] Time: 267ms, Receiver: 48, Sender: 13, RSSI: -93
[P1_RX] Time: 267ms, Receiver: 45, Sender: 13, RSSI: -96
[P1_RX] Time: 267ms, Receiver: 4, Sender: 13, RSSI: -96
[P1_RX] Time: 267ms, Receiver: 2, Sender: 13, RSSI: -97
[P1_RX] Time: 267ms, Receiver: 24, Sender: 13, RSSI: -98
[P1_RX] Time: 267ms, Receiver: 23, Sender: 13, RSSI: -103
[P1_RX] Time: 267ms, Receiver: 0, Sender: 13, RSSI: -104
[P1_RX] Time: 267ms, Receiver: 14, Sender: 13, RSSI: -104
[P1_RX] Time: 267ms, Receiver: 33, Sender: 13, RSSI: -104
[P1_RX] Time: 267ms, Receiver: 32, Sender: 13, RSSI: -105
[P1_RX] Time: 267ms, Receiver: 29, Sender: 13, RSSI: -105
[P1_RX] Time: 267ms, Receiver: 1, Sender: 13, RSSI: -105
[P1_RX] Time: 267ms, Receiver: 42, Sender: 13, RSSI: -105
[P1_RX] Time: 267ms, Receiver: 15, Sender: 13, RSSI: -106
[P1_RX] Time: 267ms, Receiver: 26, Sender: 13, RSSI: -107
[P1_RX] Time: 267ms, Receiver: 19, Sender: 13, RSSI: -108
[P1_RX] Time: 267ms, Receiver: 20, Sender: 13, RSSI: -110
[P1_ABORT] Time: 267ms, Drone: 30
[P1_ATTEMPT] Time: 267ms, Drone: 30
[P1_ATTEMPT] Time: 267ms, Drone: 41
[P1_ATTEMPT] Time: 267ms, Drone: 0
[P1_ABORT] Time: 268ms, Drone: 0
[P1_ATTEMPT] Time: 268ms, Drone: 0
[P1_ABORT] Time: 268ms, Drone: 0
[P1_ATTEMPT] Time: 268ms, Drone: 0
[P1_ABORT] Time: 268ms, Drone: 0
[P1_ATTEMPT] Time: 268ms, Drone: 0
[P1_ABORT] Time: 268ms, Drone: 0
[P1_ATTEMPT] Time: 268ms, Drone: 0
[P1_ABORT] Time: 268ms, Drone: 0
[P1_ATTEMPT] Time: 268ms, Drone: 0
[P1_SUCCESS] Time: 268ms, Drone: 30
[P1_RX] Time: 268ms, Receiver: 7, Sender: 30, RSSI: -94
[P1_RX] Time: 268ms, Receiver: 14, Sender: 30, RSSI: -97
[P1_RX] Time: 268ms, Receiver: 12, Sender: 30, RSSI: -98
[P1_RX] Time: 268ms, Receiver: 23, Sender: 30, RSSI: -102
[P1_RX] Time: 268ms, Receiver: 24, Sender: 30, RSSI: -103
[P1_RX] Time: 268ms, Receiver: 13, Sender: 30, RSSI: -104
[P1_RX] Time: 268ms, Receiver: 48, Sender: 30, RSSI: -104
[P1_RX] Time: 268ms, Receiver: 0, Sender: 30, RSSI: -104
[P1_RX] Time: 268ms, Receiver: 26, Sender: 30, RSSI: -105
[P1_RX] Time: 268ms, Receiver: 2, Sender: 30, RSSI: -105
[P1_ABORT] Time: 268ms, Drone: 0
[P1_ATTEMPT] Time: 268ms, Drone: 0
[P1_SUCCESS] Time: 268ms, Drone: 41
[P1_RX] Time: 268ms, Receiver: 40, Sender: 41, RSSI: -95
[P1_RX] Time: 268ms, Receiver: 47, Sender: 41, RSSI: -97
[P1_RX] Time: 268ms, Receiver: 5, Sender: 41, RSSI: -100
[P1_RX] Time: 268ms, Receiver: 27, Sender: 41, RSSI: -101
[P1_RX] Time: 268ms, Receiver: 19, Sender: 41, RSSI: -101
[P1_RX] Time: 268ms, Receiver: 36, Sender: 41, RSSI: -101
[P1_RX] Time: 268ms, Receiver: 35, Sender: 41, RSSI: -101
[P1_RX] Time: 268ms, Receiver: 22, Sender: 41, RSSI: -103
[P1_RX] Time: 268ms, Receiver: 17, Sender: 41, RSSI: -104
[P1_RX] Time: 268ms, Receiver: 16, Sender: 41, RSSI: -104
[P1_RX] Time: 268ms, Receiver: 9, Sender: 41, RSSI: -106
[P1_RX] Time: 268ms, Receiver: 32, Sender: 41, RSSI: -106
[P1_RX] Time: 268ms, Receiver: 1, Sender: 41, RSSI: -106
[P1_RX] Time: 268ms, Receiver: 18, Sender: 41, RSSI: -107
[P1_RX] Time: 268ms, Receiver: 21, Sender: 41, RSSI: -107
[P1_ATTEMPT] Time: 268ms, Drone: 16
[P1_ATTEMPT] Time: 268ms, Drone: 31
[P1_ABORT] Time: 269ms, Drone: 31
[P1_ATTEMPT] Time: 269ms, Drone: 31
[P1_ABORT] Time: 269ms, Drone: 31
[P1_ATTEMPT] Time: 269ms, Drone: 31
[P1_ABORT] Time: 269ms, Drone: 31
[P1_ATTEMPT] Time: 269ms, Drone: 31
[P1_ABORT] Time: 269ms, Drone: 31
[P1_ATTEMPT] Time: 269ms, Drone: 31
[P1_ABORT] Time: 269ms, Drone: 31
[P1_ATTEMPT] Time: 269ms, Drone: 31
[P1_ATTEMPT] Time: 269ms, Drone: 21
[P1_SUCCESS] Time: 269ms, Drone: 0
[P1_RX] Time: 269ms, Receiver: 23, Sender: 0, RSSI: -89
[P1_RX] Time: 269ms, Receiver: 14, Sender: 0, RSSI: -97
[P1_RX] Time: 269ms, Receiver: 42, Sender: 0, RSSI: -98
[P1_RX] Time: 269ms, Receiver: 2, Sender: 0, RSSI: -98
[P1_RX] Time: 269ms, Receiver: 6, Sender: 0, RSSI: -99
[P1_RX] Time: 269ms, Receiver: 24, Sender: 0, RSSI: -100
[P1_RX] Time: 269ms, Receiver: 26, Sender: 0, RSSI: -101
[P1_RX] Time: 269ms, Receiver: 45, Sender: 0, RSSI: -101
[P1_RX] Time: 269ms, Receiver: 13, Sender: 0, RSSI: -102
[P1_RX] Time: 269ms, Receiver: 31, Sender: 0, RSSI: -103
[P1_RX] Time: 269ms, Receiver: 9, Sender: 0, RSSI: -104
[P1_RX] Time: 269ms, Receiver: 39, Sender: 0, RSSI: -104
[P1_RX] Time: 269ms, Receiver: 30, Sender: 0, RSSI: -105
[P1_RX] Time: 269ms, Receiver: 48, Sender: 0, RSSI: -104
[P1_RX] Time: 269ms, Receiver: 35, Sender: 0, RSSI: -105
[P1_RX] Time: 269ms, Receiver: 7, Sender: 0, RSSI: -107
[P1_ABORT] Time: 269ms, Drone: 31
[P1_ATTEMPT] Time: 269ms, Drone: 31
[P1_ABORT] Time: 269ms, Drone: 21
[P1_ATTEMPT] Time: 269ms, Drone: 21
[P1_SUCCESS] Time: 269ms, Drone: 16
[P1_RX] Time: 269ms, Receiver: 1, Sender: 16, RSSI: -89
[P1_RX] Time: 269ms, Receiver: 32, Sender: 16, RSSI: -91
[P1_RX] Time: 269ms, Receiver: 17, Sender: 16, RSSI: -91
[P1_RX] Time: 269ms, Receiver: 18, Sender: 16, RSSI: -94
[P1_RX] Time: 269ms, Receiver: 21, Sender: 16, RSSI: -97
[P1_RX] Time: 269ms, Receiver: 47, Sender: 16, RSSI: -97
[P1_RX] Time: 269ms, Receiver: 15, Sender: 16, RSSI: -100
[P1_RX] Time: 269ms, Receiver: 3, Sender: 16, RSSI: -100
[P1_RX] Time: 269ms, Receiver: 40, Sender: 16, RSSI: -101
[P1_RX] Time: 269ms, Receiver: 49, Sender: 16, RSSI: -102
[P1_RX] Time: 269ms, Receiver: 27, Sender: 16, RSSI: -101
[P1_RX] Time: 269ms, Receiver: 43, Sender: 16, RSSI: -102
[P1_RX] Time: 269ms, Receiver: 11, Sender: 16, RSSI: -103
[P1_RX] Time: 269ms, Receiver: 41, Sender: 16, RSSI: -104
[P1_RX] Time: 269ms, Receiver: 38, Sender: 16, RSSI: -105
[P1_RX] Time: 269ms, Receiver: 4, Sender: 16, RSSI: -104
[P1_ABORT] Time: 269ms, Drone: 21
[P1_ATTEMPT] Time: 269ms, Drone: 21
[P1_ATTEMPT] Time: 270ms, Drone: 43
[P1_ATTEMPT] Time: 270ms, Drone: 29
[P1_ATTEMPT] Time: 270ms, Drone: 37
[P1_ABORT] Time: 270ms, Drone: 43
[P1_ATTEMPT] Time: 270ms, Drone: 43
[P1_ABORT] Time: 270ms, Drone: 29
[P1_ATTEMPT] Time: 270ms, Drone: 29
[P1_ABORT] Time: 270ms, Drone: 37
[P1_ATTEMPT] Time: 270ms, Drone: 37
[P1_ATTEMPT] Time: 270ms, Drone: 10
[P1_ABORT] Time: 270ms, Drone: 43
[P1_ATTEMPT] Time: 270ms, Drone: 43
[P1_ABORT] Time: 270ms, Drone: 29
[P1_ATTEMPT] Time: 270ms, Drone: 29
[P1_SUCCESS] Time: 270ms, Drone: 31
[P1_RX] Time: 270ms, Receiver: 45, Sender: 31, RSSI: -90
[P1_RX] Time: 270ms, Receiver: 13, Sender: 31, RSSI: -92
[P1_RX] Time: 270ms, Receiver: 4, Sender: 31, RSSI: -101
[P1_RX] Time: 270ms, Receiver: 48, Sender: 31, RSSI: -101
[P1_RX] Time: 270ms, Receiver: 2, Sender: 31, RSSI: -102
[P1_RX] Time: 270ms, Receiver: 33, Sender: 31, RSSI: -102
[P1_RX] Time: 270ms, Receiver: 24, Sender: 31, RSSI: -104
[P1_RX] Time: 270ms, Receiver: 0, Sender: 31, RSSI: -104
[P1_RX] Time: 270ms, Receiver: 29, Sender: 31, RSSI: -105
[P1_RX] Time: 270ms, Receiver: 23, Sender: 31, RSSI: -106
[P1_RX] Time: 270ms, Receiver: 27, Sender: 31, RSSI: -106
[P1_RX] Time: 270ms, Receiver: 14, Sender: 31, RSSI: -106
[P1_RX] Time: 270ms, Receiver: 37, Sender: 31, RSSI: -106
[P1_RX] Time: 270ms, Receiver: 12, Sender: 31, RSSI: -107
[P1_RX] Time: 270ms, Receiver: 30, Sender: 31, RSSI: -107
[P1_RX] Time: 270ms, Receiver: 25, Sender: 31, RSSI: -108
[P1_ABORT] Time: 270ms, Drone: 37
[P1_ATTEMPT] Time: 270ms, Drone: 37
[P1_ABORT] Time: 270ms, Drone: 10
[P1_ATTEMPT] Time: 270ms, Drone: 10
[P1_ABORT] Time: 270ms, Drone: 43
[P1_ATTEMPT] Time: 270ms, Drone: 43
[P1_ABORT] Time: 270ms, Drone: 29
[P1_ATTEMPT] Time: 270ms, Drone: 29
[P1_SUCCESS] Time: 270ms, Drone: 21
[P1_RX] Time: 270ms, Receiver: 11, Sender: 21, RSSI: -96
[P1_RX] Time: 270ms, Receiver: 38, Sender: 21, RSSI: -97
[P1_RX] Time: 270ms, Receiver: 8, Sender: 21, RSSI: -104
[P1_RX] Time: 270ms, Receiver: 10, Sender: 21, RSSI: -105
[P1_ABORT] Time: 270ms, Drone: 10
[P1_ATTEMPT] Time: 270ms, Drone: 10
[P1_ABORT] Time: 270ms, Drone: 43
[P1_ATTEMPT] Time: 270ms, Drone: 43
[P1_ATTEMPT] Time: 271ms, Drone: 15
[P1_ABORT] Time: 271ms, Drone: 15
[P1_ATTEMPT] Time: 271ms, Drone: 15
[P1_SUCCESS] Time: 271ms, Drone: 37
[P1_RX] Time: 271ms, Receiver: 34, Sender: 37, RSSI: -100
[P1_RX] Time: 271ms, Receiver: 28, Sender: 37, RSSI: -102
[P1_ABORT] Time: 271ms, Drone: 15
[P1_ATTEMPT] Time: 271ms, Drone: 15
[P1_SUCCESS] Time: 271ms, Drone: 29
[P1_RX] Time: 271ms, Receiver: 48, Sender: 29, RSSI: -103
[P1_SUCCESS] Time: 271ms, Drone: 10
[P1_RX] Time: 271ms, Receiver: 38, Sender: 10, RSSI: -94
[P1_RX] Time: 271ms, Receiver: 8, Sender: 10, RSSI: -100
[P1_SUCCESS] Time: 271ms, Drone: 43
[P1_RX] Time: 271ms, Receiver: 21, Sender: 43, RSSI: -98
[P1_RX] Time: 271ms, Receiver: 18, Sender: 43, RSSI: -98
[P1_RX] Time: 271ms, Receiver: 11, Sender: 43, RSSI: -99
[P1_RX] Time: 271ms, Receiver: 17, Sender: 43, RSSI: -101
[P1_RX] Time: 271ms, Receiver: 16, Sender: 43, RSSI: -101
[P1_RX] Time: 271ms, Receiver: 27, Sender: 43, RSSI: -104
[P1_RX] Time: 271ms, Receiver: 47, Sender: 43, RSSI: -105
[P1_ABORT] Time: 271ms, Drone: 15
[P1_ATTEMPT] Time: 271ms, Drone: 15
[P1_ATTEMPT] Time: 271ms, Drone: 22
[P1_ATTEMPT] Time: 272ms, Drone: 25
[P1_ABORT] Time: 272ms, Drone: 25
[P1_ATTEMPT] Time: 272ms, Drone: 25
[P1_ABORT] Time: 272ms, Drone: 25
[P1_ATTEMPT] Time: 272ms, Drone: 25
[P1_ABORT] Time: 272ms, Drone: 25
[P1_ATTEMPT] Time: 272ms, Drone: 25
[P1_ABORT] Time: 272ms, Drone: 25
[P1_ATTEMPT] Time: 272ms, Drone: 25
[P1_SUCCESS] Time: 272ms, Drone: 15
[P1_RX] Time: 272ms, Receiver: 43, Sender: 15, RSSI: -93
[P1_RX] Time: 272ms, Receiver: 32, Sender: 15, RSSI: -95
[P1_RX] Time: 272ms, Receiver: 1, Sender: 15, RSSI: -98
[P1_RX] Time: 272ms, Receiver: 18, Sender: 15, RSSI: -100
[P1_RX] Time: 272ms, Receiver: 16, Sender: 15, RSSI: -100
[P1_RX] Time: 272ms, Receiver: 21, Sender: 15, RSSI: -100
[P1_RX] Time: 272ms, Receiver: 3, Sender: 15, RSSI: -102
[P1_RX] Time: 272ms, Receiver: 17, Sender: 15, RSSI: -102
[P1_RX] Time: 272ms, Receiver: 49, Sender: 15, RSSI: -103
[P1_RX] Time: 272ms, Receiver: 38, Sender: 15, RSSI: -103
[P1_RX] Time: 272ms, Receiver: 45, Sender: 15, RSSI: -103
[P1_RX] Time: 272ms, Receiver: 33, Sender: 15, RSSI: -103
[P1_RX] Time: 272ms, Receiver: 4, Sender: 15, RSSI: -104
[P1_RX] Time: 272ms, Receiver: 31, Sender: 15, RSSI: -104
[P1_RX] Time: 272ms, Receiver: 11, Sender: 15, RSSI: -104
[P1_RX] Time: 272ms, Receiver: 27, Sender: 15, RSSI: -103
[P1_RX] Time: 272ms, Receiver: 37, Sender: 15, RSSI: -105
[P1_RX] Time: 272ms, Receiver: 10, Sender: 15, RSSI: -106
[P1_RX] Time: 272ms, Receiver: 29, Sender: 15, RSSI: -106
[P1_RX] Time: 272ms, Receiver: 13, Sender: 15, RSSI: -106
[P1_RX] Time: 272ms, Receiver: 8, Sender: 15, RSSI: -108
[P1_SUCCESS] Time: 272ms, Drone: 22
[P1_RX] Time: 272ms, Receiver: 36, Sender: 22, RSSI: -99
[P1_RX] Time: 272ms, Receiver: 9, Sender: 22, RSSI: -102
[P1_RX] Time: 272ms, Receiver: 5, Sender: 22, RSSI: -103
[P1_RX] Time: 272ms, Receiver: 41, Sender: 22, RSSI: -102
[P1_RX] Time: 272ms, Receiver: 35, Sender: 22, RSSI: -103
[P1_RX] Time: 272ms, Receiver: 39, Sender: 22, RSSI: -106
[P1_ATTEMPT] Time: 272ms, Drone: 18
[P1_ATTEMPT] Time: 272ms, Drone: 40
[P1_ATTEMPT] Time: 273ms, Drone: 46
[P1_ABORT] Time: 273ms, Drone: 46
[P1_ATTEMPT] Time: 273ms, Drone: 46
[P1_SUCCESS] Time: 273ms, Drone: 25
[P1_RX] Time: 273ms, Receiver: 29, Sender: 25, RSSI: -93
[P1_RX] Time: 273ms, Receiver: 37, Sender: 25, RSSI: -95
[P1_RX] Time: 273ms, Receiver: 33, Sender: 25, RSSI: -99
[P1_RX] Time: 273ms, Receiver: 34, Sender: 25, RSSI: -103
[P1_RX] Time: 273ms, Receiver: 20, Sender: 25, RSSI: -104
[P1_RX] Time: 273ms, Receiver: 28, Sender: 25, RSSI: -104
[P1_RX] Time: 273ms, Receiver: 46, Sender: 25, RSSI: -106
[P1_ABORT] Time: 273ms, Drone: 46
[P1_ATTEMPT] Time: 273ms, Drone: 46
[P1_ATTEMPT] Time: 273ms, Drone: 42
[P1_SUCCESS] Time: 273ms, Drone: 18
[P1_RX] Time: 273ms, Receiver: 21, Sender: 18, RSSI: -78
[P1_RX] Time: 273ms, Receiver: 17, Sender: 18, RSSI: -86
[P1_RX] Time: 273ms, Receiver: 16, Sender: 18, RSSI: -93
[P1_RX] Time: 273ms, Receiver: 3, Sender: 18, RSSI: -97
[P1_RX] Time: 273ms, Receiver: 11, Sender: 18, RSSI: -97
[P1_RX] Time: 273ms, Receiver: 32, Sender: 18, RSSI: -98
[P1_RX] Time: 273ms, Receiver: 1, Sender: 18, RSSI: -98
[P1_RX] Time: 273ms, Receiver: 43, Sender: 18, RSSI: -99
[P1_RX] Time: 273ms, Receiver: 38, Sender: 18, RSSI: -99
[P1_RX] Time: 273ms, Receiver: 49, Sender: 18, RSSI: -99
[P1_RX] Time: 273ms, Receiver: 8, Sender: 18, RSSI: -105
[P1_SUCCESS] Time: 273ms, Drone: 40
[P1_RX] Time: 273ms, Receiver: 47, Sender: 40, RSSI: -90
[P1_RX] Time: 273ms, Receiver: 19, Sender: 40, RSSI: -92
[P1_RX] Time: 273ms, Receiver: 41, Sender: 40, RSSI: -95
[P1_RX] Time: 273ms, Receiver: 5, Sender: 40, RSSI: -98
[P1_RX] Time: 273ms, Receiver: 35, Sender: 40, RSSI: -99
[P1_RX] Time: 273ms, Receiver: 27, Sender: 40, RSSI: -100
[P1_RX] Time: 273ms, Receiver: 36, Sender: 40, RSSI: -104
[P1_RX] Time: 273ms, Receiver: 39, Sender: 40, RSSI: -106
[P1_RX] Time: 273ms, Receiver: 9, Sender: 40, RSSI: -106
[P1_RX] Time: 273ms, Receiver: 42, Sender: 40, RSSI: -106
[P1_RX] Time: 273ms, Receiver: 2, Sender: 40, RSSI: -105
[P1_RX] Time: 273ms, Receiver: 22, Sender: 40, RSSI: -106
[P1_ATTEMPT] Time: 273ms, Drone: 32
[P1_ATTEMPT] Time: 273ms, Drone: 8
[P1_ABORT] Time: 273ms, Drone: 42
[P1_ATTEMPT] Time: 273ms, Drone: 42
[P1_SUCCESS] Time: 274ms, Drone: 46
[P1_RX] Time: 274ms, Receiver: 28, Sender: 46, RSSI: -82
[P1_RX] Time: 274ms, Receiver: 34, Sender: 46, RSSI: -87
[P1_RX] Time: 274ms, Receiver: 44, Sender: 46, RSSI: -100
[P1_RX] Time: 274ms, Receiver: 37, Sender: 46, RSSI: -105
[P1_RX] Time: 274ms, Receiver: 25, Sender: 46, RSSI: -106
[P1_ATTEMPT] Time: 274ms, Drone: 20
[P1_SUCCESS] Time: 274ms, Drone: 32
[P1_RX] Time: 274ms, Receiver: 1, Sender: 32, RSSI: -82
[P1_RX] Time: 274ms, Receiver: 16, Sender: 32, RSSI: -91
[P1_RX] Time: 274ms, Receiver: 15, Sender: 32, RSSI: -95
[P1_RX] Time: 274ms, Receiver: 18, Sender: 32, RSSI: -98
[P1_RX] Time: 274ms, Receiver: 47, Sender: 32, RSSI: -98
[P1_RX] Time: 274ms, Receiver: 17, Sender: 32, RSSI: -99
[P1_RX] Time: 274ms, Receiver: 27, Sender: 32, RSSI: -99
[P1_RX] Time: 274ms, Receiver: 45, Sender: 32, RSSI: -99
[P1_RX] Time: 274ms, Receiver: 21, Sender: 32, RSSI: -99
[P1_RX] Time: 274ms, Receiver: 43, Sender: 32, RSSI: -100
[P1_RX] Time: 274ms, Receiver: 4, Sender: 32, RSSI: -100
[P1_RX] Time: 274ms, Receiver: 3, Sender: 32, RSSI: -100
[P1_RX] Time: 274ms, Receiver: 49, Sender: 32, RSSI: -100
[P1_RX] Time: 274ms, Receiver: 40, Sender: 32, RSSI: -102
[P1_RX] Time: 274ms, Receiver: 31, Sender: 32, RSSI: -102
[P1_RX] Time: 274ms, Receiver: 11, Sender: 32, RSSI: -103
[P1_RX] Time: 274ms, Receiver: 41, Sender: 32, RSSI: -105
[P1_SUCCESS] Time: 274ms, Drone: 8
[P1_RX] Time: 274ms, Receiver: 38, Sender: 8, RSSI: -101
[P1_SUCCESS] Time: 274ms, Drone: 42
[P1_RX] Time: 274ms, Receiver: 26, Sender: 42, RSSI: -94
[P1_RX] Time: 274ms, Receiver: 2, Sender: 42, RSSI: -95
[P1_RX] Time: 274ms, Receiver: 23, Sender: 42, RSSI: -97
[P1_RX] Time: 274ms, Receiver: 24, Sender: 42, RSSI: -97
[P1_RX] Time: 274ms, Receiver: 0, Sender: 42, RSSI: -98
[P1_RX] Time: 274ms, Receiver: 6, Sender: 42, RSSI: -98
[P1_RX] Time: 274ms, Receiver: 14, Sender: 42, RSSI: -101
[P1_RX] Time: 274ms, Receiver: 39, Sender: 42, RSSI: -103
[P1_RX] Time: 274ms, Receiver: 35, Sender: 42, RSSI: -103
[P1_RX] Time: 274ms, Receiver: 5, Sender: 42, RSSI: -104
[P1_RX] Time: 274ms, Receiver: 9, Sender: 42, RSSI: -105
[P1_RX] Time: 274ms, Receiver: 30, Sender: 42, RSSI: -106
[P1_RX] Time: 274ms, Receiver: 7, Sender: 42, RSSI: -108
[P1_ATTEMPT] Time: 274ms, Drone: 11
[P1_SUCCESS] Time: 275ms, Drone: 20
[P1_RX] Time: 275ms, Receiver: 29, Sender: 20, RSSI: -103
[P1_RX] Time: 275ms, Receiver: 44, Sender: 20, RSSI: -103
[P1_RX] Time: 275ms, Receiver: 37, Sender: 20, RSSI: -103
[P1_RX] Time: 275ms, Receiver: 25, Sender: 20, RSSI: -104
[P1_RX] Time: 275ms, Receiver: 34, Sender: 20, RSSI: -105
[P1_RX] Time: 275ms, Receiver: 28, Sender: 20, RSSI: -105
[P1_RX] Time: 275ms, Receiver: 33, Sender: 20, RSSI: -105
[P1_RX] Time: 275ms, Receiver: 4, Sender: 20, RSSI: -106
[P1_RX] Time: 275ms, Receiver: 46, Sender: 20, RSSI: -107
[P1_SUCCESS] Time: 275ms, Drone: 11
[P1_RX] Time: 275ms, Receiver: 38, Sender: 11, RSSI: -94
[P1_RX] Time: 275ms, Receiver: 21, Sender: 11, RSSI: -96
[P1_RX] Time: 275ms, Receiver: 18, Sender: 11, RSSI: -98
[P1_RX] Time: 275ms, Receiver: 17, Sender: 11, RSSI: -99
[P1_RX] Time: 275ms, Receiver: 43, Sender: 11, RSSI: -100
[P1_RX] Time: 275ms, Receiver: 16, Sender: 11, RSSI: -103
[P1_RX] Time: 275ms, Receiver: 10, Sender: 11, RSSI: -105
[P1_RX] Time: 275ms, Receiver: 47, Sender: 11, RSSI: -106
[P1_RX] Time: 275ms, Receiver: 27, Sender: 11, RSSI: -106
[P1_RX] Time: 275ms, Receiver: 8, Sender: 11, RSSI: -106
[P1_RX] Time: 275ms, Receiver: 41, Sender: 11, RSSI: -107
[P1_ATTEMPT] Time: 275ms, Drone: 33
[P1_ATTEMPT] Time: 276ms, Drone: 4
[P1_SUCCESS] Time: 276ms, Drone: 33
[P1_RX] Time: 276ms, Receiver: 29, Sender: 33, RSSI: -89
[P1_RX] Time: 276ms, Receiver: 37, Sender: 33, RSSI: -90
[P1_RX] Time: 276ms, Receiver: 25, Sender: 33, RSSI: -98
[P1_RX] Time: 276ms, Receiver: 15, Sender: 33, RSSI: -101
[P1_RX] Time: 276ms, Receiver: 28, Sender: 33, RSSI: -106
[P1_SUCCESS] Time: 276ms, Drone: 4
[P1_RX] Time: 276ms, Receiver: 48, Sender: 4, RSSI: -94
[P1_RX] Time: 276ms, Receiver: 13, Sender: 4, RSSI: -95
[P1_RX] Time: 276ms, Receiver: 1, Sender: 4, RSSI: -100
[P1_RX] Time: 276ms, Receiver: 45, Sender: 4, RSSI: -100
[P1_RX] Time: 276ms, Receiver: 2, Sender: 4, RSSI: -101
[P1_RX] Time: 276ms, Receiver: 24, Sender: 4, RSSI: -101
[P1_RX] Time: 276ms, Receiver: 32, Sender: 4, RSSI: -101
[P1_RX] Time: 276ms, Receiver: 16, Sender: 4, RSSI: -104
[P1_RX] Time: 276ms, Receiver: 49, Sender: 4, RSSI: -104
[P1_RX] Time: 276ms, Receiver: 3, Sender: 4, RSSI: -105
[P1_RX] Time: 276ms, Receiver: 42, Sender: 4, RSSI: -107
[P1_RX] Time: 276ms, Receiver: 19, Sender: 4, RSSI: -106
[P1_RX] Time: 276ms, Receiver: 23, Sender: 4, RSSI: -107
[P1_RX] Time: 276ms, Receiver: 47, Sender: 4, RSSI: -107
[P1_RX] Time: 276ms, Receiver: 0, Sender: 4, RSSI: -107
[P1_RX] Time: 276ms, Receiver: 27, Sender: 4, RSSI: -107
[P1_RX] Time: 276ms, Receiver: 14, Sender: 4, RSSI: -107
[P1_RX] Time: 276ms, Receiver: 30, Sender: 4, RSSI: -107
[P1_ATTEMPT] Time: 277ms, Drone: 49
[P1_ATTEMPT] Time: 277ms, Drone: 28
[P1_SUCCESS] Time: 278ms, Drone: 49
[P1_RX] Time: 278ms, Receiver: 3, Sender: 49, RSSI: -80
[P1_RX] Time: 278ms, Receiver: 18, Sender: 49, RSSI: -100
[P1_RX] Time: 278ms, Receiver: 21, Sender: 49, RSSI: -100
[P1_RX] Time: 278ms, Receiver: 16, Sender: 49, RSSI: -102
[P1_RX] Time: 278ms, Receiver: 1, Sender: 49, RSSI: -102
[P1_RX] Time: 278ms, Receiver: 17, Sender: 49, RSSI: -102
[P1_RX] Time: 278ms, Receiver: 15, Sender: 49, RSSI: -102
[P1_RX] Time: 278ms, Receiver: 32, Sender: 49, RSSI: -103
[P1_RX] Time: 278ms, Receiver: 8, Sender: 49, RSSI: -103
[P1_RX] Time: 278ms, Receiver: 43, Sender: 49, RSSI: -104
[P1_RX] Time: 278ms, Receiver: 38, Sender: 49, RSSI: -105
[P1_RX] Time: 278ms, Receiver: 4, Sender: 49, RSSI: -105
[P1_RX] Time: 278ms, Receiver: 10, Sender: 49, RSSI: -106
[P1_RX] Time: 278ms, Receiver: 47, Sender: 49, RSSI: -108
[P1_SUCCESS] Time: 278ms, Drone: 28
[P1_RX] Time: 278ms, Receiver: 34, Sender: 28, RSSI: -78
[P1_RX] Time: 278ms, Receiver: 46, Sender: 28, RSSI: -82
[P1_RX] Time: 278ms, Receiver: 44, Sender: 28, RSSI: -99
[P1_RX] Time: 278ms, Receiver: 37, Sender: 28, RSSI: -102
[P1_RX] Time: 278ms, Receiver: 25, Sender: 28, RSSI: -104
[P1_RX] Time: 278ms, Receiver: 29, Sender: 28, RSSI: -104
[P1_ATTEMPT] Time: 306ms, Drone: 36
[P1_ATTEMPT] Time: 306ms, Drone: 1
[P1_SUCCESS] Time: 307ms, Drone: 36
[P1_RX] Time: 307ms, Receiver: 22, Sender: 36, RSSI: -100
[P1_RX] Time: 307ms, Receiver: 5, Sender: 36, RSSI: -100
[P1_RX] Time: 307ms, Receiver: 41, Sender: 36, RSSI: -101
[P1_RX] Time: 307ms, Receiver: 35, Sender: 36, RSSI: -102
[P1_RX] Time: 307ms, Receiver: 9, Sender: 36, RSSI: -107
[P1_RX] Time: 307ms, Receiver: 39, Sender: 36, RSSI: -107
[P1_SUCCESS] Time: 307ms, Drone: 1
[P1_RX] Time: 307ms, Receiver: 32, Sender: 1, RSSI: -82
[P1_RX] Time: 307ms, Receiver: 16, Sender: 1, RSSI: -89
[P1_RX] Time: 307ms, Receiver: 15, Sender: 1, RSSI: -98
[P1_RX] Time: 307ms, Receiver: 17, Sender: 1, RSSI: -99
[P1_RX] Time: 307ms, Receiver: 18, Sender: 1, RSSI: -99
[P1_RX] Time: 307ms, Receiver: 4, Sender: 1, RSSI: -101
[P1_RX] Time: 307ms, Receiver: 21, Sender: 1, RSSI: -101
[P1_RX] Time: 307ms, Receiver: 3, Sender: 1, RSSI: -102
[P1_RX] Time: 307ms, Receiver: 49, Sender: 1, RSSI: -102
[P1_RX] Time: 307ms, Receiver: 45, Sender: 1, RSSI: -102
[P1_RX] Time: 307ms, Receiver: 43, Sender: 1, RSSI: -103
[P1_RX] Time: 307ms, Receiver: 2, Sender: 1, RSSI: -105
[P1_RX] Time: 307ms, Receiver: 13, Sender: 1, RSSI: -105
[P1_RX] Time: 307ms, Receiver: 31, Sender: 1, RSSI: -105
[P1_RX] Time: 307ms, Receiver: 48, Sender: 1, RSSI: -106
[P1_RX] Time: 307ms, Receiver: 11, Sender: 1, RSSI: -106
[P1_RX] Time: 307ms, Receiver: 24, Sender: 1, RSSI: -107
[P1_RX] Time: 307ms, Receiver: 38, Sender: 1, RSSI: -107
[P1_RX] Time: 307ms, Receiver: 33, Sender: 1, RSSI: -108
[P1_RX] Time: 307ms, Receiver: 42, Sender: 1, RSSI: -108
[P1_ATTEMPT] Time: 308ms, Drone: 12
[P1_ATTEMPT] Time: 308ms, Drone: 34
[P1_ATTEMPT] Time: 309ms, Drone: 14
[P1_SUCCESS] Time: 309ms, Drone: 12
[P1_RX] Time: 309ms, Receiver: 30, Sender: 12, RSSI: -98
[P1_RX] Time: 309ms, Receiver: 7, Sender: 12, RSSI: -103
[P1_RX] Time: 309ms, Receiver: 13, Sender: 12, RSSI: -105
[P1_RX] Time: 309ms, Receiver: 14, Sender: 12, RSSI: -106
[P1_RX] Time: 309ms, Receiver: 48, Sender: 12, RSSI: -106
[P1_RX] Time: 309ms, Receiver: 31, Sender: 12, RSSI: -106
[P1_SUCCESS] Time: 309ms, Drone: 34
[P1_RX] Time: 309ms, Receiver: 28, Sender: 34, RSSI: -78
[P1_RX] Time: 309ms, Receiver: 46, Sender: 34, RSSI: -87
[P1_RX] Time: 309ms, Receiver: 44, Sender: 34, RSSI: -101
[P1_RX] Time: 309ms, Receiver: 37, Sender: 34, RSSI: -102
[P1_RX] Time: 309ms, Receiver: 25, Sender: 34, RSSI: -102
[P1_RX] Time: 309ms, Receiver: 20, Sender: 34, RSSI: -104
[P1_RX] Time: 309ms, Receiver: 29, Sender: 34, RSSI: -103
[P1_RX] Time: 309ms, Receiver: 33, Sender: 34, RSSI: -105
[P1_ABORT] Time: 309ms, Drone: 14
[P1_ATTEMPT] Time: 309ms, Drone: 14
[P1_ATTEMPT] Time: 310ms, Drone: 49
[P1_SUCCESS] Time: 310ms, Drone: 14
[P1_RX] Time: 310ms, Receiver: 23, Sender: 14, RSSI: -89
[P1_RX] Time: 310ms, Receiver: 0, Sender: 14, RSSI: -97
[P1_RX] Time: 310ms, Receiver: 30, Sender: 14, RSSI: -97
[P1_RX] Time: 310ms, Receiver: 26, Sender: 14, RSSI: -99
[P1_RX] Time: 310ms, Receiver: 24, Sender: 14, RSSI: -99
[P1_RX] Time: 310ms, Receiver: 7, Sender: 14, RSSI: -101
[P1_RX] Time: 310ms, Receiver: 2, Sender: 14, RSSI: -101
[P1_RX] Time: 310ms, Receiver: 42, Sender: 14, RSSI: -102
[P1_RX] Time: 310ms, Receiver: 13, Sender: 14, RSSI: -104
[P1_RX] Time: 310ms, Receiver: 6, Sender: 14, RSSI: -104
[P1_RX] Time: 310ms, Receiver: 48, Sender: 14, RSSI: -105
[P1_RX] Time: 310ms, Receiver: 12, Sender: 14, RSSI: -106
[P1_RX] Time: 310ms, Receiver: 31, Sender: 14, RSSI: -106
[P1_ATTEMPT] Time: 310ms, Drone: 18
[P1_ABORT] Time: 310ms, Drone: 18
[P1_ATTEMPT] Time: 310ms, Drone: 18
[P1_SUCCESS] Time: 310ms, Drone: 49
[P1_RX] Time: 310ms, Receiver: 3, Sender: 49, RSSI: -80
[P1_RX] Time: 310ms, Receiver: 18, Sender: 49, RSSI: -100
[P1_RX] Time: 310ms, Receiver: 21, Sender: 49, RSSI: -100
[P1_RX] Time: 310ms, Receiver: 16, Sender: 49, RSSI: -102
[P1_RX] Time: 310ms, Receiver: 1, Sender: 49, RSSI: -102
[P1_RX] Time: 310ms, Receiver: 17, Sender: 49, RSSI: -103
[P1_RX] Time: 310ms, Receiver: 15, Sender: 49, RSSI: -103
[P1_RX] Time: 310ms, Receiver: 32, Sender: 49, RSSI: -103
[P1_RX] Time: 310ms, Receiver: 8, Sender: 49, RSSI: -104
[P1_RX] Time: 310ms, Receiver: 43, Sender: 49, RSSI: -105
[P1_RX] Time: 310ms, Receiver: 38, Sender: 49, RSSI: -106
[P1_RX] Time: 310ms, Receiver: 20, Sender: 49, RSSI: -107
[P1_RX] Time: 310ms, Receiver: 11, Sender: 49, RSSI: -107
[P1_RX] Time: 310ms, Receiver: 10, Sender: 49, RSSI: -108
[P1_RX] Time: 310ms, Receiver: 47, Sender: 49, RSSI: -109
[P1_RX] Time: 310ms, Receiver: 37, Sender: 49, RSSI: -109
[P1_RX] Time: 310ms, Receiver: 44, Sender: 49, RSSI: -109
[P1_RX] Time: 310ms, Receiver: 29, Sender: 49, RSSI: -110
[P1_ATTEMPT] Time: 310ms, Drone: 0
[P1_ABORT] Time: 311ms, Drone: 18
[P1_ATTEMPT] Time: 311ms, Drone: 18
[P1_ATTEMPT] Time: 311ms, Drone: 3
[P1_ATTEMPT] Time: 311ms, Drone: 7
[P1_SUCCESS] Time: 311ms, Drone: 0
[P1_RX] Time: 311ms, Receiver: 23, Sender: 0, RSSI: -89
[P1_RX] Time: 311ms, Receiver: 14, Sender: 0, RSSI: -97
[P1_RX] Time: 311ms, Receiver: 42, Sender: 0, RSSI: -98
[P1_RX] Time: 311ms, Receiver: 2, Sender: 0, RSSI: -98
[P1_RX] Time: 311ms, Receiver: 6, Sender: 0, RSSI: -99
[P1_RX] Time: 311ms, Receiver: 24, Sender: 0, RSSI: -100
[P1_RX] Time: 311ms, Receiver: 26, Sender: 0, RSSI: -101
[P1_RX] Time: 311ms, Receiver: 45, Sender: 0, RSSI: -101
[P1_RX] Time: 311ms, Receiver: 13, Sender: 0, RSSI: -102
[P1_RX] Time: 311ms, Receiver: 31, Sender: 0, RSSI: -103
[P1_RX] Time: 311ms, Receiver: 9, Sender: 0, RSSI: -104
[P1_RX] Time: 311ms, Receiver: 39, Sender: 0, RSSI: -104
[P1_SUCCESS] Time: 311ms, Drone: 18
[P1_RX] Time: 311ms, Receiver: 21, Sender: 18, RSSI: -78
[P1_RX] Time: 311ms, Receiver: 17, Sender: 18, RSSI: -86
[P1_RX] Time: 311ms, Receiver: 16, Sender: 18, RSSI: -93
[P1_RX] Time: 311ms, Receiver: 11, Sender: 18, RSSI: -97
[P1_RX] Time: 311ms, Receiver: 32, Sender: 18, RSSI: -97
[P1_RX] Time: 311ms, Receiver: 1, Sender: 18, RSSI: -97
[P1_RX] Time: 311ms, Receiver: 43, Sender: 18, RSSI: -98
[P1_RX] Time: 311ms, Receiver: 38, Sender: 18, RSSI: -98
[P1_RX] Time: 311ms, Receiver: 15, Sender: 18, RSSI: -98
[P1_RX] Time: 311ms, Receiver: 47, Sender: 18, RSSI: -101
[P1_RX] Time: 311ms, Receiver: 40, Sender: 18, RSSI: -103
[P1_SUCCESS] Time: 311ms, Drone: 3
[P1_RX] Time: 311ms, Receiver: 49, Sender: 3, RSSI: -80
[P1_SUCCESS] Time: 312ms, Drone: 7
[P1_ATTEMPT] Time: 312ms, Drone: 24
[P1_ATTEMPT] Time: 312ms, Drone: 15
[P1_SUCCESS] Time: 313ms, Drone: 24
[P1_RX] Time: 313ms, Receiver: 2, Sender: 24, RSSI: -89
[P1_RX] Time: 313ms, Receiver: 48, Sender: 24, RSSI: -94
[P1_RX] Time: 313ms, Receiver: 13, Sender: 24, RSSI: -97
[P1_RX] Time: 313ms, Receiver: 42, Sender: 24, RSSI: -98
[P1_RX] Time: 313ms, Receiver: 23, Sender: 24, RSSI: -98
[P1_RX] Time: 313ms, Receiver: 26, Sender: 24, RSSI: -99
[P1_RX] Time: 313ms, Receiver: 14, Sender: 24, RSSI: -99
[P1_RX] Time: 313ms, Receiver: 0, Sender: 24, RSSI: -101
[P1_RX] Time: 313ms, Receiver: 4, Sender: 24, RSSI: -100
[P1_RX] Time: 313ms, Receiver: 30, Sender: 24, RSSI: -103
[P1_RX] Time: 313ms, Receiver: 31, Sender: 24, RSSI: -101
[P1_RX] Time: 313ms, Receiver: 6, Sender: 24, RSSI: -106
[P1_RX] Time: 313ms, Receiver: 19, Sender: 24, RSSI: -104
[P1_RX] Time: 313ms, Receiver: 12, Sender: 24, RSSI: -107
[P1_SUCCESS] Time: 313ms, Drone: 15
[P1_RX] Time: 313ms, Receiver: 43, Sender: 15, RSSI: -93
[P1_RX] Time: 313ms, Receiver: 32, Sender: 15, RSSI: -95
[P1_RX] Time: 313ms, Receiver: 1, Sender: 15, RSSI: -98
[P1_RX] Time: 313ms, Receiver: 18, Sender: 15, RSSI: -100
[P1_RX] Time: 313ms, Receiver: 16, Sender: 15, RSSI: -100
[P1_RX] Time: 313ms, Receiver: 21, Sender: 15, RSSI: -100
[P1_RX] Time: 313ms, Receiver: 3, Sender: 15, RSSI: -102
[P1_RX] Time: 313ms, Receiver: 17, Sender: 15, RSSI: -102
[P1_RX] Time: 313ms, Receiver: 49, Sender: 15, RSSI: -102
[P1_RX] Time: 313ms, Receiver: 38, Sender: 15, RSSI: -103
[P1_RX] Time: 313ms, Receiver: 33, Sender: 15, RSSI: -103
[P1_RX] Time: 313ms, Receiver: 11, Sender: 15, RSSI: -104
[P1_RX] Time: 313ms, Receiver: 27, Sender: 15, RSSI: -103
[P1_RX] Time: 313ms, Receiver: 37, Sender: 15, RSSI: -105
[P1_RX] Time: 313ms, Receiver: 47, Sender: 15, RSSI: -104
[P1_RX] Time: 313ms, Receiver: 10, Sender: 15, RSSI: -106
[P1_RX] Time: 313ms, Receiver: 29, Sender: 15, RSSI: -105
[P1_ATTEMPT] Time: 313ms, Drone: 19
[P1_ATTEMPT] Time: 313ms, Drone: 30
[P1_ATTEMPT] Time: 313ms, Drone: 33
[P1_ATTEMPT] Time: 314ms, Drone: 8
[P1_ATTEMPT] Time: 314ms, Drone: 29
[P1_ABORT] Time: 314ms, Drone: 29
[P1_ATTEMPT] Time: 314ms, Drone: 29
[P1_SUCCESS] Time: 314ms, Drone: 19
[P1_RX] Time: 314ms, Receiver: 40, Sender: 19, RSSI: -92
[P1_RX] Time: 314ms, Receiver: 47, Sender: 19, RSSI: -92
[P1_RX] Time: 314ms, Receiver: 27, Sender: 19, RSSI: -98
[P1_RX] Time: 314ms, Receiver: 35, Sender: 19, RSSI: -98
[P1_RX] Time: 314ms, Receiver: 5, Sender: 19, RSSI: -99
[P1_RX] Time: 314ms, Receiver: 41, Sender: 19, RSSI: -101
[P1_RX] Time: 314ms, Receiver: 1, Sender: 19, RSSI: -101
[P1_RX] Time: 314ms, Receiver: 32, Sender: 19, RSSI: -102
[P1_RX] Time: 314ms, Receiver: 16, Sender: 19, RSSI: -102
[P1_RX] Time: 314ms, Receiver: 42, Sender: 19, RSSI: -101
[P1_RX] Time: 314ms, Receiver: 2, Sender: 19, RSSI: -101
[P1_RX] Time: 314ms, Receiver: 39, Sender: 19, RSSI: -104
[P1_RX] Time: 314ms, Receiver: 45, Sender: 19, RSSI: -103
[P1_RX] Time: 314ms, Receiver: 9, Sender: 19, RSSI: -104
[P1_RX] Time: 314ms, Receiver: 6, Sender: 19, RSSI: -104
[P1_RX] Time: 314ms, Receiver: 36, Sender: 19, RSSI: -107
[P1_SUCCESS] Time: 314ms, Drone: 30
[P1_RX] Time: 314ms, Receiver: 7, Sender: 30, RSSI: -94
[P1_RX] Time: 314ms, Receiver: 14, Sender: 30, RSSI: -97
[P1_RX] Time: 314ms, Receiver: 12, Sender: 30, RSSI: -98
[P1_RX] Time: 314ms, Receiver: 23, Sender: 30, RSSI: -101
[P1_RX] Time: 314ms, Receiver: 13, Sender: 30, RSSI: -103
[P1_RX] Time: 314ms, Receiver: 48, Sender: 30, RSSI: -103
[P1_RX] Time: 314ms, Receiver: 26, Sender: 30, RSSI: -104
[P1_ABORT] Time: 314ms, Drone: 29
[P1_ATTEMPT] Time: 314ms, Drone: 29
[P1_SUCCESS] Time: 314ms, Drone: 33
[P1_RX] Time: 314ms, Receiver: 29, Sender: 33, RSSI: -89
[P1_RX] Time: 314ms, Receiver: 37, Sender: 33, RSSI: -90
[P1_RX] Time: 314ms, Receiver: 25, Sender: 33, RSSI: -98
[P1_RX] Time: 314ms, Receiver: 20, Sender: 33, RSSI: -105
[P1_RX] Time: 314ms, Receiver: 34, Sender: 33, RSSI: -106
[P1_ABORT] Time: 314ms, Drone: 29
[P1_ATTEMPT] Time: 314ms, Drone: 29
[P1_SUCCESS] Time: 315ms, Drone: 8
[P1_RX] Time: 315ms, Receiver: 38, Sender: 8, RSSI: -102
[P1_ATTEMPT] Time: 315ms, Drone: 44
[P1_ABORT] Time: 315ms, Drone: 44
[P1_ATTEMPT] Time: 315ms, Drone: 44
[P1_ABORT] Time: 315ms, Drone: 44
[P1_ATTEMPT] Time: 315ms, Drone: 44
[P1_ABORT] Time: 315ms, Drone: 44
[P1_ATTEMPT] Time: 315ms, Drone: 44
[P1_SUCCESS] Time: 315ms, Drone: 29
[P1_RX] Time: 315ms, Receiver: 33, Sender: 29, RSSI: -89
[P1_RX] Time: 315ms, Receiver: 37, Sender: 29, RSSI: -89
[P1_RX] Time: 315ms, Receiver: 25, Sender: 29, RSSI: -93
[P1_RX] Time: 315ms, Receiver: 20, Sender: 29, RSSI: -103
[P1_RX] Time: 315ms, Receiver: 4, Sender: 29, RSSI: -103
[P1_RX] Time: 315ms, Receiver: 31, Sender: 29, RSSI: -105
[P1_RX] Time: 315ms, Receiver: 34, Sender: 29, RSSI: -105
[P1_RX] Time: 315ms, Receiver: 13, Sender: 29, RSSI: -105
[P1_RX] Time: 315ms, Receiver: 28, Sender: 29, RSSI: -106
[P1_RX] Time: 315ms, Receiver: 15, Sender: 29, RSSI: -106
[P1_RX] Time: 315ms, Receiver: 48, Sender: 29, RSSI: -106
[P1_RX] Time: 315ms, Receiver: 45, Sender: 29, RSSI: -107
[P1_RX] Time: 315ms, Receiver: 12, Sender: 29, RSSI: -109
[P1_RX] Time: 315ms, Receiver: 32, Sender: 29, RSSI: -109
[P1_RX] Time: 315ms, Receiver: 44, Sender: 29, RSSI: -109
[P1_ATTEMPT] Time: 315ms, Drone: 41
[P1_ATTEMPT] Time: 315ms, Drone: 5
[P1_ATTEMPT] Time: 316ms, Drone: 9
[P1_ABORT] Time: 316ms, Drone: 9
[P1_ATTEMPT] Time: 316ms, Drone: 9
[P1_ABORT] Time: 316ms, Drone: 9
[P1_ATTEMPT] Time: 316ms, Drone: 9
[P1_ABORT] Time: 316ms, Drone: 9
[P1_ATTEMPT] Time: 316ms, Drone: 9
[P1_SUCCESS] Time: 316ms, Drone: 44
[P1_RX] Time: 316ms, Receiver: 28, Sender: 44, RSSI: -99
[P1_RX] Time: 316ms, Receiver: 46, Sender: 44, RSSI: -100
[P1_RX] Time: 316ms, Receiver: 34, Sender: 44, RSSI: -101
[P1_RX] Time: 316ms, Receiver: 20, Sender: 44, RSSI: -103
[P1_RX] Time: 316ms, Receiver: 37, Sender: 44, RSSI: -107
[P1_ATTEMPT] Time: 316ms, Drone: 10
[P1_SUCCESS] Time: 316ms, Drone: 41
[P1_RX] Time: 316ms, Receiver: 40, Sender: 41, RSSI: -93
[P1_RX] Time: 316ms, Receiver: 47, Sender: 41, RSSI: -96
[P1_RX] Time: 316ms, Receiver: 27, Sender: 41, RSSI: -99
[P1_RX] Time: 316ms, Receiver: 22, Sender: 41, RSSI: -100
[P1_RX] Time: 316ms, Receiver: 17, Sender: 41, RSSI: -103
[P1_RX] Time: 316ms, Receiver: 16, Sender: 41, RSSI: -103
[P1_RX] Time: 316ms, Receiver: 32, Sender: 41, RSSI: -104
[P1_RX] Time: 316ms, Receiver: 18, Sender: 41, RSSI: -105
[P1_ABORT] Time: 316ms, Drone: 9
[P1_ATTEMPT] Time: 316ms, Drone: 9
[P1_SUCCESS] Time: 316ms, Drone: 5
[P1_RX] Time: 316ms, Receiver: 35, Sender: 5, RSSI: -75
[P1_RX] Time: 316ms, Receiver: 39, Sender: 5, RSSI: -98
[P1_RX] Time: 316ms, Receiver: 9, Sender: 5, RSSI: -100
[P1_RX] Time: 316ms, Receiver: 6, Sender: 5, RSSI: -104
[P1_RX] Time: 316ms, Receiver: 42, Sender: 5, RSSI: -105
[P1_RX] Time: 316ms, Receiver: 0, Sender: 5, RSSI: -106
[P1_ABORT] Time: 316ms, Drone: 9
[P1_ATTEMPT] Time: 316ms, Drone: 9
[P1_ATTEMPT] Time: 317ms, Drone: 28
[P1_ATTEMPT] Time: 317ms, Drone: 22
[P1_ATTEMPT] Time: 317ms, Drone: 31
[P1_ATTEMPT] Time: 317ms, Drone: 40
[P1_ABORT] Time: 317ms, Drone: 22
[P1_ATTEMPT] Time: 317ms, Drone: 22
[P1_ABORT] Time: 317ms, Drone: 40
[P1_ATTEMPT] Time: 317ms, Drone: 40
[P1_ABORT] Time: 317ms, Drone: 22
[P1_ATTEMPT] Time: 317ms, Drone: 22
[P1_ABORT] Time: 317ms, Drone: 40
[P1_ATTEMPT] Time: 317ms, Drone: 40
[P1_SUCCESS] Time: 317ms, Drone: 10
[P1_RX] Time: 317ms, Receiver: 38, Sender: 10, RSSI: -99
[P1_RX] Time: 317ms, Receiver: 8, Sender: 10, RSSI: -101
[P1_RX] Time: 317ms, Receiver: 43, Sender: 10, RSSI: -102
[P1_RX] Time: 317ms, Receiver: 21, Sender: 10, RSSI: -105
[P1_RX] Time: 317ms, Receiver: 11, Sender: 10, RSSI: -106
[P1_RX] Time: 317ms, Receiver: 15, Sender: 10, RSSI: -106
[P1_RX] Time: 317ms, Receiver: 3, Sender: 10, RSSI: -107
[P1_ABORT] Time: 317ms, Drone: 22
[P1_ATTEMPT] Time: 317ms, Drone: 22
[P1_ATTEMPT] Time: 317ms, Drone: 20
[P1_ABORT] Time: 317ms, Drone: 40
[P1_ATTEMPT] Time: 317ms, Drone: 40
[P1_SUCCESS] Time: 317ms, Drone: 9
[P1_RX] Time: 317ms, Receiver: 39, Sender: 9, RSSI: -97
[P1_RX] Time: 317ms, Receiver: 35, Sender: 9, RSSI: -100
[P1_RX] Time: 317ms, Receiver: 5, Sender: 9, RSSI: -101
[P1_RX] Time: 317ms, Receiver: 6, Sender: 9, RSSI: -101
[P1_RX] Time: 317ms, Receiver: 22, Sender: 9, RSSI: -103
[P1_RX] Time: 317ms, Receiver: 19, Sender: 9, RSSI: -104
[P1_RX] Time: 317ms, Receiver: 41, Sender: 9, RSSI: -106
[P1_RX] Time: 317ms, Receiver: 40, Sender: 9, RSSI: -106
[P1_RX] Time: 317ms, Receiver: 36, Sender: 9, RSSI: -106
[P1_ABORT] Time: 317ms, Drone: 22
[P1_ATTEMPT] Time: 317ms, Drone: 22
[P1_ABORT] Time: 317ms, Drone: 20
[P1_ATTEMPT] Time: 317ms, Drone: 20
[P1_ATTEMPT] Time: 317ms, Drone: 21
[P1_SUCCESS] Time: 317ms, Drone: 28
[P1_RX] Time: 317ms, Receiver: 25, Sender: 28, RSSI: -104
[P1_RX] Time: 317ms, Receiver: 20, Sender: 28, RSSI: -104
[P1_ABORT] Time: 317ms, Drone: 40
[P1_ATTEMPT] Time: 317ms, Drone: 40
[P1_ABORT] Time: 318ms, Drone: 20
[P1_ATTEMPT] Time: 318ms, Drone: 20
[P1_SUCCESS] Time: 318ms, Drone: 31
[P1_RX] Time: 318ms, Receiver: 13, Sender: 31, RSSI: -92
[P1_RX] Time: 318ms, Receiver: 4, Sender: 31, RSSI: -100
[P1_RX] Time: 318ms, Receiver: 48, Sender: 31, RSSI: -101
[P1_RX] Time: 318ms, Receiver: 33, Sender: 31, RSSI: -101
[P1_RX] Time: 318ms, Receiver: 24, Sender: 31, RSSI: -103
[P1_RX] Time: 318ms, Receiver: 37, Sender: 31, RSSI: -102
[P1_RX] Time: 318ms, Receiver: 12, Sender: 31, RSSI: -106
[P1_RX] Time: 318ms, Receiver: 30, Sender: 31, RSSI: -106
[P1_SUCCESS] Time: 318ms, Drone: 22
[P1_RX] Time: 318ms, Receiver: 36, Sender: 22, RSSI: -98
[P1_RX] Time: 318ms, Receiver: 9, Sender: 22, RSSI: -101
[P1_SUCCESS] Time: 318ms, Drone: 21
[P1_RX] Time: 318ms, Receiver: 18, Sender: 21, RSSI: -78
[P1_RX] Time: 318ms, Receiver: 17, Sender: 21, RSSI: -91
[P1_RX] Time: 318ms, Receiver: 11, Sender: 21, RSSI: -96
[P1_RX] Time: 318ms, Receiver: 38, Sender: 21, RSSI: -97
[P1_RX] Time: 318ms, Receiver: 3, Sender: 21, RSSI: -97
[P1_RX] Time: 318ms, Receiver: 49, Sender: 21, RSSI: -99
[P1_RX] Time: 318ms, Receiver: 8, Sender: 21, RSSI: -103
[P1_RX] Time: 318ms, Receiver: 10, Sender: 21, RSSI: -104
[P1_SUCCESS] Time: 318ms, Drone: 40
[P1_RX] Time: 318ms, Receiver: 47, Sender: 40, RSSI: -90
[P1_RX] Time: 318ms, Receiver: 19, Sender: 40, RSSI: -92
[P1_RX] Time: 318ms, Receiver: 41, Sender: 40, RSSI: -95
[P1_RX] Time: 318ms, Receiver: 5, Sender: 40, RSSI: -97
[P1_RX] Time: 318ms, Receiver: 35, Sender: 40, RSSI: -97
[P1_RX] Time: 318ms, Receiver: 27, Sender: 40, RSSI: -99
[P1_RX] Time: 318ms, Receiver: 42, Sender: 40, RSSI: -105
[P1_SUCCESS] Time: 318ms, Drone: 20
[P1_RX] Time: 318ms, Receiver: 29, Sender: 20, RSSI: -102
[P1_RX] Time: 318ms, Receiver: 44, Sender: 20, RSSI: -102
[P1_RX] Time: 318ms, Receiver: 37, Sender: 20, RSSI: -103
[P1_RX] Time: 318ms, Receiver: 25, Sender: 20, RSSI: -104
[P1_RX] Time: 318ms, Receiver: 34, Sender: 20, RSSI: -104
[P1_RX] Time: 318ms, Receiver: 28, Sender: 20, RSSI: -104
[P1_RX] Time: 318ms, Receiver: 33, Sender: 20, RSSI: -104
[P1_RX] Time: 318ms, Receiver: 4, Sender: 20, RSSI: -103
[P1_RX] Time: 318ms, Receiver: 46, Sender: 20, RSSI: -106
[P1_RX] Time: 318ms, Receiver: 48, Sender: 20, RSSI: -105
[P1_ATTEMPT] Time: 319ms, Drone: 11
[P1_ATTEMPT] Time: 319ms, Drone: 16
[P1_ABORT] Time: 319ms, Drone: 16
[P1_ATTEMPT] Time: 319ms, Drone: 16
[P1_ABORT] Time: 320ms, Drone: 16
[P1_ATTEMPT] Time: 320ms, Drone: 16
[P1_ABORT] Time: 320ms, Drone: 16
[P1_ATTEMPT] Time: 320ms, Drone: 16
[P1_SUCCESS] Time: 320ms, Drone: 11
[P1_RX] Time: 320ms, Receiver: 38, Sender: 11, RSSI: -94
[P1_RX] Time: 320ms, Receiver: 21, Sender: 11, RSSI: -96
[P1_RX] Time: 320ms, Receiver: 18, Sender: 11, RSSI: -98
[P1_RX] Time: 320ms, Receiver: 17, Sender: 11, RSSI: -99
[P1_RX] Time: 320ms, Receiver: 43, Sender: 11, RSSI: -100
[P1_RX] Time: 320ms, Receiver: 16, Sender: 11, RSSI: -103
[P1_RX] Time: 320ms, Receiver: 15, Sender: 11, RSSI: -104
[P1_RX] Time: 320ms, Receiver: 32, Sender: 11, RSSI: -105
[P1_RX] Time: 320ms, Receiver: 10, Sender: 11, RSSI: -106
[P1_RX] Time: 320ms, Receiver: 3, Sender: 11, RSSI: -106
[P1_RX] Time: 320ms, Receiver: 47, Sender: 11, RSSI: -106
[P1_RX] Time: 320ms, Receiver: 1, Sender: 11, RSSI: -106
[P1_RX] Time: 320ms, Receiver: 27, Sender: 11, RSSI: -107
[P1_RX] Time: 320ms, Receiver: 8, Sender: 11, RSSI: -107
[P1_RX] Time: 320ms, Receiver: 41, Sender: 11, RSSI: -107
[P1_RX] Time: 320ms, Receiver: 49, Sender: 11, RSSI: -107
[P1_RX] Time: 320ms, Receiver: 40, Sender: 11, RSSI: -109
[P1_ABORT] Time: 320ms, Drone: 16
[P1_ATTEMPT] Time: 320ms, Drone: 16
[P1_ATTEMPT] Time: 320ms, Drone: 38
[P1_ABORT] Time: 320ms, Drone: 38
[P1_ATTEMPT] Time: 320ms, Drone: 38
[P1_ABORT] Time: 321ms, Drone: 38
[P1_ATTEMPT] Time: 321ms, Drone: 38
[P1_ABORT] Time: 321ms, Drone: 38
[P1_ATTEMPT] Time: 321ms, Drone: 38
[P1_SUCCESS] Time: 321ms, Drone: 16
[P1_RX] Time: 321ms, Receiver: 1, Sender: 16, RSSI: -89
[P1_RX] Time: 321ms, Receiver: 32, Sender: 16, RSSI: -91
[P1_RX] Time: 321ms, Receiver: 17, Sender: 16, RSSI: -91
[P1_RX] Time: 321ms, Receiver: 18, Sender: 16, RSSI: -94
[P1_RX] Time: 321ms, Receiver: 21, Sender: 16, RSSI: -97
[P1_RX] Time: 321ms, Receiver: 47, Sender: 16, RSSI: -97
[P1_RX] Time: 321ms, Receiver: 15, Sender: 16, RSSI: -100
[P1_RX] Time: 321ms, Receiver: 3, Sender: 16, RSSI: -101
[P1_RX] Time: 321ms, Receiver: 40, Sender: 16, RSSI: -102
[P1_RX] Time: 321ms, Receiver: 49, Sender: 16, RSSI: -102
[P1_RX] Time: 321ms, Receiver: 19, Sender: 16, RSSI: -102
[P1_RX] Time: 321ms, Receiver: 27, Sender: 16, RSSI: -102
[P1_RX] Time: 321ms, Receiver: 43, Sender: 16, RSSI: -103
[P1_RX] Time: 321ms, Receiver: 11, Sender: 16, RSSI: -103
[P1_RX] Time: 321ms, Receiver: 41, Sender: 16, RSSI: -105
[P1_RX] Time: 321ms, Receiver: 38, Sender: 16, RSSI: -105
[P1_RX] Time: 321ms, Receiver: 4, Sender: 16, RSSI: -106
[P1_RX] Time: 321ms, Receiver: 45, Sender: 16, RSSI: -106
[P1_RX] Time: 321ms, Receiver: 31, Sender: 16, RSSI: -108
[P1_RX] Time: 321ms, Receiver: 5, Sender: 16, RSSI: -109
[P1_ATTEMPT] Time: 321ms, Drone: 26
[P1_ATTEMPT] Time: 321ms, Drone: 23
[P1_ABORT] Time: 321ms, Drone: 38
[P1_ATTEMPT] Time: 321ms, Drone: 38
[P1_SUCCESS] Time: 322ms, Drone: 26
[P1_RX] Time: 322ms, Receiver: 42, Sender: 26, RSSI: -93
[P1_RX] Time: 322ms, Receiver: 24, Sender: 26, RSSI: -95
[P1_SUCCESS] Time: 322ms, Drone: 23
[P1_SUCCESS] Time: 322ms, Drone: 38
[P1_RX] Time: 322ms, Receiver: 14, Sender: 23, RSSI: -88
[P1_RX] Time: 322ms, Receiver: 0, Sender: 23, RSSI: -89
[P1_RX] Time: 322ms, Receiver: 11, Sender: 38, RSSI: -94
[P1_RX] Time: 322ms, Receiver: 43, Sender: 38, RSSI: -96
[P1_RX] Time: 322ms, Receiver: 21, Sender: 38, RSSI: -97
[P1_RX] Time: 322ms, Receiver: 10, Sender: 38, RSSI: -98
[P1_RX] Time: 322ms, Receiver: 18, Sender: 38, RSSI: -99
[P1_RX] Time: 322ms, Receiver: 17, Sender: 38, RSSI: -102
[P1_RX] Time: 322ms, Receiver: 15, Sender: 38, RSSI: -102
[P1_RX] Time: 322ms, Receiver: 8, Sender: 38, RSSI: -103
[P1_RX] Time: 322ms, Receiver: 13, Sender: 23, RSSI: -102
[P1_RX] Time: 322ms, Receiver: 3, Sender: 38, RSSI: -104
[P1_RX] Time: 322ms, Receiver: 45, Sender: 23, RSSI: -103
[P1_RX] Time: 322ms, Receiver: 16, Sender: 38, RSSI: -104
[P1_RX] Time: 322ms, Receiver: 31, Sender: 23, RSSI: -104
[P1_RX] Time: 322ms, Receiver: 49, Sender: 38, RSSI: -105
[P1_RX] Time: 322ms, Receiver: 32, Sender: 38, RSSI: -104
[P1_RX] Time: 322ms, Receiver: 12, Sender: 23, RSSI: -106
[P1_RX] Time: 322ms, Receiver: 35, Sender: 23, RSSI: -106
[P1_ATTEMPT] Time: 322ms, Drone: 47
[P1_ATTEMPT] Time: 322ms, Drone: 37
[P1_ATTEMPT] Time: 322ms, Drone: 27
[P1_ATTEMPT] Time: 322ms, Drone: 43
[P1_ABORT] Time: 322ms, Drone: 43
[P1_ATTEMPT] Time: 322ms, Drone: 43
[P1_ABORT] Time: 323ms, Drone: 43
[P1_ATTEMPT] Time: 323ms, Drone: 43
[P1_ABORT] Time: 323ms, Drone: 43
[P1_ATTEMPT] Time: 323ms, Drone: 43
[P1_ABORT] Time: 323ms, Drone: 43
[P1_ATTEMPT] Time: 323ms, Drone: 43
[P1_ATTEMPT] Time: 323ms, Drone: 39
[P1_ABORT] Time: 323ms, Drone: 43
[P1_ATTEMPT] Time: 323ms, Drone: 43
[P1_SUCCESS] Time: 323ms, Drone: 47
[P1_RX] Time: 323ms, Receiver: 40, Sender: 47, RSSI: -91
[P1_RX] Time: 323ms, Receiver: 19, Sender: 47, RSSI: -92
[P1_RX] Time: 323ms, Receiver: 41, Sender: 47, RSSI: -97
[P1_RX] Time: 323ms, Receiver: 16, Sender: 47, RSSI: -97
[P1_RX] Time: 323ms, Receiver: 32, Sender: 47, RSSI: -99
[P1_RX] Time: 323ms, Receiver: 1, Sender: 47, RSSI: -99
[P1_RX] Time: 323ms, Receiver: 17, Sender: 47, RSSI: -100
[P1_RX] Time: 323ms, Receiver: 5, Sender: 47, RSSI: -102
[P1_RX] Time: 323ms, Receiver: 35, Sender: 47, RSSI: -102
[P1_RX] Time: 323ms, Receiver: 18, Sender: 47, RSSI: -103
[P1_RX] Time: 323ms, Receiver: 21, Sender: 47, RSSI: -104
[P1_SUCCESS] Time: 323ms, Drone: 37
[P1_RX] Time: 323ms, Receiver: 29, Sender: 37, RSSI: -89
[P1_RX] Time: 323ms, Receiver: 33, Sender: 37, RSSI: -90
[P1_RX] Time: 323ms, Receiver: 25, Sender: 37, RSSI: -95
[P1_RX] Time: 323ms, Receiver: 34, Sender: 37, RSSI: -102
[P1_RX] Time: 323ms, Receiver: 20, Sender: 37, RSSI: -103
[P1_RX] Time: 323ms, Receiver: 28, Sender: 37, RSSI: -103
[P1_RX] Time: 323ms, Receiver: 46, Sender: 37, RSSI: -105
[P1_RX] Time: 323ms, Receiver: 4, Sender: 37, RSSI: -104
[P1_ABORT] Time: 323ms, Drone: 39
[P1_ATTEMPT] Time: 323ms, Drone: 39
[P1_ABORT] Time: 323ms, Drone: 43
[P1_ATTEMPT] Time: 323ms, Drone: 43
[P1_SUCCESS] Time: 323ms, Drone: 27
[P1_ABORT] Time: 323ms, Drone: 43
[P1_ATTEMPT] Time: 323ms, Drone: 43
[P1_ATTEMPT] Time: 323ms, Drone: 48
[P1_ATTEMPT] Time: 324ms, Drone: 6
[P1_ABORT] Time: 324ms, Drone: 6
[P1_ATTEMPT] Time: 324ms, Drone: 6
[P1_ABORT] Time: 324ms, Drone: 6
[P1_ATTEMPT] Time: 324ms, Drone: 6
[P1_ABORT] Time: 324ms, Drone: 6
[P1_ATTEMPT] Time: 324ms, Drone: 6
[P1_SUCCESS] Time: 324ms, Drone: 39
[P1_RX] Time: 324ms, Receiver: 6, Sender: 39, RSSI: -95
[P1_RX] Time: 324ms, Receiver: 35, Sender: 39, RSSI: -97
[P1_RX] Time: 324ms, Receiver: 9, Sender: 39, RSSI: -97
[P1_RX] Time: 324ms, Receiver: 5, Sender: 39, RSSI: -99
[P1_RX] Time: 324ms, Receiver: 42, Sender: 39, RSSI: -103
[P1_RX] Time: 324ms, Receiver: 19, Sender: 39, RSSI: -104
[P1_RX] Time: 324ms, Receiver: 40, Sender: 39, RSSI: -106
[P1_RX] Time: 324ms, Receiver: 22, Sender: 39, RSSI: -107
[P1_ABORT] Time: 324ms, Drone: 6
[P1_ATTEMPT] Time: 324ms, Drone: 6
[P1_SUCCESS] Time: 324ms, Drone: 43
[P1_RX] Time: 324ms, Receiver: 15, Sender: 43, RSSI: -93
[P1_RX] Time: 324ms, Receiver: 38, Sender: 43, RSSI: -96
[P1_RX] Time: 324ms, Receiver: 21, Sender: 43, RSSI: -99
[P1_RX] Time: 324ms, Receiver: 18, Sender: 43, RSSI: -99
[P1_RX] Time: 324ms, Receiver: 11, Sender: 43, RSSI: -100
[P1_RX] Time: 324ms, Receiver: 32, Sender: 43, RSSI: -101
[P1_RX] Time: 324ms, Receiver: 10, Sender: 43, RSSI: -102
[P1_RX] Time: 324ms, Receiver: 17, Sender: 43, RSSI: -102
[P1_RX] Time: 324ms, Receiver: 16, Sender: 43, RSSI: -102
[P1_RX] Time: 324ms, Receiver: 1, Sender: 43, RSSI: -103
[P1_RX] Time: 324ms, Receiver: 3, Sender: 43, RSSI: -104
[P1_RX] Time: 324ms, Receiver: 49, Sender: 43, RSSI: -105
[P1_RX] Time: 324ms, Receiver: 8, Sender: 43, RSSI: -107
[P1_SUCCESS] Time: 324ms, Drone: 48
[P1_RX] Time: 324ms, Receiver: 30, Sender: 48, RSSI: -104
[P1_RX] Time: 324ms, Receiver: 12, Sender: 48, RSSI: -105
[P1_ATTEMPT] Time: 325ms, Drone: 17
[P1_SUCCESS] Time: 325ms, Drone: 6
[P1_RX] Time: 325ms, Receiver: 39, Sender: 6, RSSI: -95
[P1_RX] Time: 325ms, Receiver: 42, Sender: 6, RSSI: -98
[P1_RX] Time: 325ms, Receiver: 0, Sender: 6, RSSI: -99
[P1_RX] Time: 325ms, Receiver: 23, Sender: 6, RSSI: -100
[P1_RX] Time: 325ms, Receiver: 9, Sender: 6, RSSI: -101
[P1_RX] Time: 325ms, Receiver: 26, Sender: 6, RSSI: -102
[P1_RX] Time: 325ms, Receiver: 35, Sender: 6, RSSI: -103
[P1_RX] Time: 325ms, Receiver: 14, Sender: 6, RSSI: -104
[P1_RX] Time: 325ms, Receiver: 2, Sender: 6, RSSI: -105
[P1_RX] Time: 325ms, Receiver: 5, Sender: 6, RSSI: -105
[P1_RX] Time: 325ms, Receiver: 19, Sender: 6, RSSI: -105
[P1_RX] Time: 325ms, Receiver: 24, Sender: 6, RSSI: -106
[P1_ATTEMPT] Time: 325ms, Drone: 13
[P1_SUCCESS] Time: 326ms, Drone: 17
[P1_RX] Time: 326ms, Receiver: 18, Sender: 17, RSSI: -86
[P1_RX] Time: 326ms, Receiver: 21, Sender: 17, RSSI: -91
[P1_RX] Time: 326ms, Receiver: 16, Sender: 17, RSSI: -91
[P1_RX] Time: 326ms, Receiver: 1, Sender: 17, RSSI: -99
[P1_RX] Time: 326ms, Receiver: 11, Sender: 17, RSSI: -99
[P1_RX] Time: 326ms, Receiver: 32, Sender: 17, RSSI: -99
[P1_RX] Time: 326ms, Receiver: 3, Sender: 17, RSSI: -100
[P1_RX] Time: 326ms, Receiver: 49, Sender: 17, RSSI: -103
[P1_RX] Time: 326ms, Receiver: 15, Sender: 17, RSSI: -103
[P1_RX] Time: 326ms, Receiver: 43, Sender: 17, RSSI: -103
[P1_RX] Time: 326ms, Receiver: 38, Sender: 17, RSSI: -103
[P1_RX] Time: 326ms, Receiver: 8, Sender: 17, RSSI: -108
[P1_ATTEMPT] Time: 326ms, Drone: 42
[P1_ATTEMPT] Time: 326ms, Drone: 32
[P1_ABORT] Time: 326ms, Drone: 42
[P1_ATTEMPT] Time: 326ms, Drone: 42
[P1_ABORT] Time: 326ms, Drone: 32
[P1_ATTEMPT] Time: 326ms, Drone: 32
[P1_SUCCESS] Time: 326ms, Drone: 13
[P1_RX] Time: 326ms, Receiver: 31, Sender: 13, RSSI: -92
[P1_RX] Time: 326ms, Receiver: 48, Sender: 13, RSSI: -93
[P1_RX] Time: 326ms, Receiver: 45, Sender: 13, RSSI: -96
[P1_RX] Time: 326ms, Receiver: 2, Sender: 13, RSSI: -97
[P1_RX] Time: 326ms, Receiver: 24, Sender: 13, RSSI: -98
[P1_RX] Time: 326ms, Receiver: 23, Sender: 13, RSSI: -103
[P1_RX] Time: 326ms, Receiver: 0, Sender: 13, RSSI: -104
[P1_RX] Time: 326ms, Receiver: 14, Sender: 13, RSSI: -104
[P1_RX] Time: 326ms, Receiver: 33, Sender: 13, RSSI: -104
[P1_RX] Time: 326ms, Receiver: 30, Sender: 13, RSSI: -104
[P1_RX] Time: 326ms, Receiver: 29, Sender: 13, RSSI: -105
[P1_RX] Time: 326ms, Receiver: 12, Sender: 13, RSSI: -105
[P1_RX] Time: 326ms, Receiver: 42, Sender: 13, RSSI: -105
[P1_RX] Time: 326ms, Receiver: 26, Sender: 13, RSSI: -107
[P1_RX] Time: 326ms, Receiver: 37, Sender: 13, RSSI: -108
[P1_RX] Time: 326ms, Receiver: 19, Sender: 13, RSSI: -108
[P1_RX] Time: 326ms, Receiver: 27, Sender: 13, RSSI: -108
[P1_RX] Time: 326ms, Receiver: 7, Sender: 13, RSSI: -109
[P1_ABORT] Time: 326ms, Drone: 42
[P1_ATTEMPT] Time: 326ms, Drone: 42
[P1_ABORT] Time: 326ms, Drone: 32
[P1_ATTEMPT] Time: 326ms, Drone: 32
[P1_ATTEMPT] Time: 327ms, Drone: 4
[P1_ABORT] Time: 327ms, Drone: 4
[P1_ATTEMPT] Time: 327ms, Drone: 4
[P1_ATTEMPT] Time: 327ms, Drone: 35
[P1_ABORT] Time: 327ms, Drone: 4
[P1_ATTEMPT] Time: 327ms, Drone: 4
[P1_SUCCESS] Time: 327ms, Drone: 42
[P1_RX] Time: 327ms, Receiver: 26, Sender: 42, RSSI: -94
[P1_RX] Time: 327ms, Receiver: 2, Sender: 42, RSSI: -95
[P1_RX] Time: 327ms, Receiver: 23, Sender: 42, RSSI: -97
[P1_RX] Time: 327ms, Receiver: 24, Sender: 42, RSSI: -97
[P1_RX] Time: 327ms, Receiver: 0, Sender: 42, RSSI: -98
[P1_RX] Time: 327ms, Receiver: 6, Sender: 42, RSSI: -98
[P1_RX] Time: 327ms, Receiver: 14, Sender: 42, RSSI: -101
[P1_RX] Time: 327ms, Receiver: 19, Sender: 42, RSSI: -99
[P1_RX] Time: 327ms, Receiver: 39, Sender: 42, RSSI: -103
[P1_RX] Time: 327ms, Receiver: 35, Sender: 42, RSSI: -103
[P1_RX] Time: 327ms, Receiver: 48, Sender: 42, RSSI: -103
[P1_RX] Time: 327ms, Receiver: 13, Sender: 42, RSSI: -102
[P1_RX] Time: 327ms, Receiver: 9, Sender: 42, RSSI: -105
[P1_RX] Time: 327ms, Receiver: 30, Sender: 42, RSSI: -107
[P1_ABORT] Time: 327ms, Drone: 35
[P1_ATTEMPT] Time: 327ms, Drone: 35
[P1_SUCCESS] Time: 327ms, Drone: 32
[P1_RX] Time: 327ms, Receiver: 1, Sender: 32, RSSI: -82
[P1_RX] Time: 327ms, Receiver: 16, Sender: 32, RSSI: -91
[P1_RX] Time: 327ms, Receiver: 15, Sender: 32, RSSI: -95
[P1_RX] Time: 327ms, Receiver: 18, Sender: 32, RSSI: -99
[P1_RX] Time: 327ms, Receiver: 47, Sender: 32, RSSI: -98
[P1_RX] Time: 327ms, Receiver: 17, Sender: 32, RSSI: -99
[P1_RX] Time: 327ms, Receiver: 27, Sender: 32, RSSI: -100
[P1_RX] Time: 327ms, Receiver: 45, Sender: 32, RSSI: -100
[P1_RX] Time: 327ms, Receiver: 21, Sender: 32, RSSI: -101
[P1_RX] Time: 327ms, Receiver: 43, Sender: 32, RSSI: -101
[P1_RX] Time: 327ms, Receiver: 4, Sender: 32, RSSI: -101
[P1_RX] Time: 327ms, Receiver: 3, Sender: 32, RSSI: -103
[P1_RX] Time: 327ms, Receiver: 49, Sender: 32, RSSI: -103
[P1_RX] Time: 327ms, Receiver: 40, Sender: 32, RSSI: -102
[P1_RX] Time: 327ms, Receiver: 31, Sender: 32, RSSI: -102
[P1_RX] Time: 327ms, Receiver: 11, Sender: 32, RSSI: -105
[P1_RX] Time: 327ms, Receiver: 38, Sender: 32, RSSI: -106
[P1_RX] Time: 327ms, Receiver: 41, Sender: 32, RSSI: -105
[P1_RX] Time: 327ms, Receiver: 33, Sender: 32, RSSI: -106
[P1_RX] Time: 327ms, Receiver: 29, Sender: 32, RSSI: -108
[P1_ABORT] Time: 327ms, Drone: 4
[P1_ATTEMPT] Time: 327ms, Drone: 4
[P1_ATTEMPT] Time: 328ms, Drone: 2
[P1_ABORT] Time: 328ms, Drone: 2
[P1_ATTEMPT] Time: 328ms, Drone: 2
[P1_ATTEMPT] Time: 328ms, Drone: 45
[P1_ATTEMPT] Time: 328ms, Drone: 46
[P1_ABORT] Time: 328ms, Drone: 2
[P1_ATTEMPT] Time: 328ms, Drone: 2
[P1_ABORT] Time: 328ms, Drone: 45
[P1_ATTEMPT] Time: 328ms, Drone: 45
[P1_ABORT] Time: 328ms, Drone: 2
[P1_ATTEMPT] Time: 328ms, Drone: 2
[P1_SUCCESS] Time: 328ms, Drone: 35
[P1_RX] Time: 328ms, Receiver: 5, Sender: 35, RSSI: -75
[P1_RX] Time: 328ms, Receiver: 39, Sender: 35, RSSI: -96
[P1_RX] Time: 328ms, Receiver: 19, Sender: 35, RSSI: -98
[P1_RX] Time: 328ms, Receiver: 40, Sender: 35, RSSI: -99
[P1_RX] Time: 328ms, Receiver: 9, Sender: 35, RSSI: -100
[P1_RX] Time: 328ms, Receiver: 41, Sender: 35, RSSI: -101
[P1_RX] Time: 328ms, Receiver: 36, Sender: 35, RSSI: -102
[P1_RX] Time: 328ms, Receiver: 47, Sender: 35, RSSI: -101
[P1_RX] Time: 328ms, Receiver: 6, Sender: 35, RSSI: -103
[P1_RX] Time: 328ms, Receiver: 22, Sender: 35, RSSI: -104
[P1_RX] Time: 328ms, Receiver: 27, Sender: 35, RSSI: -103
[P1_RX] Time: 328ms, Receiver: 42, Sender: 35, RSSI: -103
[P1_ABORT] Time: 328ms, Drone: 45
[P1_ATTEMPT] Time: 328ms, Drone: 45
[P1_SUCCESS] Time: 328ms, Drone: 4
[P1_RX] Time: 328ms, Receiver: 48, Sender: 4, RSSI: -94
[P1_RX] Time: 328ms, Receiver: 13, Sender: 4, RSSI: -96
[P1_RX] Time: 328ms, Receiver: 31, Sender: 4, RSSI: -100
[P1_RX] Time: 328ms, Receiver: 1, Sender: 4, RSSI: -101
[P1_RX] Time: 328ms, Receiver: 45, Sender: 4, RSSI: -101
[P1_RX] Time: 328ms, Receiver: 2, Sender: 4, RSSI: -101
[P1_RX] Time: 328ms, Receiver: 24, Sender: 4, RSSI: -101
[P1_RX] Time: 328ms, Receiver: 32, Sender: 4, RSSI: -101
[P1_RX] Time: 328ms, Receiver: 33, Sender: 4, RSSI: -103
[P1_RX] Time: 328ms, Receiver: 29, Sender: 4, RSSI: -103
[P1_RX] Time: 328ms, Receiver: 15, Sender: 4, RSSI: -103
[P1_RX] Time: 328ms, Receiver: 16, Sender: 4, RSSI: -104
[P1_RX] Time: 328ms, Receiver: 20, Sender: 4, RSSI: -105
[P1_RX] Time: 328ms, Receiver: 37, Sender: 4, RSSI: -105
[P1_RX] Time: 328ms, Receiver: 49, Sender: 4, RSSI: -106
[P1_RX] Time: 328ms, Receiver: 3, Sender: 4, RSSI: -106
[P1_RX] Time: 328ms, Receiver: 18, Sender: 4, RSSI: -107
[P1_RX] Time: 328ms, Receiver: 43, Sender: 4, RSSI: -107
[P1_ABORT] Time: 328ms, Drone: 2
[P1_ATTEMPT] Time: 328ms, Drone: 2
[P1_ABORT] Time: 328ms, Drone: 45
[P1_ATTEMPT] Time: 328ms, Drone: 45
[P1_ATTEMPT] Time: 328ms, Drone: 25
[P1_ABORT] Time: 328ms, Drone: 25
[P1_ATTEMPT] Time: 328ms, Drone: 25
[P1_ABORT] Time: 329ms, Drone: 25
[P1_SUCCESS] Time: 329ms, Drone: 46
[P1_RX] Time: 329ms, Receiver: 28, Sender: 46, RSSI: -82
[P1_RX] Time: 329ms, Receiver: 34, Sender: 46, RSSI: -87
[P1_RX] Time: 329ms, Receiver: 44, Sender: 46, RSSI: -100
[P1_RX] Time: 329ms, Receiver: 37, Sender: 46, RSSI: -105
[P1_RX] Time: 329ms, Receiver: 25, Sender: 46, RSSI: -106
[P1_RX] Time: 329ms, Receiver: 20, Sender: 46, RSSI: -107
[P1_SUCCESS] Time: 329ms, Drone: 2
[P1_RX] Time: 329ms, Receiver: 24, Sender: 2, RSSI: -89
[P1_RX] Time: 329ms, Receiver: 42, Sender: 2, RSSI: -95
[P1_RX] Time: 329ms, Receiver: 13, Sender: 2, RSSI: -93
[P1_RX] Time: 329ms, Receiver: 23, Sender: 2, RSSI: -97
[P1_RX] Time: 329ms, Receiver: 48, Sender: 2, RSSI: -97
[P1_RX] Time: 329ms, Receiver: 0, Sender: 2, RSSI: -97
[P1_RX] Time: 329ms, Receiver: 14, Sender: 2, RSSI: -100
[P1_RX] Time: 329ms, Receiver: 26, Sender: 2, RSSI: -100
[P1_RX] Time: 329ms, Receiver: 4, Sender: 2, RSSI: -98
[P1_RX] Time: 329ms, Receiver: 19, Sender: 2, RSSI: -100
[P1_RX] Time: 329ms, Receiver: 6, Sender: 2, RSSI: -103
[P1_RX] Time: 329ms, Receiver: 39, Sender: 2, RSSI: -106
[P1_SUCCESS] Time: 329ms, Drone: 45
[P1_RX] Time: 329ms, Receiver: 31, Sender: 45, RSSI: -89
[P1_RX] Time: 329ms, Receiver: 32, Sender: 45, RSSI: -99
[P1_RX] Time: 329ms, Receiver: 27, Sender: 45, RSSI: -100
[P1_RX] Time: 329ms, Receiver: 15, Sender: 45, RSSI: -102
[P1_RX] Time: 329ms, Receiver: 43, Sender: 45, RSSI: -105
[P1_RX] Time: 329ms, Receiver: 18, Sender: 45, RSSI: -106
[P1_ATTEMPT] Time: 358ms, Drone: 22
[P1_ATTEMPT] Time: 358ms, Drone: 1
[P1_ATTEMPT] Time: 358ms, Drone: 11
[P1_ATTEMPT] Time: 359ms, Drone: 14
[P1_SUCCESS] Time: 359ms, Drone: 22
[P1_RX] Time: 359ms, Receiver: 36, Sender: 22, RSSI: -100
[P1_RX] Time: 359ms, Receiver: 9, Sender: 22, RSSI: -103
[P1_RX] Time: 359ms, Receiver: 5, Sender: 22, RSSI: -103
[P1_RX] Time: 359ms, Receiver: 41, Sender: 22, RSSI: -103
[P1_RX] Time: 359ms, Receiver: 35, Sender: 22, RSSI: -104
[P1_RX] Time: 359ms, Receiver: 39, Sender: 22, RSSI: -107
[P1_ATTEMPT] Time: 359ms, Drone: 6
[P1_ATTEMPT] Time: 359ms, Drone: 42
[P1_ABORT] Time: 359ms, Drone: 42
[P1_ATTEMPT] Time: 359ms, Drone: 42
[P1_ABORT] Time: 359ms, Drone: 42
[P1_ATTEMPT] Time: 359ms, Drone: 42
[P1_SUCCESS] Time: 359ms, Drone: 1
[P1_RX] Time: 359ms, Receiver: 32, Sender: 1, RSSI: -82
[P1_RX] Time: 359ms, Receiver: 16, Sender: 1, RSSI: -89
[P1_RX] Time: 359ms, Receiver: 15, Sender: 1, RSSI: -97
[P1_RX] Time: 359ms, Receiver: 17, Sender: 1, RSSI: -96
[P1_RX] Time: 359ms, Receiver: 18, Sender: 1, RSSI: -95
[P1_RX] Time: 359ms, Receiver: 4, Sender: 1, RSSI: -101
[P1_RX] Time: 359ms, Receiver: 3, Sender: 1, RSSI: -100
[P1_RX] Time: 359ms, Receiver: 49, Sender: 1, RSSI: -101
[P1_RX] Time: 359ms, Receiver: 45, Sender: 1, RSSI: -102
[P1_ABORT] Time: 359ms, Drone: 42
[P1_ATTEMPT] Time: 359ms, Drone: 42
[P1_SUCCESS] Time: 359ms, Drone: 11
[P1_RX] Time: 359ms, Receiver: 38, Sender: 11, RSSI: -94
[P1_RX] Time: 359ms, Receiver: 21, Sender: 11, RSSI: -95
[P1_RX] Time: 359ms, Receiver: 10, Sender: 11, RSSI: -104
[P1_RX] Time: 359ms, Receiver: 8, Sender: 11, RSSI: -105
[P1_ABORT] Time: 359ms, Drone: 42
[P1_ATTEMPT] Time: 359ms, Drone: 42
[P1_ABORT] Time: 359ms, Drone: 42
[P1_ATTEMPT] Time: 359ms, Drone: 42
[P1_ABORT] Time: 359ms, Drone: 42
[P1_ATTEMPT] Time: 359ms, Drone: 42
[P1_SUCCESS] Time: 360ms, Drone: 14
[P1_RX] Time: 360ms, Receiver: 30, Sender: 14, RSSI: -97
[P1_RX] Time: 360ms, Receiver: 26, Sender: 14, RSSI: -97
[P1_RX] Time: 360ms, Receiver: 7, Sender: 14, RSSI: -100
[P1_RX] Time: 360ms, Receiver: 12, Sender: 14, RSSI: -105
[P1_ABORT] Time: 360ms, Drone: 42
[P1_ATTEMPT] Time: 360ms, Drone: 42
[P1_SUCCESS] Time: 360ms, Drone: 6
[P1_RX] Time: 360ms, Receiver: 39, Sender: 6, RSSI: -95
[P1_RX] Time: 360ms, Receiver: 9, Sender: 6, RSSI: -101
[P1_RX] Time: 360ms, Receiver: 35, Sender: 6, RSSI: -103
[P1_RX] Time: 360ms, Receiver: 5, Sender: 6, RSSI: -104
[P1_RX] Time: 360ms, Receiver: 19, Sender: 6, RSSI: -104
[P1_RX] Time: 360ms, Receiver: 27, Sender: 6, RSSI: -107
[P1_RX] Time: 360ms, Receiver: 40, Sender: 6, RSSI: -107
[P1_RX] Time: 360ms, Receiver: 22, Sender: 6, RSSI: -109
[P1_ABORT] Time: 360ms, Drone: 42
[P1_ATTEMPT] Time: 360ms, Drone: 42
[P1_ATTEMPT] Time: 360ms, Drone: 31
[P1_ABORT] Time: 360ms, Drone: 31
[P1_ATTEMPT] Time: 360ms, Drone: 31
[P1_ATTEMPT] Time: 360ms, Drone: 35
[P1_ABORT] Time: 361ms, Drone: 31
[P1_ATTEMPT] Time: 361ms, Drone: 31
[P1_SUCCESS] Time: 361ms, Drone: 42
[P1_RX] Time: 361ms, Receiver: 26, Sender: 42, RSSI: -94
[P1_RX] Time: 361ms, Receiver: 2, Sender: 42, RSSI: -96
[P1_RX] Time: 361ms, Receiver: 23, Sender: 42, RSSI: -97
[P1_RX] Time: 361ms, Receiver: 24, Sender: 42, RSSI: -98
[P1_RX] Time: 361ms, Receiver: 0, Sender: 42, RSSI: -98
[P1_RX] Time: 361ms, Receiver: 6, Sender: 42, RSSI: -98
[P1_RX] Time: 361ms, Receiver: 14, Sender: 42, RSSI: -102
[P1_RX] Time: 361ms, Receiver: 19, Sender: 42, RSSI: -103
[P1_RX] Time: 361ms, Receiver: 39, Sender: 42, RSSI: -103
[P1_RX] Time: 361ms, Receiver: 35, Sender: 42, RSSI: -105
[P1_RX] Time: 361ms, Receiver: 48, Sender: 42, RSSI: -105
[P1_RX] Time: 361ms, Receiver: 13, Sender: 42, RSSI: -105
[P1_RX] Time: 361ms, Receiver: 45, Sender: 42, RSSI: -106
[P1_RX] Time: 361ms, Receiver: 5, Sender: 42, RSSI: -106
[P1_RX] Time: 361ms, Receiver: 9, Sender: 42, RSSI: -107
[P1_RX] Time: 361ms, Receiver: 40, Sender: 42, RSSI: -107
[P1_RX] Time: 361ms, Receiver: 47, Sender: 42, RSSI: -107
[P1_RX] Time: 361ms, Receiver: 27, Sender: 42, RSSI: -108
[P1_RX] Time: 361ms, Receiver: 30, Sender: 42, RSSI: -108
[P1_RX] Time: 361ms, Receiver: 32, Sender: 42, RSSI: -109
[P1_ABORT] Time: 361ms, Drone: 35
[P1_ATTEMPT] Time: 361ms, Drone: 35
[P1_ATTEMPT] Time: 361ms, Drone: 33
[P1_ABORT] Time: 361ms, Drone: 33
[P1_ATTEMPT] Time: 361ms, Drone: 33
[P1_SUCCESS] Time: 361ms, Drone: 31
[P1_RX] Time: 361ms, Receiver: 45, Sender: 31, RSSI: -90
[P1_RX] Time: 361ms, Receiver: 13, Sender: 31, RSSI: -92
[P1_RX] Time: 361ms, Receiver: 4, Sender: 31, RSSI: -100
[P1_RX] Time: 361ms, Receiver: 48, Sender: 31, RSSI: -101
[P1_RX] Time: 361ms, Receiver: 2, Sender: 31, RSSI: -101
[P1_RX] Time: 361ms, Receiver: 33, Sender: 31, RSSI: -102
[P1_RX] Time: 361ms, Receiver: 24, Sender: 31, RSSI: -103
[P1_RX] Time: 361ms, Receiver: 32, Sender: 31, RSSI: -103
[P1_RX] Time: 361ms, Receiver: 15, Sender: 31, RSSI: -104
[P1_RX] Time: 361ms, Receiver: 0, Sender: 31, RSSI: -103
[P1_RX] Time: 361ms, Receiver: 29, Sender: 31, RSSI: -104
[P1_RX] Time: 361ms, Receiver: 1, Sender: 31, RSSI: -104
[P1_RX] Time: 361ms, Receiver: 23, Sender: 31, RSSI: -104
[P1_RX] Time: 361ms, Receiver: 14, Sender: 31, RSSI: -105
[P1_RX] Time: 361ms, Receiver: 37, Sender: 31, RSSI: -106
[P1_RX] Time: 361ms, Receiver: 12, Sender: 31, RSSI: -106
[P1_RX] Time: 361ms, Receiver: 30, Sender: 31, RSSI: -106
[P1_ABORT] Time: 361ms, Drone: 33
[P1_ATTEMPT] Time: 361ms, Drone: 33
[P1_SUCCESS] Time: 362ms, Drone: 35
[P1_RX] Time: 362ms, Receiver: 5, Sender: 35, RSSI: -75
[P1_RX] Time: 362ms, Receiver: 39, Sender: 35, RSSI: -96
[P1_RX] Time: 362ms, Receiver: 19, Sender: 35, RSSI: -98
[P1_RX] Time: 362ms, Receiver: 40, Sender: 35, RSSI: -99
[P1_RX] Time: 362ms, Receiver: 9, Sender: 35, RSSI: -100
[P1_RX] Time: 362ms, Receiver: 41, Sender: 35, RSSI: -101
[P1_RX] Time: 362ms, Receiver: 36, Sender: 35, RSSI: -101
[P1_RX] Time: 362ms, Receiver: 47, Sender: 35, RSSI: -101
[P1_RX] Time: 362ms, Receiver: 6, Sender: 35, RSSI: -103
[P1_RX] Time: 362ms, Receiver: 22, Sender: 35, RSSI: -104
[P1_RX] Time: 362ms, Receiver: 42, Sender: 35, RSSI: -103
[P1_RX] Time: 362ms, Receiver: 26, Sender: 35, RSSI: -106
[P1_ATTEMPT] Time: 362ms, Drone: 43
[P1_ATTEMPT] Time: 362ms, Drone: 48
[P1_ABORT] Time: 362ms, Drone: 43
[P1_ATTEMPT] Time: 362ms, Drone: 43
[P1_ABORT] Time: 362ms, Drone: 48
[P1_ATTEMPT] Time: 362ms, Drone: 48
[P1_ABORT] Time: 362ms, Drone: 43
[P1_ATTEMPT] Time: 362ms, Drone: 43
[P1_ABORT] Time: 362ms, Drone: 48
[P1_ATTEMPT] Time: 362ms, Drone: 48
[P1_ABORT] Time: 362ms, Drone: 43
[P1_ATTEMPT] Time: 362ms, Drone: 43
[P1_ABORT] Time: 362ms, Drone: 48
[P1_ATTEMPT] Time: 362ms, Drone: 48
[P1_ATTEMPT] Time: 362ms, Drone: 3
[P1_ABORT] Time: 362ms, Drone: 43
[P1_ATTEMPT] Time: 362ms, Drone: 43
[P1_SUCCESS] Time: 362ms, Drone: 33
[P1_RX] Time: 362ms, Receiver: 29, Sender: 33, RSSI: -89
[P1_RX] Time: 362ms, Receiver: 37, Sender: 33, RSSI: -90
[P1_RX] Time: 362ms, Receiver: 25, Sender: 33, RSSI: -99
[P1_RX] Time: 362ms, Receiver: 31, Sender: 33, RSSI: -102
[P1_RX] Time: 362ms, Receiver: 4, Sender: 33, RSSI: -103
[P1_RX] Time: 362ms, Receiver: 15, Sender: 33, RSSI: -103
[P1_RX] Time: 362ms, Receiver: 13, Sender: 33, RSSI: -104
[P1_RX] Time: 362ms, Receiver: 45, Sender: 33, RSSI: -105
[P1_RX] Time: 362ms, Receiver: 20, Sender: 33, RSSI: -105
[P1_RX] Time: 362ms, Receiver: 48, Sender: 33, RSSI: -107
[P1_RX] Time: 362ms, Receiver: 43, Sender: 33, RSSI: -107
[P1_RX] Time: 362ms, Receiver: 32, Sender: 33, RSSI: -107
[P1_RX] Time: 362ms, Receiver: 28, Sender: 33, RSSI: -107
[P1_RX] Time: 362ms, Receiver: 46, Sender: 33, RSSI: -109
[P1_RX] Time: 362ms, Receiver: 49, Sender: 33, RSSI: -109
[P1_RX] Time: 362ms, Receiver: 3, Sender: 33, RSSI: -110
[P1_ATTEMPT] Time: 363ms, Drone: 34
[P1_SUCCESS] Time: 363ms, Drone: 48
[P1_RX] Time: 363ms, Receiver: 13, Sender: 48, RSSI: -93
[P1_RX] Time: 363ms, Receiver: 4, Sender: 48, RSSI: -94
[P1_RX] Time: 363ms, Receiver: 24, Sender: 48, RSSI: -95
[P1_RX] Time: 363ms, Receiver: 2, Sender: 48, RSSI: -98
[P1_RX] Time: 363ms, Receiver: 31, Sender: 48, RSSI: -100
[P1_RX] Time: 363ms, Receiver: 45, Sender: 48, RSSI: -101
[P1_RX] Time: 363ms, Receiver: 14, Sender: 48, RSSI: -104
[P1_RX] Time: 363ms, Receiver: 30, Sender: 48, RSSI: -104
[P1_RX] Time: 363ms, Receiver: 23, Sender: 48, RSSI: -104
[P1_RX] Time: 363ms, Receiver: 42, Sender: 48, RSSI: -104
[P1_RX] Time: 363ms, Receiver: 26, Sender: 48, RSSI: -105
[P1_RX] Time: 363ms, Receiver: 0, Sender: 48, RSSI: -105
[P1_RX] Time: 363ms, Receiver: 12, Sender: 48, RSSI: -106
[P1_SUCCESS] Time: 363ms, Drone: 3
[P1_RX] Time: 363ms, Receiver: 49, Sender: 3, RSSI: -80
[P1_RX] Time: 363ms, Receiver: 18, Sender: 3, RSSI: -95
[P1_RX] Time: 363ms, Receiver: 21, Sender: 3, RSSI: -95
[P1_RX] Time: 363ms, Receiver: 17, Sender: 3, RSSI: -98
[P1_RX] Time: 363ms, Receiver: 16, Sender: 3, RSSI: -98
[P1_RX] Time: 363ms, Receiver: 1, Sender: 3, RSSI: -99
[P1_RX] Time: 363ms, Receiver: 8, Sender: 3, RSSI: -102
[P1_SUCCESS] Time: 363ms, Drone: 43
[P1_RX] Time: 363ms, Receiver: 15, Sender: 43, RSSI: -92
[P1_RX] Time: 363ms, Receiver: 38, Sender: 43, RSSI: -96
[P1_RX] Time: 363ms, Receiver: 11, Sender: 43, RSSI: -99
[P1_RX] Time: 363ms, Receiver: 10, Sender: 43, RSSI: -101
[P1_RX] Time: 363ms, Receiver: 27, Sender: 43, RSSI: -103
[P1_RX] Time: 363ms, Receiver: 47, Sender: 43, RSSI: -103
[P1_ATTEMPT] Time: 364ms, Drone: 2
[P1_ATTEMPT] Time: 364ms, Drone: 12
[P1_SUCCESS] Time: 364ms, Drone: 34
[P1_RX] Time: 364ms, Receiver: 28, Sender: 34, RSSI: -78
[P1_RX] Time: 364ms, Receiver: 46, Sender: 34, RSSI: -87
[P1_RX] Time: 364ms, Receiver: 44, Sender: 34, RSSI: -100
[P1_ATTEMPT] Time: 364ms, Drone: 0
[P1_ABORT] Time: 364ms, Drone: 0
[P1_ATTEMPT] Time: 364ms, Drone: 0
[P1_ABORT] Time: 364ms, Drone: 0
[P1_ATTEMPT] Time: 364ms, Drone: 0
[P1_ABORT] Time: 364ms, Drone: 0
[P1_ATTEMPT] Time: 364ms, Drone: 0
[P1_ABORT] Time: 364ms, Drone: 0
[P1_ATTEMPT] Time: 364ms, Drone: 0
[P1_SUCCESS] Time: 364ms, Drone: 2
[P1_RX] Time: 364ms, Receiver: 24, Sender: 2, RSSI: -89
[P1_RX] Time: 364ms, Receiver: 42, Sender: 2, RSSI: -95
[P1_RX] Time: 364ms, Receiver: 13, Sender: 2, RSSI: -97
[P1_RX] Time: 364ms, Receiver: 23, Sender: 2, RSSI: -97
[P1_RX] Time: 364ms, Receiver: 48, Sender: 2, RSSI: -97
[P1_RX] Time: 364ms, Receiver: 0, Sender: 2, RSSI: -98
[P1_RX] Time: 364ms, Receiver: 45, Sender: 2, RSSI: -99
[P1_RX] Time: 364ms, Receiver: 14, Sender: 2, RSSI: -100
[P1_RX] Time: 364ms, Receiver: 26, Sender: 2, RSSI: -101
[P1_RX] Time: 364ms, Receiver: 4, Sender: 2, RSSI: -101
[P1_RX] Time: 364ms, Receiver: 31, Sender: 2, RSSI: -101
[P1_RX] Time: 364ms, Receiver: 19, Sender: 2, RSSI: -102
[P1_RX] Time: 364ms, Receiver: 1, Sender: 2, RSSI: -104
[P1_RX] Time: 364ms, Receiver: 6, Sender: 2, RSSI: -104
[P1_RX] Time: 364ms, Receiver: 32, Sender: 2, RSSI: -104
[P1_RX] Time: 364ms, Receiver: 27, Sender: 2, RSSI: -106
[P1_RX] Time: 364ms, Receiver: 47, Sender: 2, RSSI: -106
[P1_RX] Time: 364ms, Receiver: 40, Sender: 2, RSSI: -107
[P1_RX] Time: 364ms, Receiver: 39, Sender: 2, RSSI: -107
[P1_SUCCESS] Time: 365ms, Drone: 12
[P1_RX] Time: 365ms, Receiver: 30, Sender: 12, RSSI: -97
[P1_RX] Time: 365ms, Receiver: 7, Sender: 12, RSSI: -102
[P1_ABORT] Time: 365ms, Drone: 0
[P1_ATTEMPT] Time: 365ms, Drone: 0
[P1_ATTEMPT] Time: 365ms, Drone: 9
[P1_ATTEMPT] Time: 365ms, Drone: 29
[P1_ATTEMPT] Time: 365ms, Drone: 41
[P1_ATTEMPT] Time: 365ms, Drone: 7
[P1_ABORT] Time: 365ms, Drone: 41
[P1_ATTEMPT] Time: 365ms, Drone: 41
[P1_ABORT] Time: 365ms, Drone: 7
[P1_ATTEMPT] Time: 365ms, Drone: 7
[P1_ABORT] Time: 365ms, Drone: 41
[P1_ATTEMPT] Time: 365ms, Drone: 41
[P1_ABORT] Time: 365ms, Drone: 7
[P1_ATTEMPT] Time: 365ms, Drone: 7
[P1_ABORT] Time: 365ms, Drone: 41
[P1_ATTEMPT] Time: 365ms, Drone: 41
[P1_ATTEMPT] Time: 365ms, Drone: 13
[P1_ABORT] Time: 365ms, Drone: 7
[P1_ATTEMPT] Time: 365ms, Drone: 7
[P1_ABORT] Time: 365ms, Drone: 41
[P1_ATTEMPT] Time: 365ms, Drone: 41
[P1_ABORT] Time: 365ms, Drone: 13
[P1_ATTEMPT] Time: 365ms, Drone: 13
[P1_ABORT] Time: 365ms, Drone: 7
[P1_ATTEMPT] Time: 365ms, Drone: 7
[P1_SUCCESS] Time: 366ms, Drone: 0
[P1_RX] Time: 366ms, Receiver: 23, Sender: 0, RSSI: -89
[P1_RX] Time: 366ms, Receiver: 14, Sender: 0, RSSI: -97
[P1_RX] Time: 366ms, Receiver: 42, Sender: 0, RSSI: -98
[P1_RX] Time: 366ms, Receiver: 2, Sender: 0, RSSI: -98
[P1_RX] Time: 366ms, Receiver: 6, Sender: 0, RSSI: -97
[P1_RX] Time: 366ms, Receiver: 24, Sender: 0, RSSI: -101
[P1_RX] Time: 366ms, Receiver: 26, Sender: 0, RSSI: -101
[P1_RX] Time: 366ms, Receiver: 45, Sender: 0, RSSI: -102
[P1_RX] Time: 366ms, Receiver: 13, Sender: 0, RSSI: -103
[P1_RX] Time: 366ms, Receiver: 30, Sender: 0, RSSI: -105
[P1_ABORT] Time: 366ms, Drone: 41
[P1_ATTEMPT] Time: 366ms, Drone: 41
[P1_SUCCESS] Time: 366ms, Drone: 9
[P1_RX] Time: 366ms, Receiver: 39, Sender: 9, RSSI: -97
[P1_RX] Time: 366ms, Receiver: 35, Sender: 9, RSSI: -99
[P1_RX] Time: 366ms, Receiver: 5, Sender: 9, RSSI: -100
[P1_RX] Time: 366ms, Receiver: 22, Sender: 9, RSSI: -102
[P1_RX] Time: 366ms, Receiver: 36, Sender: 9, RSSI: -106
[P1_ABORT] Time: 366ms, Drone: 13
[P1_ATTEMPT] Time: 366ms, Drone: 13
[P1_ATTEMPT] Time: 366ms, Drone: 17
[P1_SUCCESS] Time: 366ms, Drone: 29
[P1_ABORT] Time: 366ms, Drone: 41
[P1_ATTEMPT] Time: 366ms, Drone: 41
[P1_RX] Time: 366ms, Receiver: 33, Sender: 29, RSSI: -89
[P1_RX] Time: 366ms, Receiver: 37, Sender: 29, RSSI: -89
[P1_RX] Time: 366ms, Receiver: 25, Sender: 29, RSSI: -93
[P1_RX] Time: 366ms, Receiver: 20, Sender: 29, RSSI: -102
[P1_RX] Time: 366ms, Receiver: 34, Sender: 29, RSSI: -105
[P1_RX] Time: 366ms, Receiver: 28, Sender: 29, RSSI: -106
[P1_RX] Time: 366ms, Receiver: 15, Sender: 29, RSSI: -105
[P1_ABORT] Time: 366ms, Drone: 13
[P1_ATTEMPT] Time: 366ms, Drone: 13
[P1_ATTEMPT] Time: 366ms, Drone: 47
[P1_ATTEMPT] Time: 366ms, Drone: 5
[P1_ABORT] Time: 366ms, Drone: 47
[P1_ATTEMPT] Time: 366ms, Drone: 47
[P1_ABORT] Time: 366ms, Drone: 47
[P1_ATTEMPT] Time: 366ms, Drone: 47
[P1_ABORT] Time: 366ms, Drone: 47
[P1_ATTEMPT] Time: 366ms, Drone: 47
[P1_ATTEMPT] Time: 366ms, Drone: 19
[P1_ABORT] Time: 366ms, Drone: 47
[P1_ATTEMPT] Time: 366ms, Drone: 47
[P1_ABORT] Time: 366ms, Drone: 19
[P1_ATTEMPT] Time: 366ms, Drone: 19
[P1_SUCCESS] Time: 366ms, Drone: 7
[P1_RX] Time: 366ms, Receiver: 30, Sender: 7, RSSI: -94
[P1_RX] Time: 366ms, Receiver: 14, Sender: 7, RSSI: -100
[P1_RX] Time: 366ms, Receiver: 12, Sender: 7, RSSI: -103
[P1_RX] Time: 366ms, Receiver: 26, Sender: 7, RSSI: -106
[P1_ABORT] Time: 366ms, Drone: 47
[P1_ATTEMPT] Time: 366ms, Drone: 47
[P1_ABORT] Time: 367ms, Drone: 19
[P1_ATTEMPT] Time: 367ms, Drone: 19
[P1_SUCCESS] Time: 367ms, Drone: 17
[P1_RX] Time: 367ms, Receiver: 18, Sender: 17, RSSI: -86
[P1_RX] Time: 367ms, Receiver: 21, Sender: 17, RSSI: -91
[P1_RX] Time: 367ms, Receiver: 16, Sender: 17, RSSI: -91
[P1_RX] Time: 367ms, Receiver: 1, Sender: 17, RSSI: -98
[P1_RX] Time: 367ms, Receiver: 11, Sender: 17, RSSI: -98
[P1_RX] Time: 367ms, Receiver: 32, Sender: 17, RSSI: -98
[P1_RX] Time: 367ms, Receiver: 3, Sender: 17, RSSI: -100
[P1_RX] Time: 367ms, Receiver: 49, Sender: 17, RSSI: -101
[P1_RX] Time: 367ms, Receiver: 15, Sender: 17, RSSI: -101
[P1_RX] Time: 367ms, Receiver: 43, Sender: 17, RSSI: -101
[P1_RX] Time: 367ms, Receiver: 38, Sender: 17, RSSI: -102
[P1_ABORT] Time: 367ms, Drone: 47
[P1_ATTEMPT] Time: 367ms, Drone: 47
[P1_ATTEMPT] Time: 367ms, Drone: 4
[P1_SUCCESS] Time: 367ms, Drone: 41
[P1_RX] Time: 367ms, Receiver: 40, Sender: 41, RSSI: -95
[P1_RX] Time: 367ms, Receiver: 27, Sender: 41, RSSI: -99
[P1_RX] Time: 367ms, Receiver: 22, Sender: 41, RSSI: -103
[P1_ABORT] Time: 367ms, Drone: 19
[P1_ATTEMPT] Time: 367ms, Drone: 19
[P1_SUCCESS] Time: 367ms, Drone: 13
[P1_RX] Time: 367ms, Receiver: 31, Sender: 13, RSSI: -92
[P1_RX] Time: 367ms, Receiver: 45, Sender: 13, RSSI: -95
[P1_RX] Time: 367ms, Receiver: 4, Sender: 13, RSSI: -96
[P1_RX] Time: 367ms, Receiver: 33, Sender: 13, RSSI: -103
[P1_RX] Time: 367ms, Receiver: 29, Sender: 13, RSSI: -104
[P1_RX] Time: 367ms, Receiver: 37, Sender: 13, RSSI: -106
[P1_RX] Time: 367ms, Receiver: 25, Sender: 13, RSSI: -107
[P1_RX] Time: 367ms, Receiver: 20, Sender: 13, RSSI: -107
[P1_ATTEMPT] Time: 367ms, Drone: 28
[P1_ABORT] Time: 367ms, Drone: 47
[P1_ATTEMPT] Time: 367ms, Drone: 47
[P1_ABORT] Time: 367ms, Drone: 4
[P1_ATTEMPT] Time: 367ms, Drone: 4
[P1_ABORT] Time: 367ms, Drone: 19
[P1_ATTEMPT] Time: 367ms, Drone: 19
[P1_SUCCESS] Time: 367ms, Drone: 5
[P1_RX] Time: 367ms, Receiver: 6, Sender: 5, RSSI: -102
[P1_ABORT] Time: 367ms, Drone: 47
[P1_ATTEMPT] Time: 367ms, Drone: 47
[P1_ABORT] Time: 367ms, Drone: 19
[P1_ATTEMPT] Time: 367ms, Drone: 19
[P1_ATTEMPT] Time: 367ms, Drone: 15
[P1_ABORT] Time: 367ms, Drone: 15
[P1_ATTEMPT] Time: 367ms, Drone: 15
[P1_ABORT] Time: 367ms, Drone: 15
[P1_ATTEMPT] Time: 367ms, Drone: 15
[P1_ABORT] Time: 368ms, Drone: 15
[P1_ATTEMPT] Time: 368ms, Drone: 15
[P1_ATTEMPT] Time: 368ms, Drone: 25
[P1_SUCCESS] Time: 368ms, Drone: 28
[P1_RX] Time: 368ms, Receiver: 34, Sender: 28, RSSI: -78
[P1_RX] Time: 368ms, Receiver: 46, Sender: 28, RSSI: -82
[P1_RX] Time: 368ms, Receiver: 44, Sender: 28, RSSI: -99
[P1_RX] Time: 368ms, Receiver: 37, Sender: 28, RSSI: -102
[P1_RX] Time: 368ms, Receiver: 25, Sender: 28, RSSI: -103
[P1_SUCCESS] Time: 368ms, Drone: 4
[P1_RX] Time: 368ms, Receiver: 48, Sender: 4, RSSI: -94
[P1_RX] Time: 368ms, Receiver: 13, Sender: 4, RSSI: -96
[P1_RX] Time: 368ms, Receiver: 31, Sender: 4, RSSI: -100
[P1_RX] Time: 368ms, Receiver: 45, Sender: 4, RSSI: -100
[P1_RX] Time: 368ms, Receiver: 2, Sender: 4, RSSI: -100
[P1_RX] Time: 368ms, Receiver: 24, Sender: 4, RSSI: -101
[P1_RX] Time: 368ms, Receiver: 33, Sender: 4, RSSI: -101
[P1_ABORT] Time: 368ms, Drone: 15
[P1_ATTEMPT] Time: 368ms, Drone: 15
[P1_ABORT] Time: 368ms, Drone: 25
[P1_ATTEMPT] Time: 368ms, Drone: 25
[P1_SUCCESS] Time: 368ms, Drone: 47
[P1_RX] Time: 368ms, Receiver: 40, Sender: 47, RSSI: -88
[P1_RX] Time: 368ms, Receiver: 27, Sender: 47, RSSI: -93
[P1_RX] Time: 368ms, Receiver: 41, Sender: 47, RSSI: -95
[P1_RX] Time: 368ms, Receiver: 16, Sender: 47, RSSI: -96
[P1_RX] Time: 368ms, Receiver: 17, Sender: 47, RSSI: -99
[P1_RX] Time: 368ms, Receiver: 18, Sender: 47, RSSI: -101
[P1_RX] Time: 368ms, Receiver: 21, Sender: 47, RSSI: -102
[P1_RX] Time: 368ms, Receiver: 11, Sender: 47, RSSI: -104
[P1_ABORT] Time: 368ms, Drone: 15
[P1_ATTEMPT] Time: 368ms, Drone: 15
[P1_SUCCESS] Time: 368ms, Drone: 19
[P1_RX] Time: 368ms, Receiver: 39, Sender: 19, RSSI: -102
[P1_RX] Time: 368ms, Receiver: 6, Sender: 19, RSSI: -103
[P1_ATTEMPT] Time: 368ms, Drone: 23
[P1_ATTEMPT] Time: 368ms, Drone: 38
[P1_ABORT] Time: 368ms, Drone: 38
[P1_ATTEMPT] Time: 368ms, Drone: 38
[P1_ABORT] Time: 368ms, Drone: 38
[P1_ATTEMPT] Time: 368ms, Drone: 38
[P1_ABORT] Time: 368ms, Drone: 38
[P1_ATTEMPT] Time: 368ms, Drone: 38
[P1_ABORT] Time: 369ms, Drone: 38
[P1_ATTEMPT] Time: 369ms, Drone: 38
[P1_SUCCESS] Time: 369ms, Drone: 25
[P1_RX] Time: 369ms, Receiver: 29, Sender: 25, RSSI: -93
[P1_RX] Time: 369ms, Receiver: 37, Sender: 25, RSSI: -95
[P1_RX] Time: 369ms, Receiver: 33, Sender: 25, RSSI: -97
[P1_RX] Time: 369ms, Receiver: 34, Sender: 25, RSSI: -102
[P1_RX] Time: 369ms, Receiver: 20, Sender: 25, RSSI: -103
[P1_RX] Time: 369ms, Receiver: 28, Sender: 25, RSSI: -104
[P1_RX] Time: 369ms, Receiver: 46, Sender: 25, RSSI: -105
[P1_ATTEMPT] Time: 369ms, Drone: 26
[P1_ABORT] Time: 369ms, Drone: 38
[P1_ATTEMPT] Time: 369ms, Drone: 38
[P1_SUCCESS] Time: 369ms, Drone: 15
[P1_RX] Time: 369ms, Receiver: 43, Sender: 15, RSSI: -93
[P1_RX] Time: 369ms, Receiver: 32, Sender: 15, RSSI: -95
[P1_RX] Time: 369ms, Receiver: 1, Sender: 15, RSSI: -98
[P1_RX] Time: 369ms, Receiver: 18, Sender: 15, RSSI: -100
[P1_RX] Time: 369ms, Receiver: 16, Sender: 15, RSSI: -100
[P1_RX] Time: 369ms, Receiver: 21, Sender: 15, RSSI: -100
[P1_RX] Time: 369ms, Receiver: 3, Sender: 15, RSSI: -102
[P1_RX] Time: 369ms, Receiver: 17, Sender: 15, RSSI: -102
[P1_RX] Time: 369ms, Receiver: 49, Sender: 15, RSSI: -102
[P1_RX] Time: 369ms, Receiver: 38, Sender: 15, RSSI: -103
[P1_RX] Time: 369ms, Receiver: 45, Sender: 15, RSSI: -100
[P1_RX] Time: 369ms, Receiver: 4, Sender: 15, RSSI: -101
[P1_RX] Time: 369ms, Receiver: 11, Sender: 15, RSSI: -104
[P1_RX] Time: 369ms, Receiver: 27, Sender: 15, RSSI: -103
[P1_RX] Time: 369ms, Receiver: 47, Sender: 15, RSSI: -104
[P1_RX] Time: 369ms, Receiver: 10, Sender: 15, RSSI: -105
[P1_RX] Time: 369ms, Receiver: 8, Sender: 15, RSSI: -107
[P1_ABORT] Time: 369ms, Drone: 26
[P1_ATTEMPT] Time: 369ms, Drone: 26
[P1_ABORT] Time: 369ms, Drone: 38
[P1_ATTEMPT] Time: 369ms, Drone: 38
[P1_ATTEMPT] Time: 369ms, Drone: 24
[P1_SUCCESS] Time: 369ms, Drone: 23
[P1_RX] Time: 369ms, Receiver: 14, Sender: 23, RSSI: -89
[P1_RX] Time: 369ms, Receiver: 0, Sender: 23, RSSI: -89
[P1_RX] Time: 369ms, Receiver: 26, Sender: 23, RSSI: -97
[P1_RX] Time: 369ms, Receiver: 42, Sender: 23, RSSI: -97
[P1_RX] Time: 369ms, Receiver: 2, Sender: 23, RSSI: -97
[P1_RX] Time: 369ms, Receiver: 24, Sender: 23, RSSI: -98
[P1_RX] Time: 369ms, Receiver: 6, Sender: 23, RSSI: -100
[P1_RX] Time: 369ms, Receiver: 30, Sender: 23, RSSI: -102
[P1_RX] Time: 369ms, Receiver: 13, Sender: 23, RSSI: -101
[P1_RX] Time: 369ms, Receiver: 7, Sender: 23, RSSI: -104
[P1_RX] Time: 369ms, Receiver: 39, Sender: 23, RSSI: -106
[P1_RX] Time: 369ms, Receiver: 9, Sender: 23, RSSI: -107
[P1_RX] Time: 369ms, Receiver: 35, Sender: 23, RSSI: -107
[P1_ABORT] Time: 369ms, Drone: 26
[P1_ATTEMPT] Time: 369ms, Drone: 26
[P1_ABORT] Time: 369ms, Drone: 24
[P1_ATTEMPT] Time: 369ms, Drone: 24
[P1_ATTEMPT] Time: 369ms, Drone: 27
[P1_SUCCESS] Time: 370ms, Drone: 38
[P1_RX] Time: 370ms, Receiver: 11, Sender: 38, RSSI: -94
[P1_RX] Time: 370ms, Receiver: 43, Sender: 38, RSSI: -96
[P1_RX] Time: 370ms, Receiver: 21, Sender: 38, RSSI: -97
[P1_RX] Time: 370ms, Receiver: 10, Sender: 38, RSSI: -99
[P1_RX] Time: 370ms, Receiver: 18, Sender: 38, RSSI: -100
[P1_RX] Time: 370ms, Receiver: 17, Sender: 38, RSSI: -103
[P1_RX] Time: 370ms, Receiver: 8, Sender: 38, RSSI: -103
[P1_RX] Time: 370ms, Receiver: 3, Sender: 38, RSSI: -104
[P1_SUCCESS] Time: 370ms, Drone: 26
[P1_RX] Time: 370ms, Receiver: 42, Sender: 26, RSSI: -93
[P1_RX] Time: 370ms, Receiver: 23, Sender: 26, RSSI: -95
[P1_RX] Time: 370ms, Receiver: 14, Sender: 26, RSSI: -96
[P1_RX] Time: 370ms, Receiver: 6, Sender: 26, RSSI: -100
[P1_SUCCESS] Time: 370ms, Drone: 24
[P1_RX] Time: 370ms, Receiver: 2, Sender: 24, RSSI: -89
[P1_RX] Time: 370ms, Receiver: 48, Sender: 24, RSSI: -94
[P1_RX] Time: 370ms, Receiver: 13, Sender: 24, RSSI: -97
[P1_RX] Time: 370ms, Receiver: 4, Sender: 24, RSSI: -100
[P1_RX] Time: 370ms, Receiver: 31, Sender: 24, RSSI: -101
[P1_SUCCESS] Time: 370ms, Drone: 27
[P1_RX] Time: 370ms, Receiver: 19, Sender: 27, RSSI: -97
[P1_RX] Time: 370ms, Receiver: 41, Sender: 27, RSSI: -100
[P1_RX] Time: 370ms, Receiver: 40, Sender: 27, RSSI: -100
[P1_RX] Time: 370ms, Receiver: 5, Sender: 27, RSSI: -102
[P1_RX] Time: 370ms, Receiver: 9, Sender: 27, RSSI: -103
[P1_ATTEMPT] Time: 370ms, Drone: 18
[P1_ATTEMPT] Time: 371ms, Drone: 10
[P1_ABORT] Time: 371ms, Drone: 10
[P1_ATTEMPT] Time: 371ms, Drone: 10
[P1_ABORT] Time: 371ms, Drone: 10
[P1_ATTEMPT] Time: 371ms, Drone: 10
[P1_ABORT] Time: 371ms, Drone: 10
[P1_ATTEMPT] Time: 371ms, Drone: 10
[P1_SUCCESS] Time: 371ms, Drone: 18
[P1_RX] Time: 371ms, Receiver: 21, Sender: 18, RSSI: -78
[P1_RX] Time: 371ms, Receiver: 17, Sender: 18, RSSI: -86
[P1_RX] Time: 371ms, Receiver: 16, Sender: 18, RSSI: -94
[P1_RX] Time: 371ms, Receiver: 3, Sender: 18, RSSI: -97
[P1_RX] Time: 371ms, Receiver: 11, Sender: 18, RSSI: -98
[P1_RX] Time: 371ms, Receiver: 32, Sender: 18, RSSI: -99
[P1_RX] Time: 371ms, Receiver: 1, Sender: 18, RSSI: -99
[P1_RX] Time: 371ms, Receiver: 43, Sender: 18, RSSI: -99
[P1_RX] Time: 371ms, Receiver: 38, Sender: 18, RSSI: -100
[P1_RX] Time: 371ms, Receiver: 15, Sender: 18, RSSI: -100
[P1_RX] Time: 371ms, Receiver: 49, Sender: 18, RSSI: -100
[P1_RX] Time: 371ms, Receiver: 47, Sender: 18, RSSI: -103
[P1_RX] Time: 371ms, Receiver: 27, Sender: 18, RSSI: -106
[P1_RX] Time: 371ms, Receiver: 8, Sender: 18, RSSI: -106
[P1_RX] Time: 371ms, Receiver: 40, Sender: 18, RSSI: -106
[P1_RX] Time: 371ms, Receiver: 10, Sender: 18, RSSI: -107
[P1_RX] Time: 371ms, Receiver: 41, Sender: 18, RSSI: -107
[P1_RX] Time: 371ms, Receiver: 4, Sender: 18, RSSI: -108
[P1_ATTEMPT] Time: 371ms, Drone: 16
[P1_ABORT] Time: 372ms, Drone: 16
[P1_ATTEMPT] Time: 372ms, Drone: 16
[P1_ATTEMPT] Time: 372ms, Drone: 20
[P1_ABORT] Time: 372ms, Drone: 16
[P1_ATTEMPT] Time: 372ms, Drone: 16
[P1_ABORT] Time: 372ms, Drone: 16
[P1_ATTEMPT] Time: 372ms, Drone: 16
[P1_SUCCESS] Time: 372ms, Drone: 10
[P1_RX] Time: 372ms, Receiver: 38, Sender: 10, RSSI: -99
[P1_RX] Time: 372ms, Receiver: 8, Sender: 10, RSSI: -101
[P1_RX] Time: 372ms, Receiver: 43, Sender: 10, RSSI: -102
[P1_RX] Time: 372ms, Receiver: 21, Sender: 10, RSSI: -105
[P1_RX] Time: 372ms, Receiver: 11, Sender: 10, RSSI: -106
[P1_RX] Time: 372ms, Receiver: 15, Sender: 10, RSSI: -106
[P1_RX] Time: 372ms, Receiver: 18, Sender: 10, RSSI: -107
[P1_RX] Time: 372ms, Receiver: 3, Sender: 10, RSSI: -107
[P1_RX] Time: 372ms, Receiver: 49, Sender: 10, RSSI: -108
[P1_RX] Time: 372ms, Receiver: 17, Sender: 10, RSSI: -109
[P1_ATTEMPT] Time: 373ms, Drone: 45
[P1_SUCCESS] Time: 373ms, Drone: 20
[P1_RX] Time: 373ms, Receiver: 29, Sender: 20, RSSI: -103
[P1_RX] Time: 373ms, Receiver: 44, Sender: 20, RSSI: -103
[P1_RX] Time: 373ms, Receiver: 37, Sender: 20, RSSI: -103
[P1_RX] Time: 373ms, Receiver: 25, Sender: 20, RSSI: -104
[P1_RX] Time: 373ms, Receiver: 34, Sender: 20, RSSI: -105
[P1_RX] Time: 373ms, Receiver: 28, Sender: 20, RSSI: -105
[P1_RX] Time: 373ms, Receiver: 33, Sender: 20, RSSI: -105
[P1_RX] Time: 373ms, Receiver: 4, Sender: 20, RSSI: -106
[P1_RX] Time: 373ms, Receiver: 46, Sender: 20, RSSI: -107
[P1_ABORT] Time: 373ms, Drone: 45
[P1_ATTEMPT] Time: 373ms, Drone: 45
[P1_ATTEMPT] Time: 373ms, Drone: 36
[P1_SUCCESS] Time: 373ms, Drone: 16
[P1_RX] Time: 373ms, Receiver: 17, Sender: 16, RSSI: -91
[P1_RX] Time: 373ms, Receiver: 18, Sender: 16, RSSI: -94
[P1_RX] Time: 373ms, Receiver: 21, Sender: 16, RSSI: -97
[P1_RX] Time: 373ms, Receiver: 47, Sender: 16, RSSI: -97
[P1_RX] Time: 373ms, Receiver: 40, Sender: 16, RSSI: -101
[P1_RX] Time: 373ms, Receiver: 19, Sender: 16, RSSI: -102
[P1_RX] Time: 373ms, Receiver: 27, Sender: 16, RSSI: -102
[P1_RX] Time: 373ms, Receiver: 43, Sender: 16, RSSI: -102
[P1_RX] Time: 373ms, Receiver: 11, Sender: 16, RSSI: -103
[P1_RX] Time: 373ms, Receiver: 41, Sender: 16, RSSI: -105
[P1_RX] Time: 373ms, Receiver: 38, Sender: 16, RSSI: -105
[P1_RX] Time: 373ms, Receiver: 45, Sender: 16, RSSI: -105
[P1_RX] Time: 373ms, Receiver: 2, Sender: 16, RSSI: -106
[P1_RX] Time: 373ms, Receiver: 8, Sender: 16, RSSI: -108
[P1_ABORT] Time: 373ms, Drone: 45
[P1_ATTEMPT] Time: 373ms, Drone: 45
[P1_SUCCESS] Time: 374ms, Drone: 36
[P1_RX] Time: 374ms, Receiver: 22, Sender: 36, RSSI: -99
[P1_RX] Time: 374ms, Receiver: 5, Sender: 36, RSSI: -100
[P1_RX] Time: 374ms, Receiver: 41, Sender: 36, RSSI: -101
[P1_RX] Time: 374ms, Receiver: 35, Sender: 36, RSSI: -101
[P1_RX] Time: 374ms, Receiver: 40, Sender: 36, RSSI: -103
[P1_SUCCESS] Time: 374ms, Drone: 45
[P1_RX] Time: 374ms, Receiver: 31, Sender: 45, RSSI: -90
[P1_RX] Time: 374ms, Receiver: 13, Sender: 45, RSSI: -96
[P1_RX] Time: 374ms, Receiver: 2, Sender: 45, RSSI: -99
[P1_RX] Time: 374ms, Receiver: 32, Sender: 45, RSSI: -101
[P1_RX] Time: 374ms, Receiver: 4, Sender: 45, RSSI: -101
[P1_RX] Time: 374ms, Receiver: 27, Sender: 45, RSSI: -101
[P1_RX] Time: 374ms, Receiver: 1, Sender: 45, RSSI: -102
[P1_RX] Time: 374ms, Receiver: 0, Sender: 45, RSSI: -102
[P1_RX] Time: 374ms, Receiver: 48, Sender: 45, RSSI: -102
[P1_RX] Time: 374ms, Receiver: 24, Sender: 45, RSSI: -103
[P1_RX] Time: 374ms, Receiver: 15, Sender: 45, RSSI: -103
[P1_RX] Time: 374ms, Receiver: 19, Sender: 45, RSSI: -102
[P1_RX] Time: 374ms, Receiver: 23, Sender: 45, RSSI: -104
[P1_RX] Time: 374ms, Receiver: 33, Sender: 45, RSSI: -105
[P1_RX] Time: 374ms, Receiver: 16, Sender: 45, RSSI: -105
[P1_RX] Time: 374ms, Receiver: 42, Sender: 45, RSSI: -105
[P1_RX] Time: 374ms, Receiver: 14, Sender: 45, RSSI: -106
[P1_RX] Time: 374ms, Receiver: 43, Sender: 45, RSSI: -106
[P1_RX] Time: 374ms, Receiver: 29, Sender: 45, RSSI: -107
[P1_RX] Time: 374ms, Receiver: 30, Sender: 45, RSSI: -108
[P1_RX] Time: 374ms, Receiver: 17, Sender: 45, RSSI: -107
[P1_ATTEMPT] Time: 374ms, Drone: 49
[P1_ATTEMPT] Time: 374ms, Drone: 40
[P1_ATTEMPT] Time: 374ms, Drone: 44
[P1_ABORT] Time: 375ms, Drone: 44
[P1_ATTEMPT] Time: 375ms, Drone: 44
[P1_ABORT] Time: 375ms, Drone: 44
[P1_ATTEMPT] Time: 375ms, Drone: 44
[P1_SUCCESS] Time: 375ms, Drone: 49
[P1_RX] Time: 375ms, Receiver: 3, Sender: 49, RSSI: -80
[P1_RX] Time: 375ms, Receiver: 18, Sender: 49, RSSI: -99
[P1_RX] Time: 375ms, Receiver: 21, Sender: 49, RSSI: -100
[P1_RX] Time: 375ms, Receiver: 16, Sender: 49, RSSI: -99
[P1_RX] Time: 375ms, Receiver: 1, Sender: 49, RSSI: -100
[P1_RX] Time: 375ms, Receiver: 17, Sender: 49, RSSI: -100
[P1_RX] Time: 375ms, Receiver: 15, Sender: 49, RSSI: -102
[P1_RX] Time: 375ms, Receiver: 32, Sender: 49, RSSI: -101
[P1_RX] Time: 375ms, Receiver: 8, Sender: 49, RSSI: -104
[P1_RX] Time: 375ms, Receiver: 43, Sender: 49, RSSI: -104
[P1_RX] Time: 375ms, Receiver: 38, Sender: 49, RSSI: -105
[P1_RX] Time: 375ms, Receiver: 4, Sender: 49, RSSI: -105
[P1_RX] Time: 375ms, Receiver: 20, Sender: 49, RSSI: -106
[P1_RX] Time: 375ms, Receiver: 10, Sender: 49, RSSI: -107
[P1_RX] Time: 375ms, Receiver: 33, Sender: 49, RSSI: -108
[P1_SUCCESS] Time: 375ms, Drone: 40
[P1_RX] Time: 375ms, Receiver: 47, Sender: 40, RSSI: -91
[P1_RX] Time: 375ms, Receiver: 19, Sender: 40, RSSI: -92
[P1_RX] Time: 375ms, Receiver: 41, Sender: 40, RSSI: -95
[P1_RX] Time: 375ms, Receiver: 5, Sender: 40, RSSI: -98
[P1_RX] Time: 375ms, Receiver: 35, Sender: 40, RSSI: -99
[P1_RX] Time: 375ms, Receiver: 27, Sender: 40, RSSI: -101
[P1_RX] Time: 375ms, Receiver: 36, Sender: 40, RSSI: -104
[P1_RX] Time: 375ms, Receiver: 9, Sender: 40, RSSI: -106
[P1_RX] Time: 375ms, Receiver: 42, Sender: 40, RSSI: -106
[P1_RX] Time: 375ms, Receiver: 22, Sender: 40, RSSI: -107
[P1_RX] Time: 375ms, Receiver: 45, Sender: 40, RSSI: -106
[P1_RX] Time: 375ms, Receiver: 6, Sender: 40, RSSI: -108
[P1_SUCCESS] Time: 376ms, Drone: 44
[P1_RX] Time: 376ms, Receiver: 28, Sender: 44, RSSI: -99
[P1_RX] Time: 376ms, Receiver: 46, Sender: 44, RSSI: -100
[P1_RX] Time: 376ms, Receiver: 34, Sender: 44, RSSI: -101
[P1_RX] Time: 376ms, Receiver: 20, Sender: 44, RSSI: -103
[P1_RX] Time: 376ms, Receiver: 37, Sender: 44, RSSI: -107
[P1_ATTEMPT] Time: 376ms, Drone: 39
[P1_ATTEMPT] Time: 376ms, Drone: 21
[P1_SUCCESS] Time: 377ms, Drone: 39
[P1_RX] Time: 377ms, Receiver: 6, Sender: 39, RSSI: -95
[P1_RX] Time: 377ms, Receiver: 35, Sender: 39, RSSI: -97
[P1_RX] Time: 377ms, Receiver: 9, Sender: 39, RSSI: -97
[P1_RX] Time: 377ms, Receiver: 5, Sender: 39, RSSI: -99
[P1_RX] Time: 377ms, Receiver: 42, Sender: 39, RSSI: -103
[P1_RX] Time: 377ms, Receiver: 19, Sender: 39, RSSI: -104
[P1_RX] Time: 377ms, Receiver: 0, Sender: 39, RSSI: -105
[P1_RX] Time: 377ms, Receiver: 40, Sender: 39, RSSI: -106
[P1_RX] Time: 377ms, Receiver: 23, Sender: 39, RSSI: -107
[P1_RX] Time: 377ms, Receiver: 22, Sender: 39, RSSI: -107
[P1_RX] Time: 377ms, Receiver: 26, Sender: 39, RSSI: -107
[P1_RX] Time: 377ms, Receiver: 36, Sender: 39, RSSI: -107
[P1_SUCCESS] Time: 377ms, Drone: 21
[P1_RX] Time: 377ms, Receiver: 18, Sender: 21, RSSI: -78
[P1_RX] Time: 377ms, Receiver: 17, Sender: 21, RSSI: -91
[P1_RX] Time: 377ms, Receiver: 11, Sender: 21, RSSI: -96
[P1_RX] Time: 377ms, Receiver: 16, Sender: 21, RSSI: -97
[P1_RX] Time: 377ms, Receiver: 38, Sender: 21, RSSI: -97
[P1_RX] Time: 377ms, Receiver: 3, Sender: 21, RSSI: -98
[P1_RX] Time: 377ms, Receiver: 43, Sender: 21, RSSI: -99
[P1_RX] Time: 377ms, Receiver: 49, Sender: 21, RSSI: -100
[P1_RX] Time: 377ms, Receiver: 15, Sender: 21, RSSI: -100
[P1_RX] Time: 377ms, Receiver: 32, Sender: 21, RSSI: -101
[P1_RX] Time: 377ms, Receiver: 1, Sender: 21, RSSI: -101
[P1_RX] Time: 377ms, Receiver: 8, Sender: 21, RSSI: -104
[P1_RX] Time: 377ms, Receiver: 10, Sender: 21, RSSI: -105
[P1_RX] Time: 377ms, Receiver: 4, Sender: 21, RSSI: -108
[P1_ATTEMPT] Time: 378ms, Drone: 37
[P1_ATTEMPT] Time: 378ms, Drone: 32
[P1_ATTEMPT] Time: 378ms, Drone: 8
[P1_ATTEMPT] Time: 378ms, Drone: 30
[P1_SUCCESS] Time: 378ms, Drone: 37
[P1_RX] Time: 378ms, Receiver: 29, Sender: 37, RSSI: -89
[P1_RX] Time: 378ms, Receiver: 33, Sender: 37, RSSI: -90
[P1_RX] Time: 378ms, Receiver: 25, Sender: 37, RSSI: -95
[P1_RX] Time: 378ms, Receiver: 34, Sender: 37, RSSI: -102
[P1_RX] Time: 378ms, Receiver: 20, Sender: 37, RSSI: -103
[P1_RX] Time: 378ms, Receiver: 28, Sender: 37, RSSI: -104
[P1_RX] Time: 378ms, Receiver: 46, Sender: 37, RSSI: -105
[P1_SUCCESS] Time: 379ms, Drone: 32
[P1_RX] Time: 379ms, Receiver: 47, Sender: 32, RSSI: -99
[P1_RX] Time: 379ms, Receiver: 17, Sender: 32, RSSI: -99
[P1_RX] Time: 379ms, Receiver: 27, Sender: 32, RSSI: -100
[P1_RX] Time: 379ms, Receiver: 19, Sender: 32, RSSI: -102
[P1_RX] Time: 379ms, Receiver: 40, Sender: 32, RSSI: -103
[P1_RX] Time: 379ms, Receiver: 2, Sender: 32, RSSI: -104
[P1_RX] Time: 379ms, Receiver: 41, Sender: 32, RSSI: -106
[P1_RX] Time: 379ms, Receiver: 24, Sender: 32, RSSI: -106
[P1_SUCCESS] Time: 379ms, Drone: 8
[P1_ATTEMPT] Time: 379ms, Drone: 46
[P1_SUCCESS] Time: 379ms, Drone: 30
[P1_RX] Time: 379ms, Receiver: 7, Sender: 30, RSSI: -94
[P1_RX] Time: 379ms, Receiver: 14, Sender: 30, RSSI: -97
[P1_RX] Time: 379ms, Receiver: 12, Sender: 30, RSSI: -98
[P1_RX] Time: 379ms, Receiver: 23, Sender: 30, RSSI: -102
[P1_RX] Time: 379ms, Receiver: 24, Sender: 30, RSSI: -103
[P1_RX] Time: 379ms, Receiver: 13, Sender: 30, RSSI: -104
[P1_RX] Time: 379ms, Receiver: 48, Sender: 30, RSSI: -105
[P1_RX] Time: 379ms, Receiver: 0, Sender: 30, RSSI: -105
[P1_RX] Time: 379ms, Receiver: 26, Sender: 30, RSSI: -106
[P1_RX] Time: 379ms, Receiver: 2, Sender: 30, RSSI: -106
[P1_RX] Time: 379ms, Receiver: 31, Sender: 30, RSSI: -107
[P1_RX] Time: 379ms, Receiver: 42, Sender: 30, RSSI: -108
[P1_RX] Time: 379ms, Receiver: 45, Sender: 30, RSSI: -108
[P1_RX] Time: 379ms, Receiver: 4, Sender: 30, RSSI: -109
[P1_SUCCESS] Time: 380ms, Drone: 46
[P1_RX] Time: 380ms, Receiver: 28, Sender: 46, RSSI: -82
[P1_RX] Time: 380ms, Receiver: 34, Sender: 46, RSSI: -87
[P1_RX] Time: 380ms, Receiver: 44, Sender: 46, RSSI: -100
[P1_RX] Time: 380ms, Receiver: 37, Sender: 46, RSSI: -105
[P1_RX] Time: 380ms, Receiver: 25, Sender: 46, RSSI: -106
[P1_RX] Time: 380ms, Receiver: 20, Sender: 46, RSSI: -107
[P1_RX] Time: 380ms, Receiver: 29, Sender: 46, RSSI: -107
[P1_ATTEMPT] Time: 409ms, Drone: 47
[P1_ATTEMPT] Time: 409ms, Drone: 22
[P1_ABORT] Time: 409ms, Drone: 22
[P1_ATTEMPT] Time: 409ms, Drone: 22
[P1_ABORT] Time: 410ms, Drone: 22
[P1_ATTEMPT] Time: 410ms, Drone: 22
[P1_ATTEMPT] Time: 410ms, Drone: 28
[P1_ABORT] Time: 410ms, Drone: 22
[P1_ATTEMPT] Time: 410ms, Drone: 22
[P1_SUCCESS] Time: 410ms, Drone: 47
[P1_RX] Time: 410ms, Receiver: 40, Sender: 47, RSSI: -91
[P1_RX] Time: 410ms, Receiver: 19, Sender: 47, RSSI: -92
[P1_RX] Time: 410ms, Receiver: 27, Sender: 47, RSSI: -95
[P1_RX] Time: 410ms, Receiver: 41, Sender: 47, RSSI: -97
[P1_RX] Time: 410ms, Receiver: 16, Sender: 47, RSSI: -97
[P1_RX] Time: 410ms, Receiver: 32, Sender: 47, RSSI: -99
[P1_RX] Time: 410ms, Receiver: 1, Sender: 47, RSSI: -99
[P1_RX] Time: 410ms, Receiver: 17, Sender: 47, RSSI: -101
[P1_RX] Time: 410ms, Receiver: 5, Sender: 47, RSSI: -102
[P1_RX] Time: 410ms, Receiver: 35, Sender: 47, RSSI: -102
[P1_RX] Time: 410ms, Receiver: 18, Sender: 47, RSSI: -103
[P1_RX] Time: 410ms, Receiver: 21, Sender: 47, RSSI: -105
[P1_RX] Time: 410ms, Receiver: 45, Sender: 47, RSSI: -105
[P1_RX] Time: 410ms, Receiver: 15, Sender: 47, RSSI: -106
[P1_RX] Time: 410ms, Receiver: 2, Sender: 47, RSSI: -106
[P1_RX] Time: 410ms, Receiver: 11, Sender: 47, RSSI: -106
[P1_RX] Time: 410ms, Receiver: 43, Sender: 47, RSSI: -107
[P1_RX] Time: 410ms, Receiver: 9, Sender: 47, RSSI: -107
[P1_RX] Time: 410ms, Receiver: 36, Sender: 47, RSSI: -107
[P1_RX] Time: 410ms, Receiver: 42, Sender: 47, RSSI: -107
[P1_RX] Time: 410ms, Receiver: 39, Sender: 47, RSSI: -108
[P1_RX] Time: 410ms, Receiver: 4, Sender: 47, RSSI: -108
[P1_RX] Time: 410ms, Receiver: 49, Sender: 47, RSSI: -109
[P1_RX] Time: 410ms, Receiver: 24, Sender: 47, RSSI: -109
[P1_ATTEMPT] Time: 410ms, Drone: 31
[P1_ATTEMPT] Time: 410ms, Drone: 9
[P1_SUCCESS] Time: 411ms, Drone: 28
[P1_RX] Time: 411ms, Receiver: 34, Sender: 28, RSSI: -78
[P1_RX] Time: 411ms, Receiver: 46, Sender: 28, RSSI: -82
[P1_RX] Time: 411ms, Receiver: 44, Sender: 28, RSSI: -99
[P1_RX] Time: 411ms, Receiver: 20, Sender: 28, RSSI: -105
[P1_SUCCESS] Time: 411ms, Drone: 22
[P1_RX] Time: 411ms, Receiver: 36, Sender: 22, RSSI: -99
[P1_RX] Time: 411ms, Receiver: 41, Sender: 22, RSSI: -103
[P1_ATTEMPT] Time: 411ms, Drone: 46
[P1_ATTEMPT] Time: 411ms, Drone: 17
[P1_SUCCESS] Time: 411ms, Drone: 31
[P1_RX] Time: 411ms, Receiver: 45, Sender: 31, RSSI: -90
[P1_RX] Time: 411ms, Receiver: 13, Sender: 31, RSSI: -92
[P1_RX] Time: 411ms, Receiver: 4, Sender: 31, RSSI: -100
[P1_RX] Time: 411ms, Receiver: 2, Sender: 31, RSSI: -101
[P1_RX] Time: 411ms, Receiver: 24, Sender: 31, RSSI: -102
[P1_RX] Time: 411ms, Receiver: 32, Sender: 31, RSSI: -103
[P1_RX] Time: 411ms, Receiver: 15, Sender: 31, RSSI: -103
[P1_RX] Time: 411ms, Receiver: 1, Sender: 31, RSSI: -103
[P1_RX] Time: 411ms, Receiver: 23, Sender: 31, RSSI: -103
[P1_RX] Time: 411ms, Receiver: 14, Sender: 31, RSSI: -104
[P1_RX] Time: 411ms, Receiver: 12, Sender: 31, RSSI: -106
[P1_SUCCESS] Time: 411ms, Drone: 9
[P1_RX] Time: 411ms, Receiver: 6, Sender: 9, RSSI: -100
[P1_SUCCESS] Time: 412ms, Drone: 46
[P1_RX] Time: 412ms, Receiver: 28, Sender: 46, RSSI: -82
[P1_RX] Time: 412ms, Receiver: 34, Sender: 46, RSSI: -87
[P1_RX] Time: 412ms, Receiver: 44, Sender: 46, RSSI: -100
[P1_RX] Time: 412ms, Receiver: 20, Sender: 46, RSSI: -106
[P1_SUCCESS] Time: 412ms, Drone: 17
[P1_RX] Time: 412ms, Receiver: 18, Sender: 17, RSSI: -86
[P1_RX] Time: 412ms, Receiver: 21, Sender: 17, RSSI: -91
[P1_RX] Time: 412ms, Receiver: 16, Sender: 17, RSSI: -91
[P1_RX] Time: 412ms, Receiver: 1, Sender: 17, RSSI: -99
[P1_RX] Time: 412ms, Receiver: 11, Sender: 17, RSSI: -99
[P1_RX] Time: 412ms, Receiver: 32, Sender: 17, RSSI: -99
[P1_RX] Time: 412ms, Receiver: 3, Sender: 17, RSSI: -100
[P1_RX] Time: 412ms, Receiver: 47, Sender: 17, RSSI: -101
[P1_RX] Time: 412ms, Receiver: 49, Sender: 17, RSSI: -102
[P1_RX] Time: 412ms, Receiver: 15, Sender: 17, RSSI: -102
[P1_RX] Time: 412ms, Receiver: 43, Sender: 17, RSSI: -102
[P1_RX] Time: 412ms, Receiver: 38, Sender: 17, RSSI: -103
[P1_RX] Time: 412ms, Receiver: 40, Sender: 17, RSSI: -103
[P1_RX] Time: 412ms, Receiver: 41, Sender: 17, RSSI: -105
[P1_RX] Time: 412ms, Receiver: 27, Sender: 17, RSSI: -105
[P1_RX] Time: 412ms, Receiver: 19, Sender: 17, RSSI: -105
[P1_RX] Time: 412ms, Receiver: 8, Sender: 17, RSSI: -107
[P1_RX] Time: 412ms, Receiver: 4, Sender: 17, RSSI: -108
[P1_RX] Time: 412ms, Receiver: 10, Sender: 17, RSSI: -107
[P1_ATTEMPT] Time: 412ms, Drone: 49
[P1_ATTEMPT] Time: 413ms, Drone: 6
[P1_SUCCESS] Time: 413ms, Drone: 49
[P1_RX] Time: 413ms, Receiver: 3, Sender: 49, RSSI: -80
[P1_RX] Time: 413ms, Receiver: 18, Sender: 49, RSSI: -100
[P1_RX] Time: 413ms, Receiver: 21, Sender: 49, RSSI: -100
[P1_RX] Time: 413ms, Receiver: 16, Sender: 49, RSSI: -102
[P1_RX] Time: 413ms, Receiver: 1, Sender: 49, RSSI: -102
[P1_RX] Time: 413ms, Receiver: 17, Sender: 49, RSSI: -103
[P1_RX] Time: 413ms, Receiver: 15, Sender: 49, RSSI: -103
[P1_RX] Time: 413ms, Receiver: 32, Sender: 49, RSSI: -103
[P1_RX] Time: 413ms, Receiver: 8, Sender: 49, RSSI: -104
[P1_RX] Time: 413ms, Receiver: 43, Sender: 49, RSSI: -105
[P1_RX] Time: 413ms, Receiver: 38, Sender: 49, RSSI: -106
[P1_RX] Time: 413ms, Receiver: 4, Sender: 49, RSSI: -106
[P1_RX] Time: 413ms, Receiver: 20, Sender: 49, RSSI: -107
[P1_RX] Time: 413ms, Receiver: 11, Sender: 49, RSSI: -107
[P1_RX] Time: 413ms, Receiver: 10, Sender: 49, RSSI: -108
[P1_RX] Time: 413ms, Receiver: 44, Sender: 49, RSSI: -109
[P1_SUCCESS] Time: 413ms, Drone: 6
[P1_RX] Time: 413ms, Receiver: 39, Sender: 6, RSSI: -95
[P1_RX] Time: 413ms, Receiver: 42, Sender: 6, RSSI: -98
[P1_RX] Time: 413ms, Receiver: 0, Sender: 6, RSSI: -99
[P1_RX] Time: 413ms, Receiver: 23, Sender: 6, RSSI: -100
[P1_RX] Time: 413ms, Receiver: 9, Sender: 6, RSSI: -101
[P1_RX] Time: 413ms, Receiver: 26, Sender: 6, RSSI: -102
[P1_RX] Time: 413ms, Receiver: 35, Sender: 6, RSSI: -103
[P1_RX] Time: 413ms, Receiver: 14, Sender: 6, RSSI: -104
[P1_RX] Time: 413ms, Receiver: 2, Sender: 6, RSSI: -105
[P1_RX] Time: 413ms, Receiver: 5, Sender: 6, RSSI: -105
[P1_RX] Time: 413ms, Receiver: 24, Sender: 6, RSSI: -106
[P1_ATTEMPT] Time: 414ms, Drone: 16
[P1_ATTEMPT] Time: 414ms, Drone: 8
[P1_SUCCESS] Time: 415ms, Drone: 16
[P1_RX] Time: 415ms, Receiver: 1, Sender: 16, RSSI: -89
[P1_RX] Time: 415ms, Receiver: 32, Sender: 16, RSSI: -91
[P1_RX] Time: 415ms, Receiver: 17, Sender: 16, RSSI: -91
[P1_RX] Time: 415ms, Receiver: 18, Sender: 16, RSSI: -94
[P1_RX] Time: 415ms, Receiver: 21, Sender: 16, RSSI: -97
[P1_RX] Time: 415ms, Receiver: 47, Sender: 16, RSSI: -97
[P1_RX] Time: 415ms, Receiver: 15, Sender: 16, RSSI: -100
[P1_RX] Time: 415ms, Receiver: 3, Sender: 16, RSSI: -101
[P1_RX] Time: 415ms, Receiver: 40, Sender: 16, RSSI: -102
[P1_RX] Time: 415ms, Receiver: 49, Sender: 16, RSSI: -102
[P1_RX] Time: 415ms, Receiver: 19, Sender: 16, RSSI: -102
[P1_RX] Time: 415ms, Receiver: 27, Sender: 16, RSSI: -102
[P1_RX] Time: 415ms, Receiver: 43, Sender: 16, RSSI: -103
[P1_RX] Time: 415ms, Receiver: 11, Sender: 16, RSSI: -103
[P1_RX] Time: 415ms, Receiver: 41, Sender: 16, RSSI: -105
[P1_RX] Time: 415ms, Receiver: 4, Sender: 16, RSSI: -106
[P1_RX] Time: 415ms, Receiver: 45, Sender: 16, RSSI: -106
[P1_RX] Time: 415ms, Receiver: 31, Sender: 16, RSSI: -108
[P1_RX] Time: 415ms, Receiver: 13, Sender: 16, RSSI: -108
[P1_SUCCESS] Time: 415ms, Drone: 8
[P1_ATTEMPT] Time: 416ms, Drone: 41
[P1_SUCCESS] Time: 417ms, Drone: 41
[P1_RX] Time: 417ms, Receiver: 40, Sender: 41, RSSI: -95
[P1_RX] Time: 417ms, Receiver: 47, Sender: 41, RSSI: -97
[P1_RX] Time: 417ms, Receiver: 5, Sender: 41, RSSI: -100
[P1_RX] Time: 417ms, Receiver: 27, Sender: 41, RSSI: -101
[P1_RX] Time: 417ms, Receiver: 19, Sender: 41, RSSI: -101
[P1_RX] Time: 417ms, Receiver: 36, Sender: 41, RSSI: -101
[P1_RX] Time: 417ms, Receiver: 35, Sender: 41, RSSI: -102
[P1_RX] Time: 417ms, Receiver: 22, Sender: 41, RSSI: -103
[P1_RX] Time: 417ms, Receiver: 17, Sender: 41, RSSI: -105
[P1_RX] Time: 417ms, Receiver: 16, Sender: 41, RSSI: -105
[P1_RX] Time: 417ms, Receiver: 9, Sender: 41, RSSI: -106
[P1_RX] Time: 417ms, Receiver: 32, Sender: 41, RSSI: -106
[P1_RX] Time: 417ms, Receiver: 1, Sender: 41, RSSI: -107
[P1_RX] Time: 417ms, Receiver: 18, Sender: 41, RSSI: -107
[P1_RX] Time: 417ms, Receiver: 11, Sender: 41, RSSI: -107
[P1_RX] Time: 417ms, Receiver: 21, Sender: 41, RSSI: -108
[P1_RX] Time: 417ms, Receiver: 15, Sender: 41, RSSI: -110
[P1_ATTEMPT] Time: 417ms, Drone: 44
[P1_ATTEMPT] Time: 418ms, Drone: 3
[P1_ATTEMPT] Time: 418ms, Drone: 20
[P1_ABORT] Time: 418ms, Drone: 3
[P1_ATTEMPT] Time: 418ms, Drone: 3
[P1_ATTEMPT] Time: 418ms, Drone: 38
[P1_ABORT] Time: 418ms, Drone: 20
[P1_ATTEMPT] Time: 418ms, Drone: 20
[P1_ATTEMPT] Time: 418ms, Drone: 34
[P1_ATTEMPT] Time: 418ms, Drone: 35
[P1_ABORT] Time: 418ms, Drone: 3
[P1_ATTEMPT] Time: 418ms, Drone: 3
[P1_ABORT] Time: 418ms, Drone: 20
[P1_ATTEMPT] Time: 418ms, Drone: 20
[P1_ABORT] Time: 418ms, Drone: 34
[P1_ATTEMPT] Time: 418ms, Drone: 34
[P1_ATTEMPT] Time: 418ms, Drone: 15
[P1_ABORT] Time: 418ms, Drone: 3
[P1_ATTEMPT] Time: 418ms, Drone: 3
[P1_ABORT] Time: 418ms, Drone: 20
[P1_ATTEMPT] Time: 418ms, Drone: 20
[P1_ABORT] Time: 418ms, Drone: 34
[P1_ATTEMPT] Time: 418ms, Drone: 34
[P1_ATTEMPT] Time: 418ms, Drone: 27
[P1_ABORT] Time: 418ms, Drone: 15
[P1_ATTEMPT] Time: 418ms, Drone: 15
[P1_ABORT] Time: 418ms, Drone: 3
[P1_ATTEMPT] Time: 418ms, Drone: 3
[P1_ATTEMPT] Time: 418ms, Drone: 26
[P1_SUCCESS] Time: 418ms, Drone: 44
[P1_RX] Time: 418ms, Receiver: 28, Sender: 44, RSSI: -99
[P1_RX] Time: 418ms, Receiver: 46, Sender: 44, RSSI: -100
[P1_RX] Time: 418ms, Receiver: 34, Sender: 44, RSSI: -101
[P1_RX] Time: 418ms, Receiver: 20, Sender: 44, RSSI: -103
[P1_ABORT] Time: 418ms, Drone: 20
[P1_ATTEMPT] Time: 418ms, Drone: 20
[P1_ABORT] Time: 418ms, Drone: 34
[P1_ATTEMPT] Time: 418ms, Drone: 34
[P1_ABORT] Time: 418ms, Drone: 27
[P1_ATTEMPT] Time: 418ms, Drone: 27
[P1_ABORT] Time: 418ms, Drone: 15
[P1_ATTEMPT] Time: 418ms, Drone: 15
[P1_ABORT] Time: 418ms, Drone: 3
[P1_ATTEMPT] Time: 418ms, Drone: 3
[P1_ABORT] Time: 419ms, Drone: 26
[P1_ATTEMPT] Time: 419ms, Drone: 26
[P1_ABORT] Time: 419ms, Drone: 27
[P1_ATTEMPT] Time: 419ms, Drone: 27
[P1_ABORT] Time: 419ms, Drone: 15
[P1_ATTEMPT] Time: 419ms, Drone: 15
[P1_ABORT] Time: 419ms, Drone: 3
[P1_ATTEMPT] Time: 419ms, Drone: 3
[P1_ABORT] Time: 419ms, Drone: 26
[P1_ATTEMPT] Time: 419ms, Drone: 26
[P1_ABORT] Time: 419ms, Drone: 27
[P1_ATTEMPT] Time: 419ms, Drone: 27
[P1_ABORT] Time: 419ms, Drone: 15
[P1_ATTEMPT] Time: 419ms, Drone: 15
[P1_ABORT] Time: 419ms, Drone: 3
[P1_ATTEMPT] Time: 419ms, Drone: 3
[P1_ABORT] Time: 419ms, Drone: 26
[P1_ATTEMPT] Time: 419ms, Drone: 26
[P1_ATTEMPT] Time: 419ms, Drone: 13
[P1_ABORT] Time: 419ms, Drone: 27
[P1_ATTEMPT] Time: 419ms, Drone: 27
[P1_ABORT] Time: 419ms, Drone: 15
[P1_ATTEMPT] Time: 419ms, Drone: 15
[P1_ABORT] Time: 419ms, Drone: 3
[P1_ATTEMPT] Time: 419ms, Drone: 3
[P1_SUCCESS] Time: 419ms, Drone: 38
[P1_RX] Time: 419ms, Receiver: 11, Sender: 38, RSSI: -94
[P1_RX] Time: 419ms, Receiver: 43, Sender: 38, RSSI: -96
[P1_RX] Time: 419ms, Receiver: 21, Sender: 38, RSSI: -97
[P1_RX] Time: 419ms, Receiver: 18, Sender: 38, RSSI: -99
[P1_RX] Time: 419ms, Receiver: 17, Sender: 38, RSSI: -102
[P1_RX] Time: 419ms, Receiver: 15, Sender: 38, RSSI: -102
[P1_ABORT] Time: 419ms, Drone: 26
[P1_ATTEMPT] Time: 419ms, Drone: 26
[P1_ABORT] Time: 419ms, Drone: 13
[P1_ATTEMPT] Time: 419ms, Drone: 13
[P1_ABORT] Time: 419ms, Drone: 27
[P1_ATTEMPT] Time: 419ms, Drone: 27
[P1_ABORT] Time: 419ms, Drone: 15
[P1_ATTEMPT] Time: 419ms, Drone: 15
[P1_ABORT] Time: 419ms, Drone: 3
[P1_ATTEMPT] Time: 419ms, Drone: 3
[P1_SUCCESS] Time: 419ms, Drone: 35
[P1_RX] Time: 419ms, Receiver: 5, Sender: 35, RSSI: -75
[P1_RX] Time: 419ms, Receiver: 39, Sender: 35, RSSI: -97
[P1_RX] Time: 419ms, Receiver: 19, Sender: 35, RSSI: -98
[P1_RX] Time: 419ms, Receiver: 40, Sender: 35, RSSI: -99
[P1_RX] Time: 419ms, Receiver: 9, Sender: 35, RSSI: -100
[P1_RX] Time: 419ms, Receiver: 41, Sender: 35, RSSI: -101
[P1_RX] Time: 419ms, Receiver: 36, Sender: 35, RSSI: -101
[P1_RX] Time: 419ms, Receiver: 47, Sender: 35, RSSI: -102
[P1_RX] Time: 419ms, Receiver: 6, Sender: 35, RSSI: -103
[P1_RX] Time: 419ms, Receiver: 22, Sender: 35, RSSI: -104
[P1_RX] Time: 419ms, Receiver: 27, Sender: 35, RSSI: -103
[P1_RX] Time: 419ms, Receiver: 42, Sender: 35, RSSI: -105
[P1_ABORT] Time: 419ms, Drone: 27
[P1_ATTEMPT] Time: 419ms, Drone: 27
[P1_SUCCESS] Time: 419ms, Drone: 20
[P1_SUCCESS] Time: 419ms, Drone: 34
[P1_RX] Time: 419ms, Receiver: 28, Sender: 34, RSSI: -78
[P1_RX] Time: 419ms, Receiver: 46, Sender: 34, RSSI: -87
[P1_ATTEMPT] Time: 419ms, Drone: 45
[P1_ATTEMPT] Time: 419ms, Drone: 48
[P1_ABORT] Time: 420ms, Drone: 45
[P1_ATTEMPT] Time: 420ms, Drone: 45
[P1_ATTEMPT] Time: 420ms, Drone: 4
[P1_ABORT] Time: 420ms, Drone: 45
[P1_ATTEMPT] Time: 420ms, Drone: 45
[P1_ABORT] Time: 420ms, Drone: 4
[P1_ATTEMPT] Time: 420ms, Drone: 4
[P1_ATTEMPT] Time: 420ms, Drone: 36
[P1_ABORT] Time: 420ms, Drone: 48
[P1_ATTEMPT] Time: 420ms, Drone: 48
[P1_ABORT] Time: 420ms, Drone: 45
[P1_ATTEMPT] Time: 420ms, Drone: 45
[P1_ABORT] Time: 420ms, Drone: 4
[P1_ATTEMPT] Time: 420ms, Drone: 4
[P1_SUCCESS] Time: 420ms, Drone: 26
[P1_RX] Time: 420ms, Receiver: 42, Sender: 26, RSSI: -94
[P1_RX] Time: 420ms, Receiver: 23, Sender: 26, RSSI: -96
[P1_RX] Time: 420ms, Receiver: 14, Sender: 26, RSSI: -97
[P1_RX] Time: 420ms, Receiver: 24, Sender: 26, RSSI: -95
[P1_RX] Time: 420ms, Receiver: 6, Sender: 26, RSSI: -101
[P1_RX] Time: 420ms, Receiver: 7, Sender: 26, RSSI: -104
[P1_SUCCESS] Time: 420ms, Drone: 13
[P1_RX] Time: 420ms, Receiver: 31, Sender: 13, RSSI: -92
[P1_RX] Time: 420ms, Receiver: 45, Sender: 13, RSSI: -95
[P1_ABORT] Time: 420ms, Drone: 36
[P1_ATTEMPT] Time: 420ms, Drone: 36
[P1_ABORT] Time: 420ms, Drone: 48
[P1_ATTEMPT] Time: 420ms, Drone: 48
[P1_ATTEMPT] Time: 420ms, Drone: 21
[P1_SUCCESS] Time: 420ms, Drone: 15
[P1_RX] Time: 420ms, Receiver: 43, Sender: 15, RSSI: -92
[P1_RX] Time: 420ms, Receiver: 32, Sender: 15, RSSI: -93
[P1_RX] Time: 420ms, Receiver: 1, Sender: 15, RSSI: -95
[P1_RX] Time: 420ms, Receiver: 38, Sender: 15, RSSI: -100
[P1_SUCCESS] Time: 420ms, Drone: 3
[P1_RX] Time: 420ms, Receiver: 8, Sender: 3, RSSI: -102
[P1_ABORT] Time: 420ms, Drone: 45
[P1_ATTEMPT] Time: 420ms, Drone: 45
[P1_ABORT] Time: 420ms, Drone: 4
[P1_ATTEMPT] Time: 420ms, Drone: 4
[P1_ATTEMPT] Time: 420ms, Drone: 33
[P1_ABORT] Time: 420ms, Drone: 36
[P1_ATTEMPT] Time: 420ms, Drone: 36
[P1_ABORT] Time: 420ms, Drone: 48
[P1_ATTEMPT] Time: 420ms, Drone: 48
[P1_SUCCESS] Time: 420ms, Drone: 27
[P1_RX] Time: 420ms, Receiver: 47, Sender: 27, RSSI: -94
[P1_RX] Time: 420ms, Receiver: 19, Sender: 27, RSSI: -97
[P1_RX] Time: 420ms, Receiver: 41, Sender: 27, RSSI: -100
[P1_RX] Time: 420ms, Receiver: 40, Sender: 27, RSSI: -99
[P1_RX] Time: 420ms, Receiver: 35, Sender: 27, RSSI: -102
[P1_RX] Time: 420ms, Receiver: 5, Sender: 27, RSSI: -102
[P1_RX] Time: 420ms, Receiver: 9, Sender: 27, RSSI: -103
[P1_RX] Time: 420ms, Receiver: 22, Sender: 27, RSSI: -106
[P1_ABORT] Time: 420ms, Drone: 21
[P1_ATTEMPT] Time: 420ms, Drone: 21
[P1_ABORT] Time: 420ms, Drone: 45
[P1_ATTEMPT] Time: 420ms, Drone: 45
[P1_ATTEMPT] Time: 420ms, Drone: 5
[P1_ABORT] Time: 420ms, Drone: 33
[P1_ATTEMPT] Time: 420ms, Drone: 33
[P1_ABORT] Time: 420ms, Drone: 33
[P1_ATTEMPT] Time: 420ms, Drone: 33
[P1_ABORT] Time: 421ms, Drone: 33
[P1_ATTEMPT] Time: 421ms, Drone: 33
[P1_ABORT] Time: 421ms, Drone: 33
[P1_ATTEMPT] Time: 421ms, Drone: 33
[P1_ABORT] Time: 421ms, Drone: 33
[P1_ATTEMPT] Time: 421ms, Drone: 33
[P1_SUCCESS] Time: 421ms, Drone: 4
[P1_RX] Time: 421ms, Receiver: 33, Sender: 4, RSSI: -100
[P1_RX] Time: 421ms, Receiver: 20, Sender: 4, RSSI: -103
[P1_ABORT] Time: 421ms, Drone: 33
[P1_ATTEMPT] Time: 421ms, Drone: 33
[P1_SUCCESS] Time: 421ms, Drone: 36
[P1_RX] Time: 421ms, Receiver: 22, Sender: 36, RSSI: -99
[P1_RX] Time: 421ms, Receiver: 41, Sender: 36, RSSI: -100
[P1_SUCCESS] Time: 421ms, Drone: 48
[P1_RX] Time: 421ms, Receiver: 13, Sender: 48, RSSI: -90
[P1_RX] Time: 421ms, Receiver: 24, Sender: 48, RSSI: -93
[P1_RX] Time: 421ms, Receiver: 2, Sender: 48, RSSI: -94
[P1_RX] Time: 421ms, Receiver: 14, Sender: 48, RSSI: -101
[P1_RX] Time: 421ms, Receiver: 30, Sender: 48, RSSI: -102
[P1_SUCCESS] Time: 421ms, Drone: 21
[P1_RX] Time: 421ms, Receiver: 18, Sender: 21, RSSI: -78
[P1_RX] Time: 421ms, Receiver: 17, Sender: 21, RSSI: -91
[P1_RX] Time: 421ms, Receiver: 11, Sender: 21, RSSI: -96
[P1_RX] Time: 421ms, Receiver: 16, Sender: 21, RSSI: -95
[P1_RX] Time: 421ms, Receiver: 38, Sender: 21, RSSI: -97
[P1_RX] Time: 421ms, Receiver: 3, Sender: 21, RSSI: -97
[P1_RX] Time: 421ms, Receiver: 43, Sender: 21, RSSI: -98
[P1_RX] Time: 421ms, Receiver: 49, Sender: 21, RSSI: -99
[P1_RX] Time: 421ms, Receiver: 15, Sender: 21, RSSI: -97
[P1_RX] Time: 421ms, Receiver: 8, Sender: 21, RSSI: -103
[P1_RX] Time: 421ms, Receiver: 10, Sender: 21, RSSI: -104
[P1_SUCCESS] Time: 421ms, Drone: 45
[P1_RX] Time: 421ms, Receiver: 31, Sender: 45, RSSI: -89
[P1_RX] Time: 421ms, Receiver: 27, Sender: 45, RSSI: -98
[P1_RX] Time: 421ms, Receiver: 0, Sender: 45, RSSI: -99
[P1_ATTEMPT] Time: 421ms, Drone: 0
[P1_ABORT] Time: 421ms, Drone: 33
[P1_ATTEMPT] Time: 421ms, Drone: 33
[P1_SUCCESS] Time: 421ms, Drone: 5
[P1_RX] Time: 421ms, Receiver: 19, Sender: 5, RSSI: -96
[P1_RX] Time: 421ms, Receiver: 47, Sender: 5, RSSI: -98
[P1_RX] Time: 421ms, Receiver: 6, Sender: 5, RSSI: -101
[P1_ATTEMPT] Time: 422ms, Drone: 30
[P1_ATTEMPT] Time: 422ms, Drone: 23
[P1_ATTEMPT] Time: 422ms, Drone: 29
[P1_ABORT] Time: 422ms, Drone: 30
[P1_ATTEMPT] Time: 422ms, Drone: 30
[P1_SUCCESS] Time: 422ms, Drone: 0
[P1_RX] Time: 422ms, Receiver: 23, Sender: 0, RSSI: -89
[P1_RX] Time: 422ms, Receiver: 14, Sender: 0, RSSI: -97
[P1_RX] Time: 422ms, Receiver: 42, Sender: 0, RSSI: -98
[P1_RX] Time: 422ms, Receiver: 2, Sender: 0, RSSI: -98
[P1_RX] Time: 422ms, Receiver: 6, Sender: 0, RSSI: -99
[P1_RX] Time: 422ms, Receiver: 24, Sender: 0, RSSI: -100
[P1_RX] Time: 422ms, Receiver: 26, Sender: 0, RSSI: -101
[P1_RX] Time: 422ms, Receiver: 45, Sender: 0, RSSI: -101
[P1_RX] Time: 422ms, Receiver: 13, Sender: 0, RSSI: -101
[P1_RX] Time: 422ms, Receiver: 9, Sender: 0, RSSI: -105
[P1_RX] Time: 422ms, Receiver: 39, Sender: 0, RSSI: -105
[P1_RX] Time: 422ms, Receiver: 30, Sender: 0, RSSI: -104
[P1_RX] Time: 422ms, Receiver: 19, Sender: 0, RSSI: -105
[P1_RX] Time: 422ms, Receiver: 27, Sender: 0, RSSI: -105
[P1_SUCCESS] Time: 422ms, Drone: 33
[P1_RX] Time: 422ms, Receiver: 4, Sender: 33, RSSI: -102
[P1_RX] Time: 422ms, Receiver: 15, Sender: 33, RSSI: -103
[P1_RX] Time: 422ms, Receiver: 20, Sender: 33, RSSI: -105
[P1_RX] Time: 422ms, Receiver: 34, Sender: 33, RSSI: -106
[P1_RX] Time: 422ms, Receiver: 43, Sender: 33, RSSI: -106
[P1_RX] Time: 422ms, Receiver: 32, Sender: 33, RSSI: -105
[P1_RX] Time: 422ms, Receiver: 28, Sender: 33, RSSI: -107
[P1_RX] Time: 422ms, Receiver: 1, Sender: 33, RSSI: -106
[P1_RX] Time: 422ms, Receiver: 49, Sender: 33, RSSI: -108
[P1_ABORT] Time: 422ms, Drone: 23
[P1_ATTEMPT] Time: 422ms, Drone: 23
[P1_ABORT] Time: 422ms, Drone: 30
[P1_ATTEMPT] Time: 422ms, Drone: 30
[P1_SUCCESS] Time: 423ms, Drone: 23
[P1_RX] Time: 423ms, Receiver: 14, Sender: 23, RSSI: -88
[P1_RX] Time: 423ms, Receiver: 0, Sender: 23, RSSI: -89
[P1_RX] Time: 423ms, Receiver: 26, Sender: 23, RSSI: -96
[P1_RX] Time: 423ms, Receiver: 42, Sender: 23, RSSI: -97
[P1_RX] Time: 423ms, Receiver: 2, Sender: 23, RSSI: -97
[P1_RX] Time: 423ms, Receiver: 24, Sender: 23, RSSI: -97
[P1_RX] Time: 423ms, Receiver: 6, Sender: 23, RSSI: -100
[P1_RX] Time: 423ms, Receiver: 45, Sender: 23, RSSI: -102
[P1_RX] Time: 423ms, Receiver: 9, Sender: 23, RSSI: -107
[P1_SUCCESS] Time: 423ms, Drone: 30
[P1_RX] Time: 423ms, Receiver: 7, Sender: 30, RSSI: -93
[P1_RX] Time: 423ms, Receiver: 12, Sender: 30, RSSI: -97
[P1_SUCCESS] Time: 423ms, Drone: 29
[P1_RX] Time: 423ms, Receiver: 33, Sender: 29, RSSI: -89
[P1_RX] Time: 423ms, Receiver: 20, Sender: 29, RSSI: -102
[P1_RX] Time: 423ms, Receiver: 4, Sender: 29, RSSI: -101
[P1_RX] Time: 423ms, Receiver: 34, Sender: 29, RSSI: -104
[P1_RX] Time: 423ms, Receiver: 28, Sender: 29, RSSI: -106
[P1_RX] Time: 423ms, Receiver: 15, Sender: 29, RSSI: -105
[P1_RX] Time: 423ms, Receiver: 46, Sender: 29, RSSI: -107
[P1_ATTEMPT] Time: 424ms, Drone: 40
[P1_ATTEMPT] Time: 424ms, Drone: 39
[P1_ATTEMPT] Time: 424ms, Drone: 14
[P1_ATTEMPT] Time: 424ms, Drone: 19
[P1_ABORT] Time: 424ms, Drone: 19
[P1_ATTEMPT] Time: 424ms, Drone: 19
[P1_ABORT] Time: 424ms, Drone: 19
[P1_ATTEMPT] Time: 424ms, Drone: 19
[P1_ATTEMPT] Time: 424ms, Drone: 43
[P1_ABORT] Time: 424ms, Drone: 19
[P1_ATTEMPT] Time: 424ms, Drone: 19
[P1_ABORT] Time: 424ms, Drone: 43
[P1_ATTEMPT] Time: 424ms, Drone: 43
[P1_ABORT] Time: 424ms, Drone: 19
[P1_ATTEMPT] Time: 424ms, Drone: 19
[P1_ABORT] Time: 424ms, Drone: 43
[P1_ATTEMPT] Time: 424ms, Drone: 43
[P1_SUCCESS] Time: 424ms, Drone: 40
[P1_RX] Time: 424ms, Receiver: 47, Sender: 40, RSSI: -91
[P1_RX] Time: 424ms, Receiver: 19, Sender: 40, RSSI: -92
[P1_RX] Time: 424ms, Receiver: 41, Sender: 40, RSSI: -95
[P1_RX] Time: 424ms, Receiver: 5, Sender: 40, RSSI: -98
[P1_RX] Time: 424ms, Receiver: 27, Sender: 40, RSSI: -101
[P1_RX] Time: 424ms, Receiver: 16, Sender: 40, RSSI: -102
[P1_RX] Time: 424ms, Receiver: 1, Sender: 40, RSSI: -103
[P1_RX] Time: 424ms, Receiver: 17, Sender: 40, RSSI: -104
[P1_RX] Time: 424ms, Receiver: 32, Sender: 40, RSSI: -104
[P1_RX] Time: 424ms, Receiver: 36, Sender: 40, RSSI: -104
[P1_RX] Time: 424ms, Receiver: 18, Sender: 40, RSSI: -106
[P1_RX] Time: 424ms, Receiver: 21, Sender: 40, RSSI: -107
[P1_ABORT] Time: 425ms, Drone: 19
[P1_ATTEMPT] Time: 425ms, Drone: 19
[P1_ATTEMPT] Time: 425ms, Drone: 11
[P1_SUCCESS] Time: 425ms, Drone: 39
[P1_ABORT] Time: 425ms, Drone: 19
[P1_ATTEMPT] Time: 425ms, Drone: 19
[P1_SUCCESS] Time: 425ms, Drone: 14
[P1_RX] Time: 425ms, Receiver: 30, Sender: 14, RSSI: -97
[P1_RX] Time: 425ms, Receiver: 7, Sender: 14, RSSI: -100
[P1_RX] Time: 425ms, Receiver: 12, Sender: 14, RSSI: -105
[P1_ATTEMPT] Time: 425ms, Drone: 42
[P1_ATTEMPT] Time: 425ms, Drone: 24
[P1_ABORT] Time: 425ms, Drone: 42
[P1_ATTEMPT] Time: 425ms, Drone: 42
[P1_ABORT] Time: 425ms, Drone: 24
[P1_ATTEMPT] Time: 425ms, Drone: 24
[P1_ABORT] Time: 425ms, Drone: 42
[P1_ATTEMPT] Time: 425ms, Drone: 42
[P1_ABORT] Time: 425ms, Drone: 24
[P1_ATTEMPT] Time: 425ms, Drone: 24
[P1_ABORT] Time: 425ms, Drone: 42
[P1_ATTEMPT] Time: 425ms, Drone: 42
[P1_ABORT] Time: 425ms, Drone: 24
[P1_ATTEMPT] Time: 425ms, Drone: 24
[P1_SUCCESS] Time: 425ms, Drone: 43
[P1_RX] Time: 425ms, Receiver: 15, Sender: 43, RSSI: -93
[P1_RX] Time: 425ms, Receiver: 38, Sender: 43, RSSI: -92
[P1_RX] Time: 425ms, Receiver: 32, Sender: 43, RSSI: -100
[P1_RX] Time: 425ms, Receiver: 10, Sender: 43, RSSI: -101
[P1_RX] Time: 425ms, Receiver: 3, Sender: 43, RSSI: -102
[P1_RX] Time: 425ms, Receiver: 33, Sender: 43, RSSI: -106
[P1_ABORT] Time: 425ms, Drone: 42
[P1_ATTEMPT] Time: 425ms, Drone: 42
[P1_ABORT] Time: 425ms, Drone: 24
[P1_ATTEMPT] Time: 425ms, Drone: 24
[P1_SUCCESS] Time: 425ms, Drone: 11
[P1_ABORT] Time: 426ms, Drone: 42
[P1_ATTEMPT] Time: 426ms, Drone: 42
[P1_ABORT] Time: 426ms, Drone: 24
[P1_ATTEMPT] Time: 426ms, Drone: 24
[P1_SUCCESS] Time: 426ms, Drone: 19
[P1_RX] Time: 426ms, Receiver: 40, Sender: 19, RSSI: -92
[P1_RX] Time: 426ms, Receiver: 35, Sender: 19, RSSI: -98
[P1_RX] Time: 426ms, Receiver: 5, Sender: 19, RSSI: -98
[P1_RX] Time: 426ms, Receiver: 41, Sender: 19, RSSI: -100
[P1_RX] Time: 426ms, Receiver: 42, Sender: 19, RSSI: -102
[P1_RX] Time: 426ms, Receiver: 2, Sender: 19, RSSI: -102
[P1_RX] Time: 426ms, Receiver: 39, Sender: 19, RSSI: -104
[P1_RX] Time: 426ms, Receiver: 9, Sender: 19, RSSI: -104
[P1_RX] Time: 426ms, Receiver: 0, Sender: 19, RSSI: -104
[P1_RX] Time: 426ms, Receiver: 6, Sender: 19, RSSI: -105
[P1_RX] Time: 426ms, Receiver: 24, Sender: 19, RSSI: -105
[P1_RX] Time: 426ms, Receiver: 23, Sender: 19, RSSI: -106
[P1_RX] Time: 426ms, Receiver: 36, Sender: 19, RSSI: -106
[P1_RX] Time: 426ms, Receiver: 26, Sender: 19, RSSI: -107
[P1_RX] Time: 426ms, Receiver: 22, Sender: 19, RSSI: -107
[P1_RX] Time: 426ms, Receiver: 48, Sender: 19, RSSI: -106
[P1_ABORT] Time: 426ms, Drone: 42
[P1_ATTEMPT] Time: 426ms, Drone: 42
[P1_ATTEMPT] Time: 426ms, Drone: 18
[P1_ATTEMPT] Time: 426ms, Drone: 25
[P1_SUCCESS] Time: 426ms, Drone: 24
[P1_RX] Time: 426ms, Receiver: 2, Sender: 24, RSSI: -88
[P1_RX] Time: 426ms, Receiver: 48, Sender: 24, RSSI: -94
[P1_RX] Time: 426ms, Receiver: 13, Sender: 24, RSSI: -97
[P1_RX] Time: 426ms, Receiver: 14, Sender: 24, RSSI: -97
[P1_RX] Time: 426ms, Receiver: 4, Sender: 24, RSSI: -101
[P1_RX] Time: 426ms, Receiver: 30, Sender: 24, RSSI: -102
[P1_RX] Time: 426ms, Receiver: 31, Sender: 24, RSSI: -102
[P1_SUCCESS] Time: 427ms, Drone: 42
[P1_RX] Time: 427ms, Receiver: 6, Sender: 42, RSSI: -98
[P1_RX] Time: 427ms, Receiver: 19, Sender: 42, RSSI: -100
[P1_RX] Time: 427ms, Receiver: 39, Sender: 42, RSSI: -102
[P1_RX] Time: 427ms, Receiver: 35, Sender: 42, RSSI: -103
[P1_RX] Time: 427ms, Receiver: 5, Sender: 42, RSSI: -104
[P1_SUCCESS] Time: 427ms, Drone: 18
[P1_RX] Time: 427ms, Receiver: 21, Sender: 18, RSSI: -78
[P1_RX] Time: 427ms, Receiver: 17, Sender: 18, RSSI: -86
[P1_RX] Time: 427ms, Receiver: 3, Sender: 18, RSSI: -97
[P1_RX] Time: 427ms, Receiver: 11, Sender: 18, RSSI: -98
[P1_RX] Time: 427ms, Receiver: 43, Sender: 18, RSSI: -99
[P1_RX] Time: 427ms, Receiver: 38, Sender: 18, RSSI: -99
[P1_RX] Time: 427ms, Receiver: 49, Sender: 18, RSSI: -100
[P1_RX] Time: 427ms, Receiver: 47, Sender: 18, RSSI: -101
[P1_RX] Time: 427ms, Receiver: 27, Sender: 18, RSSI: -103
[P1_RX] Time: 427ms, Receiver: 8, Sender: 18, RSSI: -105
[P1_RX] Time: 427ms, Receiver: 10, Sender: 18, RSSI: -106
[P1_RX] Time: 427ms, Receiver: 41, Sender: 18, RSSI: -105
[P1_ATTEMPT] Time: 427ms, Drone: 37
[P1_ABORT] Time: 427ms, Drone: 37
[P1_ATTEMPT] Time: 427ms, Drone: 37
[P1_ABORT] Time: 427ms, Drone: 37
[P1_ATTEMPT] Time: 427ms, Drone: 37
[P1_ABORT] Time: 427ms, Drone: 37
[P1_ATTEMPT] Time: 427ms, Drone: 37
[P1_ABORT] Time: 427ms, Drone: 37
[P1_ATTEMPT] Time: 427ms, Drone: 37
[P1_SUCCESS] Time: 427ms, Drone: 25
[P1_RX] Time: 427ms, Receiver: 29, Sender: 25, RSSI: -93
[P1_RX] Time: 427ms, Receiver: 33, Sender: 25, RSSI: -99
[P1_RX] Time: 427ms, Receiver: 34, Sender: 25, RSSI: -103
[P1_RX] Time: 427ms, Receiver: 20, Sender: 25, RSSI: -104
[P1_RX] Time: 427ms, Receiver: 28, Sender: 25, RSSI: -104
[P1_RX] Time: 427ms, Receiver: 46, Sender: 25, RSSI: -106
[P1_RX] Time: 427ms, Receiver: 4, Sender: 25, RSSI: -108
[P1_RX] Time: 427ms, Receiver: 31, Sender: 25, RSSI: -108
[P1_RX] Time: 427ms, Receiver: 13, Sender: 25, RSSI: -108
[P1_RX] Time: 427ms, Receiver: 48, Sender: 25, RSSI: -109
[P1_ABORT] Time: 427ms, Drone: 37
[P1_ATTEMPT] Time: 427ms, Drone: 37
[P1_ATTEMPT] Time: 427ms, Drone: 7
[P1_SUCCESS] Time: 428ms, Drone: 37
[P1_RX] Time: 428ms, Receiver: 29, Sender: 37, RSSI: -89
[P1_RX] Time: 428ms, Receiver: 33, Sender: 37, RSSI: -90
[P1_RX] Time: 428ms, Receiver: 25, Sender: 37, RSSI: -95
[P1_RX] Time: 428ms, Receiver: 34, Sender: 37, RSSI: -102
[P1_RX] Time: 428ms, Receiver: 20, Sender: 37, RSSI: -103
[P1_RX] Time: 428ms, Receiver: 28, Sender: 37, RSSI: -103
[P1_RX] Time: 428ms, Receiver: 46, Sender: 37, RSSI: -105
[P1_RX] Time: 428ms, Receiver: 15, Sender: 37, RSSI: -105
[P1_RX] Time: 428ms, Receiver: 4, Sender: 37, RSSI: -105
[P1_RX] Time: 428ms, Receiver: 31, Sender: 37, RSSI: -105
[P1_RX] Time: 428ms, Receiver: 44, Sender: 37, RSSI: -107
[P1_RX] Time: 428ms, Receiver: 13, Sender: 37, RSSI: -105
[P1_RX] Time: 428ms, Receiver: 43, Sender: 37, RSSI: -108
[P1_RX] Time: 428ms, Receiver: 45, Sender: 37, RSSI: -107
[P1_SUCCESS] Time: 428ms, Drone: 7
[P1_RX] Time: 428ms, Receiver: 30, Sender: 7, RSSI: -94
[P1_RX] Time: 428ms, Receiver: 14, Sender: 7, RSSI: -100
[P1_RX] Time: 428ms, Receiver: 12, Sender: 7, RSSI: -102
[P1_RX] Time: 428ms, Receiver: 23, Sender: 7, RSSI: -104
[P1_RX] Time: 428ms, Receiver: 26, Sender: 7, RSSI: -106
[P1_RX] Time: 428ms, Receiver: 24, Sender: 7, RSSI: -106
[P1_RX] Time: 428ms, Receiver: 0, Sender: 7, RSSI: -107
[P1_ATTEMPT] Time: 428ms, Drone: 1
[P1_ATTEMPT] Time: 429ms, Drone: 2
[P1_ATTEMPT] Time: 429ms, Drone: 10
[P1_SUCCESS] Time: 429ms, Drone: 1
[P1_RX] Time: 429ms, Receiver: 32, Sender: 1, RSSI: -82
[P1_RX] Time: 429ms, Receiver: 16, Sender: 1, RSSI: -89
[P1_RX] Time: 429ms, Receiver: 15, Sender: 1, RSSI: -98
[P1_RX] Time: 429ms, Receiver: 17, Sender: 1, RSSI: -99
[P1_RX] Time: 429ms, Receiver: 18, Sender: 1, RSSI: -99
[P1_RX] Time: 429ms, Receiver: 47, Sender: 1, RSSI: -99
[P1_RX] Time: 429ms, Receiver: 4, Sender: 1, RSSI: -98
[P1_RX] Time: 429ms, Receiver: 21, Sender: 1, RSSI: -101
[P1_RX] Time: 429ms, Receiver: 19, Sender: 1, RSSI: -99
[P1_RX] Time: 429ms, Receiver: 3, Sender: 1, RSSI: -101
[P1_RX] Time: 429ms, Receiver: 49, Sender: 1, RSSI: -102
[P1_RX] Time: 429ms, Receiver: 27, Sender: 1, RSSI: -101
[P1_RX] Time: 429ms, Receiver: 40, Sender: 1, RSSI: -102
[P1_RX] Time: 429ms, Receiver: 41, Sender: 1, RSSI: -105
[P1_SUCCESS] Time: 430ms, Drone: 2
[P1_RX] Time: 430ms, Receiver: 24, Sender: 2, RSSI: -89
[P1_RX] Time: 430ms, Receiver: 42, Sender: 2, RSSI: -95
[P1_RX] Time: 430ms, Receiver: 13, Sender: 2, RSSI: -97
[P1_RX] Time: 430ms, Receiver: 23, Sender: 2, RSSI: -98
[P1_RX] Time: 430ms, Receiver: 48, Sender: 2, RSSI: -97
[P1_RX] Time: 430ms, Receiver: 0, Sender: 2, RSSI: -98
[P1_RX] Time: 430ms, Receiver: 14, Sender: 2, RSSI: -101
[P1_RX] Time: 430ms, Receiver: 26, Sender: 2, RSSI: -101
[P1_RX] Time: 430ms, Receiver: 6, Sender: 2, RSSI: -104
[P1_RX] Time: 430ms, Receiver: 30, Sender: 2, RSSI: -105
[P1_RX] Time: 430ms, Receiver: 39, Sender: 2, RSSI: -106
[P1_RX] Time: 430ms, Receiver: 9, Sender: 2, RSSI: -107
[P1_RX] Time: 430ms, Receiver: 12, Sender: 2, RSSI: -108
[P1_ATTEMPT] Time: 430ms, Drone: 32
[P1_SUCCESS] Time: 430ms, Drone: 10
[P1_ATTEMPT] Time: 430ms, Drone: 12
[P1_SUCCESS] Time: 430ms, Drone: 32
[P1_RX] Time: 430ms, Receiver: 1, Sender: 32, RSSI: -82
[P1_RX] Time: 430ms, Receiver: 16, Sender: 32, RSSI: -91
[P1_RX] Time: 430ms, Receiver: 15, Sender: 32, RSSI: -95
[P1_RX] Time: 430ms, Receiver: 18, Sender: 32, RSSI: -99
[P1_RX] Time: 430ms, Receiver: 47, Sender: 32, RSSI: -99
[P1_RX] Time: 430ms, Receiver: 17, Sender: 32, RSSI: -99
[P1_RX] Time: 430ms, Receiver: 27, Sender: 32, RSSI: -100
[P1_RX] Time: 430ms, Receiver: 45, Sender: 32, RSSI: -101
[P1_RX] Time: 430ms, Receiver: 21, Sender: 32, RSSI: -101
[P1_RX] Time: 430ms, Receiver: 43, Sender: 32, RSSI: -101
[P1_RX] Time: 430ms, Receiver: 4, Sender: 32, RSSI: -102
[P1_RX] Time: 430ms, Receiver: 19, Sender: 32, RSSI: -102
[P1_RX] Time: 430ms, Receiver: 3, Sender: 32, RSSI: -103
[P1_RX] Time: 430ms, Receiver: 49, Sender: 32, RSSI: -103
[P1_RX] Time: 430ms, Receiver: 40, Sender: 32, RSSI: -104
[P1_RX] Time: 430ms, Receiver: 31, Sender: 32, RSSI: -104
[P1_RX] Time: 430ms, Receiver: 13, Sender: 32, RSSI: -105
[P1_RX] Time: 430ms, Receiver: 2, Sender: 32, RSSI: -105
[P1_RX] Time: 430ms, Receiver: 11, Sender: 32, RSSI: -105
[P1_RX] Time: 430ms, Receiver: 38, Sender: 32, RSSI: -106
[P1_RX] Time: 430ms, Receiver: 41, Sender: 32, RSSI: -106
[P1_RX] Time: 430ms, Receiver: 33, Sender: 32, RSSI: -107
[P1_RX] Time: 430ms, Receiver: 5, Sender: 32, RSSI: -109
[P1_SUCCESS] Time: 431ms, Drone: 12
[P1_RX] Time: 431ms, Receiver: 30, Sender: 12, RSSI: -98
[P1_RX] Time: 431ms, Receiver: 7, Sender: 12, RSSI: -103
[P1_RX] Time: 431ms, Receiver: 14, Sender: 12, RSSI: -105
[P1_ATTEMPT] Time: 459ms, Drone: 45
[P1_ATTEMPT] Time: 459ms, Drone: 47
[P1_ATTEMPT] Time: 459ms, Drone: 38
[P1_ATTEMPT] Time: 460ms, Drone: 11
[P1_ATTEMPT] Time: 460ms, Drone: 9
[P1_ABORT] Time: 460ms, Drone: 11
[P1_ATTEMPT] Time: 460ms, Drone: 11
[P1_ABORT] Time: 460ms, Drone: 9
[P1_ATTEMPT] Time: 460ms, Drone: 9
[P1_ATTEMPT] Time: 460ms, Drone: 36
[P1_ABORT] Time: 460ms, Drone: 11
[P1_ATTEMPT] Time: 460ms, Drone: 11
[P1_ABORT] Time: 460ms, Drone: 9
[P1_ATTEMPT] Time: 460ms, Drone: 9
[P1_ABORT] Time: 460ms, Drone: 36
[P1_ATTEMPT] Time: 460ms, Drone: 36
[P1_ABORT] Time: 460ms, Drone: 11
[P1_ATTEMPT] Time: 460ms, Drone: 11
[P1_ABORT] Time: 460ms, Drone: 9
[P1_ATTEMPT] Time: 460ms, Drone: 9
[P1_ABORT] Time: 460ms, Drone: 36
[P1_ATTEMPT] Time: 460ms, Drone: 36
[P1_SUCCESS] Time: 460ms, Drone: 45
[P1_RX] Time: 460ms, Receiver: 31, Sender: 45, RSSI: -90
[P1_RX] Time: 460ms, Receiver: 13, Sender: 45, RSSI: -96
[P1_RX] Time: 460ms, Receiver: 2, Sender: 45, RSSI: -99
[P1_RX] Time: 460ms, Receiver: 4, Sender: 45, RSSI: -101
[P1_RX] Time: 460ms, Receiver: 0, Sender: 45, RSSI: -103
[P1_RX] Time: 460ms, Receiver: 48, Sender: 45, RSSI: -103
[P1_RX] Time: 460ms, Receiver: 24, Sender: 45, RSSI: -103
[P1_RX] Time: 460ms, Receiver: 23, Sender: 45, RSSI: -105
[P1_RX] Time: 460ms, Receiver: 33, Sender: 45, RSSI: -105
[P1_RX] Time: 460ms, Receiver: 14, Sender: 45, RSSI: -106
[P1_ABORT] Time: 460ms, Drone: 11
[P1_ATTEMPT] Time: 460ms, Drone: 11
[P1_ABORT] Time: 460ms, Drone: 9
[P1_ATTEMPT] Time: 460ms, Drone: 9
[P1_ABORT] Time: 460ms, Drone: 36
[P1_ATTEMPT] Time: 460ms, Drone: 36
[P1_SUCCESS] Time: 460ms, Drone: 47
[P1_ABORT] Time: 460ms, Drone: 11
[P1_ATTEMPT] Time: 460ms, Drone: 11
[P1_RX] Time: 460ms, Receiver: 36, Sender: 47, RSSI: -106
[P1_RX] Time: 460ms, Receiver: 22, Sender: 47, RSSI: -107
[P1_SUCCESS] Time: 460ms, Drone: 38
[P1_RX] Time: 460ms, Receiver: 10, Sender: 38, RSSI: -98
[P1_RX] Time: 460ms, Receiver: 8, Sender: 38, RSSI: -102
[P1_ABORT] Time: 460ms, Drone: 11
[P1_ATTEMPT] Time: 460ms, Drone: 11
[P1_ATTEMPT] Time: 460ms, Drone: 24
[P1_ATTEMPT] Time: 461ms, Drone: 19
[P1_ABORT] Time: 461ms, Drone: 19
[P1_ATTEMPT] Time: 461ms, Drone: 19
[P1_ABORT] Time: 461ms, Drone: 19
[P1_ATTEMPT] Time: 461ms, Drone: 19
[P1_SUCCESS] Time: 461ms, Drone: 9
[P1_RX] Time: 461ms, Receiver: 39, Sender: 9, RSSI: -97
[P1_RX] Time: 461ms, Receiver: 35, Sender: 9, RSSI: -98
[P1_RX] Time: 461ms, Receiver: 6, Sender: 9, RSSI: -101
[P1_ABORT] Time: 461ms, Drone: 19
[P1_ATTEMPT] Time: 461ms, Drone: 19
[P1_ATTEMPT] Time: 461ms, Drone: 28
[P1_SUCCESS] Time: 461ms, Drone: 36
[P1_RX] Time: 461ms, Receiver: 41, Sender: 36, RSSI: -100
[P1_ABORT] Time: 461ms, Drone: 19
[P1_ATTEMPT] Time: 461ms, Drone: 19
[P1_SUCCESS] Time: 461ms, Drone: 11
[P1_RX] Time: 461ms, Receiver: 38, Sender: 11, RSSI: -94
[P1_RX] Time: 461ms, Receiver: 21, Sender: 11, RSSI: -96
[P1_RX] Time: 461ms, Receiver: 18, Sender: 11, RSSI: -97
[P1_RX] Time: 461ms, Receiver: 17, Sender: 11, RSSI: -99
[P1_RX] Time: 461ms, Receiver: 43, Sender: 11, RSSI: -99
[P1_RX] Time: 461ms, Receiver: 16, Sender: 11, RSSI: -102
[P1_RX] Time: 461ms, Receiver: 15, Sender: 11, RSSI: -103
[P1_RX] Time: 461ms, Receiver: 10, Sender: 11, RSSI: -105
[P1_RX] Time: 461ms, Receiver: 3, Sender: 11, RSSI: -104
[P1_RX] Time: 461ms, Receiver: 8, Sender: 11, RSSI: -106
[P1_RX] Time: 461ms, Receiver: 49, Sender: 11, RSSI: -105
[P1_ABORT] Time: 461ms, Drone: 19
[P1_ATTEMPT] Time: 461ms, Drone: 19
[P1_SUCCESS] Time: 461ms, Drone: 24
[P1_RX] Time: 461ms, Receiver: 48, Sender: 24, RSSI: -95
[P1_RX] Time: 461ms, Receiver: 13, Sender: 24, RSSI: -97
[P1_RX] Time: 461ms, Receiver: 4, Sender: 24, RSSI: -101
[P1_RX] Time: 461ms, Receiver: 30, Sender: 24, RSSI: -103
[P1_RX] Time: 461ms, Receiver: 31, Sender: 24, RSSI: -102
[P1_RX] Time: 461ms, Receiver: 7, Sender: 24, RSSI: -106
[P1_RX] Time: 461ms, Receiver: 12, Sender: 24, RSSI: -107
[P1_ATTEMPT] Time: 462ms, Drone: 33
[P1_ABORT] Time: 462ms, Drone: 33
[P1_ATTEMPT] Time: 462ms, Drone: 33
[P1_ABORT] Time: 462ms, Drone: 33
[P1_ATTEMPT] Time: 462ms, Drone: 33
[P1_ABORT] Time: 462ms, Drone: 33
[P1_ATTEMPT] Time: 462ms, Drone: 33
[P1_SUCCESS] Time: 462ms, Drone: 28
[P1_RX] Time: 462ms, Receiver: 34, Sender: 28, RSSI: -78
[P1_RX] Time: 462ms, Receiver: 46, Sender: 28, RSSI: -82
[P1_RX] Time: 462ms, Receiver: 44, Sender: 28, RSSI: -99
[P1_RX] Time: 462ms, Receiver: 37, Sender: 28, RSSI: -104
[P1_RX] Time: 462ms, Receiver: 25, Sender: 28, RSSI: -104
[P1_RX] Time: 462ms, Receiver: 20, Sender: 28, RSSI: -105
[P1_RX] Time: 462ms, Receiver: 29, Sender: 28, RSSI: -106
[P1_SUCCESS] Time: 462ms, Drone: 19
[P1_RX] Time: 462ms, Receiver: 40, Sender: 19, RSSI: -92
[P1_RX] Time: 462ms, Receiver: 47, Sender: 19, RSSI: -92
[P1_RX] Time: 462ms, Receiver: 27, Sender: 19, RSSI: -98
[P1_RX] Time: 462ms, Receiver: 35, Sender: 19, RSSI: -98
[P1_RX] Time: 462ms, Receiver: 5, Sender: 19, RSSI: -99
[P1_RX] Time: 462ms, Receiver: 41, Sender: 19, RSSI: -101
[P1_RX] Time: 462ms, Receiver: 1, Sender: 19, RSSI: -101
[P1_RX] Time: 462ms, Receiver: 32, Sender: 19, RSSI: -102
[P1_RX] Time: 462ms, Receiver: 16, Sender: 19, RSSI: -102
[P1_RX] Time: 462ms, Receiver: 42, Sender: 19, RSSI: -102
[P1_RX] Time: 462ms, Receiver: 2, Sender: 19, RSSI: -102
[P1_RX] Time: 462ms, Receiver: 39, Sender: 19, RSSI: -104
[P1_RX] Time: 462ms, Receiver: 9, Sender: 19, RSSI: -105
[P1_RX] Time: 462ms, Receiver: 0, Sender: 19, RSSI: -105
[P1_RX] Time: 462ms, Receiver: 6, Sender: 19, RSSI: -105
[P1_RX] Time: 462ms, Receiver: 17, Sender: 19, RSSI: -105
[P1_RX] Time: 462ms, Receiver: 36, Sender: 19, RSSI: -107
[P1_RX] Time: 462ms, Receiver: 18, Sender: 19, RSSI: -107
[P1_ATTEMPT] Time: 462ms, Drone: 49
[P1_ABORT] Time: 463ms, Drone: 49
[P1_ATTEMPT] Time: 463ms, Drone: 49
[P1_ABORT] Time: 463ms, Drone: 49
[P1_ATTEMPT] Time: 463ms, Drone: 49
[P1_ABORT] Time: 463ms, Drone: 49
[P1_ATTEMPT] Time: 463ms, Drone: 49
[P1_SUCCESS] Time: 463ms, Drone: 33
[P1_RX] Time: 463ms, Receiver: 29, Sender: 33, RSSI: -89
[P1_RX] Time: 463ms, Receiver: 37, Sender: 33, RSSI: -90
[P1_RX] Time: 463ms, Receiver: 25, Sender: 33, RSSI: -99
[P1_RX] Time: 463ms, Receiver: 20, Sender: 33, RSSI: -105
[P1_RX] Time: 463ms, Receiver: 34, Sender: 33, RSSI: -107
[P1_RX] Time: 463ms, Receiver: 28, Sender: 33, RSSI: -107
[P1_RX] Time: 463ms, Receiver: 46, Sender: 33, RSSI: -109
[P1_ATTEMPT] Time: 463ms, Drone: 41
[P1_SUCCESS] Time: 464ms, Drone: 49
[P1_RX] Time: 464ms, Receiver: 3, Sender: 49, RSSI: -80
[P1_RX] Time: 464ms, Receiver: 18, Sender: 49, RSSI: -100
[P1_RX] Time: 464ms, Receiver: 21, Sender: 49, RSSI: -100
[P1_RX] Time: 464ms, Receiver: 16, Sender: 49, RSSI: -102
[P1_RX] Time: 464ms, Receiver: 1, Sender: 49, RSSI: -102
[P1_RX] Time: 464ms, Receiver: 17, Sender: 49, RSSI: -103
[P1_RX] Time: 464ms, Receiver: 15, Sender: 49, RSSI: -103
[P1_RX] Time: 464ms, Receiver: 32, Sender: 49, RSSI: -103
[P1_RX] Time: 464ms, Receiver: 8, Sender: 49, RSSI: -104
[P1_RX] Time: 464ms, Receiver: 43, Sender: 49, RSSI: -105
[P1_RX] Time: 464ms, Receiver: 38, Sender: 49, RSSI: -106
[P1_RX] Time: 464ms, Receiver: 4, Sender: 49, RSSI: -106
[P1_RX] Time: 464ms, Receiver: 20, Sender: 49, RSSI: -107
[P1_RX] Time: 464ms, Receiver: 10, Sender: 49, RSSI: -108
[P1_RX] Time: 464ms, Receiver: 44, Sender: 49, RSSI: -109
[P1_ATTEMPT] Time: 464ms, Drone: 46
[P1_SUCCESS] Time: 464ms, Drone: 41
[P1_RX] Time: 464ms, Receiver: 5, Sender: 41, RSSI: -100
[P1_RX] Time: 464ms, Receiver: 36, Sender: 41, RSSI: -101
[P1_RX] Time: 464ms, Receiver: 35, Sender: 41, RSSI: -101
[P1_RX] Time: 464ms, Receiver: 22, Sender: 41, RSSI: -103
[P1_RX] Time: 464ms, Receiver: 9, Sender: 41, RSSI: -106
[P1_RX] Time: 464ms, Receiver: 39, Sender: 41, RSSI: -107
[P1_ATTEMPT] Time: 465ms, Drone: 18
[P1_SUCCESS] Time: 465ms, Drone: 46
[P1_RX] Time: 465ms, Receiver: 28, Sender: 46, RSSI: -82
[P1_RX] Time: 465ms, Receiver: 34, Sender: 46, RSSI: -87
[P1_RX] Time: 465ms, Receiver: 44, Sender: 46, RSSI: -100
[P1_RX] Time: 465ms, Receiver: 37, Sender: 46, RSSI: -105
[P1_RX] Time: 465ms, Receiver: 25, Sender: 46, RSSI: -106
[P1_RX] Time: 465ms, Receiver: 20, Sender: 46, RSSI: -107
[P1_RX] Time: 465ms, Receiver: 29, Sender: 46, RSSI: -107
[P1_RX] Time: 465ms, Receiver: 33, Sender: 46, RSSI: -109
[P1_ATTEMPT] Time: 465ms, Drone: 42
[P1_SUCCESS] Time: 466ms, Drone: 18
[P1_RX] Time: 466ms, Receiver: 21, Sender: 18, RSSI: -78
[P1_RX] Time: 466ms, Receiver: 17, Sender: 18, RSSI: -86
[P1_RX] Time: 466ms, Receiver: 16, Sender: 18, RSSI: -94
[P1_RX] Time: 466ms, Receiver: 3, Sender: 18, RSSI: -97
[P1_RX] Time: 466ms, Receiver: 11, Sender: 18, RSSI: -98
[P1_RX] Time: 466ms, Receiver: 32, Sender: 18, RSSI: -99
[P1_RX] Time: 466ms, Receiver: 1, Sender: 18, RSSI: -99
[P1_RX] Time: 466ms, Receiver: 43, Sender: 18, RSSI: -99
[P1_RX] Time: 466ms, Receiver: 38, Sender: 18, RSSI: -100
[P1_RX] Time: 466ms, Receiver: 15, Sender: 18, RSSI: -100
[P1_RX] Time: 466ms, Receiver: 49, Sender: 18, RSSI: -100
[P1_RX] Time: 466ms, Receiver: 47, Sender: 18, RSSI: -103
[P1_RX] Time: 466ms, Receiver: 8, Sender: 18, RSSI: -106
[P1_RX] Time: 466ms, Receiver: 10, Sender: 18, RSSI: -107
[P1_SUCCESS] Time: 466ms, Drone: 42
[P1_RX] Time: 466ms, Receiver: 26, Sender: 42, RSSI: -94
[P1_RX] Time: 466ms, Receiver: 23, Sender: 42, RSSI: -97
[P1_RX] Time: 466ms, Receiver: 24, Sender: 42, RSSI: -98
[P1_RX] Time: 466ms, Receiver: 0, Sender: 42, RSSI: -98
[P1_RX] Time: 466ms, Receiver: 6, Sender: 42, RSSI: -98
[P1_RX] Time: 466ms, Receiver: 14, Sender: 42, RSSI: -101
[P1_RX] Time: 466ms, Receiver: 39, Sender: 42, RSSI: -103
[P1_RX] Time: 466ms, Receiver: 35, Sender: 42, RSSI: -104
[P1_RX] Time: 466ms, Receiver: 48, Sender: 42, RSSI: -104
[P1_RX] Time: 466ms, Receiver: 5, Sender: 42, RSSI: -105
[P1_RX] Time: 466ms, Receiver: 9, Sender: 42, RSSI: -106
[P1_ATTEMPT] Time: 467ms, Drone: 17
[P1_SUCCESS] Time: 468ms, Drone: 17
[P1_RX] Time: 468ms, Receiver: 18, Sender: 17, RSSI: -86
[P1_RX] Time: 468ms, Receiver: 21, Sender: 17, RSSI: -91
[P1_RX] Time: 468ms, Receiver: 16, Sender: 17, RSSI: -91
[P1_RX] Time: 468ms, Receiver: 1, Sender: 17, RSSI: -99
[P1_RX] Time: 468ms, Receiver: 11, Sender: 17, RSSI: -99
[P1_RX] Time: 468ms, Receiver: 32, Sender: 17, RSSI: -99
[P1_RX] Time: 468ms, Receiver: 3, Sender: 17, RSSI: -100
[P1_RX] Time: 468ms, Receiver: 47, Sender: 17, RSSI: -101
[P1_RX] Time: 468ms, Receiver: 49, Sender: 17, RSSI: -103
[P1_RX] Time: 468ms, Receiver: 15, Sender: 17, RSSI: -103
[P1_RX] Time: 468ms, Receiver: 43, Sender: 17, RSSI: -103
[P1_RX] Time: 468ms, Receiver: 38, Sender: 17, RSSI: -103
[P1_RX] Time: 468ms, Receiver: 40, Sender: 17, RSSI: -104
[P1_RX] Time: 468ms, Receiver: 41, Sender: 17, RSSI: -105
[P1_RX] Time: 468ms, Receiver: 27, Sender: 17, RSSI: -105
[P1_RX] Time: 468ms, Receiver: 19, Sender: 17, RSSI: -106
[P1_RX] Time: 468ms, Receiver: 45, Sender: 17, RSSI: -109
[P1_RX] Time: 468ms, Receiver: 4, Sender: 17, RSSI: -109
[P1_ATTEMPT] Time: 469ms, Drone: 6
[P1_ATTEMPT] Time: 469ms, Drone: 13
[P1_ABORT] Time: 469ms, Drone: 13
[P1_ATTEMPT] Time: 469ms, Drone: 13
[P1_ATTEMPT] Time: 469ms, Drone: 30
[P1_ABORT] Time: 469ms, Drone: 13
[P1_ATTEMPT] Time: 469ms, Drone: 13
[P1_ABORT] Time: 469ms, Drone: 30
[P1_ATTEMPT] Time: 469ms, Drone: 30
[P1_ATTEMPT] Time: 469ms, Drone: 29
[P1_ABORT] Time: 470ms, Drone: 13
[P1_ATTEMPT] Time: 470ms, Drone: 13
[P1_ABORT] Time: 470ms, Drone: 30
[P1_ATTEMPT] Time: 470ms, Drone: 30
[P1_ABORT] Time: 470ms, Drone: 13
[P1_ATTEMPT] Time: 470ms, Drone: 13
[P1_ABORT] Time: 470ms, Drone: 30
[P1_ATTEMPT] Time: 470ms, Drone: 30
[P1_SUCCESS] Time: 470ms, Drone: 6
[P1_RX] Time: 470ms, Receiver: 39, Sender: 6, RSSI: -95
[P1_RX] Time: 470ms, Receiver: 42, Sender: 6, RSSI: -98
[P1_RX] Time: 470ms, Receiver: 0, Sender: 6, RSSI: -99
[P1_RX] Time: 470ms, Receiver: 23, Sender: 6, RSSI: -100
[P1_RX] Time: 470ms, Receiver: 9, Sender: 6, RSSI: -101
[P1_RX] Time: 470ms, Receiver: 26, Sender: 6, RSSI: -102
[P1_RX] Time: 470ms, Receiver: 35, Sender: 6, RSSI: -103
[P1_RX] Time: 470ms, Receiver: 14, Sender: 6, RSSI: -104
[P1_RX] Time: 470ms, Receiver: 2, Sender: 6, RSSI: -105
[P1_RX] Time: 470ms, Receiver: 5, Sender: 6, RSSI: -105
[P1_RX] Time: 470ms, Receiver: 19, Sender: 6, RSSI: -105
[P1_RX] Time: 470ms, Receiver: 24, Sender: 6, RSSI: -106
[P1_RX] Time: 470ms, Receiver: 27, Sender: 6, RSSI: -109
[P1_RX] Time: 470ms, Receiver: 45, Sender: 6, RSSI: -109
[P1_ABORT] Time: 470ms, Drone: 13
[P1_ATTEMPT] Time: 470ms, Drone: 13
[P1_ATTEMPT] Time: 470ms, Drone: 16
[P1_ABORT] Time: 470ms, Drone: 13
[P1_ATTEMPT] Time: 470ms, Drone: 13
[P1_ABORT] Time: 470ms, Drone: 16
[P1_ATTEMPT] Time: 470ms, Drone: 16
[P1_ABORT] Time: 470ms, Drone: 13
[P1_ATTEMPT] Time: 470ms, Drone: 13
[P1_ABORT] Time: 470ms, Drone: 16
[P1_ATTEMPT] Time: 470ms, Drone: 16
[P1_ABORT] Time: 470ms, Drone: 13
[P1_ATTEMPT] Time: 470ms, Drone: 13
[P1_ABORT] Time: 470ms, Drone: 16
[P1_ATTEMPT] Time: 470ms, Drone: 16
[P1_ABORT] Time: 470ms, Drone: 13
[P1_ATTEMPT] Time: 470ms, Drone: 13
[P1_ABORT] Time: 470ms, Drone: 16
[P1_ATTEMPT] Time: 470ms, Drone: 16
[P1_SUCCESS] Time: 470ms, Drone: 29
[P1_RX] Time: 470ms, Receiver: 33, Sender: 29, RSSI: -89
[P1_RX] Time: 470ms, Receiver: 37, Sender: 29, RSSI: -89
[P1_RX] Time: 470ms, Receiver: 25, Sender: 29, RSSI: -93
[P1_RX] Time: 470ms, Receiver: 20, Sender: 29, RSSI: -103
[P1_RX] Time: 470ms, Receiver: 4, Sender: 29, RSSI: -103
[P1_RX] Time: 470ms, Receiver: 31, Sender: 29, RSSI: -105
[P1_RX] Time: 470ms, Receiver: 34, Sender: 29, RSSI: -105
[P1_RX] Time: 470ms, Receiver: 28, Sender: 29, RSSI: -106
[P1_RX] Time: 470ms, Receiver: 15, Sender: 29, RSSI: -106
[P1_RX] Time: 470ms, Receiver: 44, Sender: 29, RSSI: -109
[P1_ABORT] Time: 470ms, Drone: 13
[P1_ATTEMPT] Time: 470ms, Drone: 13
[P1_ABORT] Time: 471ms, Drone: 13
[P1_ATTEMPT] Time: 471ms, Drone: 13
[P1_ATTEMPT] Time: 471ms, Drone: 26
[P1_SUCCESS] Time: 471ms, Drone: 30
[P1_RX] Time: 471ms, Receiver: 7, Sender: 30, RSSI: -94
[P1_RX] Time: 471ms, Receiver: 14, Sender: 30, RSSI: -97
[P1_RX] Time: 471ms, Receiver: 23, Sender: 30, RSSI: -102
[P1_RX] Time: 471ms, Receiver: 0, Sender: 30, RSSI: -105
[P1_RX] Time: 471ms, Receiver: 26, Sender: 30, RSSI: -105
[P1_RX] Time: 471ms, Receiver: 42, Sender: 30, RSSI: -107
[P1_ABORT] Time: 471ms, Drone: 13
[P1_ATTEMPT] Time: 471ms, Drone: 13
[P1_ABORT] Time: 471ms, Drone: 26
[P1_ATTEMPT] Time: 471ms, Drone: 26
[P1_ATTEMPT] Time: 471ms, Drone: 34
[P1_ATTEMPT] Time: 471ms, Drone: 21
[P1_ABORT] Time: 471ms, Drone: 21
[P1_ATTEMPT] Time: 471ms, Drone: 21
[P1_SUCCESS] Time: 471ms, Drone: 16
[P1_RX] Time: 471ms, Receiver: 1, Sender: 16, RSSI: -89
[P1_RX] Time: 471ms, Receiver: 32, Sender: 16, RSSI: -91
[P1_RX] Time: 471ms, Receiver: 17, Sender: 16, RSSI: -91
[P1_RX] Time: 471ms, Receiver: 18, Sender: 16, RSSI: -94
[P1_RX] Time: 471ms, Receiver: 21, Sender: 16, RSSI: -97
[P1_RX] Time: 471ms, Receiver: 47, Sender: 16, RSSI: -97
[P1_RX] Time: 471ms, Receiver: 15, Sender: 16, RSSI: -100
[P1_RX] Time: 471ms, Receiver: 3, Sender: 16, RSSI: -101
[P1_RX] Time: 471ms, Receiver: 40, Sender: 16, RSSI: -102
[P1_RX] Time: 471ms, Receiver: 49, Sender: 16, RSSI: -102
[P1_RX] Time: 471ms, Receiver: 19, Sender: 16, RSSI: -102
[P1_RX] Time: 471ms, Receiver: 27, Sender: 16, RSSI: -102
[P1_RX] Time: 471ms, Receiver: 43, Sender: 16, RSSI: -103
[P1_RX] Time: 471ms, Receiver: 11, Sender: 16, RSSI: -103
[P1_RX] Time: 471ms, Receiver: 41, Sender: 16, RSSI: -105
[P1_RX] Time: 471ms, Receiver: 38, Sender: 16, RSSI: -105
[P1_ABORT] Time: 471ms, Drone: 21
[P1_ATTEMPT] Time: 471ms, Drone: 21
[P1_SUCCESS] Time: 472ms, Drone: 13
[P1_RX] Time: 472ms, Receiver: 30, Sender: 13, RSSI: -102
[P1_RX] Time: 472ms, Receiver: 12, Sender: 13, RSSI: -104
[P1_SUCCESS] Time: 472ms, Drone: 26
[P1_RX] Time: 472ms, Receiver: 23, Sender: 26, RSSI: -96
[P1_RX] Time: 472ms, Receiver: 14, Sender: 26, RSSI: -97
[P1_RX] Time: 472ms, Receiver: 6, Sender: 26, RSSI: -101
[P1_RX] Time: 472ms, Receiver: 7, Sender: 26, RSSI: -104
[P1_RX] Time: 472ms, Receiver: 39, Sender: 26, RSSI: -105
[P1_SUCCESS] Time: 472ms, Drone: 34
[P1_RX] Time: 472ms, Receiver: 28, Sender: 34, RSSI: -78
[P1_RX] Time: 472ms, Receiver: 46, Sender: 34, RSSI: -87
[P1_RX] Time: 472ms, Receiver: 44, Sender: 34, RSSI: -100
[P1_RX] Time: 472ms, Receiver: 25, Sender: 34, RSSI: -101
[P1_ATTEMPT] Time: 472ms, Drone: 43
[P1_ATTEMPT] Time: 472ms, Drone: 0
[P1_ABORT] Time: 472ms, Drone: 43
[P1_ATTEMPT] Time: 472ms, Drone: 43
[P1_ATTEMPT] Time: 472ms, Drone: 3
[P1_ABORT] Time: 472ms, Drone: 43
[P1_ATTEMPT] Time: 472ms, Drone: 43
[P1_ABORT] Time: 472ms, Drone: 3
[P1_ATTEMPT] Time: 472ms, Drone: 3
[P1_ABORT] Time: 472ms, Drone: 43
[P1_ATTEMPT] Time: 472ms, Drone: 43
[P1_ABORT] Time: 472ms, Drone: 3
[P1_ATTEMPT] Time: 472ms, Drone: 3
[P1_SUCCESS] Time: 472ms, Drone: 21
[P1_RX] Time: 472ms, Receiver: 18, Sender: 21, RSSI: -78
[P1_RX] Time: 472ms, Receiver: 17, Sender: 21, RSSI: -91
[P1_RX] Time: 472ms, Receiver: 11, Sender: 21, RSSI: -96
[P1_RX] Time: 472ms, Receiver: 16, Sender: 21, RSSI: -97
[P1_RX] Time: 472ms, Receiver: 38, Sender: 21, RSSI: -97
[P1_RX] Time: 472ms, Receiver: 3, Sender: 21, RSSI: -98
[P1_RX] Time: 472ms, Receiver: 43, Sender: 21, RSSI: -99
[P1_RX] Time: 472ms, Receiver: 49, Sender: 21, RSSI: -100
[P1_RX] Time: 472ms, Receiver: 15, Sender: 21, RSSI: -101
[P1_RX] Time: 472ms, Receiver: 32, Sender: 21, RSSI: -101
[P1_RX] Time: 472ms, Receiver: 1, Sender: 21, RSSI: -101
[P1_RX] Time: 472ms, Receiver: 8, Sender: 21, RSSI: -105
[P1_RX] Time: 472ms, Receiver: 47, Sender: 21, RSSI: -105
[P1_RX] Time: 472ms, Receiver: 10, Sender: 21, RSSI: -105
[P1_RX] Time: 472ms, Receiver: 41, Sender: 21, RSSI: -108
[P1_ABORT] Time: 472ms, Drone: 43
[P1_ATTEMPT] Time: 472ms, Drone: 43
[P1_ABORT] Time: 472ms, Drone: 3
[P1_ATTEMPT] Time: 472ms, Drone: 3
[P1_SUCCESS] Time: 473ms, Drone: 0
[P1_RX] Time: 473ms, Receiver: 23, Sender: 0, RSSI: -89
[P1_RX] Time: 473ms, Receiver: 14, Sender: 0, RSSI: -97
[P1_RX] Time: 473ms, Receiver: 42, Sender: 0, RSSI: -98
[P1_RX] Time: 473ms, Receiver: 2, Sender: 0, RSSI: -98
[P1_RX] Time: 473ms, Receiver: 6, Sender: 0, RSSI: -99
[P1_RX] Time: 473ms, Receiver: 24, Sender: 0, RSSI: -101
[P1_RX] Time: 473ms, Receiver: 26, Sender: 0, RSSI: -102
[P1_RX] Time: 473ms, Receiver: 13, Sender: 0, RSSI: -104
[P1_RX] Time: 473ms, Receiver: 9, Sender: 0, RSSI: -105
[P1_RX] Time: 473ms, Receiver: 39, Sender: 0, RSSI: -105
[P1_RX] Time: 473ms, Receiver: 30, Sender: 0, RSSI: -105
[P1_RX] Time: 473ms, Receiver: 48, Sender: 0, RSSI: -106
[P1_RX] Time: 473ms, Receiver: 35, Sender: 0, RSSI: -107
[P1_RX] Time: 473ms, Receiver: 7, Sender: 0, RSSI: -108
[P1_ATTEMPT] Time: 473ms, Drone: 1
[P1_ABORT] Time: 473ms, Drone: 1
[P1_ATTEMPT] Time: 473ms, Drone: 1
[P1_ABORT] Time: 473ms, Drone: 1
[P1_ATTEMPT] Time: 473ms, Drone: 1
[P1_ATTEMPT] Time: 473ms, Drone: 25
[P1_ABORT] Time: 473ms, Drone: 1
[P1_ATTEMPT] Time: 473ms, Drone: 1
[P1_SUCCESS] Time: 473ms, Drone: 43
[P1_RX] Time: 473ms, Receiver: 15, Sender: 43, RSSI: -93
[P1_RX] Time: 473ms, Receiver: 38, Sender: 43, RSSI: -96
[P1_RX] Time: 473ms, Receiver: 21, Sender: 43, RSSI: -95
[P1_RX] Time: 473ms, Receiver: 11, Sender: 43, RSSI: -99
[P1_RX] Time: 473ms, Receiver: 32, Sender: 43, RSSI: -99
[P1_RX] Time: 473ms, Receiver: 10, Sender: 43, RSSI: -101
[P1_RX] Time: 473ms, Receiver: 27, Sender: 43, RSSI: -102
[P1_RX] Time: 473ms, Receiver: 47, Sender: 43, RSSI: -103
[P1_SUCCESS] Time: 473ms, Drone: 3
[P1_RX] Time: 473ms, Receiver: 49, Sender: 3, RSSI: -80
[P1_RX] Time: 473ms, Receiver: 8, Sender: 3, RSSI: -102
[P1_RX] Time: 473ms, Receiver: 4, Sender: 3, RSSI: -103
[P1_ABORT] Time: 473ms, Drone: 1
[P1_ATTEMPT] Time: 473ms, Drone: 1
[P1_ATTEMPT] Time: 474ms, Drone: 14
[P1_SUCCESS] Time: 474ms, Drone: 25
[P1_RX] Time: 474ms, Receiver: 29, Sender: 25, RSSI: -93
[P1_RX] Time: 474ms, Receiver: 37, Sender: 25, RSSI: -95
[P1_RX] Time: 474ms, Receiver: 33, Sender: 25, RSSI: -99
[P1_RX] Time: 474ms, Receiver: 34, Sender: 25, RSSI: -103
[P1_RX] Time: 474ms, Receiver: 20, Sender: 25, RSSI: -104
[P1_RX] Time: 474ms, Receiver: 28, Sender: 25, RSSI: -104
[P1_RX] Time: 474ms, Receiver: 46, Sender: 25, RSSI: -106
[P1_SUCCESS] Time: 474ms, Drone: 1
[P1_RX] Time: 474ms, Receiver: 32, Sender: 1, RSSI: -82
[P1_RX] Time: 474ms, Receiver: 16, Sender: 1, RSSI: -89
[P1_RX] Time: 474ms, Receiver: 17, Sender: 1, RSSI: -99
[P1_RX] Time: 474ms, Receiver: 18, Sender: 1, RSSI: -99
[P1_RX] Time: 474ms, Receiver: 47, Sender: 1, RSSI: -99
[P1_RX] Time: 474ms, Receiver: 21, Sender: 1, RSSI: -101
[P1_RX] Time: 474ms, Receiver: 19, Sender: 1, RSSI: -102
[P1_RX] Time: 474ms, Receiver: 3, Sender: 1, RSSI: -101
[P1_RX] Time: 474ms, Receiver: 49, Sender: 1, RSSI: -102
[P1_RX] Time: 474ms, Receiver: 27, Sender: 1, RSSI: -102
[P1_RX] Time: 474ms, Receiver: 40, Sender: 1, RSSI: -103
[P1_RX] Time: 474ms, Receiver: 43, Sender: 1, RSSI: -103
[P1_RX] Time: 474ms, Receiver: 11, Sender: 1, RSSI: -106
[P1_RX] Time: 474ms, Receiver: 41, Sender: 1, RSSI: -107
[P1_RX] Time: 474ms, Receiver: 35, Sender: 1, RSSI: -109
[P1_SUCCESS] Time: 474ms, Drone: 14
[P1_RX] Time: 474ms, Receiver: 30, Sender: 14, RSSI: -97
[P1_RX] Time: 474ms, Receiver: 26, Sender: 14, RSSI: -99
[P1_RX] Time: 474ms, Receiver: 7, Sender: 14, RSSI: -100
[P1_RX] Time: 474ms, Receiver: 6, Sender: 14, RSSI: -103
[P1_ATTEMPT] Time: 475ms, Drone: 4
[P1_ATTEMPT] Time: 476ms, Drone: 2
[P1_SUCCESS] Time: 476ms, Drone: 4
[P1_RX] Time: 476ms, Receiver: 48, Sender: 4, RSSI: -94
[P1_RX] Time: 476ms, Receiver: 13, Sender: 4, RSSI: -96
[P1_RX] Time: 476ms, Receiver: 31, Sender: 4, RSSI: -101
[P1_RX] Time: 476ms, Receiver: 1, Sender: 4, RSSI: -101
[P1_RX] Time: 476ms, Receiver: 45, Sender: 4, RSSI: -101
[P1_RX] Time: 476ms, Receiver: 2, Sender: 4, RSSI: -102
[P1_RX] Time: 476ms, Receiver: 24, Sender: 4, RSSI: -102
[P1_RX] Time: 476ms, Receiver: 32, Sender: 4, RSSI: -102
[P1_RX] Time: 476ms, Receiver: 33, Sender: 4, RSSI: -103
[P1_RX] Time: 476ms, Receiver: 29, Sender: 4, RSSI: -103
[P1_RX] Time: 476ms, Receiver: 15, Sender: 4, RSSI: -104
[P1_RX] Time: 476ms, Receiver: 16, Sender: 4, RSSI: -106
[P1_RX] Time: 476ms, Receiver: 20, Sender: 4, RSSI: -106
[P1_RX] Time: 476ms, Receiver: 37, Sender: 4, RSSI: -106
[P1_RX] Time: 476ms, Receiver: 49, Sender: 4, RSSI: -106
[P1_RX] Time: 476ms, Receiver: 42, Sender: 4, RSSI: -108
[P1_RX] Time: 476ms, Receiver: 25, Sender: 4, RSSI: -108
[P1_RX] Time: 476ms, Receiver: 23, Sender: 4, RSSI: -108
[P1_RX] Time: 476ms, Receiver: 47, Sender: 4, RSSI: -108
[P1_RX] Time: 476ms, Receiver: 0, Sender: 4, RSSI: -108
[P1_RX] Time: 476ms, Receiver: 18, Sender: 4, RSSI: -108
[P1_RX] Time: 476ms, Receiver: 21, Sender: 4, RSSI: -109
[P1_RX] Time: 476ms, Receiver: 26, Sender: 4, RSSI: -109
[P1_ABORT] Time: 476ms, Drone: 2
[P1_ATTEMPT] Time: 476ms, Drone: 2
[P1_ATTEMPT] Time: 476ms, Drone: 48
[P1_ABORT] Time: 476ms, Drone: 48
[P1_ATTEMPT] Time: 476ms, Drone: 48
[P1_ATTEMPT] Time: 476ms, Drone: 20
[P1_ABORT] Time: 476ms, Drone: 48
[P1_ATTEMPT] Time: 476ms, Drone: 48
[P1_SUCCESS] Time: 477ms, Drone: 2
[P1_RX] Time: 477ms, Receiver: 24, Sender: 2, RSSI: -89
[P1_RX] Time: 477ms, Receiver: 42, Sender: 2, RSSI: -96
[P1_RX] Time: 477ms, Receiver: 13, Sender: 2, RSSI: -97
[P1_RX] Time: 477ms, Receiver: 23, Sender: 2, RSSI: -98
[P1_RX] Time: 477ms, Receiver: 48, Sender: 2, RSSI: -98
[P1_RX] Time: 477ms, Receiver: 0, Sender: 2, RSSI: -98
[P1_RX] Time: 477ms, Receiver: 45, Sender: 2, RSSI: -99
[P1_RX] Time: 477ms, Receiver: 14, Sender: 2, RSSI: -101
[P1_RX] Time: 477ms, Receiver: 26, Sender: 2, RSSI: -101
[P1_RX] Time: 477ms, Receiver: 4, Sender: 2, RSSI: -102
[P1_RX] Time: 477ms, Receiver: 31, Sender: 2, RSSI: -102
[P1_RX] Time: 477ms, Receiver: 19, Sender: 2, RSSI: -103
[P1_RX] Time: 477ms, Receiver: 1, Sender: 2, RSSI: -105
[P1_RX] Time: 477ms, Receiver: 6, Sender: 2, RSSI: -105
[P1_RX] Time: 477ms, Receiver: 32, Sender: 2, RSSI: -105
[P1_RX] Time: 477ms, Receiver: 30, Sender: 2, RSSI: -106
[P1_RX] Time: 477ms, Receiver: 27, Sender: 2, RSSI: -106
[P1_RX] Time: 477ms, Receiver: 47, Sender: 2, RSSI: -106
[P1_RX] Time: 477ms, Receiver: 40, Sender: 2, RSSI: -107
[P1_RX] Time: 477ms, Receiver: 16, Sender: 2, RSSI: -108
[P1_RX] Time: 477ms, Receiver: 35, Sender: 2, RSSI: -108
[P1_RX] Time: 477ms, Receiver: 39, Sender: 2, RSSI: -108
[P1_RX] Time: 477ms, Receiver: 33, Sender: 2, RSSI: -110
[P1_ABORT] Time: 477ms, Drone: 48
[P1_ATTEMPT] Time: 477ms, Drone: 48
[P1_ATTEMPT] Time: 477ms, Drone: 32
[P1_SUCCESS] Time: 477ms, Drone: 20
[P1_RX] Time: 477ms, Receiver: 29, Sender: 20, RSSI: -103
[P1_RX] Time: 477ms, Receiver: 44, Sender: 20, RSSI: -103
[P1_RX] Time: 477ms, Receiver: 37, Sender: 20, RSSI: -103
[P1_RX] Time: 477ms, Receiver: 25, Sender: 20, RSSI: -104
[P1_RX] Time: 477ms, Receiver: 34, Sender: 20, RSSI: -105
[P1_RX] Time: 477ms, Receiver: 28, Sender: 20, RSSI: -105
[P1_RX] Time: 477ms, Receiver: 33, Sender: 20, RSSI: -105
[P1_RX] Time: 477ms, Receiver: 46, Sender: 20, RSSI: -107
[P1_RX] Time: 477ms, Receiver: 49, Sender: 20, RSSI: -107
[P1_ATTEMPT] Time: 477ms, Drone: 27
[P1_ABORT] Time: 477ms, Drone: 32
[P1_ATTEMPT] Time: 477ms, Drone: 32
[P1_ABORT] Time: 478ms, Drone: 27
[P1_ATTEMPT] Time: 478ms, Drone: 27
[P1_SUCCESS] Time: 478ms, Drone: 48
[P1_RX] Time: 478ms, Receiver: 24, Sender: 48, RSSI: -95
[P1_RX] Time: 478ms, Receiver: 2, Sender: 48, RSSI: -98
[P1_RX] Time: 478ms, Receiver: 45, Sender: 48, RSSI: -102
[P1_RX] Time: 478ms, Receiver: 14, Sender: 48, RSSI: -104
[P1_RX] Time: 478ms, Receiver: 30, Sender: 48, RSSI: -104
[P1_RX] Time: 478ms, Receiver: 23, Sender: 48, RSSI: -104
[P1_RX] Time: 478ms, Receiver: 42, Sender: 48, RSSI: -105
[P1_RX] Time: 478ms, Receiver: 26, Sender: 48, RSSI: -106
[P1_RX] Time: 478ms, Receiver: 0, Sender: 48, RSSI: -106
[P1_RX] Time: 478ms, Receiver: 12, Sender: 48, RSSI: -105
[P1_RX] Time: 478ms, Receiver: 19, Sender: 48, RSSI: -108
[P1_SUCCESS] Time: 478ms, Drone: 32
[P1_RX] Time: 478ms, Receiver: 1, Sender: 32, RSSI: -82
[P1_RX] Time: 478ms, Receiver: 16, Sender: 32, RSSI: -91
[P1_RX] Time: 478ms, Receiver: 15, Sender: 32, RSSI: -95
[P1_RX] Time: 478ms, Receiver: 18, Sender: 32, RSSI: -98
[P1_RX] Time: 478ms, Receiver: 17, Sender: 32, RSSI: -98
[P1_RX] Time: 478ms, Receiver: 45, Sender: 32, RSSI: -98
[P1_RX] Time: 478ms, Receiver: 21, Sender: 32, RSSI: -100
[P1_RX] Time: 478ms, Receiver: 43, Sender: 32, RSSI: -100
[P1_RX] Time: 478ms, Receiver: 4, Sender: 32, RSSI: -101
[P1_RX] Time: 478ms, Receiver: 3, Sender: 32, RSSI: -102
[P1_RX] Time: 478ms, Receiver: 49, Sender: 32, RSSI: -103
[P1_RX] Time: 478ms, Receiver: 31, Sender: 32, RSSI: -102
[P1_RX] Time: 478ms, Receiver: 13, Sender: 32, RSSI: -103
[P1_RX] Time: 478ms, Receiver: 2, Sender: 32, RSSI: -102
[P1_RX] Time: 478ms, Receiver: 11, Sender: 32, RSSI: -103
[P1_RX] Time: 478ms, Receiver: 38, Sender: 32, RSSI: -105
[P1_RX] Time: 478ms, Receiver: 33, Sender: 32, RSSI: -106
[P1_ATTEMPT] Time: 478ms, Drone: 39
[P1_ATTEMPT] Time: 478ms, Drone: 5
[P1_SUCCESS] Time: 478ms, Drone: 27
[P1_RX] Time: 478ms, Receiver: 41, Sender: 27, RSSI: -100
[P1_RX] Time: 478ms, Receiver: 35, Sender: 27, RSSI: -103
[P1_RX] Time: 478ms, Receiver: 5, Sender: 27, RSSI: -103
[P1_RX] Time: 478ms, Receiver: 9, Sender: 27, RSSI: -104
[P1_RX] Time: 478ms, Receiver: 0, Sender: 27, RSSI: -105
[P1_RX] Time: 478ms, Receiver: 22, Sender: 27, RSSI: -107
[P1_RX] Time: 478ms, Receiver: 39, Sender: 27, RSSI: -107
[P1_RX] Time: 478ms, Receiver: 36, Sender: 27, RSSI: -108
[P1_ABORT] Time: 479ms, Drone: 5
[P1_ATTEMPT] Time: 479ms, Drone: 5
[P1_ATTEMPT] Time: 479ms, Drone: 31
[P1_ATTEMPT] Time: 479ms, Drone: 7
[P1_ATTEMPT] Time: 479ms, Drone: 8
[P1_SUCCESS] Time: 479ms, Drone: 39
[P1_RX] Time: 479ms, Receiver: 6, Sender: 39, RSSI: -95
[P1_RX] Time: 479ms, Receiver: 9, Sender: 39, RSSI: -97
[P1_RX] Time: 479ms, Receiver: 42, Sender: 39, RSSI: -103
[P1_RX] Time: 479ms, Receiver: 0, Sender: 39, RSSI: -105
[P1_RX] Time: 479ms, Receiver: 23, Sender: 39, RSSI: -107
[P1_RX] Time: 479ms, Receiver: 26, Sender: 39, RSSI: -107
[P1_ATTEMPT] Time: 479ms, Drone: 40
[P1_SUCCESS] Time: 479ms, Drone: 5
[P1_ABORT] Time: 480ms, Drone: 40
[P1_ATTEMPT] Time: 480ms, Drone: 40
[P1_ATTEMPT] Time: 480ms, Drone: 22
[P1_ATTEMPT] Time: 480ms, Drone: 35
[P1_ABORT] Time: 480ms, Drone: 35
[P1_ATTEMPT] Time: 480ms, Drone: 35
[P1_SUCCESS] Time: 480ms, Drone: 31
[P1_RX] Time: 480ms, Receiver: 45, Sender: 31, RSSI: -90
[P1_RX] Time: 480ms, Receiver: 13, Sender: 31, RSSI: -92
[P1_RX] Time: 480ms, Receiver: 4, Sender: 31, RSSI: -100
[P1_RX] Time: 480ms, Receiver: 48, Sender: 31, RSSI: -101
[P1_RX] Time: 480ms, Receiver: 2, Sender: 31, RSSI: -101
[P1_RX] Time: 480ms, Receiver: 33, Sender: 31, RSSI: -102
[P1_RX] Time: 480ms, Receiver: 24, Sender: 31, RSSI: -102
[P1_RX] Time: 480ms, Receiver: 15, Sender: 31, RSSI: -103
[P1_RX] Time: 480ms, Receiver: 0, Sender: 31, RSSI: -103
[P1_RX] Time: 480ms, Receiver: 29, Sender: 31, RSSI: -104
[P1_RX] Time: 480ms, Receiver: 37, Sender: 31, RSSI: -105
[P1_SUCCESS] Time: 480ms, Drone: 7
[P1_RX] Time: 480ms, Receiver: 30, Sender: 7, RSSI: -94
[P1_RX] Time: 480ms, Receiver: 14, Sender: 7, RSSI: -100
[P1_RX] Time: 480ms, Receiver: 12, Sender: 7, RSSI: -102
[P1_ATTEMPT] Time: 480ms, Drone: 37
[P1_SUCCESS] Time: 480ms, Drone: 8
[P1_RX] Time: 480ms, Receiver: 10, Sender: 8, RSSI: -101
[P1_RX] Time: 480ms, Receiver: 38, Sender: 8, RSSI: -102
[P1_RX] Time: 480ms, Receiver: 3, Sender: 8, RSSI: -103
[P1_RX] Time: 480ms, Receiver: 49, Sender: 8, RSSI: -103
[P1_RX] Time: 480ms, Receiver: 21, Sender: 8, RSSI: -104
[P1_ABORT] Time: 480ms, Drone: 35
[P1_ATTEMPT] Time: 480ms, Drone: 35
[P1_ABORT] Time: 480ms, Drone: 35
[P1_ATTEMPT] Time: 480ms, Drone: 35
[P1_ABORT] Time: 480ms, Drone: 35
[P1_ATTEMPT] Time: 480ms, Drone: 35
[P1_SUCCESS] Time: 480ms, Drone: 40
[P1_RX] Time: 480ms, Receiver: 41, Sender: 40, RSSI: -95
[P1_RX] Time: 480ms, Receiver: 5, Sender: 40, RSSI: -97
[P1_RX] Time: 480ms, Receiver: 35, Sender: 40, RSSI: -97
[P1_RX] Time: 480ms, Receiver: 16, Sender: 40, RSSI: -100
[P1_RX] Time: 480ms, Receiver: 1, Sender: 40, RSSI: -100
[P1_RX] Time: 480ms, Receiver: 32, Sender: 40, RSSI: -100
[P1_RX] Time: 480ms, Receiver: 39, Sender: 40, RSSI: -103
[P1_ATTEMPT] Time: 481ms, Drone: 10
[P1_SUCCESS] Time: 481ms, Drone: 22
[P1_RX] Time: 481ms, Receiver: 36, Sender: 22, RSSI: -98
[P1_RX] Time: 481ms, Receiver: 9, Sender: 22, RSSI: -101
[P1_ABORT] Time: 481ms, Drone: 35
[P1_ATTEMPT] Time: 481ms, Drone: 35
[P1_ATTEMPT] Time: 481ms, Drone: 23
[P1_ABORT] Time: 481ms, Drone: 10
[P1_ATTEMPT] Time: 481ms, Drone: 10
[P1_ABORT] Time: 481ms, Drone: 10
[P1_ATTEMPT] Time: 481ms, Drone: 10
[P1_ATTEMPT] Time: 481ms, Drone: 12
[P1_ABORT] Time: 481ms, Drone: 10
[P1_ATTEMPT] Time: 481ms, Drone: 10
[P1_ABORT] Time: 481ms, Drone: 12
[P1_ATTEMPT] Time: 481ms, Drone: 12
[P1_ABORT] Time: 481ms, Drone: 10
[P1_ATTEMPT] Time: 481ms, Drone: 10
[P1_SUCCESS] Time: 481ms, Drone: 37
[P1_RX] Time: 481ms, Receiver: 29, Sender: 37, RSSI: -89
[P1_RX] Time: 481ms, Receiver: 33, Sender: 37, RSSI: -90
[P1_RX] Time: 481ms, Receiver: 25, Sender: 37, RSSI: -95
[P1_RX] Time: 481ms, Receiver: 34, Sender: 37, RSSI: -102
[P1_RX] Time: 481ms, Receiver: 20, Sender: 37, RSSI: -103
[P1_RX] Time: 481ms, Receiver: 28, Sender: 37, RSSI: -104
[P1_RX] Time: 481ms, Receiver: 46, Sender: 37, RSSI: -105
[P1_RX] Time: 481ms, Receiver: 15, Sender: 37, RSSI: -105
[P1_ATTEMPT] Time: 481ms, Drone: 15
[P1_ATTEMPT] Time: 481ms, Drone: 44
[P1_SUCCESS] Time: 481ms, Drone: 35
[P1_RX] Time: 481ms, Receiver: 5, Sender: 35, RSSI: -75
[P1_RX] Time: 481ms, Receiver: 39, Sender: 35, RSSI: -96
[P1_RX] Time: 481ms, Receiver: 19, Sender: 35, RSSI: -98
[P1_RX] Time: 481ms, Receiver: 40, Sender: 35, RSSI: -99
[P1_RX] Time: 481ms, Receiver: 9, Sender: 35, RSSI: -99
[P1_RX] Time: 481ms, Receiver: 41, Sender: 35, RSSI: -101
[P1_RX] Time: 481ms, Receiver: 36, Sender: 35, RSSI: -101
[P1_RX] Time: 481ms, Receiver: 47, Sender: 35, RSSI: -102
[P1_RX] Time: 481ms, Receiver: 22, Sender: 35, RSSI: -103
[P1_SUCCESS] Time: 482ms, Drone: 23
[P1_RX] Time: 482ms, Receiver: 14, Sender: 23, RSSI: -89
[P1_RX] Time: 482ms, Receiver: 0, Sender: 23, RSSI: -89
[P1_RX] Time: 482ms, Receiver: 26, Sender: 23, RSSI: -97
[P1_RX] Time: 482ms, Receiver: 42, Sender: 23, RSSI: -96
[P1_RX] Time: 482ms, Receiver: 2, Sender: 23, RSSI: -97
[P1_RX] Time: 482ms, Receiver: 24, Sender: 23, RSSI: -98
[P1_SUCCESS] Time: 482ms, Drone: 12
[P1_SUCCESS] Time: 482ms, Drone: 10
[P1_RX] Time: 482ms, Receiver: 38, Sender: 10, RSSI: -97
[P1_RX] Time: 482ms, Receiver: 8, Sender: 10, RSSI: -101
[P1_SUCCESS] Time: 482ms, Drone: 15
[P1_RX] Time: 482ms, Receiver: 43, Sender: 15, RSSI: -93
[P1_RX] Time: 482ms, Receiver: 32, Sender: 15, RSSI: -95
[P1_RX] Time: 482ms, Receiver: 1, Sender: 15, RSSI: -98
[P1_RX] Time: 482ms, Receiver: 18, Sender: 15, RSSI: -99
[P1_RX] Time: 482ms, Receiver: 21, Sender: 15, RSSI: -99
[P1_RX] Time: 482ms, Receiver: 3, Sender: 15, RSSI: -101
[P1_RX] Time: 482ms, Receiver: 17, Sender: 15, RSSI: -102
[P1_RX] Time: 482ms, Receiver: 49, Sender: 15, RSSI: -101
[P1_RX] Time: 482ms, Receiver: 45, Sender: 15, RSSI: -102
[P1_RX] Time: 482ms, Receiver: 33, Sender: 15, RSSI: -102
[P1_RX] Time: 482ms, Receiver: 4, Sender: 15, RSSI: -102
[P1_RX] Time: 482ms, Receiver: 31, Sender: 15, RSSI: -102
[P1_RX] Time: 482ms, Receiver: 37, Sender: 15, RSSI: -103
[P1_RX] Time: 482ms, Receiver: 13, Sender: 15, RSSI: -103
[P1_SUCCESS] Time: 482ms, Drone: 44
[P1_RX] Time: 482ms, Receiver: 28, Sender: 44, RSSI: -99
[P1_RX] Time: 482ms, Receiver: 46, Sender: 44, RSSI: -99
[P1_RX] Time: 482ms, Receiver: 34, Sender: 44, RSSI: -100
[P1_ATTEMPT] Time: 510ms, Drone: 28
[P1_ATTEMPT] Time: 510ms, Drone: 32
[P1_ATTEMPT] Time: 510ms, Drone: 34
[P1_SUCCESS] Time: 511ms, Drone: 28
[P1_RX] Time: 511ms, Receiver: 34, Sender: 28, RSSI: -78
[P1_RX] Time: 511ms, Receiver: 46, Sender: 28, RSSI: -82
[P1_RX] Time: 511ms, Receiver: 44, Sender: 28, RSSI: -99
[P1_RX] Time: 511ms, Receiver: 37, Sender: 28, RSSI: -104
[P1_RX] Time: 511ms, Receiver: 25, Sender: 28, RSSI: -104
[P1_RX] Time: 511ms, Receiver: 20, Sender: 28, RSSI: -105
[P1_RX] Time: 511ms, Receiver: 29, Sender: 28, RSSI: -106
[P1_ABORT] Time: 511ms, Drone: 34
[P1_ATTEMPT] Time: 511ms, Drone: 34
[P1_ATTEMPT] Time: 511ms, Drone: 43
[P1_ATTEMPT] Time: 511ms, Drone: 19
[P1_ABORT] Time: 511ms, Drone: 43
[P1_ATTEMPT] Time: 511ms, Drone: 43
[P1_ABORT] Time: 511ms, Drone: 19
[P1_ATTEMPT] Time: 511ms, Drone: 19
[P1_ABORT] Time: 511ms, Drone: 43
[P1_ATTEMPT] Time: 511ms, Drone: 43
[P1_ABORT] Time: 511ms, Drone: 19
[P1_ATTEMPT] Time: 511ms, Drone: 19
[P1_ABORT] Time: 511ms, Drone: 43
[P1_ATTEMPT] Time: 511ms, Drone: 43
[P1_ABORT] Time: 511ms, Drone: 19
[P1_ATTEMPT] Time: 511ms, Drone: 19
[P1_SUCCESS] Time: 511ms, Drone: 32
[P1_RX] Time: 511ms, Receiver: 1, Sender: 32, RSSI: -82
[P1_RX] Time: 511ms, Receiver: 16, Sender: 32, RSSI: -91
[P1_RX] Time: 511ms, Receiver: 15, Sender: 32, RSSI: -95
[P1_RX] Time: 511ms, Receiver: 18, Sender: 32, RSSI: -99
[P1_RX] Time: 511ms, Receiver: 47, Sender: 32, RSSI: -99
[P1_RX] Time: 511ms, Receiver: 17, Sender: 32, RSSI: -99
[P1_RX] Time: 511ms, Receiver: 27, Sender: 32, RSSI: -100
[P1_RX] Time: 511ms, Receiver: 45, Sender: 32, RSSI: -101
[P1_RX] Time: 511ms, Receiver: 21, Sender: 32, RSSI: -101
[P1_RX] Time: 511ms, Receiver: 43, Sender: 32, RSSI: -101
[P1_RX] Time: 511ms, Receiver: 4, Sender: 32, RSSI: -102
[P1_RX] Time: 511ms, Receiver: 19, Sender: 32, RSSI: -102
[P1_RX] Time: 511ms, Receiver: 3, Sender: 32, RSSI: -102
[P1_RX] Time: 511ms, Receiver: 49, Sender: 32, RSSI: -103
[P1_RX] Time: 511ms, Receiver: 40, Sender: 32, RSSI: -104
[P1_RX] Time: 511ms, Receiver: 31, Sender: 32, RSSI: -104
[P1_RX] Time: 511ms, Receiver: 13, Sender: 32, RSSI: -104
[P1_RX] Time: 511ms, Receiver: 2, Sender: 32, RSSI: -105
[P1_RX] Time: 511ms, Receiver: 11, Sender: 32, RSSI: -105
[P1_RX] Time: 511ms, Receiver: 38, Sender: 32, RSSI: -106
[P1_RX] Time: 511ms, Receiver: 41, Sender: 32, RSSI: -106
[P1_RX] Time: 511ms, Receiver: 24, Sender: 32, RSSI: -107
[P1_RX] Time: 511ms, Receiver: 42, Sender: 32, RSSI: -108
[P1_RX] Time: 511ms, Receiver: 5, Sender: 32, RSSI: -109
[P1_ATTEMPT] Time: 511ms, Drone: 30
[P1_ABORT] Time: 511ms, Drone: 43
[P1_ATTEMPT] Time: 511ms, Drone: 43
[P1_ABORT] Time: 511ms, Drone: 19
[P1_ATTEMPT] Time: 511ms, Drone: 19
[P1_SUCCESS] Time: 512ms, Drone: 34
[P1_RX] Time: 512ms, Receiver: 28, Sender: 34, RSSI: -78
[P1_RX] Time: 512ms, Receiver: 46, Sender: 34, RSSI: -87
[P1_RX] Time: 512ms, Receiver: 44, Sender: 34, RSSI: -101
[P1_RX] Time: 512ms, Receiver: 37, Sender: 34, RSSI: -102
[P1_RX] Time: 512ms, Receiver: 25, Sender: 34, RSSI: -103
[P1_RX] Time: 512ms, Receiver: 20, Sender: 34, RSSI: -105
[P1_ATTEMPT] Time: 512ms, Drone: 29
[P1_ATTEMPT] Time: 512ms, Drone: 33
[P1_ATTEMPT] Time: 512ms, Drone: 40
[P1_ABORT] Time: 512ms, Drone: 33
[P1_ATTEMPT] Time: 512ms, Drone: 33
[P1_ABORT] Time: 512ms, Drone: 40
[P1_ATTEMPT] Time: 512ms, Drone: 40
[P1_ABORT] Time: 512ms, Drone: 33
[P1_ATTEMPT] Time: 512ms, Drone: 33
[P1_ABORT] Time: 512ms, Drone: 40
[P1_ATTEMPT] Time: 512ms, Drone: 40
[P1_SUCCESS] Time: 512ms, Drone: 30
[P1_RX] Time: 512ms, Receiver: 7, Sender: 30, RSSI: -94
[P1_RX] Time: 512ms, Receiver: 14, Sender: 30, RSSI: -97
[P1_RX] Time: 512ms, Receiver: 12, Sender: 30, RSSI: -98
[P1_RX] Time: 512ms, Receiver: 23, Sender: 30, RSSI: -101
[P1_RX] Time: 512ms, Receiver: 24, Sender: 30, RSSI: -101
[P1_RX] Time: 512ms, Receiver: 26, Sender: 30, RSSI: -103
[P1_SUCCESS] Time: 512ms, Drone: 43
[P1_RX] Time: 512ms, Receiver: 15, Sender: 43, RSSI: -93
[P1_RX] Time: 512ms, Receiver: 38, Sender: 43, RSSI: -96
[P1_RX] Time: 512ms, Receiver: 21, Sender: 43, RSSI: -98
[P1_RX] Time: 512ms, Receiver: 18, Sender: 43, RSSI: -99
[P1_RX] Time: 512ms, Receiver: 11, Sender: 43, RSSI: -99
[P1_RX] Time: 512ms, Receiver: 17, Sender: 43, RSSI: -101
[P1_RX] Time: 512ms, Receiver: 16, Sender: 43, RSSI: -99
[P1_RX] Time: 512ms, Receiver: 3, Sender: 43, RSSI: -103
[P1_RX] Time: 512ms, Receiver: 49, Sender: 43, RSSI: -104
[P1_SUCCESS] Time: 512ms, Drone: 19
[P1_RX] Time: 512ms, Receiver: 40, Sender: 19, RSSI: -92
[P1_RX] Time: 512ms, Receiver: 47, Sender: 19, RSSI: -92
[P1_RX] Time: 512ms, Receiver: 27, Sender: 19, RSSI: -97
[P1_RX] Time: 512ms, Receiver: 35, Sender: 19, RSSI: -98
[P1_RX] Time: 512ms, Receiver: 5, Sender: 19, RSSI: -99
[P1_RX] Time: 512ms, Receiver: 41, Sender: 19, RSSI: -100
[P1_RX] Time: 512ms, Receiver: 42, Sender: 19, RSSI: -101
[P1_RX] Time: 512ms, Receiver: 39, Sender: 19, RSSI: -103
[P1_RX] Time: 512ms, Receiver: 45, Sender: 19, RSSI: -101
[P1_RX] Time: 512ms, Receiver: 9, Sender: 19, RSSI: -104
[P1_RX] Time: 512ms, Receiver: 6, Sender: 19, RSSI: -104
[P1_RX] Time: 512ms, Receiver: 36, Sender: 19, RSSI: -106
[P1_RX] Time: 512ms, Receiver: 22, Sender: 19, RSSI: -107
[P1_ABORT] Time: 512ms, Drone: 33
[P1_ATTEMPT] Time: 512ms, Drone: 33
[P1_ABORT] Time: 512ms, Drone: 40
[P1_ATTEMPT] Time: 512ms, Drone: 40
[P1_ABORT] Time: 512ms, Drone: 33
[P1_ATTEMPT] Time: 512ms, Drone: 33
[P1_ABORT] Time: 512ms, Drone: 33
[P1_ATTEMPT] Time: 512ms, Drone: 33
[P1_ABORT] Time: 513ms, Drone: 33
[P1_ATTEMPT] Time: 513ms, Drone: 33
[P1_ATTEMPT] Time: 513ms, Drone: 9
[P1_SUCCESS] Time: 513ms, Drone: 29
[P1_RX] Time: 513ms, Receiver: 33, Sender: 29, RSSI: -89
[P1_RX] Time: 513ms, Receiver: 37, Sender: 29, RSSI: -89
[P1_RX] Time: 513ms, Receiver: 25, Sender: 29, RSSI: -93
[P1_RX] Time: 513ms, Receiver: 20, Sender: 29, RSSI: -102
[P1_RX] Time: 513ms, Receiver: 34, Sender: 29, RSSI: -104
[P1_RX] Time: 513ms, Receiver: 28, Sender: 29, RSSI: -105
[P1_RX] Time: 513ms, Receiver: 46, Sender: 29, RSSI: -106
[P1_RX] Time: 513ms, Receiver: 44, Sender: 29, RSSI: -107
[P1_ATTEMPT] Time: 513ms, Drone: 14
[P1_ABORT] Time: 513ms, Drone: 33
[P1_ATTEMPT] Time: 513ms, Drone: 33
[P1_ABORT] Time: 513ms, Drone: 9
[P1_ATTEMPT] Time: 513ms, Drone: 9
[P1_ABORT] Time: 513ms, Drone: 9
[P1_ATTEMPT] Time: 513ms, Drone: 9
[P1_ABORT] Time: 513ms, Drone: 9
[P1_ATTEMPT] Time: 513ms, Drone: 9
[P1_ABORT] Time: 513ms, Drone: 9
[P1_ATTEMPT] Time: 513ms, Drone: 9
[P1_SUCCESS] Time: 513ms, Drone: 40
[P1_RX] Time: 513ms, Receiver: 47, Sender: 40, RSSI: -91
[P1_RX] Time: 513ms, Receiver: 19, Sender: 40, RSSI: -92
[P1_RX] Time: 513ms, Receiver: 41, Sender: 40, RSSI: -95
[P1_RX] Time: 513ms, Receiver: 5, Sender: 40, RSSI: -98
[P1_RX] Time: 513ms, Receiver: 35, Sender: 40, RSSI: -99
[P1_RX] Time: 513ms, Receiver: 27, Sender: 40, RSSI: -101
[P1_RX] Time: 513ms, Receiver: 16, Sender: 40, RSSI: -102
[P1_RX] Time: 513ms, Receiver: 1, Sender: 40, RSSI: -103
[P1_RX] Time: 513ms, Receiver: 17, Sender: 40, RSSI: -104
[P1_RX] Time: 513ms, Receiver: 32, Sender: 40, RSSI: -104
[P1_RX] Time: 513ms, Receiver: 36, Sender: 40, RSSI: -104
[P1_RX] Time: 513ms, Receiver: 18, Sender: 40, RSSI: -106
[P1_RX] Time: 513ms, Receiver: 39, Sender: 40, RSSI: -106
[P1_RX] Time: 513ms, Receiver: 9, Sender: 40, RSSI: -107
[P1_RX] Time: 513ms, Receiver: 22, Sender: 40, RSSI: -107
[P1_ABORT] Time: 513ms, Drone: 9
[P1_ATTEMPT] Time: 513ms, Drone: 9
[P1_SUCCESS] Time: 514ms, Drone: 14
[P1_RX] Time: 514ms, Receiver: 30, Sender: 14, RSSI: -97
[P1_RX] Time: 514ms, Receiver: 7, Sender: 14, RSSI: -100
[P1_SUCCESS] Time: 514ms, Drone: 33
[P1_RX] Time: 514ms, Receiver: 29, Sender: 33, RSSI: -89
[P1_RX] Time: 514ms, Receiver: 37, Sender: 33, RSSI: -90
[P1_RX] Time: 514ms, Receiver: 25, Sender: 33, RSSI: -98
[P1_RX] Time: 514ms, Receiver: 20, Sender: 33, RSSI: -105
[P1_RX] Time: 514ms, Receiver: 34, Sender: 33, RSSI: -106
[P1_RX] Time: 514ms, Receiver: 28, Sender: 33, RSSI: -107
[P1_SUCCESS] Time: 514ms, Drone: 9
[P1_RX] Time: 514ms, Receiver: 39, Sender: 9, RSSI: -97
[P1_RX] Time: 514ms, Receiver: 35, Sender: 9, RSSI: -100
[P1_RX] Time: 514ms, Receiver: 5, Sender: 9, RSSI: -101
[P1_RX] Time: 514ms, Receiver: 6, Sender: 9, RSSI: -101
[P1_RX] Time: 514ms, Receiver: 22, Sender: 9, RSSI: -103
[P1_RX] Time: 514ms, Receiver: 19, Sender: 9, RSSI: -105
[P1_RX] Time: 514ms, Receiver: 0, Sender: 9, RSSI: -105
[P1_RX] Time: 514ms, Receiver: 27, Sender: 9, RSSI: -105
[P1_RX] Time: 514ms, Receiver: 41, Sender: 9, RSSI: -106
[P1_RX] Time: 514ms, Receiver: 40, Sender: 9, RSSI: -107
[P1_RX] Time: 514ms, Receiver: 42, Sender: 9, RSSI: -107
[P1_RX] Time: 514ms, Receiver: 36, Sender: 9, RSSI: -107
[P1_RX] Time: 514ms, Receiver: 47, Sender: 9, RSSI: -107
[P1_RX] Time: 514ms, Receiver: 23, Sender: 9, RSSI: -108
[P1_ATTEMPT] Time: 514ms, Drone: 49
[P1_ATTEMPT] Time: 515ms, Drone: 39
[P1_SUCCESS] Time: 515ms, Drone: 49
[P1_RX] Time: 515ms, Receiver: 3, Sender: 49, RSSI: -80
[P1_RX] Time: 515ms, Receiver: 18, Sender: 49, RSSI: -100
[P1_RX] Time: 515ms, Receiver: 21, Sender: 49, RSSI: -100
[P1_RX] Time: 515ms, Receiver: 16, Sender: 49, RSSI: -102
[P1_RX] Time: 515ms, Receiver: 1, Sender: 49, RSSI: -102
[P1_RX] Time: 515ms, Receiver: 17, Sender: 49, RSSI: -103
[P1_RX] Time: 515ms, Receiver: 15, Sender: 49, RSSI: -103
[P1_RX] Time: 515ms, Receiver: 32, Sender: 49, RSSI: -103
[P1_RX] Time: 515ms, Receiver: 8, Sender: 49, RSSI: -104
[P1_RX] Time: 515ms, Receiver: 43, Sender: 49, RSSI: -105
[P1_RX] Time: 515ms, Receiver: 38, Sender: 49, RSSI: -106
[P1_RX] Time: 515ms, Receiver: 4, Sender: 49, RSSI: -106
[P1_RX] Time: 515ms, Receiver: 20, Sender: 49, RSSI: -107
[P1_RX] Time: 515ms, Receiver: 10, Sender: 49, RSSI: -108
[P1_RX] Time: 515ms, Receiver: 37, Sender: 49, RSSI: -109
[P1_ATTEMPT] Time: 515ms, Drone: 22
[P1_ABORT] Time: 515ms, Drone: 22
[P1_ATTEMPT] Time: 515ms, Drone: 22
[P1_ABORT] Time: 516ms, Drone: 22
[P1_ATTEMPT] Time: 516ms, Drone: 22
[P1_SUCCESS] Time: 516ms, Drone: 39
[P1_RX] Time: 516ms, Receiver: 6, Sender: 39, RSSI: -95
[P1_RX] Time: 516ms, Receiver: 35, Sender: 39, RSSI: -97
[P1_RX] Time: 516ms, Receiver: 9, Sender: 39, RSSI: -97
[P1_RX] Time: 516ms, Receiver: 5, Sender: 39, RSSI: -99
[P1_RX] Time: 516ms, Receiver: 42, Sender: 39, RSSI: -103
[P1_RX] Time: 516ms, Receiver: 0, Sender: 39, RSSI: -105
[P1_RX] Time: 516ms, Receiver: 23, Sender: 39, RSSI: -106
[P1_RX] Time: 516ms, Receiver: 22, Sender: 39, RSSI: -106
[P1_RX] Time: 516ms, Receiver: 26, Sender: 39, RSSI: -106
[P1_RX] Time: 516ms, Receiver: 36, Sender: 39, RSSI: -106
[P1_RX] Time: 516ms, Receiver: 2, Sender: 39, RSSI: -106
[P1_RX] Time: 516ms, Receiver: 14, Sender: 39, RSSI: -109
[P1_ATTEMPT] Time: 516ms, Drone: 15
[P1_ATTEMPT] Time: 516ms, Drone: 8
[P1_ATTEMPT] Time: 516ms, Drone: 27
[P1_SUCCESS] Time: 516ms, Drone: 22
[P1_RX] Time: 516ms, Receiver: 36, Sender: 22, RSSI: -100
[P1_RX] Time: 516ms, Receiver: 9, Sender: 22, RSSI: -103
[P1_RX] Time: 516ms, Receiver: 5, Sender: 22, RSSI: -103
[P1_RX] Time: 516ms, Receiver: 41, Sender: 22, RSSI: -103
[P1_RX] Time: 516ms, Receiver: 35, Sender: 22, RSSI: -104
[P1_RX] Time: 516ms, Receiver: 39, Sender: 22, RSSI: -107
[P1_ATTEMPT] Time: 516ms, Drone: 38
[P1_ABORT] Time: 517ms, Drone: 27
[P1_ATTEMPT] Time: 517ms, Drone: 27
[P1_ABORT] Time: 517ms, Drone: 38
[P1_ATTEMPT] Time: 517ms, Drone: 38
[P1_ABORT] Time: 517ms, Drone: 27
[P1_ATTEMPT] Time: 517ms, Drone: 27
[P1_ABORT] Time: 517ms, Drone: 38
[P1_ATTEMPT] Time: 517ms, Drone: 38
[P1_ABORT] Time: 517ms, Drone: 27
[P1_ATTEMPT] Time: 517ms, Drone: 27
[P1_SUCCESS] Time: 517ms, Drone: 15
[P1_RX] Time: 517ms, Receiver: 43, Sender: 15, RSSI: -93
[P1_RX] Time: 517ms, Receiver: 32, Sender: 15, RSSI: -95
[P1_RX] Time: 517ms, Receiver: 1, Sender: 15, RSSI: -98
[P1_RX] Time: 517ms, Receiver: 18, Sender: 15, RSSI: -99
[P1_RX] Time: 517ms, Receiver: 16, Sender: 15, RSSI: -99
[P1_RX] Time: 517ms, Receiver: 21, Sender: 15, RSSI: -99
[P1_RX] Time: 517ms, Receiver: 3, Sender: 15, RSSI: -100
[P1_RX] Time: 517ms, Receiver: 17, Sender: 15, RSSI: -101
[P1_RX] Time: 517ms, Receiver: 49, Sender: 15, RSSI: -100
[P1_RX] Time: 517ms, Receiver: 38, Sender: 15, RSSI: -100
[P1_RX] Time: 517ms, Receiver: 45, Sender: 15, RSSI: -103
[P1_RX] Time: 517ms, Receiver: 33, Sender: 15, RSSI: -103
[P1_RX] Time: 517ms, Receiver: 4, Sender: 15, RSSI: -103
[P1_RX] Time: 517ms, Receiver: 31, Sender: 15, RSSI: -104
[P1_RX] Time: 517ms, Receiver: 11, Sender: 15, RSSI: -102
[P1_RX] Time: 517ms, Receiver: 37, Sender: 15, RSSI: -104
[P1_RX] Time: 517ms, Receiver: 29, Sender: 15, RSSI: -105
[P1_RX] Time: 517ms, Receiver: 13, Sender: 15, RSSI: -106
[P1_ABORT] Time: 517ms, Drone: 38
[P1_ATTEMPT] Time: 517ms, Drone: 38
[P1_ATTEMPT] Time: 517ms, Drone: 11
[P1_ABORT] Time: 517ms, Drone: 27
[P1_ATTEMPT] Time: 517ms, Drone: 27
[P1_SUCCESS] Time: 517ms, Drone: 8
[P1_RX] Time: 517ms, Receiver: 10, Sender: 8, RSSI: -100
[P1_RX] Time: 517ms, Receiver: 44, Sender: 8, RSSI: -107
[P1_ABORT] Time: 517ms, Drone: 38
[P1_ATTEMPT] Time: 517ms, Drone: 38
[P1_ATTEMPT] Time: 518ms, Drone: 25
[P1_SUCCESS] Time: 518ms, Drone: 11
[P1_RX] Time: 518ms, Receiver: 21, Sender: 11, RSSI: -94
[P1_RX] Time: 518ms, Receiver: 18, Sender: 11, RSSI: -95
[P1_RX] Time: 518ms, Receiver: 17, Sender: 11, RSSI: -97
[P1_SUCCESS] Time: 518ms, Drone: 27
[P1_RX] Time: 518ms, Receiver: 47, Sender: 27, RSSI: -94
[P1_RX] Time: 518ms, Receiver: 19, Sender: 27, RSSI: -98
[P1_RX] Time: 518ms, Receiver: 32, Sender: 27, RSSI: -98
[P1_RX] Time: 518ms, Receiver: 41, Sender: 27, RSSI: -100
[P1_RX] Time: 518ms, Receiver: 40, Sender: 27, RSSI: -100
[P1_RX] Time: 518ms, Receiver: 45, Sender: 27, RSSI: -101
[P1_RX] Time: 518ms, Receiver: 1, Sender: 27, RSSI: -100
[P1_RX] Time: 518ms, Receiver: 35, Sender: 27, RSSI: -104
[P1_RX] Time: 518ms, Receiver: 5, Sender: 27, RSSI: -104
[P1_RX] Time: 518ms, Receiver: 9, Sender: 27, RSSI: -104
[P1_RX] Time: 518ms, Receiver: 2, Sender: 27, RSSI: -105
[P1_RX] Time: 518ms, Receiver: 0, Sender: 27, RSSI: -106
[P1_RX] Time: 518ms, Receiver: 22, Sender: 27, RSSI: -106
[P1_RX] Time: 518ms, Receiver: 42, Sender: 27, RSSI: -107
[P1_RX] Time: 518ms, Receiver: 39, Sender: 27, RSSI: -107
[P1_SUCCESS] Time: 518ms, Drone: 38
[P1_RX] Time: 518ms, Receiver: 10, Sender: 38, RSSI: -98
[P1_RX] Time: 518ms, Receiver: 8, Sender: 38, RSSI: -101
[P1_ATTEMPT] Time: 518ms, Drone: 31
[P1_SUCCESS] Time: 518ms, Drone: 25
[P1_RX] Time: 518ms, Receiver: 29, Sender: 25, RSSI: -93
[P1_RX] Time: 518ms, Receiver: 37, Sender: 25, RSSI: -95
[P1_RX] Time: 518ms, Receiver: 33, Sender: 25, RSSI: -99
[P1_RX] Time: 518ms, Receiver: 34, Sender: 25, RSSI: -103
[P1_RX] Time: 518ms, Receiver: 20, Sender: 25, RSSI: -104
[P1_RX] Time: 518ms, Receiver: 28, Sender: 25, RSSI: -104
[P1_RX] Time: 518ms, Receiver: 46, Sender: 25, RSSI: -106
[P1_RX] Time: 518ms, Receiver: 44, Sender: 25, RSSI: -109
[P1_ATTEMPT] Time: 519ms, Drone: 12
[P1_ABORT] Time: 519ms, Drone: 12
[P1_ATTEMPT] Time: 519ms, Drone: 12
[P1_SUCCESS] Time: 519ms, Drone: 31
[P1_RX] Time: 519ms, Receiver: 45, Sender: 31, RSSI: -90
[P1_RX] Time: 519ms, Receiver: 13, Sender: 31, RSSI: -92
[P1_RX] Time: 519ms, Receiver: 4, Sender: 31, RSSI: -101
[P1_RX] Time: 519ms, Receiver: 48, Sender: 31, RSSI: -101
[P1_RX] Time: 519ms, Receiver: 2, Sender: 31, RSSI: -102
[P1_RX] Time: 519ms, Receiver: 33, Sender: 31, RSSI: -102
[P1_RX] Time: 519ms, Receiver: 24, Sender: 31, RSSI: -104
[P1_RX] Time: 519ms, Receiver: 32, Sender: 31, RSSI: -104
[P1_RX] Time: 519ms, Receiver: 15, Sender: 31, RSSI: -104
[P1_RX] Time: 519ms, Receiver: 0, Sender: 31, RSSI: -104
[P1_RX] Time: 519ms, Receiver: 29, Sender: 31, RSSI: -105
[P1_RX] Time: 519ms, Receiver: 1, Sender: 31, RSSI: -105
[P1_RX] Time: 519ms, Receiver: 23, Sender: 31, RSSI: -106
[P1_RX] Time: 519ms, Receiver: 27, Sender: 31, RSSI: -106
[P1_RX] Time: 519ms, Receiver: 14, Sender: 31, RSSI: -106
[P1_RX] Time: 519ms, Receiver: 37, Sender: 31, RSSI: -106
[P1_RX] Time: 519ms, Receiver: 12, Sender: 31, RSSI: -107
[P1_RX] Time: 519ms, Receiver: 30, Sender: 31, RSSI: -107
[P1_RX] Time: 519ms, Receiver: 42, Sender: 31, RSSI: -108
[P1_RX] Time: 519ms, Receiver: 19, Sender: 31, RSSI: -108
[P1_RX] Time: 519ms, Receiver: 43, Sender: 31, RSSI: -108
[P1_RX] Time: 519ms, Receiver: 16, Sender: 31, RSSI: -108
[P1_RX] Time: 519ms, Receiver: 47, Sender: 31, RSSI: -108
[P1_ATTEMPT] Time: 519ms, Drone: 10
[P1_ATTEMPT] Time: 520ms, Drone: 42
[P1_SUCCESS] Time: 520ms, Drone: 12
[P1_RX] Time: 520ms, Receiver: 30, Sender: 12, RSSI: -98
[P1_RX] Time: 520ms, Receiver: 7, Sender: 12, RSSI: -103
[P1_RX] Time: 520ms, Receiver: 13, Sender: 12, RSSI: -105
[P1_RX] Time: 520ms, Receiver: 14, Sender: 12, RSSI: -106
[P1_RX] Time: 520ms, Receiver: 48, Sender: 12, RSSI: -106
[P1_RX] Time: 520ms, Receiver: 24, Sender: 12, RSSI: -108
[P1_SUCCESS] Time: 520ms, Drone: 10
[P1_RX] Time: 520ms, Receiver: 38, Sender: 10, RSSI: -99
[P1_RX] Time: 520ms, Receiver: 8, Sender: 10, RSSI: -101
[P1_RX] Time: 520ms, Receiver: 43, Sender: 10, RSSI: -102
[P1_RX] Time: 520ms, Receiver: 21, Sender: 10, RSSI: -105
[P1_RX] Time: 520ms, Receiver: 11, Sender: 10, RSSI: -105
[P1_RX] Time: 520ms, Receiver: 15, Sender: 10, RSSI: -105
[P1_RX] Time: 520ms, Receiver: 3, Sender: 10, RSSI: -107
[P1_ATTEMPT] Time: 520ms, Drone: 6
[P1_ABORT] Time: 521ms, Drone: 6
[P1_ATTEMPT] Time: 521ms, Drone: 6
[P1_ABORT] Time: 521ms, Drone: 6
[P1_ATTEMPT] Time: 521ms, Drone: 6
[P1_SUCCESS] Time: 521ms, Drone: 42
[P1_RX] Time: 521ms, Receiver: 26, Sender: 42, RSSI: -94
[P1_RX] Time: 521ms, Receiver: 2, Sender: 42, RSSI: -96
[P1_RX] Time: 521ms, Receiver: 23, Sender: 42, RSSI: -97
[P1_RX] Time: 521ms, Receiver: 24, Sender: 42, RSSI: -98
[P1_RX] Time: 521ms, Receiver: 0, Sender: 42, RSSI: -98
[P1_RX] Time: 521ms, Receiver: 6, Sender: 42, RSSI: -98
[P1_RX] Time: 521ms, Receiver: 14, Sender: 42, RSSI: -102
[P1_RX] Time: 521ms, Receiver: 19, Sender: 42, RSSI: -102
[P1_RX] Time: 521ms, Receiver: 39, Sender: 42, RSSI: -103
[P1_RX] Time: 521ms, Receiver: 35, Sender: 42, RSSI: -105
[P1_RX] Time: 521ms, Receiver: 48, Sender: 42, RSSI: -105
[P1_RX] Time: 521ms, Receiver: 13, Sender: 42, RSSI: -105
[P1_RX] Time: 521ms, Receiver: 45, Sender: 42, RSSI: -105
[P1_RX] Time: 521ms, Receiver: 5, Sender: 42, RSSI: -106
[P1_RX] Time: 521ms, Receiver: 9, Sender: 42, RSSI: -106
[P1_RX] Time: 521ms, Receiver: 40, Sender: 42, RSSI: -106
[P1_RX] Time: 521ms, Receiver: 4, Sender: 42, RSSI: -106
[P1_RX] Time: 521ms, Receiver: 27, Sender: 42, RSSI: -107
[P1_RX] Time: 521ms, Receiver: 30, Sender: 42, RSSI: -108
[P1_ABORT] Time: 521ms, Drone: 6
[P1_ATTEMPT] Time: 521ms, Drone: 6
[P1_SUCCESS] Time: 522ms, Drone: 6
[P1_RX] Time: 522ms, Receiver: 39, Sender: 6, RSSI: -95
[P1_RX] Time: 522ms, Receiver: 42, Sender: 6, RSSI: -98
[P1_RX] Time: 522ms, Receiver: 0, Sender: 6, RSSI: -99
[P1_RX] Time: 522ms, Receiver: 23, Sender: 6, RSSI: -100
[P1_RX] Time: 522ms, Receiver: 9, Sender: 6, RSSI: -101
[P1_RX] Time: 522ms, Receiver: 26, Sender: 6, RSSI: -102
[P1_RX] Time: 522ms, Receiver: 35, Sender: 6, RSSI: -103
[P1_RX] Time: 522ms, Receiver: 14, Sender: 6, RSSI: -104
[P1_RX] Time: 522ms, Receiver: 2, Sender: 6, RSSI: -105
[P1_RX] Time: 522ms, Receiver: 5, Sender: 6, RSSI: -105
[P1_RX] Time: 522ms, Receiver: 19, Sender: 6, RSSI: -105
[P1_RX] Time: 522ms, Receiver: 24, Sender: 6, RSSI: -106
[P1_RX] Time: 522ms, Receiver: 40, Sender: 6, RSSI: -109
[P1_RX] Time: 522ms, Receiver: 45, Sender: 6, RSSI: -109
[P1_ATTEMPT] Time: 522ms, Drone: 4
[P1_ATTEMPT] Time: 522ms, Drone: 26
[P1_ATTEMPT] Time: 522ms, Drone: 35
[P1_ATTEMPT] Time: 523ms, Drone: 21
[P1_ABORT] Time: 523ms, Drone: 21
[P1_ATTEMPT] Time: 523ms, Drone: 21
[P1_SUCCESS] Time: 523ms, Drone: 4
[P1_RX] Time: 523ms, Receiver: 48, Sender: 4, RSSI: -94
[P1_RX] Time: 523ms, Receiver: 13, Sender: 4, RSSI: -96
[P1_RX] Time: 523ms, Receiver: 31, Sender: 4, RSSI: -100
[P1_RX] Time: 523ms, Receiver: 1, Sender: 4, RSSI: -101
[P1_RX] Time: 523ms, Receiver: 45, Sender: 4, RSSI: -101
[P1_RX] Time: 523ms, Receiver: 32, Sender: 4, RSSI: -102
[P1_RX] Time: 523ms, Receiver: 33, Sender: 4, RSSI: -103
[P1_RX] Time: 523ms, Receiver: 29, Sender: 4, RSSI: -103
[P1_RX] Time: 523ms, Receiver: 15, Sender: 4, RSSI: -103
[P1_RX] Time: 523ms, Receiver: 16, Sender: 4, RSSI: -105
[P1_RX] Time: 523ms, Receiver: 20, Sender: 4, RSSI: -105
[P1_RX] Time: 523ms, Receiver: 37, Sender: 4, RSSI: -105
[P1_RX] Time: 523ms, Receiver: 49, Sender: 4, RSSI: -106
[P1_RX] Time: 523ms, Receiver: 3, Sender: 4, RSSI: -107
[P1_RX] Time: 523ms, Receiver: 25, Sender: 4, RSSI: -107
[P1_SUCCESS] Time: 523ms, Drone: 26
[P1_RX] Time: 523ms, Receiver: 42, Sender: 26, RSSI: -94
[P1_RX] Time: 523ms, Receiver: 23, Sender: 26, RSSI: -97
[P1_RX] Time: 523ms, Receiver: 14, Sender: 26, RSSI: -98
[P1_RX] Time: 523ms, Receiver: 0, Sender: 26, RSSI: -100
[P1_RX] Time: 523ms, Receiver: 6, Sender: 26, RSSI: -99
[P1_RX] Time: 523ms, Receiver: 30, Sender: 26, RSSI: -104
[P1_RX] Time: 523ms, Receiver: 7, Sender: 26, RSSI: -105
[P1_ATTEMPT] Time: 523ms, Drone: 46
[P1_SUCCESS] Time: 523ms, Drone: 35
[P1_RX] Time: 523ms, Receiver: 5, Sender: 35, RSSI: -75
[P1_RX] Time: 523ms, Receiver: 39, Sender: 35, RSSI: -96
[P1_RX] Time: 523ms, Receiver: 9, Sender: 35, RSSI: -99
[P1_RX] Time: 523ms, Receiver: 41, Sender: 35, RSSI: -101
[P1_RX] Time: 523ms, Receiver: 36, Sender: 35, RSSI: -101
[P1_RX] Time: 523ms, Receiver: 22, Sender: 35, RSSI: -103
[P1_ATTEMPT] Time: 524ms, Drone: 37
[P1_ABORT] Time: 524ms, Drone: 37
[P1_ATTEMPT] Time: 524ms, Drone: 37
[P1_ABORT] Time: 524ms, Drone: 37
[P1_ATTEMPT] Time: 524ms, Drone: 37
[P1_SUCCESS] Time: 524ms, Drone: 21
[P1_RX] Time: 524ms, Receiver: 18, Sender: 21, RSSI: -78
[P1_RX] Time: 524ms, Receiver: 17, Sender: 21, RSSI: -91
[P1_RX] Time: 524ms, Receiver: 11, Sender: 21, RSSI: -96
[P1_RX] Time: 524ms, Receiver: 16, Sender: 21, RSSI: -97
[P1_RX] Time: 524ms, Receiver: 38, Sender: 21, RSSI: -97
[P1_RX] Time: 524ms, Receiver: 3, Sender: 21, RSSI: -98
[P1_RX] Time: 524ms, Receiver: 43, Sender: 21, RSSI: -99
[P1_RX] Time: 524ms, Receiver: 49, Sender: 21, RSSI: -100
[P1_RX] Time: 524ms, Receiver: 15, Sender: 21, RSSI: -101
[P1_RX] Time: 524ms, Receiver: 32, Sender: 21, RSSI: -101
[P1_RX] Time: 524ms, Receiver: 1, Sender: 21, RSSI: -101
[P1_RX] Time: 524ms, Receiver: 8, Sender: 21, RSSI: -105
[P1_RX] Time: 524ms, Receiver: 47, Sender: 21, RSSI: -105
[P1_RX] Time: 524ms, Receiver: 10, Sender: 21, RSSI: -105
[P1_RX] Time: 524ms, Receiver: 27, Sender: 21, RSSI: -107
[P1_RX] Time: 524ms, Receiver: 40, Sender: 21, RSSI: -107
[P1_RX] Time: 524ms, Receiver: 41, Sender: 21, RSSI: -108
[P1_ABORT] Time: 524ms, Drone: 37
[P1_ATTEMPT] Time: 524ms, Drone: 37
[P1_ATTEMPT] Time: 524ms, Drone: 41
[P1_SUCCESS] Time: 524ms, Drone: 46
[P1_RX] Time: 524ms, Receiver: 28, Sender: 46, RSSI: -82
[P1_RX] Time: 524ms, Receiver: 34, Sender: 46, RSSI: -87
[P1_RX] Time: 524ms, Receiver: 44, Sender: 46, RSSI: -100
[P1_RX] Time: 524ms, Receiver: 25, Sender: 46, RSSI: -106
[P1_RX] Time: 524ms, Receiver: 20, Sender: 46, RSSI: -106
[P1_RX] Time: 524ms, Receiver: 29, Sender: 46, RSSI: -106
[P1_ABORT] Time: 524ms, Drone: 37
[P1_ATTEMPT] Time: 524ms, Drone: 37
[P1_ATTEMPT] Time: 524ms, Drone: 24
[P1_ATTEMPT] Time: 525ms, Drone: 18
[P1_ABORT] Time: 525ms, Drone: 18
[P1_ATTEMPT] Time: 525ms, Drone: 18
[P1_ATTEMPT] Time: 525ms, Drone: 3
[P1_SUCCESS] Time: 525ms, Drone: 41
[P1_RX] Time: 525ms, Receiver: 40, Sender: 41, RSSI: -95
[P1_RX] Time: 525ms, Receiver: 47, Sender: 41, RSSI: -97
[P1_RX] Time: 525ms, Receiver: 5, Sender: 41, RSSI: -100
[P1_RX] Time: 525ms, Receiver: 27, Sender: 41, RSSI: -101
[P1_RX] Time: 525ms, Receiver: 19, Sender: 41, RSSI: -101
[P1_RX] Time: 525ms, Receiver: 36, Sender: 41, RSSI: -101
[P1_RX] Time: 525ms, Receiver: 35, Sender: 41, RSSI: -101
[P1_RX] Time: 525ms, Receiver: 22, Sender: 41, RSSI: -103
[P1_RX] Time: 525ms, Receiver: 17, Sender: 41, RSSI: -104
[P1_RX] Time: 525ms, Receiver: 16, Sender: 41, RSSI: -104
[P1_RX] Time: 525ms, Receiver: 9, Sender: 41, RSSI: -106
[P1_RX] Time: 525ms, Receiver: 11, Sender: 41, RSSI: -106
[P1_ABORT] Time: 525ms, Drone: 18
[P1_ATTEMPT] Time: 525ms, Drone: 18
[P1_SUCCESS] Time: 525ms, Drone: 37
[P1_RX] Time: 525ms, Receiver: 29, Sender: 37, RSSI: -89
[P1_RX] Time: 525ms, Receiver: 33, Sender: 37, RSSI: -90
[P1_RX] Time: 525ms, Receiver: 25, Sender: 37, RSSI: -95
[P1_RX] Time: 525ms, Receiver: 34, Sender: 37, RSSI: -102
[P1_RX] Time: 525ms, Receiver: 20, Sender: 37, RSSI: -103
[P1_RX] Time: 525ms, Receiver: 28, Sender: 37, RSSI: -103
[P1_RX] Time: 525ms, Receiver: 46, Sender: 37, RSSI: -105
[P1_RX] Time: 525ms, Receiver: 15, Sender: 37, RSSI: -103
[P1_SUCCESS] Time: 525ms, Drone: 24
[P1_RX] Time: 525ms, Receiver: 2, Sender: 24, RSSI: -89
[P1_RX] Time: 525ms, Receiver: 48, Sender: 24, RSSI: -94
[P1_RX] Time: 525ms, Receiver: 13, Sender: 24, RSSI: -97
[P1_RX] Time: 525ms, Receiver: 23, Sender: 24, RSSI: -98
[P1_RX] Time: 525ms, Receiver: 26, Sender: 24, RSSI: -99
[P1_RX] Time: 525ms, Receiver: 14, Sender: 24, RSSI: -99
[P1_RX] Time: 525ms, Receiver: 0, Sender: 24, RSSI: -100
[P1_RX] Time: 525ms, Receiver: 4, Sender: 24, RSSI: -100
[P1_RX] Time: 525ms, Receiver: 45, Sender: 24, RSSI: -101
[P1_RX] Time: 525ms, Receiver: 30, Sender: 24, RSSI: -103
[P1_RX] Time: 525ms, Receiver: 7, Sender: 24, RSSI: -106
[P1_RX] Time: 525ms, Receiver: 12, Sender: 24, RSSI: -106
[P1_SUCCESS] Time: 526ms, Drone: 3
[P1_RX] Time: 526ms, Receiver: 49, Sender: 3, RSSI: -80
[P1_RX] Time: 526ms, Receiver: 8, Sender: 3, RSSI: -101
[P1_SUCCESS] Time: 526ms, Drone: 18
[P1_RX] Time: 526ms, Receiver: 21, Sender: 18, RSSI: -78
[P1_RX] Time: 526ms, Receiver: 17, Sender: 18, RSSI: -86
[P1_RX] Time: 526ms, Receiver: 16, Sender: 18, RSSI: -93
[P1_RX] Time: 526ms, Receiver: 11, Sender: 18, RSSI: -97
[P1_RX] Time: 526ms, Receiver: 43, Sender: 18, RSSI: -98
[P1_RX] Time: 526ms, Receiver: 38, Sender: 18, RSSI: -98
[P1_RX] Time: 526ms, Receiver: 47, Sender: 18, RSSI: -102
[P1_RX] Time: 526ms, Receiver: 27, Sender: 18, RSSI: -105
[P1_RX] Time: 526ms, Receiver: 40, Sender: 18, RSSI: -105
[P1_RX] Time: 526ms, Receiver: 41, Sender: 18, RSSI: -106
[P1_RX] Time: 526ms, Receiver: 19, Sender: 18, RSSI: -105
[P1_ATTEMPT] Time: 526ms, Drone: 45
[P1_ATTEMPT] Time: 526ms, Drone: 23
[P1_ATTEMPT] Time: 526ms, Drone: 44
[P1_ATTEMPT] Time: 527ms, Drone: 5
[P1_SUCCESS] Time: 527ms, Drone: 45
[P1_RX] Time: 527ms, Receiver: 31, Sender: 45, RSSI: -90
[P1_RX] Time: 527ms, Receiver: 13, Sender: 45, RSSI: -95
[P1_RX] Time: 527ms, Receiver: 32, Sender: 45, RSSI: -100
[P1_RX] Time: 527ms, Receiver: 4, Sender: 45, RSSI: -100
[P1_RX] Time: 527ms, Receiver: 27, Sender: 45, RSSI: -101
[P1_RX] Time: 527ms, Receiver: 1, Sender: 45, RSSI: -101
[P1_RX] Time: 527ms, Receiver: 48, Sender: 45, RSSI: -100
[P1_RX] Time: 527ms, Receiver: 15, Sender: 45, RSSI: -102
[P1_RX] Time: 527ms, Receiver: 19, Sender: 45, RSSI: -102
[P1_RX] Time: 527ms, Receiver: 47, Sender: 45, RSSI: -104
[P1_RX] Time: 527ms, Receiver: 33, Sender: 45, RSSI: -103
[P1_RX] Time: 527ms, Receiver: 16, Sender: 45, RSSI: -104
[P1_RX] Time: 527ms, Receiver: 43, Sender: 45, RSSI: -105
[P1_SUCCESS] Time: 527ms, Drone: 23
[P1_RX] Time: 527ms, Receiver: 14, Sender: 23, RSSI: -89
[P1_RX] Time: 527ms, Receiver: 0, Sender: 23, RSSI: -89
[P1_RX] Time: 527ms, Receiver: 26, Sender: 23, RSSI: -97
[P1_RX] Time: 527ms, Receiver: 42, Sender: 23, RSSI: -96
[P1_RX] Time: 527ms, Receiver: 24, Sender: 23, RSSI: -97
[P1_RX] Time: 527ms, Receiver: 6, Sender: 23, RSSI: -100
[P1_RX] Time: 527ms, Receiver: 30, Sender: 23, RSSI: -101
[P1_RX] Time: 527ms, Receiver: 7, Sender: 23, RSSI: -104
[P1_SUCCESS] Time: 527ms, Drone: 44
[P1_RX] Time: 527ms, Receiver: 28, Sender: 44, RSSI: -99
[P1_RX] Time: 527ms, Receiver: 46, Sender: 44, RSSI: -100
[P1_RX] Time: 527ms, Receiver: 34, Sender: 44, RSSI: -101
[P1_RX] Time: 527ms, Receiver: 20, Sender: 44, RSSI: -102
[P1_RX] Time: 527ms, Receiver: 37, Sender: 44, RSSI: -105
[P1_RX] Time: 527ms, Receiver: 25, Sender: 44, RSSI: -106
[P1_SUCCESS] Time: 528ms, Drone: 5
[P1_RX] Time: 528ms, Receiver: 40, Sender: 5, RSSI: -98
[P1_RX] Time: 528ms, Receiver: 19, Sender: 5, RSSI: -99
[P1_RX] Time: 528ms, Receiver: 36, Sender: 5, RSSI: -100
[P1_RX] Time: 528ms, Receiver: 41, Sender: 5, RSSI: -100
[P1_RX] Time: 528ms, Receiver: 47, Sender: 5, RSSI: -102
[P1_RX] Time: 528ms, Receiver: 22, Sender: 5, RSSI: -103
[P1_RX] Time: 528ms, Receiver: 27, Sender: 5, RSSI: -105
[P1_RX] Time: 528ms, Receiver: 16, Sender: 5, RSSI: -109
[P1_RX] Time: 528ms, Receiver: 1, Sender: 5, RSSI: -109
[P1_RX] Time: 528ms, Receiver: 32, Sender: 5, RSSI: -109
[P1_ATTEMPT] Time: 528ms, Drone: 36
[P1_ATTEMPT] Time: 528ms, Drone: 13
[P1_ATTEMPT] Time: 529ms, Drone: 16
[P1_ABORT] Time: 529ms, Drone: 16
[P1_ATTEMPT] Time: 529ms, Drone: 16
[P1_ABORT] Time: 529ms, Drone: 16
[P1_ATTEMPT] Time: 529ms, Drone: 16
[P1_ATTEMPT] Time: 529ms, Drone: 20
[P1_SUCCESS] Time: 529ms, Drone: 36
[P1_RX] Time: 529ms, Receiver: 22, Sender: 36, RSSI: -100
[P1_RX] Time: 529ms, Receiver: 5, Sender: 36, RSSI: -100
[P1_RX] Time: 529ms, Receiver: 41, Sender: 36, RSSI: -101
[P1_RX] Time: 529ms, Receiver: 35, Sender: 36, RSSI: -102
[P1_RX] Time: 529ms, Receiver: 40, Sender: 36, RSSI: -104
[P1_RX] Time: 529ms, Receiver: 9, Sender: 36, RSSI: -107
[P1_RX] Time: 529ms, Receiver: 39, Sender: 36, RSSI: -107
[P1_ABORT] Time: 529ms, Drone: 16
[P1_ATTEMPT] Time: 529ms, Drone: 16
[P1_ABORT] Time: 529ms, Drone: 20
[P1_ATTEMPT] Time: 529ms, Drone: 20
[P1_ABORT] Time: 529ms, Drone: 16
[P1_ATTEMPT] Time: 529ms, Drone: 16
[P1_SUCCESS] Time: 529ms, Drone: 13
[P1_RX] Time: 529ms, Receiver: 31, Sender: 13, RSSI: -92
[P1_RX] Time: 529ms, Receiver: 48, Sender: 13, RSSI: -93
[P1_RX] Time: 529ms, Receiver: 45, Sender: 13, RSSI: -96
[P1_RX] Time: 529ms, Receiver: 4, Sender: 13, RSSI: -96
[P1_RX] Time: 529ms, Receiver: 2, Sender: 13, RSSI: -97
[P1_RX] Time: 529ms, Receiver: 24, Sender: 13, RSSI: -98
[P1_RX] Time: 529ms, Receiver: 23, Sender: 13, RSSI: -103
[P1_RX] Time: 529ms, Receiver: 0, Sender: 13, RSSI: -103
[P1_RX] Time: 529ms, Receiver: 14, Sender: 13, RSSI: -104
[P1_RX] Time: 529ms, Receiver: 33, Sender: 13, RSSI: -104
[P1_RX] Time: 529ms, Receiver: 30, Sender: 13, RSSI: -104
[P1_RX] Time: 529ms, Receiver: 32, Sender: 13, RSSI: -104
[P1_RX] Time: 529ms, Receiver: 29, Sender: 13, RSSI: -105
[P1_RX] Time: 529ms, Receiver: 1, Sender: 13, RSSI: -104
[P1_RX] Time: 529ms, Receiver: 12, Sender: 13, RSSI: -105
[P1_RX] Time: 529ms, Receiver: 42, Sender: 13, RSSI: -105
[P1_RX] Time: 529ms, Receiver: 15, Sender: 13, RSSI: -106
[P1_RX] Time: 529ms, Receiver: 26, Sender: 13, RSSI: -106
[P1_RX] Time: 529ms, Receiver: 37, Sender: 13, RSSI: -107
[P1_RX] Time: 529ms, Receiver: 16, Sender: 13, RSSI: -107
[P1_RX] Time: 529ms, Receiver: 25, Sender: 13, RSSI: -108
[P1_ATTEMPT] Time: 530ms, Drone: 17
[P1_ATTEMPT] Time: 530ms, Drone: 0
[P1_SUCCESS] Time: 530ms, Drone: 20
[P1_RX] Time: 530ms, Receiver: 29, Sender: 20, RSSI: -102
[P1_RX] Time: 530ms, Receiver: 44, Sender: 20, RSSI: -103
[P1_RX] Time: 530ms, Receiver: 37, Sender: 20, RSSI: -103
[P1_RX] Time: 530ms, Receiver: 25, Sender: 20, RSSI: -104
[P1_RX] Time: 530ms, Receiver: 34, Sender: 20, RSSI: -104
[P1_RX] Time: 530ms, Receiver: 28, Sender: 20, RSSI: -104
[P1_RX] Time: 530ms, Receiver: 33, Sender: 20, RSSI: -104
[P1_RX] Time: 530ms, Receiver: 46, Sender: 20, RSSI: -106
[P1_ATTEMPT] Time: 530ms, Drone: 48
[P1_SUCCESS] Time: 530ms, Drone: 16
[P1_RX] Time: 530ms, Receiver: 1, Sender: 16, RSSI: -89
[P1_RX] Time: 530ms, Receiver: 32, Sender: 16, RSSI: -91
[P1_RX] Time: 530ms, Receiver: 17, Sender: 16, RSSI: -91
[P1_RX] Time: 530ms, Receiver: 18, Sender: 16, RSSI: -94
[P1_RX] Time: 530ms, Receiver: 21, Sender: 16, RSSI: -97
[P1_RX] Time: 530ms, Receiver: 47, Sender: 16, RSSI: -97
[P1_RX] Time: 530ms, Receiver: 15, Sender: 16, RSSI: -100
[P1_RX] Time: 530ms, Receiver: 3, Sender: 16, RSSI: -100
[P1_RX] Time: 530ms, Receiver: 40, Sender: 16, RSSI: -101
[P1_RX] Time: 530ms, Receiver: 49, Sender: 16, RSSI: -101
[P1_RX] Time: 530ms, Receiver: 19, Sender: 16, RSSI: -102
[P1_RX] Time: 530ms, Receiver: 27, Sender: 16, RSSI: -102
[P1_RX] Time: 530ms, Receiver: 43, Sender: 16, RSSI: -102
[P1_RX] Time: 530ms, Receiver: 11, Sender: 16, RSSI: -103
[P1_RX] Time: 530ms, Receiver: 41, Sender: 16, RSSI: -105
[P1_RX] Time: 530ms, Receiver: 38, Sender: 16, RSSI: -105
[P1_RX] Time: 530ms, Receiver: 45, Sender: 16, RSSI: -105
[P1_RX] Time: 530ms, Receiver: 5, Sender: 16, RSSI: -108
[P1_ABORT] Time: 530ms, Drone: 17
[P1_ATTEMPT] Time: 530ms, Drone: 17
[P1_ATTEMPT] Time: 530ms, Drone: 7
[P1_ATTEMPT] Time: 531ms, Drone: 2
[P1_ABORT] Time: 531ms, Drone: 2
[P1_ATTEMPT] Time: 531ms, Drone: 2
[P1_SUCCESS] Time: 531ms, Drone: 0
[P1_RX] Time: 531ms, Receiver: 23, Sender: 0, RSSI: -89
[P1_RX] Time: 531ms, Receiver: 14, Sender: 0, RSSI: -96
[P1_RX] Time: 531ms, Receiver: 42, Sender: 0, RSSI: -97
[P1_RX] Time: 531ms, Receiver: 6, Sender: 0, RSSI: -98
[P1_RX] Time: 531ms, Receiver: 26, Sender: 0, RSSI: -100
[P1_RX] Time: 531ms, Receiver: 9, Sender: 0, RSSI: -104
[P1_RX] Time: 531ms, Receiver: 39, Sender: 0, RSSI: -104
[P1_ABORT] Time: 531ms, Drone: 2
[P1_ATTEMPT] Time: 531ms, Drone: 2
[P1_SUCCESS] Time: 531ms, Drone: 48
[P1_RX] Time: 531ms, Receiver: 13, Sender: 48, RSSI: -92
[P1_RX] Time: 531ms, Receiver: 4, Sender: 48, RSSI: -94
[P1_RX] Time: 531ms, Receiver: 24, Sender: 48, RSSI: -94
[P1_RX] Time: 531ms, Receiver: 33, Sender: 48, RSSI: -105
[P1_SUCCESS] Time: 531ms, Drone: 17
[P1_RX] Time: 531ms, Receiver: 18, Sender: 17, RSSI: -86
[P1_RX] Time: 531ms, Receiver: 21, Sender: 17, RSSI: -91
[P1_RX] Time: 531ms, Receiver: 16, Sender: 17, RSSI: -91
[P1_RX] Time: 531ms, Receiver: 1, Sender: 17, RSSI: -98
[P1_RX] Time: 531ms, Receiver: 11, Sender: 17, RSSI: -99
[P1_RX] Time: 531ms, Receiver: 32, Sender: 17, RSSI: -98
[P1_RX] Time: 531ms, Receiver: 3, Sender: 17, RSSI: -100
[P1_RX] Time: 531ms, Receiver: 47, Sender: 17, RSSI: -100
[P1_RX] Time: 531ms, Receiver: 49, Sender: 17, RSSI: -102
[P1_RX] Time: 531ms, Receiver: 15, Sender: 17, RSSI: -101
[P1_RX] Time: 531ms, Receiver: 43, Sender: 17, RSSI: -102
[P1_RX] Time: 531ms, Receiver: 38, Sender: 17, RSSI: -102
[P1_RX] Time: 531ms, Receiver: 40, Sender: 17, RSSI: -102
[P1_RX] Time: 531ms, Receiver: 41, Sender: 17, RSSI: -103
[P1_RX] Time: 531ms, Receiver: 8, Sender: 17, RSSI: -107
[P1_ABORT] Time: 531ms, Drone: 2
[P1_ATTEMPT] Time: 531ms, Drone: 2
[P1_SUCCESS] Time: 531ms, Drone: 7
[P1_ATTEMPT] Time: 531ms, Drone: 1
[P1_ATTEMPT] Time: 532ms, Drone: 47
[P1_SUCCESS] Time: 532ms, Drone: 2
[P1_RX] Time: 532ms, Receiver: 24, Sender: 2, RSSI: -89
[P1_RX] Time: 532ms, Receiver: 42, Sender: 2, RSSI: -96
[P1_RX] Time: 532ms, Receiver: 13, Sender: 2, RSSI: -97
[P1_RX] Time: 532ms, Receiver: 23, Sender: 2, RSSI: -98
[P1_RX] Time: 532ms, Receiver: 48, Sender: 2, RSSI: -98
[P1_RX] Time: 532ms, Receiver: 0, Sender: 2, RSSI: -98
[P1_RX] Time: 532ms, Receiver: 45, Sender: 2, RSSI: -99
[P1_RX] Time: 532ms, Receiver: 14, Sender: 2, RSSI: -101
[P1_RX] Time: 532ms, Receiver: 26, Sender: 2, RSSI: -101
[P1_RX] Time: 532ms, Receiver: 31, Sender: 2, RSSI: -102
[P1_RX] Time: 532ms, Receiver: 19, Sender: 2, RSSI: -103
[P1_RX] Time: 532ms, Receiver: 6, Sender: 2, RSSI: -105
[P1_RX] Time: 532ms, Receiver: 30, Sender: 2, RSSI: -106
[P1_RX] Time: 532ms, Receiver: 35, Sender: 2, RSSI: -108
[P1_RX] Time: 532ms, Receiver: 39, Sender: 2, RSSI: -108
[P1_RX] Time: 532ms, Receiver: 9, Sender: 2, RSSI: -109
[P1_ABORT] Time: 532ms, Drone: 47
[P1_ATTEMPT] Time: 532ms, Drone: 47
[P1_SUCCESS] Time: 532ms, Drone: 1
[P1_RX] Time: 532ms, Receiver: 21, Sender: 1, RSSI: -101
[P1_RX] Time: 532ms, Receiver: 3, Sender: 1, RSSI: -101
[P1_RX] Time: 532ms, Receiver: 49, Sender: 1, RSSI: -102
[P1_RX] Time: 532ms, Receiver: 43, Sender: 1, RSSI: -103
[P1_RX] Time: 532ms, Receiver: 11, Sender: 1, RSSI: -106
[P1_RX] Time: 532ms, Receiver: 38, Sender: 1, RSSI: -107
[P1_ABORT] Time: 532ms, Drone: 47
[P1_ATTEMPT] Time: 532ms, Drone: 47
[P1_SUCCESS] Time: 533ms, Drone: 47
[P1_RX] Time: 533ms, Receiver: 40, Sender: 47, RSSI: -91
[P1_RX] Time: 533ms, Receiver: 19, Sender: 47, RSSI: -92
[P1_RX] Time: 533ms, Receiver: 27, Sender: 47, RSSI: -95
[P1_RX] Time: 533ms, Receiver: 41, Sender: 47, RSSI: -97
[P1_RX] Time: 533ms, Receiver: 16, Sender: 47, RSSI: -97
[P1_RX] Time: 533ms, Receiver: 32, Sender: 47, RSSI: -99
[P1_RX] Time: 533ms, Receiver: 1, Sender: 47, RSSI: -99
[P1_RX] Time: 533ms, Receiver: 17, Sender: 47, RSSI: -101
[P1_RX] Time: 533ms, Receiver: 5, Sender: 47, RSSI: -102
[P1_RX] Time: 533ms, Receiver: 35, Sender: 47, RSSI: -102
[P1_RX] Time: 533ms, Receiver: 18, Sender: 47, RSSI: -103
[P1_RX] Time: 533ms, Receiver: 21, Sender: 47, RSSI: -105
[P1_RX] Time: 533ms, Receiver: 45, Sender: 47, RSSI: -105
[P1_RX] Time: 533ms, Receiver: 15, Sender: 47, RSSI: -106
[P1_RX] Time: 533ms, Receiver: 2, Sender: 47, RSSI: -106
[P1_RX] Time: 533ms, Receiver: 11, Sender: 47, RSSI: -106
[P1_RX] Time: 533ms, Receiver: 43, Sender: 47, RSSI: -107
[P1_RX] Time: 533ms, Receiver: 9, Sender: 47, RSSI: -107
[P1_RX] Time: 533ms, Receiver: 36, Sender: 47, RSSI: -107
[P1_RX] Time: 533ms, Receiver: 42, Sender: 47, RSSI: -107
[P1_RX] Time: 533ms, Receiver: 39, Sender: 47, RSSI: -108
[P1_RX] Time: 533ms, Receiver: 3, Sender: 47, RSSI: -108
[P1_RX] Time: 533ms, Receiver: 0, Sender: 47, RSSI: -109
[P1_RX] Time: 533ms, Receiver: 49, Sender: 47, RSSI: -109
[P1_RX] Time: 533ms, Receiver: 13, Sender: 47, RSSI: -109
[P1_ATTEMPT] Time: 561ms, Drone: 41
[P1_ATTEMPT] Time: 561ms, Drone: 4
[P1_ATTEMPT] Time: 562ms, Drone: 22
[P1_ABORT] Time: 562ms, Drone: 22
[P1_ATTEMPT] Time: 562ms, Drone: 22
[P1_ABORT] Time: 562ms, Drone: 22
[P1_ATTEMPT] Time: 562ms, Drone: 22
[P1_SUCCESS] Time: 562ms, Drone: 41
[P1_RX] Time: 562ms, Receiver: 40, Sender: 41, RSSI: -95
[P1_RX] Time: 562ms, Receiver: 47, Sender: 41, RSSI: -97
[P1_RX] Time: 562ms, Receiver: 5, Sender: 41, RSSI: -100
[P1_RX] Time: 562ms, Receiver: 27, Sender: 41, RSSI: -101
[P1_RX] Time: 562ms, Receiver: 19, Sender: 41, RSSI: -101
[P1_RX] Time: 562ms, Receiver: 36, Sender: 41, RSSI: -101
[P1_RX] Time: 562ms, Receiver: 35, Sender: 41, RSSI: -102
[P1_RX] Time: 562ms, Receiver: 22, Sender: 41, RSSI: -103
[P1_RX] Time: 562ms, Receiver: 9, Sender: 41, RSSI: -106
[P1_RX] Time: 562ms, Receiver: 11, Sender: 41, RSSI: -107
[P1_RX] Time: 562ms, Receiver: 39, Sender: 41, RSSI: -108
[P1_ABORT] Time: 562ms, Drone: 22
[P1_ATTEMPT] Time: 562ms, Drone: 22
[P1_SUCCESS] Time: 562ms, Drone: 4
[P1_RX] Time: 562ms, Receiver: 48, Sender: 4, RSSI: -94
[P1_RX] Time: 562ms, Receiver: 13, Sender: 4, RSSI: -96
[P1_RX] Time: 562ms, Receiver: 31, Sender: 4, RSSI: -100
[P1_RX] Time: 562ms, Receiver: 24, Sender: 4, RSSI: -102
[P1_RX] Time: 562ms, Receiver: 33, Sender: 4, RSSI: -103
[P1_RX] Time: 562ms, Receiver: 29, Sender: 4, RSSI: -103
[P1_RX] Time: 562ms, Receiver: 20, Sender: 4, RSSI: -105
[P1_RX] Time: 562ms, Receiver: 37, Sender: 4, RSSI: -105
[P1_RX] Time: 562ms, Receiver: 49, Sender: 4, RSSI: -105
[P1_RX] Time: 562ms, Receiver: 25, Sender: 4, RSSI: -107
[P1_RX] Time: 562ms, Receiver: 14, Sender: 4, RSSI: -108
[P1_RX] Time: 562ms, Receiver: 30, Sender: 4, RSSI: -108
[P1_ATTEMPT] Time: 562ms, Drone: 17
[P1_ATTEMPT] Time: 563ms, Drone: 40
[P1_SUCCESS] Time: 563ms, Drone: 22
[P1_RX] Time: 563ms, Receiver: 36, Sender: 22, RSSI: -100
[P1_RX] Time: 563ms, Receiver: 9, Sender: 22, RSSI: -103
[P1_RX] Time: 563ms, Receiver: 5, Sender: 22, RSSI: -103
[P1_RX] Time: 563ms, Receiver: 41, Sender: 22, RSSI: -103
[P1_RX] Time: 563ms, Receiver: 35, Sender: 22, RSSI: -104
[P1_RX] Time: 563ms, Receiver: 39, Sender: 22, RSSI: -107
[P1_ATTEMPT] Time: 563ms, Drone: 37
[P1_ABORT] Time: 563ms, Drone: 40
[P1_ATTEMPT] Time: 563ms, Drone: 40
[P1_ATTEMPT] Time: 563ms, Drone: 5
[P1_ABORT] Time: 563ms, Drone: 40
[P1_ATTEMPT] Time: 563ms, Drone: 40
[P1_SUCCESS] Time: 563ms, Drone: 17
[P1_RX] Time: 563ms, Receiver: 21, Sender: 17, RSSI: -91
[P1_RX] Time: 563ms, Receiver: 16, Sender: 17, RSSI: -91
[P1_RX] Time: 563ms, Receiver: 1, Sender: 17, RSSI: -99
[P1_RX] Time: 563ms, Receiver: 11, Sender: 17, RSSI: -99
[P1_RX] Time: 563ms, Receiver: 32, Sender: 17, RSSI: -99
[P1_RX] Time: 563ms, Receiver: 3, Sender: 17, RSSI: -100
[P1_RX] Time: 563ms, Receiver: 49, Sender: 17, RSSI: -102
[P1_RX] Time: 563ms, Receiver: 15, Sender: 17, RSSI: -102
[P1_RX] Time: 563ms, Receiver: 43, Sender: 17, RSSI: -102
[P1_RX] Time: 563ms, Receiver: 38, Sender: 17, RSSI: -103
[P1_RX] Time: 563ms, Receiver: 8, Sender: 17, RSSI: -108
[P1_RX] Time: 563ms, Receiver: 4, Sender: 17, RSSI: -108
[P1_ABORT] Time: 563ms, Drone: 40
[P1_ATTEMPT] Time: 563ms, Drone: 40
[P1_ABORT] Time: 563ms, Drone: 40
[P1_ATTEMPT] Time: 563ms, Drone: 40
[P1_ABORT] Time: 563ms, Drone: 40
[P1_ATTEMPT] Time: 563ms, Drone: 40
[P1_ATTEMPT] Time: 564ms, Drone: 14
[P1_ABORT] Time: 564ms, Drone: 40
[P1_ATTEMPT] Time: 564ms, Drone: 40
[P1_ABORT] Time: 564ms, Drone: 40
[P1_ATTEMPT] Time: 564ms, Drone: 40
[P1_ATTEMPT] Time: 564ms, Drone: 49
[P1_ABORT] Time: 564ms, Drone: 40
[P1_ATTEMPT] Time: 564ms, Drone: 40
[P1_ABORT] Time: 564ms, Drone: 49
[P1_ATTEMPT] Time: 564ms, Drone: 49
[P1_SUCCESS] Time: 564ms, Drone: 37
[P1_RX] Time: 564ms, Receiver: 29, Sender: 37, RSSI: -89
[P1_RX] Time: 564ms, Receiver: 33, Sender: 37, RSSI: -90
[P1_RX] Time: 564ms, Receiver: 25, Sender: 37, RSSI: -95
[P1_RX] Time: 564ms, Receiver: 34, Sender: 37, RSSI: -102
[P1_RX] Time: 564ms, Receiver: 20, Sender: 37, RSSI: -103
[P1_RX] Time: 564ms, Receiver: 28, Sender: 37, RSSI: -104
[P1_RX] Time: 564ms, Receiver: 46, Sender: 37, RSSI: -105
[P1_RX] Time: 564ms, Receiver: 15, Sender: 37, RSSI: -105
[P1_RX] Time: 564ms, Receiver: 4, Sender: 37, RSSI: -105
[P1_RX] Time: 564ms, Receiver: 44, Sender: 37, RSSI: -107
[P1_RX] Time: 564ms, Receiver: 43, Sender: 37, RSSI: -107
[P1_SUCCESS] Time: 564ms, Drone: 5
[P1_RX] Time: 564ms, Receiver: 35, Sender: 5, RSSI: -75
[P1_RX] Time: 564ms, Receiver: 40, Sender: 5, RSSI: -98
[P1_RX] Time: 564ms, Receiver: 39, Sender: 5, RSSI: -99
[P1_RX] Time: 564ms, Receiver: 19, Sender: 5, RSSI: -99
[P1_RX] Time: 564ms, Receiver: 36, Sender: 5, RSSI: -100
[P1_RX] Time: 564ms, Receiver: 41, Sender: 5, RSSI: -100
[P1_RX] Time: 564ms, Receiver: 9, Sender: 5, RSSI: -101
[P1_RX] Time: 564ms, Receiver: 47, Sender: 5, RSSI: -102
[P1_RX] Time: 564ms, Receiver: 22, Sender: 5, RSSI: -103
[P1_RX] Time: 564ms, Receiver: 27, Sender: 5, RSSI: -104
[P1_RX] Time: 564ms, Receiver: 6, Sender: 5, RSSI: -105
[P1_ABORT] Time: 564ms, Drone: 40
[P1_ATTEMPT] Time: 564ms, Drone: 40
[P1_ATTEMPT] Time: 564ms, Drone: 29
[P1_ATTEMPT] Time: 564ms, Drone: 18
[P1_ABORT] Time: 564ms, Drone: 29
[P1_ATTEMPT] Time: 564ms, Drone: 29
[P1_ATTEMPT] Time: 564ms, Drone: 33
[P1_SUCCESS] Time: 564ms, Drone: 14
[P1_RX] Time: 564ms, Receiver: 30, Sender: 14, RSSI: -97
[P1_RX] Time: 564ms, Receiver: 24, Sender: 14, RSSI: -99
[P1_RX] Time: 564ms, Receiver: 7, Sender: 14, RSSI: -101
[P1_ABORT] Time: 564ms, Drone: 29
[P1_ATTEMPT] Time: 564ms, Drone: 29
[P1_ATTEMPT] Time: 564ms, Drone: 45
[P1_ABORT] Time: 565ms, Drone: 33
[P1_ATTEMPT] Time: 565ms, Drone: 33
[P1_ABORT] Time: 565ms, Drone: 18
[P1_ATTEMPT] Time: 565ms, Drone: 18
[P1_ABORT] Time: 565ms, Drone: 29
[P1_ATTEMPT] Time: 565ms, Drone: 29
[P1_ABORT] Time: 565ms, Drone: 45
[P1_ATTEMPT] Time: 565ms, Drone: 45
[P1_ABORT] Time: 565ms, Drone: 33
[P1_ATTEMPT] Time: 565ms, Drone: 33
[P1_ABORT] Time: 565ms, Drone: 18
[P1_ATTEMPT] Time: 565ms, Drone: 18
[P1_ABORT] Time: 565ms, Drone: 29
[P1_ATTEMPT] Time: 565ms, Drone: 29
[P1_ABORT] Time: 565ms, Drone: 45
[P1_ATTEMPT] Time: 565ms, Drone: 45
[P1_ABORT] Time: 565ms, Drone: 33
[P1_ATTEMPT] Time: 565ms, Drone: 33
[P1_SUCCESS] Time: 565ms, Drone: 49
[P1_RX] Time: 565ms, Receiver: 3, Sender: 49, RSSI: -80
[P1_RX] Time: 565ms, Receiver: 21, Sender: 49, RSSI: -99
[P1_RX] Time: 565ms, Receiver: 16, Sender: 49, RSSI: -99
[P1_RX] Time: 565ms, Receiver: 1, Sender: 49, RSSI: -99
[P1_RX] Time: 565ms, Receiver: 17, Sender: 49, RSSI: -100
[P1_RX] Time: 565ms, Receiver: 15, Sender: 49, RSSI: -102
[P1_RX] Time: 565ms, Receiver: 32, Sender: 49, RSSI: -100
[P1_RX] Time: 565ms, Receiver: 8, Sender: 49, RSSI: -104
[P1_RX] Time: 565ms, Receiver: 43, Sender: 49, RSSI: -104
[P1_RX] Time: 565ms, Receiver: 38, Sender: 49, RSSI: -105
[P1_RX] Time: 565ms, Receiver: 4, Sender: 49, RSSI: -103
[P1_RX] Time: 565ms, Receiver: 20, Sender: 49, RSSI: -106
[P1_ABORT] Time: 565ms, Drone: 18
[P1_ATTEMPT] Time: 565ms, Drone: 18
[P1_ABORT] Time: 565ms, Drone: 45
[P1_ATTEMPT] Time: 565ms, Drone: 45
[P1_SUCCESS] Time: 565ms, Drone: 40
[P1_RX] Time: 565ms, Receiver: 47, Sender: 40, RSSI: -91
[P1_RX] Time: 565ms, Receiver: 19, Sender: 40, RSSI: -92
[P1_RX] Time: 565ms, Receiver: 41, Sender: 40, RSSI: -95
[P1_RX] Time: 565ms, Receiver: 5, Sender: 40, RSSI: -98
[P1_RX] Time: 565ms, Receiver: 35, Sender: 40, RSSI: -99
[P1_RX] Time: 565ms, Receiver: 27, Sender: 40, RSSI: -100
[P1_RX] Time: 565ms, Receiver: 36, Sender: 40, RSSI: -104
[P1_RX] Time: 565ms, Receiver: 39, Sender: 40, RSSI: -104
[P1_RX] Time: 565ms, Receiver: 9, Sender: 40, RSSI: -105
[P1_ATTEMPT] Time: 565ms, Drone: 28
[P1_ABORT] Time: 565ms, Drone: 28
[P1_ATTEMPT] Time: 565ms, Drone: 28
[P1_ATTEMPT] Time: 565ms, Drone: 26
[P1_ABORT] Time: 565ms, Drone: 28
[P1_ATTEMPT] Time: 565ms, Drone: 28
[P1_ABORT] Time: 565ms, Drone: 28
[P1_ATTEMPT] Time: 565ms, Drone: 28
[P1_ABORT] Time: 565ms, Drone: 28
[P1_ATTEMPT] Time: 565ms, Drone: 28
[P1_ABORT] Time: 566ms, Drone: 28
[P1_ATTEMPT] Time: 566ms, Drone: 28
[P1_SUCCESS] Time: 566ms, Drone: 29
[P1_RX] Time: 566ms, Receiver: 37, Sender: 29, RSSI: -86
[P1_RX] Time: 566ms, Receiver: 25, Sender: 29, RSSI: -92
[P1_RX] Time: 566ms, Receiver: 20, Sender: 29, RSSI: -101
[P1_ABORT] Time: 566ms, Drone: 28
[P1_ATTEMPT] Time: 566ms, Drone: 28
[P1_SUCCESS] Time: 566ms, Drone: 33
[P1_SUCCESS] Time: 566ms, Drone: 18
[P1_RX] Time: 566ms, Receiver: 21, Sender: 18, RSSI: -78
[P1_RX] Time: 566ms, Receiver: 17, Sender: 18, RSSI: -86
[P1_RX] Time: 566ms, Receiver: 16, Sender: 18, RSSI: -93
[P1_RX] Time: 566ms, Receiver: 3, Sender: 18, RSSI: -97
[P1_RX] Time: 566ms, Receiver: 11, Sender: 18, RSSI: -97
[P1_RX] Time: 566ms, Receiver: 32, Sender: 18, RSSI: -96
[P1_RX] Time: 566ms, Receiver: 1, Sender: 18, RSSI: -97
[P1_RX] Time: 566ms, Receiver: 43, Sender: 18, RSSI: -98
[P1_RX] Time: 566ms, Receiver: 38, Sender: 18, RSSI: -99
[P1_RX] Time: 566ms, Receiver: 15, Sender: 18, RSSI: -97
[P1_RX] Time: 566ms, Receiver: 49, Sender: 18, RSSI: -99
[P1_RX] Time: 566ms, Receiver: 47, Sender: 18, RSSI: -101
[P1_RX] Time: 566ms, Receiver: 8, Sender: 18, RSSI: -104
[P1_RX] Time: 566ms, Receiver: 40, Sender: 18, RSSI: -103
[P1_RX] Time: 566ms, Receiver: 10, Sender: 18, RSSI: -104
[P1_SUCCESS] Time: 566ms, Drone: 45
[P1_RX] Time: 566ms, Receiver: 2, Sender: 45, RSSI: -98
[P1_RX] Time: 566ms, Receiver: 27, Sender: 45, RSSI: -100
[P1_RX] Time: 566ms, Receiver: 19, Sender: 45, RSSI: -102
[P1_ABORT] Time: 566ms, Drone: 28
[P1_ATTEMPT] Time: 566ms, Drone: 28
[P1_SUCCESS] Time: 566ms, Drone: 26
[P1_RX] Time: 566ms, Receiver: 7, Sender: 26, RSSI: -104
[P1_RX] Time: 566ms, Receiver: 39, Sender: 26, RSSI: -104
[P1_ATTEMPT] Time: 566ms, Drone: 7
[P1_ATTEMPT] Time: 567ms, Drone: 42
[P1_SUCCESS] Time: 567ms, Drone: 28
[P1_RX] Time: 567ms, Receiver: 34, Sender: 28, RSSI: -78
[P1_RX] Time: 567ms, Receiver: 46, Sender: 28, RSSI: -82
[P1_RX] Time: 567ms, Receiver: 44, Sender: 28, RSSI: -99
[P1_RX] Time: 567ms, Receiver: 37, Sender: 28, RSSI: -104
[P1_RX] Time: 567ms, Receiver: 25, Sender: 28, RSSI: -104
[P1_RX] Time: 567ms, Receiver: 20, Sender: 28, RSSI: -105
[P1_RX] Time: 567ms, Receiver: 29, Sender: 28, RSSI: -106
[P1_RX] Time: 567ms, Receiver: 33, Sender: 28, RSSI: -107
[P1_ATTEMPT] Time: 567ms, Drone: 30
[P1_ABORT] Time: 567ms, Drone: 30
[P1_ATTEMPT] Time: 567ms, Drone: 30
[P1_SUCCESS] Time: 567ms, Drone: 7
[P1_RX] Time: 567ms, Receiver: 30, Sender: 7, RSSI: -94
[P1_RX] Time: 567ms, Receiver: 14, Sender: 7, RSSI: -101
[P1_RX] Time: 567ms, Receiver: 12, Sender: 7, RSSI: -103
[P1_ABORT] Time: 567ms, Drone: 30
[P1_ATTEMPT] Time: 567ms, Drone: 30
[P1_ATTEMPT] Time: 568ms, Drone: 39
[P1_SUCCESS] Time: 568ms, Drone: 42
[P1_RX] Time: 568ms, Receiver: 19, Sender: 42, RSSI: -102
[P1_RX] Time: 568ms, Receiver: 39, Sender: 42, RSSI: -103
[P1_RX] Time: 568ms, Receiver: 35, Sender: 42, RSSI: -105
[P1_RX] Time: 568ms, Receiver: 45, Sender: 42, RSSI: -105
[P1_RX] Time: 568ms, Receiver: 5, Sender: 42, RSSI: -106
[P1_RX] Time: 568ms, Receiver: 9, Sender: 42, RSSI: -106
[P1_RX] Time: 568ms, Receiver: 40, Sender: 42, RSSI: -107
[P1_RX] Time: 568ms, Receiver: 47, Sender: 42, RSSI: -107
[P1_RX] Time: 568ms, Receiver: 27, Sender: 42, RSSI: -107
[P1_ABORT] Time: 568ms, Drone: 39
[P1_ATTEMPT] Time: 568ms, Drone: 39
[P1_ATTEMPT] Time: 568ms, Drone: 3
[P1_SUCCESS] Time: 568ms, Drone: 30
[P1_RX] Time: 568ms, Receiver: 7, Sender: 30, RSSI: -94
[P1_RX] Time: 568ms, Receiver: 14, Sender: 30, RSSI: -97
[P1_RX] Time: 568ms, Receiver: 12, Sender: 30, RSSI: -98
[P1_RX] Time: 568ms, Receiver: 23, Sender: 30, RSSI: -102
[P1_RX] Time: 568ms, Receiver: 24, Sender: 30, RSSI: -103
[P1_RX] Time: 568ms, Receiver: 13, Sender: 30, RSSI: -104
[P1_RX] Time: 568ms, Receiver: 48, Sender: 30, RSSI: -105
[P1_RX] Time: 568ms, Receiver: 2, Sender: 30, RSSI: -106
[P1_RX] Time: 568ms, Receiver: 31, Sender: 30, RSSI: -107
[P1_SUCCESS] Time: 569ms, Drone: 39
[P1_RX] Time: 569ms, Receiver: 35, Sender: 39, RSSI: -97
[P1_RX] Time: 569ms, Receiver: 9, Sender: 39, RSSI: -97
[P1_RX] Time: 569ms, Receiver: 5, Sender: 39, RSSI: -99
[P1_RX] Time: 569ms, Receiver: 42, Sender: 39, RSSI: -102
[P1_RX] Time: 569ms, Receiver: 19, Sender: 39, RSSI: -104
[P1_RX] Time: 569ms, Receiver: 22, Sender: 39, RSSI: -106
[P1_RX] Time: 569ms, Receiver: 36, Sender: 39, RSSI: -107
[P1_RX] Time: 569ms, Receiver: 41, Sender: 39, RSSI: -108
[P1_SUCCESS] Time: 569ms, Drone: 3
[P1_RX] Time: 569ms, Receiver: 49, Sender: 3, RSSI: -80
[P1_RX] Time: 569ms, Receiver: 18, Sender: 3, RSSI: -97
[P1_RX] Time: 569ms, Receiver: 21, Sender: 3, RSSI: -98
[P1_RX] Time: 569ms, Receiver: 17, Sender: 3, RSSI: -100
[P1_RX] Time: 569ms, Receiver: 16, Sender: 3, RSSI: -100
[P1_RX] Time: 569ms, Receiver: 1, Sender: 3, RSSI: -101
[P1_RX] Time: 569ms, Receiver: 15, Sender: 3, RSSI: -102
[P1_RX] Time: 569ms, Receiver: 32, Sender: 3, RSSI: -102
[P1_RX] Time: 569ms, Receiver: 8, Sender: 3, RSSI: -103
[P1_RX] Time: 569ms, Receiver: 43, Sender: 3, RSSI: -104
[P1_RX] Time: 569ms, Receiver: 38, Sender: 3, RSSI: -104
[P1_RX] Time: 569ms, Receiver: 11, Sender: 3, RSSI: -105
[P1_RX] Time: 569ms, Receiver: 4, Sender: 3, RSSI: -106
[P1_RX] Time: 569ms, Receiver: 10, Sender: 3, RSSI: -107
[P1_ATTEMPT] Time: 569ms, Drone: 48
[P1_ATTEMPT] Time: 570ms, Drone: 35
[P1_SUCCESS] Time: 570ms, Drone: 48
[P1_RX] Time: 570ms, Receiver: 13, Sender: 48, RSSI: -93
[P1_RX] Time: 570ms, Receiver: 4, Sender: 48, RSSI: -94
[P1_RX] Time: 570ms, Receiver: 24, Sender: 48, RSSI: -95
[P1_RX] Time: 570ms, Receiver: 2, Sender: 48, RSSI: -98
[P1_RX] Time: 570ms, Receiver: 31, Sender: 48, RSSI: -101
[P1_RX] Time: 570ms, Receiver: 45, Sender: 48, RSSI: -103
[P1_RX] Time: 570ms, Receiver: 14, Sender: 48, RSSI: -105
[P1_RX] Time: 570ms, Receiver: 30, Sender: 48, RSSI: -105
[P1_RX] Time: 570ms, Receiver: 23, Sender: 48, RSSI: -105
[P1_RX] Time: 570ms, Receiver: 42, Sender: 48, RSSI: -105
[P1_RX] Time: 570ms, Receiver: 1, Sender: 48, RSSI: -106
[P1_RX] Time: 570ms, Receiver: 26, Sender: 48, RSSI: -106
[P1_RX] Time: 570ms, Receiver: 0, Sender: 48, RSSI: -106
[P1_RX] Time: 570ms, Receiver: 29, Sender: 48, RSSI: -106
[P1_RX] Time: 570ms, Receiver: 12, Sender: 48, RSSI: -106
[P1_RX] Time: 570ms, Receiver: 32, Sender: 48, RSSI: -106
[P1_RX] Time: 570ms, Receiver: 33, Sender: 48, RSSI: -107
[P1_RX] Time: 570ms, Receiver: 15, Sender: 48, RSSI: -108
[P1_RX] Time: 570ms, Receiver: 20, Sender: 48, RSSI: -108
[P1_RX] Time: 570ms, Receiver: 7, Sender: 48, RSSI: -109
[P1_SUCCESS] Time: 571ms, Drone: 35
[P1_RX] Time: 571ms, Receiver: 5, Sender: 35, RSSI: -75
[P1_RX] Time: 571ms, Receiver: 39, Sender: 35, RSSI: -97
[P1_RX] Time: 571ms, Receiver: 19, Sender: 35, RSSI: -98
[P1_RX] Time: 571ms, Receiver: 40, Sender: 35, RSSI: -99
[P1_RX] Time: 571ms, Receiver: 9, Sender: 35, RSSI: -100
[P1_RX] Time: 571ms, Receiver: 41, Sender: 35, RSSI: -102
[P1_RX] Time: 571ms, Receiver: 36, Sender: 35, RSSI: -102
[P1_RX] Time: 571ms, Receiver: 47, Sender: 35, RSSI: -102
[P1_RX] Time: 571ms, Receiver: 6, Sender: 35, RSSI: -103
[P1_RX] Time: 571ms, Receiver: 22, Sender: 35, RSSI: -104
[P1_RX] Time: 571ms, Receiver: 27, Sender: 35, RSSI: -104
[P1_RX] Time: 571ms, Receiver: 42, Sender: 35, RSSI: -105
[P1_RX] Time: 571ms, Receiver: 0, Sender: 35, RSSI: -107
[P1_RX] Time: 571ms, Receiver: 23, Sender: 35, RSSI: -109
[P1_ATTEMPT] Time: 571ms, Drone: 16
[P1_ATTEMPT] Time: 571ms, Drone: 44
[P1_SUCCESS] Time: 572ms, Drone: 16
[P1_RX] Time: 572ms, Receiver: 1, Sender: 16, RSSI: -89
[P1_RX] Time: 572ms, Receiver: 32, Sender: 16, RSSI: -91
[P1_RX] Time: 572ms, Receiver: 17, Sender: 16, RSSI: -91
[P1_RX] Time: 572ms, Receiver: 18, Sender: 16, RSSI: -94
[P1_RX] Time: 572ms, Receiver: 21, Sender: 16, RSSI: -97
[P1_RX] Time: 572ms, Receiver: 47, Sender: 16, RSSI: -97
[P1_RX] Time: 572ms, Receiver: 15, Sender: 16, RSSI: -100
[P1_RX] Time: 572ms, Receiver: 3, Sender: 16, RSSI: -101
[P1_RX] Time: 572ms, Receiver: 40, Sender: 16, RSSI: -102
[P1_RX] Time: 572ms, Receiver: 49, Sender: 16, RSSI: -102
[P1_RX] Time: 572ms, Receiver: 19, Sender: 16, RSSI: -102
[P1_RX] Time: 572ms, Receiver: 27, Sender: 16, RSSI: -102
[P1_RX] Time: 572ms, Receiver: 43, Sender: 16, RSSI: -103
[P1_RX] Time: 572ms, Receiver: 11, Sender: 16, RSSI: -103
[P1_RX] Time: 572ms, Receiver: 41, Sender: 16, RSSI: -105
[P1_RX] Time: 572ms, Receiver: 38, Sender: 16, RSSI: -105
[P1_RX] Time: 572ms, Receiver: 4, Sender: 16, RSSI: -106
[P1_RX] Time: 572ms, Receiver: 45, Sender: 16, RSSI: -106
[P1_RX] Time: 572ms, Receiver: 31, Sender: 16, RSSI: -108
[P1_RX] Time: 572ms, Receiver: 5, Sender: 16, RSSI: -109
[P1_ATTEMPT] Time: 572ms, Drone: 9
[P1_SUCCESS] Time: 572ms, Drone: 44
[P1_RX] Time: 572ms, Receiver: 28, Sender: 44, RSSI: -99
[P1_RX] Time: 572ms, Receiver: 46, Sender: 44, RSSI: -100
[P1_RX] Time: 572ms, Receiver: 34, Sender: 44, RSSI: -101
[P1_RX] Time: 572ms, Receiver: 20, Sender: 44, RSSI: -103
[P1_ATTEMPT] Time: 572ms, Drone: 15
[P1_ATTEMPT] Time: 573ms, Drone: 34
[P1_SUCCESS] Time: 573ms, Drone: 9
[P1_RX] Time: 573ms, Receiver: 39, Sender: 9, RSSI: -97
[P1_RX] Time: 573ms, Receiver: 35, Sender: 9, RSSI: -100
[P1_RX] Time: 573ms, Receiver: 5, Sender: 9, RSSI: -101
[P1_RX] Time: 573ms, Receiver: 6, Sender: 9, RSSI: -101
[P1_RX] Time: 573ms, Receiver: 22, Sender: 9, RSSI: -103
[P1_RX] Time: 573ms, Receiver: 0, Sender: 9, RSSI: -105
[P1_RX] Time: 573ms, Receiver: 42, Sender: 9, RSSI: -107
[P1_RX] Time: 573ms, Receiver: 36, Sender: 9, RSSI: -107
[P1_RX] Time: 573ms, Receiver: 23, Sender: 9, RSSI: -108
[P1_SUCCESS] Time: 573ms, Drone: 15
[P1_RX] Time: 573ms, Receiver: 43, Sender: 15, RSSI: -93
[P1_RX] Time: 573ms, Receiver: 1, Sender: 15, RSSI: -98
[P1_RX] Time: 573ms, Receiver: 18, Sender: 15, RSSI: -100
[P1_RX] Time: 573ms, Receiver: 16, Sender: 15, RSSI: -100
[P1_RX] Time: 573ms, Receiver: 21, Sender: 15, RSSI: -100
[P1_RX] Time: 573ms, Receiver: 3, Sender: 15, RSSI: -102
[P1_RX] Time: 573ms, Receiver: 17, Sender: 15, RSSI: -102
[P1_RX] Time: 573ms, Receiver: 49, Sender: 15, RSSI: -103
[P1_RX] Time: 573ms, Receiver: 38, Sender: 15, RSSI: -103
[P1_RX] Time: 573ms, Receiver: 33, Sender: 15, RSSI: -103
[P1_RX] Time: 573ms, Receiver: 4, Sender: 15, RSSI: -103
[P1_RX] Time: 573ms, Receiver: 11, Sender: 15, RSSI: -104
[P1_RX] Time: 573ms, Receiver: 10, Sender: 15, RSSI: -106
[P1_RX] Time: 573ms, Receiver: 13, Sender: 15, RSSI: -105
[P1_ATTEMPT] Time: 573ms, Drone: 6
[P1_ATTEMPT] Time: 574ms, Drone: 32
[P1_SUCCESS] Time: 574ms, Drone: 34
[P1_RX] Time: 574ms, Receiver: 28, Sender: 34, RSSI: -78
[P1_RX] Time: 574ms, Receiver: 46, Sender: 34, RSSI: -87
[P1_RX] Time: 574ms, Receiver: 44, Sender: 34, RSSI: -101
[P1_ATTEMPT] Time: 574ms, Drone: 8
[P1_ABORT] Time: 574ms, Drone: 8
[P1_ATTEMPT] Time: 574ms, Drone: 8
[P1_ABORT] Time: 574ms, Drone: 8
[P1_ATTEMPT] Time: 574ms, Drone: 8
[P1_ABORT] Time: 574ms, Drone: 8
[P1_ATTEMPT] Time: 574ms, Drone: 8
[P1_SUCCESS] Time: 574ms, Drone: 6
[P1_RX] Time: 574ms, Receiver: 39, Sender: 6, RSSI: -95
[P1_RX] Time: 574ms, Receiver: 42, Sender: 6, RSSI: -98
[P1_RX] Time: 574ms, Receiver: 0, Sender: 6, RSSI: -98
[P1_RX] Time: 574ms, Receiver: 23, Sender: 6, RSSI: -100
[P1_RX] Time: 574ms, Receiver: 9, Sender: 6, RSSI: -101
[P1_RX] Time: 574ms, Receiver: 26, Sender: 6, RSSI: -101
[P1_RX] Time: 574ms, Receiver: 35, Sender: 6, RSSI: -102
[P1_RX] Time: 574ms, Receiver: 14, Sender: 6, RSSI: -104
[P1_RX] Time: 574ms, Receiver: 2, Sender: 6, RSSI: -102
[P1_RX] Time: 574ms, Receiver: 5, Sender: 6, RSSI: -103
[P1_ABORT] Time: 574ms, Drone: 8
[P1_ATTEMPT] Time: 574ms, Drone: 8
[P1_SUCCESS] Time: 574ms, Drone: 32
[P1_RX] Time: 574ms, Receiver: 1, Sender: 32, RSSI: -82
[P1_RX] Time: 574ms, Receiver: 16, Sender: 32, RSSI: -91
[P1_RX] Time: 574ms, Receiver: 15, Sender: 32, RSSI: -95
[P1_RX] Time: 574ms, Receiver: 18, Sender: 32, RSSI: -99
[P1_RX] Time: 574ms, Receiver: 47, Sender: 32, RSSI: -99
[P1_RX] Time: 574ms, Receiver: 17, Sender: 32, RSSI: -99
[P1_RX] Time: 574ms, Receiver: 27, Sender: 32, RSSI: -100
[P1_RX] Time: 574ms, Receiver: 45, Sender: 32, RSSI: -100
[P1_RX] Time: 574ms, Receiver: 21, Sender: 32, RSSI: -101
[P1_RX] Time: 574ms, Receiver: 43, Sender: 32, RSSI: -101
[P1_RX] Time: 574ms, Receiver: 4, Sender: 32, RSSI: -102
[P1_RX] Time: 574ms, Receiver: 3, Sender: 32, RSSI: -103
[P1_RX] Time: 574ms, Receiver: 49, Sender: 32, RSSI: -103
[P1_RX] Time: 574ms, Receiver: 40, Sender: 32, RSSI: -103
[P1_RX] Time: 574ms, Receiver: 31, Sender: 32, RSSI: -103
[P1_RX] Time: 574ms, Receiver: 13, Sender: 32, RSSI: -104
[P1_RX] Time: 574ms, Receiver: 11, Sender: 32, RSSI: -105
[P1_RX] Time: 574ms, Receiver: 38, Sender: 32, RSSI: -106
[P1_RX] Time: 574ms, Receiver: 48, Sender: 32, RSSI: -105
[P1_RX] Time: 574ms, Receiver: 41, Sender: 32, RSSI: -105
[P1_RX] Time: 574ms, Receiver: 33, Sender: 32, RSSI: -107
[P1_ATTEMPT] Time: 575ms, Drone: 2
[P1_ATTEMPT] Time: 575ms, Drone: 46
[P1_ATTEMPT] Time: 575ms, Drone: 10
[P1_ABORT] Time: 575ms, Drone: 10
[P1_ATTEMPT] Time: 575ms, Drone: 10
[P1_SUCCESS] Time: 575ms, Drone: 8
[P1_RX] Time: 575ms, Receiver: 10, Sender: 8, RSSI: -101
[P1_RX] Time: 575ms, Receiver: 38, Sender: 8, RSSI: -103
[P1_RX] Time: 575ms, Receiver: 3, Sender: 8, RSSI: -103
[P1_RX] Time: 575ms, Receiver: 49, Sender: 8, RSSI: -103
[P1_RX] Time: 575ms, Receiver: 21, Sender: 8, RSSI: -104
[P1_RX] Time: 575ms, Receiver: 18, Sender: 8, RSSI: -105
[P1_RX] Time: 575ms, Receiver: 43, Sender: 8, RSSI: -106
[P1_RX] Time: 575ms, Receiver: 11, Sender: 8, RSSI: -106
[P1_ABORT] Time: 575ms, Drone: 10
[P1_ATTEMPT] Time: 575ms, Drone: 10
[P1_SUCCESS] Time: 575ms, Drone: 2
[P1_RX] Time: 575ms, Receiver: 24, Sender: 2, RSSI: -89
[P1_RX] Time: 575ms, Receiver: 42, Sender: 2, RSSI: -96
[P1_RX] Time: 575ms, Receiver: 13, Sender: 2, RSSI: -97
[P1_RX] Time: 575ms, Receiver: 23, Sender: 2, RSSI: -98
[P1_RX] Time: 575ms, Receiver: 48, Sender: 2, RSSI: -98
[P1_RX] Time: 575ms, Receiver: 0, Sender: 2, RSSI: -98
[P1_RX] Time: 575ms, Receiver: 45, Sender: 2, RSSI: -99
[P1_RX] Time: 575ms, Receiver: 14, Sender: 2, RSSI: -101
[P1_RX] Time: 575ms, Receiver: 26, Sender: 2, RSSI: -101
[P1_RX] Time: 575ms, Receiver: 4, Sender: 2, RSSI: -101
[P1_RX] Time: 575ms, Receiver: 31, Sender: 2, RSSI: -102
[P1_RX] Time: 575ms, Receiver: 19, Sender: 2, RSSI: -102
[P1_RX] Time: 575ms, Receiver: 1, Sender: 2, RSSI: -104
[P1_RX] Time: 575ms, Receiver: 6, Sender: 2, RSSI: -105
[P1_RX] Time: 575ms, Receiver: 32, Sender: 2, RSSI: -104
[P1_RX] Time: 575ms, Receiver: 30, Sender: 2, RSSI: -106
[P1_RX] Time: 575ms, Receiver: 27, Sender: 2, RSSI: -105
[P1_RX] Time: 575ms, Receiver: 47, Sender: 2, RSSI: -106
[P1_RX] Time: 575ms, Receiver: 40, Sender: 2, RSSI: -107
[P1_RX] Time: 575ms, Receiver: 16, Sender: 2, RSSI: -106
[P1_RX] Time: 575ms, Receiver: 5, Sender: 2, RSSI: -108
[P1_ABORT] Time: 576ms, Drone: 10
[P1_ATTEMPT] Time: 576ms, Drone: 10
[P1_ABORT] Time: 576ms, Drone: 10
[P1_ATTEMPT] Time: 576ms, Drone: 10
[P1_ABORT] Time: 576ms, Drone: 10
[P1_ATTEMPT] Time: 576ms, Drone: 10
[P1_ABORT] Time: 576ms, Drone: 10
[P1_ATTEMPT] Time: 576ms, Drone: 10
[P1_ATTEMPT] Time: 576ms, Drone: 1
[P1_SUCCESS] Time: 576ms, Drone: 46
[P1_RX] Time: 576ms, Receiver: 28, Sender: 46, RSSI: -82
[P1_RX] Time: 576ms, Receiver: 34, Sender: 46, RSSI: -87
[P1_RX] Time: 576ms, Receiver: 44, Sender: 46, RSSI: -100
[P1_RX] Time: 576ms, Receiver: 37, Sender: 46, RSSI: -105
[P1_RX] Time: 576ms, Receiver: 25, Sender: 46, RSSI: -106
[P1_RX] Time: 576ms, Receiver: 20, Sender: 46, RSSI: -107
[P1_SUCCESS] Time: 577ms, Drone: 10
[P1_RX] Time: 577ms, Receiver: 38, Sender: 10, RSSI: -98
[P1_RX] Time: 577ms, Receiver: 8, Sender: 10, RSSI: -101
[P1_RX] Time: 577ms, Receiver: 43, Sender: 10, RSSI: -100
[P1_SUCCESS] Time: 577ms, Drone: 1
[P1_RX] Time: 577ms, Receiver: 32, Sender: 1, RSSI: -82
[P1_RX] Time: 577ms, Receiver: 16, Sender: 1, RSSI: -89
[P1_RX] Time: 577ms, Receiver: 15, Sender: 1, RSSI: -98
[P1_RX] Time: 577ms, Receiver: 17, Sender: 1, RSSI: -99
[P1_RX] Time: 577ms, Receiver: 18, Sender: 1, RSSI: -99
[P1_RX] Time: 577ms, Receiver: 47, Sender: 1, RSSI: -99
[P1_RX] Time: 577ms, Receiver: 4, Sender: 1, RSSI: -101
[P1_RX] Time: 577ms, Receiver: 21, Sender: 1, RSSI: -100
[P1_RX] Time: 577ms, Receiver: 19, Sender: 1, RSSI: -101
[P1_RX] Time: 577ms, Receiver: 3, Sender: 1, RSSI: -101
[P1_RX] Time: 577ms, Receiver: 49, Sender: 1, RSSI: -101
[P1_RX] Time: 577ms, Receiver: 45, Sender: 1, RSSI: -102
[P1_RX] Time: 577ms, Receiver: 27, Sender: 1, RSSI: -102
[P1_RX] Time: 577ms, Receiver: 40, Sender: 1, RSSI: -103
[P1_RX] Time: 577ms, Receiver: 2, Sender: 1, RSSI: -104
[P1_RX] Time: 577ms, Receiver: 13, Sender: 1, RSSI: -105
[P1_RX] Time: 577ms, Receiver: 31, Sender: 1, RSSI: -105
[P1_RX] Time: 577ms, Receiver: 48, Sender: 1, RSSI: -105
[P1_RX] Time: 577ms, Receiver: 41, Sender: 1, RSSI: -106
[P1_RX] Time: 577ms, Receiver: 24, Sender: 1, RSSI: -107
[P1_RX] Time: 577ms, Receiver: 42, Sender: 1, RSSI: -108
[P1_RX] Time: 577ms, Receiver: 35, Sender: 1, RSSI: -109
[P1_RX] Time: 577ms, Receiver: 5, Sender: 1, RSSI: -109
[P1_ATTEMPT] Time: 577ms, Drone: 12
[P1_ATTEMPT] Time: 577ms, Drone: 47
[P1_SUCCESS] Time: 578ms, Drone: 12
[P1_RX] Time: 578ms, Receiver: 30, Sender: 12, RSSI: -98
[P1_RX] Time: 578ms, Receiver: 7, Sender: 12, RSSI: -103
[P1_RX] Time: 578ms, Receiver: 14, Sender: 12, RSSI: -105
[P1_RX] Time: 578ms, Receiver: 48, Sender: 12, RSSI: -105
[P1_RX] Time: 578ms, Receiver: 31, Sender: 12, RSSI: -105
[P1_ATTEMPT] Time: 578ms, Drone: 21
[P1_SUCCESS] Time: 578ms, Drone: 47
[P1_RX] Time: 578ms, Receiver: 40, Sender: 47, RSSI: -91
[P1_RX] Time: 578ms, Receiver: 19, Sender: 47, RSSI: -92
[P1_RX] Time: 578ms, Receiver: 27, Sender: 47, RSSI: -95
[P1_RX] Time: 578ms, Receiver: 41, Sender: 47, RSSI: -97
[P1_RX] Time: 578ms, Receiver: 16, Sender: 47, RSSI: -97
[P1_RX] Time: 578ms, Receiver: 32, Sender: 47, RSSI: -99
[P1_RX] Time: 578ms, Receiver: 1, Sender: 47, RSSI: -99
[P1_RX] Time: 578ms, Receiver: 17, Sender: 47, RSSI: -101
[P1_RX] Time: 578ms, Receiver: 5, Sender: 47, RSSI: -102
[P1_RX] Time: 578ms, Receiver: 35, Sender: 47, RSSI: -102
[P1_RX] Time: 578ms, Receiver: 18, Sender: 47, RSSI: -103
[P1_RX] Time: 578ms, Receiver: 21, Sender: 47, RSSI: -105
[P1_RX] Time: 578ms, Receiver: 45, Sender: 47, RSSI: -104
[P1_RX] Time: 578ms, Receiver: 15, Sender: 47, RSSI: -105
[P1_RX] Time: 578ms, Receiver: 2, Sender: 47, RSSI: -104
[P1_RX] Time: 578ms, Receiver: 11, Sender: 47, RSSI: -106
[P1_RX] Time: 578ms, Receiver: 43, Sender: 47, RSSI: -106
[P1_RX] Time: 578ms, Receiver: 9, Sender: 47, RSSI: -107
[P1_RX] Time: 578ms, Receiver: 42, Sender: 47, RSSI: -106
[P1_RX] Time: 578ms, Receiver: 39, Sender: 47, RSSI: -107
[P1_RX] Time: 578ms, Receiver: 3, Sender: 47, RSSI: -108
[P1_RX] Time: 578ms, Receiver: 22, Sender: 47, RSSI: -108
[P1_RX] Time: 578ms, Receiver: 0, Sender: 47, RSSI: -106
[P1_ABORT] Time: 578ms, Drone: 21
[P1_ATTEMPT] Time: 578ms, Drone: 21
[P1_ATTEMPT] Time: 578ms, Drone: 25
[P1_ATTEMPT] Time: 579ms, Drone: 43
[P1_ABORT] Time: 579ms, Drone: 43
[P1_ATTEMPT] Time: 579ms, Drone: 43
[P1_SUCCESS] Time: 579ms, Drone: 21
[P1_RX] Time: 579ms, Receiver: 18, Sender: 21, RSSI: -78
[P1_RX] Time: 579ms, Receiver: 17, Sender: 21, RSSI: -91
[P1_RX] Time: 579ms, Receiver: 11, Sender: 21, RSSI: -96
[P1_RX] Time: 579ms, Receiver: 16, Sender: 21, RSSI: -97
[P1_RX] Time: 579ms, Receiver: 38, Sender: 21, RSSI: -97
[P1_RX] Time: 579ms, Receiver: 3, Sender: 21, RSSI: -97
[P1_RX] Time: 579ms, Receiver: 43, Sender: 21, RSSI: -99
[P1_RX] Time: 579ms, Receiver: 49, Sender: 21, RSSI: -100
[P1_RX] Time: 579ms, Receiver: 15, Sender: 21, RSSI: -100
[P1_RX] Time: 579ms, Receiver: 32, Sender: 21, RSSI: -101
[P1_RX] Time: 579ms, Receiver: 1, Sender: 21, RSSI: -101
[P1_RX] Time: 579ms, Receiver: 8, Sender: 21, RSSI: -104
[P1_RX] Time: 579ms, Receiver: 47, Sender: 21, RSSI: -105
[P1_RX] Time: 579ms, Receiver: 10, Sender: 21, RSSI: -105
[P1_RX] Time: 579ms, Receiver: 27, Sender: 21, RSSI: -106
[P1_SUCCESS] Time: 579ms, Drone: 25
[P1_RX] Time: 579ms, Receiver: 29, Sender: 25, RSSI: -93
[P1_RX] Time: 579ms, Receiver: 37, Sender: 25, RSSI: -95
[P1_RX] Time: 579ms, Receiver: 33, Sender: 25, RSSI: -98
[P1_RX] Time: 579ms, Receiver: 34, Sender: 25, RSSI: -103
[P1_RX] Time: 579ms, Receiver: 20, Sender: 25, RSSI: -104
[P1_RX] Time: 579ms, Receiver: 28, Sender: 25, RSSI: -104
[P1_RX] Time: 579ms, Receiver: 46, Sender: 25, RSSI: -106
[P1_RX] Time: 579ms, Receiver: 4, Sender: 25, RSSI: -105
[P1_RX] Time: 579ms, Receiver: 12, Sender: 25, RSSI: -109
[P1_ABORT] Time: 579ms, Drone: 43
[P1_ATTEMPT] Time: 579ms, Drone: 43
[P1_SUCCESS] Time: 580ms, Drone: 43
[P1_RX] Time: 580ms, Receiver: 15, Sender: 43, RSSI: -93
[P1_RX] Time: 580ms, Receiver: 38, Sender: 43, RSSI: -96
[P1_RX] Time: 580ms, Receiver: 21, Sender: 43, RSSI: -99
[P1_RX] Time: 580ms, Receiver: 18, Sender: 43, RSSI: -99
[P1_RX] Time: 580ms, Receiver: 11, Sender: 43, RSSI: -100
[P1_RX] Time: 580ms, Receiver: 32, Sender: 43, RSSI: -101
[P1_RX] Time: 580ms, Receiver: 10, Sender: 43, RSSI: -102
[P1_RX] Time: 580ms, Receiver: 17, Sender: 43, RSSI: -103
[P1_RX] Time: 580ms, Receiver: 16, Sender: 43, RSSI: -103
[P1_RX] Time: 580ms, Receiver: 1, Sender: 43, RSSI: -103
[P1_RX] Time: 580ms, Receiver: 3, Sender: 43, RSSI: -104
[P1_RX] Time: 580ms, Receiver: 49, Sender: 43, RSSI: -105
[P1_RX] Time: 580ms, Receiver: 27, Sender: 43, RSSI: -106
[P1_RX] Time: 580ms, Receiver: 33, Sender: 43, RSSI: -107
[P1_RX] Time: 580ms, Receiver: 47, Sender: 43, RSSI: -107
[P1_RX] Time: 580ms, Receiver: 45, Sender: 43, RSSI: -107
[P1_RX] Time: 580ms, Receiver: 8, Sender: 43, RSSI: -107
[P1_RX] Time: 580ms, Receiver: 37, Sender: 43, RSSI: -108
[P1_RX] Time: 580ms, Receiver: 31, Sender: 43, RSSI: -108
[P1_RX] Time: 580ms, Receiver: 4, Sender: 43, RSSI: -108
[P1_RX] Time: 580ms, Receiver: 40, Sender: 43, RSSI: -110
[P1_ATTEMPT] Time: 580ms, Drone: 11
[P1_ATTEMPT] Time: 581ms, Drone: 24
[P1_ATTEMPT] Time: 581ms, Drone: 38
[P1_ABORT] Time: 581ms, Drone: 38
[P1_ATTEMPT] Time: 581ms, Drone: 38
[P1_ABORT] Time: 581ms, Drone: 38
[P1_ATTEMPT] Time: 581ms, Drone: 38
[P1_ABORT] Time: 581ms, Drone: 38
[P1_ATTEMPT] Time: 581ms, Drone: 38
[P1_SUCCESS] Time: 581ms, Drone: 11
[P1_RX] Time: 581ms, Receiver: 38, Sender: 11, RSSI: -94
[P1_RX] Time: 581ms, Receiver: 21, Sender: 11, RSSI: -96
[P1_RX] Time: 581ms, Receiver: 18, Sender: 11, RSSI: -98
[P1_RX] Time: 581ms, Receiver: 17, Sender: 11, RSSI: -99
[P1_RX] Time: 581ms, Receiver: 43, Sender: 11, RSSI: -100
[P1_RX] Time: 581ms, Receiver: 16, Sender: 11, RSSI: -103
[P1_RX] Time: 581ms, Receiver: 15, Sender: 11, RSSI: -104
[P1_RX] Time: 581ms, Receiver: 10, Sender: 11, RSSI: -106
[P1_RX] Time: 581ms, Receiver: 3, Sender: 11, RSSI: -106
[P1_RX] Time: 581ms, Receiver: 47, Sender: 11, RSSI: -106
[P1_RX] Time: 581ms, Receiver: 8, Sender: 11, RSSI: -107
[P1_RX] Time: 581ms, Receiver: 41, Sender: 11, RSSI: -107
[P1_ABORT] Time: 581ms, Drone: 38
[P1_ATTEMPT] Time: 581ms, Drone: 38
[P1_SUCCESS] Time: 581ms, Drone: 24
[P1_RX] Time: 581ms, Receiver: 2, Sender: 24, RSSI: -89
[P1_RX] Time: 581ms, Receiver: 48, Sender: 24, RSSI: -95
[P1_RX] Time: 581ms, Receiver: 13, Sender: 24, RSSI: -98
[P1_RX] Time: 581ms, Receiver: 42, Sender: 24, RSSI: -98
[P1_RX] Time: 581ms, Receiver: 23, Sender: 24, RSSI: -98
[P1_RX] Time: 581ms, Receiver: 26, Sender: 24, RSSI: -99
[P1_RX] Time: 581ms, Receiver: 14, Sender: 24, RSSI: -99
[P1_RX] Time: 581ms, Receiver: 0, Sender: 24, RSSI: -101
[P1_RX] Time: 581ms, Receiver: 4, Sender: 24, RSSI: -102
[P1_RX] Time: 581ms, Receiver: 30, Sender: 24, RSSI: -103
[P1_RX] Time: 581ms, Receiver: 31, Sender: 24, RSSI: -103
[P1_RX] Time: 581ms, Receiver: 7, Sender: 24, RSSI: -107
[P1_RX] Time: 581ms, Receiver: 12, Sender: 24, RSSI: -107
[P1_ATTEMPT] Time: 582ms, Drone: 0
[P1_ATTEMPT] Time: 582ms, Drone: 31
[P1_ABORT] Time: 582ms, Drone: 31
[P1_ATTEMPT] Time: 582ms, Drone: 31
[P1_ABORT] Time: 582ms, Drone: 31
[P1_ATTEMPT] Time: 582ms, Drone: 31
[P1_SUCCESS] Time: 582ms, Drone: 38
[P1_RX] Time: 582ms, Receiver: 11, Sender: 38, RSSI: -94
[P1_RX] Time: 582ms, Receiver: 43, Sender: 38, RSSI: -96
[P1_RX] Time: 582ms, Receiver: 21, Sender: 38, RSSI: -97
[P1_RX] Time: 582ms, Receiver: 10, Sender: 38, RSSI: -99
[P1_RX] Time: 582ms, Receiver: 18, Sender: 38, RSSI: -100
[P1_RX] Time: 582ms, Receiver: 17, Sender: 38, RSSI: -103
[P1_RX] Time: 582ms, Receiver: 15, Sender: 38, RSSI: -103
[P1_RX] Time: 582ms, Receiver: 8, Sender: 38, RSSI: -103
[P1_RX] Time: 582ms, Receiver: 3, Sender: 38, RSSI: -104
[P1_RX] Time: 582ms, Receiver: 16, Sender: 38, RSSI: -105
[P1_RX] Time: 582ms, Receiver: 49, Sender: 38, RSSI: -106
[P1_RX] Time: 582ms, Receiver: 32, Sender: 38, RSSI: -106
[P1_RX] Time: 582ms, Receiver: 1, Sender: 38, RSSI: -107
[P1_ABORT] Time: 582ms, Drone: 31
[P1_ATTEMPT] Time: 582ms, Drone: 31
[P1_ATTEMPT] Time: 582ms, Drone: 36
[P1_ABORT] Time: 582ms, Drone: 31
[P1_ATTEMPT] Time: 582ms, Drone: 31
[P1_ABORT] Time: 582ms, Drone: 31
[P1_ATTEMPT] Time: 582ms, Drone: 31
[P1_SUCCESS] Time: 582ms, Drone: 0
[P1_RX] Time: 582ms, Receiver: 23, Sender: 0, RSSI: -89
[P1_RX] Time: 582ms, Receiver: 14, Sender: 0, RSSI: -97
[P1_RX] Time: 582ms, Receiver: 42, Sender: 0, RSSI: -98
[P1_RX] Time: 582ms, Receiver: 2, Sender: 0, RSSI: -98
[P1_RX] Time: 582ms, Receiver: 6, Sender: 0, RSSI: -99
[P1_RX] Time: 582ms, Receiver: 24, Sender: 0, RSSI: -101
[P1_RX] Time: 582ms, Receiver: 26, Sender: 0, RSSI: -102
[P1_RX] Time: 582ms, Receiver: 45, Sender: 0, RSSI: -102
[P1_RX] Time: 582ms, Receiver: 13, Sender: 0, RSSI: -103
[P1_RX] Time: 582ms, Receiver: 31, Sender: 0, RSSI: -104
[P1_RX] Time: 582ms, Receiver: 9, Sender: 0, RSSI: -105
[P1_RX] Time: 582ms, Receiver: 39, Sender: 0, RSSI: -105
[P1_RX] Time: 582ms, Receiver: 30, Sender: 0, RSSI: -105
[P1_RX] Time: 582ms, Receiver: 19, Sender: 0, RSSI: -105
[P1_RX] Time: 582ms, Receiver: 48, Sender: 0, RSSI: -105
[P1_RX] Time: 582ms, Receiver: 35, Sender: 0, RSSI: -107
[P1_RX] Time: 582ms, Receiver: 7, Sender: 0, RSSI: -108
[P1_RX] Time: 582ms, Receiver: 5, Sender: 0, RSSI: -107
[P1_RX] Time: 582ms, Receiver: 4, Sender: 0, RSSI: -107
[P1_ABORT] Time: 583ms, Drone: 31
[P1_ATTEMPT] Time: 583ms, Drone: 31
[P1_ATTEMPT] Time: 583ms, Drone: 23
[P1_ATTEMPT] Time: 583ms, Drone: 13
[P1_ATTEMPT] Time: 583ms, Drone: 27
[P1_ABORT] Time: 583ms, Drone: 27
[P1_ATTEMPT] Time: 583ms, Drone: 27
[P1_ATTEMPT] Time: 583ms, Drone: 20
[P1_ABORT] Time: 583ms, Drone: 27
[P1_ATTEMPT] Time: 583ms, Drone: 27
[P1_ATTEMPT] Time: 583ms, Drone: 19
[P1_ABORT] Time: 583ms, Drone: 20
[P1_ATTEMPT] Time: 583ms, Drone: 20
[P1_ABORT] Time: 583ms, Drone: 27
[P1_ATTEMPT] Time: 583ms, Drone: 27
[P1_ABORT] Time: 583ms, Drone: 19
[P1_ATTEMPT] Time: 583ms, Drone: 19
[P1_SUCCESS] Time: 583ms, Drone: 36
[P1_RX] Time: 583ms, Receiver: 22, Sender: 36, RSSI: -100
[P1_RX] Time: 583ms, Receiver: 5, Sender: 36, RSSI: -100
[P1_RX] Time: 583ms, Receiver: 41, Sender: 36, RSSI: -101
[P1_RX] Time: 583ms, Receiver: 35, Sender: 36, RSSI: -102
[P1_RX] Time: 583ms, Receiver: 40, Sender: 36, RSSI: -104
[P1_ABORT] Time: 583ms, Drone: 20
[P1_ATTEMPT] Time: 583ms, Drone: 20
[P1_ABORT] Time: 583ms, Drone: 27
[P1_ATTEMPT] Time: 583ms, Drone: 27
[P1_ABORT] Time: 583ms, Drone: 19
[P1_ATTEMPT] Time: 583ms, Drone: 19
[P1_ABORT] Time: 583ms, Drone: 20
[P1_ATTEMPT] Time: 583ms, Drone: 20
[P1_ABORT] Time: 583ms, Drone: 27
[P1_ATTEMPT] Time: 583ms, Drone: 27
[P1_ABORT] Time: 583ms, Drone: 19
[P1_ATTEMPT] Time: 583ms, Drone: 19
[P1_ABORT] Time: 583ms, Drone: 20
[P1_ATTEMPT] Time: 583ms, Drone: 20
[P1_SUCCESS] Time: 583ms, Drone: 31
[P1_RX] Time: 583ms, Receiver: 45, Sender: 31, RSSI: -90
[P1_RX] Time: 583ms, Receiver: 33, Sender: 31, RSSI: -102
[P1_RX] Time: 583ms, Receiver: 32, Sender: 31, RSSI: -103
[P1_RX] Time: 583ms, Receiver: 15, Sender: 31, RSSI: -104
[P1_RX] Time: 583ms, Receiver: 29, Sender: 31, RSSI: -104
[P1_ABORT] Time: 584ms, Drone: 27
[P1_ABORT] Time: 584ms, Drone: 19
[P1_SUCCESS] Time: 584ms, Drone: 23
[P1_SUCCESS] Time: 584ms, Drone: 13
[P1_SUCCESS] Time: 584ms, Drone: 20
[P1_RX] Time: 584ms, Receiver: 29, Sender: 20, RSSI: -103
[P1_RX] Time: 584ms, Receiver: 44, Sender: 20, RSSI: -103
[P1_RX] Time: 584ms, Receiver: 37, Sender: 20, RSSI: -103
[P1_RX] Time: 584ms, Receiver: 25, Sender: 20, RSSI: -104
[P1_RX] Time: 584ms, Receiver: 34, Sender: 20, RSSI: -105
[P1_RX] Time: 584ms, Receiver: 28, Sender: 20, RSSI: -105
[P1_RX] Time: 584ms, Receiver: 33, Sender: 20, RSSI: -105
[P1_RX] Time: 584ms, Receiver: 4, Sender: 20, RSSI: -106
[P1_RX] Time: 584ms, Receiver: 49, Sender: 20, RSSI: -107
[P1_ATTEMPT] Time: 612ms, Drone: 33
[P1_ATTEMPT] Time: 612ms, Drone: 28
[P1_ABORT] Time: 613ms, Drone: 28
[P1_ATTEMPT] Time: 613ms, Drone: 28
[P1_ATTEMPT] Time: 613ms, Drone: 40
[P1_ABORT] Time: 613ms, Drone: 28
[P1_ATTEMPT] Time: 613ms, Drone: 28
[P1_ABORT] Time: 613ms, Drone: 28
[P1_ATTEMPT] Time: 613ms, Drone: 28
[P1_SUCCESS] Time: 613ms, Drone: 33
[P1_RX] Time: 613ms, Receiver: 29, Sender: 33, RSSI: -89
[P1_RX] Time: 613ms, Receiver: 37, Sender: 33, RSSI: -90
[P1_RX] Time: 613ms, Receiver: 25, Sender: 33, RSSI: -99
[P1_RX] Time: 613ms, Receiver: 31, Sender: 33, RSSI: -102
[P1_RX] Time: 613ms, Receiver: 4, Sender: 33, RSSI: -103
[P1_RX] Time: 613ms, Receiver: 15, Sender: 33, RSSI: -103
[P1_RX] Time: 613ms, Receiver: 13, Sender: 33, RSSI: -104
[P1_RX] Time: 613ms, Receiver: 45, Sender: 33, RSSI: -105
[P1_RX] Time: 613ms, Receiver: 20, Sender: 33, RSSI: -105
[P1_RX] Time: 613ms, Receiver: 34, Sender: 33, RSSI: -107
[P1_RX] Time: 613ms, Receiver: 48, Sender: 33, RSSI: -107
[P1_RX] Time: 613ms, Receiver: 43, Sender: 33, RSSI: -107
[P1_RX] Time: 613ms, Receiver: 32, Sender: 33, RSSI: -107
[P1_RX] Time: 613ms, Receiver: 28, Sender: 33, RSSI: -107
[P1_RX] Time: 613ms, Receiver: 1, Sender: 33, RSSI: -108
[P1_RX] Time: 613ms, Receiver: 46, Sender: 33, RSSI: -109
[P1_ATTEMPT] Time: 613ms, Drone: 23
[P1_ATTEMPT] Time: 613ms, Drone: 17
[P1_ABORT] Time: 613ms, Drone: 23
[P1_ATTEMPT] Time: 613ms, Drone: 23
[P1_ABORT] Time: 613ms, Drone: 17
[P1_ATTEMPT] Time: 613ms, Drone: 17
[P1_ABORT] Time: 613ms, Drone: 23
[P1_ATTEMPT] Time: 613ms, Drone: 23
[P1_ABORT] Time: 613ms, Drone: 17
[P1_ATTEMPT] Time: 613ms, Drone: 17
[P1_SUCCESS] Time: 614ms, Drone: 40
[P1_RX] Time: 614ms, Receiver: 47, Sender: 40, RSSI: -91
[P1_RX] Time: 614ms, Receiver: 19, Sender: 40, RSSI: -92
[P1_RX] Time: 614ms, Receiver: 41, Sender: 40, RSSI: -95
[P1_RX] Time: 614ms, Receiver: 5, Sender: 40, RSSI: -98
[P1_RX] Time: 614ms, Receiver: 35, Sender: 40, RSSI: -99
[P1_RX] Time: 614ms, Receiver: 27, Sender: 40, RSSI: -101
[P1_RX] Time: 614ms, Receiver: 16, Sender: 40, RSSI: -102
[P1_RX] Time: 614ms, Receiver: 1, Sender: 40, RSSI: -103
[P1_RX] Time: 614ms, Receiver: 17, Sender: 40, RSSI: -104
[P1_RX] Time: 614ms, Receiver: 32, Sender: 40, RSSI: -104
[P1_RX] Time: 614ms, Receiver: 36, Sender: 40, RSSI: -104
[P1_RX] Time: 614ms, Receiver: 18, Sender: 40, RSSI: -106
[P1_RX] Time: 614ms, Receiver: 39, Sender: 40, RSSI: -106
[P1_RX] Time: 614ms, Receiver: 42, Sender: 40, RSSI: -107
[P1_RX] Time: 614ms, Receiver: 2, Sender: 40, RSSI: -107
[P1_RX] Time: 614ms, Receiver: 22, Sender: 40, RSSI: -107
[P1_RX] Time: 614ms, Receiver: 21, Sender: 40, RSSI: -107
[P1_RX] Time: 614ms, Receiver: 11, Sender: 40, RSSI: -109
[P1_ABORT] Time: 614ms, Drone: 17
[P1_ATTEMPT] Time: 614ms, Drone: 17
[P1_SUCCESS] Time: 614ms, Drone: 28
[P1_RX] Time: 614ms, Receiver: 34, Sender: 28, RSSI: -78
[P1_RX] Time: 614ms, Receiver: 46, Sender: 28, RSSI: -82
[P1_RX] Time: 614ms, Receiver: 44, Sender: 28, RSSI: -99
[P1_RX] Time: 614ms, Receiver: 37, Sender: 28, RSSI: -103
[P1_RX] Time: 614ms, Receiver: 25, Sender: 28, RSSI: -104
[P1_RX] Time: 614ms, Receiver: 20, Sender: 28, RSSI: -105
[P1_RX] Time: 614ms, Receiver: 29, Sender: 28, RSSI: -106
[P1_RX] Time: 614ms, Receiver: 33, Sender: 28, RSSI: -107
[P1_ATTEMPT] Time: 614ms, Drone: 32
[P1_ABORT] Time: 614ms, Drone: 32
[P1_ATTEMPT] Time: 614ms, Drone: 32
[P1_ABORT] Time: 614ms, Drone: 32
[P1_ATTEMPT] Time: 614ms, Drone: 32
[P1_ABORT] Time: 614ms, Drone: 32
[P1_ATTEMPT] Time: 614ms, Drone: 32
[P1_SUCCESS] Time: 614ms, Drone: 23
[P1_RX] Time: 614ms, Receiver: 14, Sender: 23, RSSI: -89
[P1_RX] Time: 614ms, Receiver: 0, Sender: 23, RSSI: -89
[P1_RX] Time: 614ms, Receiver: 26, Sender: 23, RSSI: -97
[P1_RX] Time: 614ms, Receiver: 42, Sender: 23, RSSI: -97
[P1_RX] Time: 614ms, Receiver: 2, Sender: 23, RSSI: -98
[P1_RX] Time: 614ms, Receiver: 24, Sender: 23, RSSI: -98
[P1_RX] Time: 614ms, Receiver: 6, Sender: 23, RSSI: -100
[P1_RX] Time: 614ms, Receiver: 30, Sender: 23, RSSI: -102
[P1_RX] Time: 614ms, Receiver: 13, Sender: 23, RSSI: -103
[P1_RX] Time: 614ms, Receiver: 45, Sender: 23, RSSI: -105
[P1_RX] Time: 614ms, Receiver: 48, Sender: 23, RSSI: -105
[P1_RX] Time: 614ms, Receiver: 7, Sender: 23, RSSI: -105
[P1_RX] Time: 614ms, Receiver: 31, Sender: 23, RSSI: -106
[P1_RX] Time: 614ms, Receiver: 39, Sender: 23, RSSI: -107
[P1_RX] Time: 614ms, Receiver: 9, Sender: 23, RSSI: -108
[P1_RX] Time: 614ms, Receiver: 12, Sender: 23, RSSI: -108
[P1_ABORT] Time: 614ms, Drone: 32
[P1_ATTEMPT] Time: 614ms, Drone: 32
[P1_ABORT] Time: 615ms, Drone: 32
[P1_ATTEMPT] Time: 615ms, Drone: 32
[P1_SUCCESS] Time: 615ms, Drone: 17
[P1_RX] Time: 615ms, Receiver: 18, Sender: 17, RSSI: -86
[P1_RX] Time: 615ms, Receiver: 21, Sender: 17, RSSI: -91
[P1_RX] Time: 615ms, Receiver: 16, Sender: 17, RSSI: -91
[P1_RX] Time: 615ms, Receiver: 11, Sender: 17, RSSI: -99
[P1_RX] Time: 615ms, Receiver: 3, Sender: 17, RSSI: -100
[P1_RX] Time: 615ms, Receiver: 49, Sender: 17, RSSI: -102
[P1_RX] Time: 615ms, Receiver: 15, Sender: 17, RSSI: -102
[P1_RX] Time: 615ms, Receiver: 43, Sender: 17, RSSI: -102
[P1_RX] Time: 615ms, Receiver: 38, Sender: 17, RSSI: -103
[P1_RX] Time: 615ms, Receiver: 41, Sender: 17, RSSI: -104
[P1_ATTEMPT] Time: 615ms, Drone: 39
[P1_ATTEMPT] Time: 615ms, Drone: 47
[P1_ABORT] Time: 615ms, Drone: 32
[P1_ATTEMPT] Time: 615ms, Drone: 32
[P1_ATTEMPT] Time: 615ms, Drone: 13
[P1_ABORT] Time: 615ms, Drone: 13
[P1_ATTEMPT] Time: 615ms, Drone: 13
[P1_ABORT] Time: 615ms, Drone: 13
[P1_ATTEMPT] Time: 615ms, Drone: 13
[P1_ABORT] Time: 615ms, Drone: 13
[P1_ATTEMPT] Time: 615ms, Drone: 13
[P1_ATTEMPT] Time: 615ms, Drone: 5
[P1_ABORT] Time: 615ms, Drone: 13
[P1_ATTEMPT] Time: 615ms, Drone: 13
[P1_ABORT] Time: 615ms, Drone: 5
[P1_ATTEMPT] Time: 615ms, Drone: 5
[P1_SUCCESS] Time: 615ms, Drone: 39
[P1_RX] Time: 615ms, Receiver: 6, Sender: 39, RSSI: -95
[P1_RX] Time: 615ms, Receiver: 35, Sender: 39, RSSI: -95
[P1_RX] Time: 615ms, Receiver: 9, Sender: 39, RSSI: -97
[P1_RX] Time: 615ms, Receiver: 5, Sender: 39, RSSI: -97
[P1_RX] Time: 615ms, Receiver: 42, Sender: 39, RSSI: -101
[P1_RX] Time: 615ms, Receiver: 26, Sender: 39, RSSI: -105
[P1_ATTEMPT] Time: 615ms, Drone: 4
[P1_SUCCESS] Time: 615ms, Drone: 47
[P1_RX] Time: 615ms, Receiver: 40, Sender: 47, RSSI: -90
[P1_RX] Time: 615ms, Receiver: 19, Sender: 47, RSSI: -92
[P1_RX] Time: 615ms, Receiver: 27, Sender: 47, RSSI: -94
[P1_RX] Time: 615ms, Receiver: 41, Sender: 47, RSSI: -96
[P1_RX] Time: 615ms, Receiver: 17, Sender: 47, RSSI: -97
[P1_ABORT] Time: 616ms, Drone: 13
[P1_ATTEMPT] Time: 616ms, Drone: 13
[P1_ABORT] Time: 616ms, Drone: 5
[P1_ATTEMPT] Time: 616ms, Drone: 5
[P1_SUCCESS] Time: 616ms, Drone: 32
[P1_RX] Time: 616ms, Receiver: 1, Sender: 32, RSSI: -82
[P1_RX] Time: 616ms, Receiver: 16, Sender: 32, RSSI: -90
[P1_RX] Time: 616ms, Receiver: 15, Sender: 32, RSSI: -95
[P1_RX] Time: 616ms, Receiver: 18, Sender: 32, RSSI: -98
[P1_RX] Time: 616ms, Receiver: 45, Sender: 32, RSSI: -99
[P1_RX] Time: 616ms, Receiver: 21, Sender: 32, RSSI: -99
[P1_RX] Time: 616ms, Receiver: 43, Sender: 32, RSSI: -100
[P1_RX] Time: 616ms, Receiver: 4, Sender: 32, RSSI: -101
[P1_RX] Time: 616ms, Receiver: 3, Sender: 32, RSSI: -102
[P1_RX] Time: 616ms, Receiver: 49, Sender: 32, RSSI: -102
[P1_RX] Time: 616ms, Receiver: 31, Sender: 32, RSSI: -102
[P1_RX] Time: 616ms, Receiver: 13, Sender: 32, RSSI: -103
[P1_RX] Time: 616ms, Receiver: 38, Sender: 32, RSSI: -104
[P1_RX] Time: 616ms, Receiver: 48, Sender: 32, RSSI: -104
[P1_RX] Time: 616ms, Receiver: 33, Sender: 32, RSSI: -106
[P1_RX] Time: 616ms, Receiver: 24, Sender: 32, RSSI: -104
[P1_ABORT] Time: 616ms, Drone: 4
[P1_ATTEMPT] Time: 616ms, Drone: 4
[P1_ABORT] Time: 616ms, Drone: 13
[P1_ATTEMPT] Time: 616ms, Drone: 13
[P1_ATTEMPT] Time: 616ms, Drone: 2
[P1_ABORT] Time: 616ms, Drone: 2
[P1_ATTEMPT] Time: 616ms, Drone: 2
[P1_ATTEMPT] Time: 616ms, Drone: 31
[P1_ABORT] Time: 616ms, Drone: 2
[P1_ATTEMPT] Time: 616ms, Drone: 2
[P1_ATTEMPT] Time: 616ms, Drone: 19
[P1_ABORT] Time: 616ms, Drone: 31
[P1_ATTEMPT] Time: 616ms, Drone: 31
[P1_ABORT] Time: 616ms, Drone: 2
[P1_ATTEMPT] Time: 616ms, Drone: 2
[P1_ABORT] Time: 616ms, Drone: 19
[P1_ATTEMPT] Time: 616ms, Drone: 19
[P1_ABORT] Time: 616ms, Drone: 31
[P1_ATTEMPT] Time: 616ms, Drone: 31
[P1_ABORT] Time: 616ms, Drone: 2
[P1_ATTEMPT] Time: 616ms, Drone: 2
[P1_ABORT] Time: 616ms, Drone: 19
[P1_ATTEMPT] Time: 616ms, Drone: 19
[P1_ABORT] Time: 616ms, Drone: 31
[P1_ATTEMPT] Time: 616ms, Drone: 31
[P1_SUCCESS] Time: 616ms, Drone: 5
[P1_RX] Time: 616ms, Receiver: 35, Sender: 5, RSSI: -75
[P1_RX] Time: 616ms, Receiver: 40, Sender: 5, RSSI: -98
[P1_RX] Time: 616ms, Receiver: 39, Sender: 5, RSSI: -98
[P1_RX] Time: 616ms, Receiver: 19, Sender: 5, RSSI: -98
[P1_RX] Time: 616ms, Receiver: 36, Sender: 5, RSSI: -100
[P1_RX] Time: 616ms, Receiver: 41, Sender: 5, RSSI: -100
[P1_RX] Time: 616ms, Receiver: 9, Sender: 5, RSSI: -100
[P1_RX] Time: 616ms, Receiver: 47, Sender: 5, RSSI: -101
[P1_RX] Time: 616ms, Receiver: 22, Sender: 5, RSSI: -103
[P1_RX] Time: 616ms, Receiver: 6, Sender: 5, RSSI: -103
[P1_SUCCESS] Time: 617ms, Drone: 4
[P1_RX] Time: 617ms, Receiver: 48, Sender: 4, RSSI: -90
[P1_RX] Time: 617ms, Receiver: 1, Sender: 4, RSSI: -99
[P1_RX] Time: 617ms, Receiver: 32, Sender: 4, RSSI: -100
[P1_RX] Time: 617ms, Receiver: 33, Sender: 4, RSSI: -101
[P1_RX] Time: 617ms, Receiver: 29, Sender: 4, RSSI: -101
[P1_RX] Time: 617ms, Receiver: 15, Sender: 4, RSSI: -102
[P1_RX] Time: 617ms, Receiver: 16, Sender: 4, RSSI: -103
[P1_RX] Time: 617ms, Receiver: 20, Sender: 4, RSSI: -104
[P1_RX] Time: 617ms, Receiver: 37, Sender: 4, RSSI: -103
[P1_RX] Time: 617ms, Receiver: 49, Sender: 4, RSSI: -104
[P1_ABORT] Time: 617ms, Drone: 2
[P1_ATTEMPT] Time: 617ms, Drone: 2
[P1_ABORT] Time: 617ms, Drone: 19
[P1_ATTEMPT] Time: 617ms, Drone: 19
[P1_ABORT] Time: 617ms, Drone: 31
[P1_ATTEMPT] Time: 617ms, Drone: 31
[P1_SUCCESS] Time: 617ms, Drone: 13
[P1_RX] Time: 617ms, Receiver: 31, Sender: 13, RSSI: -92
[P1_RX] Time: 617ms, Receiver: 45, Sender: 13, RSSI: -95
[P1_RX] Time: 617ms, Receiver: 2, Sender: 13, RSSI: -96
[P1_RX] Time: 617ms, Receiver: 23, Sender: 13, RSSI: -101
[P1_RX] Time: 617ms, Receiver: 0, Sender: 13, RSSI: -101
[P1_RX] Time: 617ms, Receiver: 14, Sender: 13, RSSI: -102
[P1_RX] Time: 617ms, Receiver: 30, Sender: 13, RSSI: -103
[P1_RX] Time: 617ms, Receiver: 12, Sender: 13, RSSI: -104
[P1_RX] Time: 617ms, Receiver: 26, Sender: 13, RSSI: -104
[P1_ABORT] Time: 617ms, Drone: 2
[P1_ATTEMPT] Time: 617ms, Drone: 2
[P1_ABORT] Time: 617ms, Drone: 31
[P1_ATTEMPT] Time: 617ms, Drone: 31
[P1_ATTEMPT] Time: 617ms, Drone: 49
[P1_SUCCESS] Time: 618ms, Drone: 19
[P1_RX] Time: 618ms, Receiver: 40, Sender: 19, RSSI: -92
[P1_RX] Time: 618ms, Receiver: 47, Sender: 19, RSSI: -92
[P1_RX] Time: 618ms, Receiver: 27, Sender: 19, RSSI: -98
[P1_RX] Time: 618ms, Receiver: 35, Sender: 19, RSSI: -98
[P1_RX] Time: 618ms, Receiver: 5, Sender: 19, RSSI: -98
[P1_RX] Time: 618ms, Receiver: 41, Sender: 19, RSSI: -101
[P1_RX] Time: 618ms, Receiver: 39, Sender: 19, RSSI: -103
[P1_RX] Time: 618ms, Receiver: 9, Sender: 19, RSSI: -103
[P1_SUCCESS] Time: 618ms, Drone: 2
[P1_RX] Time: 618ms, Receiver: 24, Sender: 2, RSSI: -89
[P1_RX] Time: 618ms, Receiver: 42, Sender: 2, RSSI: -95
[P1_RX] Time: 618ms, Receiver: 23, Sender: 2, RSSI: -97
[P1_RX] Time: 618ms, Receiver: 48, Sender: 2, RSSI: -96
[P1_RX] Time: 618ms, Receiver: 0, Sender: 2, RSSI: -97
[P1_RX] Time: 618ms, Receiver: 14, Sender: 2, RSSI: -99
[P1_RX] Time: 618ms, Receiver: 26, Sender: 2, RSSI: -100
[P1_SUCCESS] Time: 618ms, Drone: 31
[P1_RX] Time: 618ms, Receiver: 45, Sender: 31, RSSI: -89
[P1_RX] Time: 618ms, Receiver: 13, Sender: 31, RSSI: -91
[P1_RX] Time: 618ms, Receiver: 33, Sender: 31, RSSI: -101
[P1_RX] Time: 618ms, Receiver: 29, Sender: 31, RSSI: -102
[P1_ATTEMPT] Time: 618ms, Drone: 44
[P1_ATTEMPT] Time: 618ms, Drone: 22
[P1_ATTEMPT] Time: 618ms, Drone: 0
[P1_SUCCESS] Time: 618ms, Drone: 49
[P1_RX] Time: 618ms, Receiver: 8, Sender: 49, RSSI: -103
[P1_RX] Time: 618ms, Receiver: 38, Sender: 49, RSSI: -104
[P1_RX] Time: 618ms, Receiver: 20, Sender: 49, RSSI: -104
[P1_RX] Time: 618ms, Receiver: 10, Sender: 49, RSSI: -106
[P1_ATTEMPT] Time: 618ms, Drone: 30
[P1_SUCCESS] Time: 619ms, Drone: 44
[P1_RX] Time: 619ms, Receiver: 28, Sender: 44, RSSI: -99
[P1_RX] Time: 619ms, Receiver: 46, Sender: 44, RSSI: -100
[P1_RX] Time: 619ms, Receiver: 34, Sender: 44, RSSI: -101
[P1_RX] Time: 619ms, Receiver: 20, Sender: 44, RSSI: -103
[P1_SUCCESS] Time: 619ms, Drone: 22
[P1_RX] Time: 619ms, Receiver: 36, Sender: 22, RSSI: -99
[P1_RX] Time: 619ms, Receiver: 9, Sender: 22, RSSI: -101
[P1_RX] Time: 619ms, Receiver: 5, Sender: 22, RSSI: -102
[P1_RX] Time: 619ms, Receiver: 41, Sender: 22, RSSI: -102
[P1_RX] Time: 619ms, Receiver: 35, Sender: 22, RSSI: -102
[P1_SUCCESS] Time: 619ms, Drone: 0
[P1_RX] Time: 619ms, Receiver: 23, Sender: 0, RSSI: -89
[P1_RX] Time: 619ms, Receiver: 14, Sender: 0, RSSI: -94
[P1_RX] Time: 619ms, Receiver: 42, Sender: 0, RSSI: -98
[P1_RX] Time: 619ms, Receiver: 2, Sender: 0, RSSI: -97
[P1_RX] Time: 619ms, Receiver: 6, Sender: 0, RSSI: -98
[P1_RX] Time: 619ms, Receiver: 24, Sender: 0, RSSI: -99
[P1_RX] Time: 619ms, Receiver: 26, Sender: 0, RSSI: -100
[P1_RX] Time: 619ms, Receiver: 45, Sender: 0, RSSI: -101
[P1_RX] Time: 619ms, Receiver: 13, Sender: 0, RSSI: -101
[P1_RX] Time: 619ms, Receiver: 31, Sender: 0, RSSI: -102
[P1_RX] Time: 619ms, Receiver: 19, Sender: 0, RSSI: -103
[P1_SUCCESS] Time: 619ms, Drone: 30
[P1_RX] Time: 619ms, Receiver: 7, Sender: 30, RSSI: -94
[P1_RX] Time: 619ms, Receiver: 12, Sender: 30, RSSI: -97
[P1_ATTEMPT] Time: 620ms, Drone: 24
[P1_ATTEMPT] Time: 620ms, Drone: 14
[P1_ABORT] Time: 620ms, Drone: 14
[P1_ATTEMPT] Time: 620ms, Drone: 14
[P1_ABORT] Time: 620ms, Drone: 14
[P1_ATTEMPT] Time: 620ms, Drone: 14
[P1_ABORT] Time: 620ms, Drone: 14
[P1_ATTEMPT] Time: 620ms, Drone: 14
[P1_ATTEMPT] Time: 620ms, Drone: 8
[P1_ABORT] Time: 620ms, Drone: 14
[P1_ATTEMPT] Time: 620ms, Drone: 14
[P1_ABORT] Time: 620ms, Drone: 14
[P1_ATTEMPT] Time: 620ms, Drone: 14
[P1_SUCCESS] Time: 620ms, Drone: 24
[P1_RX] Time: 620ms, Receiver: 2, Sender: 24, RSSI: -89
[P1_RX] Time: 620ms, Receiver: 48, Sender: 24, RSSI: -95
[P1_RX] Time: 620ms, Receiver: 13, Sender: 24, RSSI: -98
[P1_RX] Time: 620ms, Receiver: 42, Sender: 24, RSSI: -98
[P1_RX] Time: 620ms, Receiver: 23, Sender: 24, RSSI: -98
[P1_RX] Time: 620ms, Receiver: 26, Sender: 24, RSSI: -99
[P1_RX] Time: 620ms, Receiver: 14, Sender: 24, RSSI: -99
[P1_RX] Time: 620ms, Receiver: 0, Sender: 24, RSSI: -101
[P1_RX] Time: 620ms, Receiver: 4, Sender: 24, RSSI: -102
[P1_RX] Time: 620ms, Receiver: 45, Sender: 24, RSSI: -103
[P1_RX] Time: 620ms, Receiver: 30, Sender: 24, RSSI: -103
[P1_RX] Time: 620ms, Receiver: 31, Sender: 24, RSSI: -104
[P1_RX] Time: 620ms, Receiver: 6, Sender: 24, RSSI: -106
[P1_RX] Time: 620ms, Receiver: 19, Sender: 24, RSSI: -106
[P1_RX] Time: 620ms, Receiver: 7, Sender: 24, RSSI: -107
[P1_RX] Time: 620ms, Receiver: 1, Sender: 24, RSSI: -107
[P1_RX] Time: 620ms, Receiver: 32, Sender: 24, RSSI: -108
[P1_RX] Time: 620ms, Receiver: 12, Sender: 24, RSSI: -108
[P1_ABORT] Time: 620ms, Drone: 14
[P1_ATTEMPT] Time: 620ms, Drone: 14
[P1_SUCCESS] Time: 621ms, Drone: 8
[P1_RX] Time: 621ms, Receiver: 10, Sender: 8, RSSI: -101
[P1_RX] Time: 621ms, Receiver: 38, Sender: 8, RSSI: -103
[P1_RX] Time: 621ms, Receiver: 3, Sender: 8, RSSI: -103
[P1_RX] Time: 621ms, Receiver: 49, Sender: 8, RSSI: -104
[P1_RX] Time: 621ms, Receiver: 21, Sender: 8, RSSI: -105
[P1_RX] Time: 621ms, Receiver: 18, Sender: 8, RSSI: -106
[P1_RX] Time: 621ms, Receiver: 11, Sender: 8, RSSI: -107
[P1_SUCCESS] Time: 621ms, Drone: 14
[P1_RX] Time: 621ms, Receiver: 23, Sender: 14, RSSI: -89
[P1_RX] Time: 621ms, Receiver: 0, Sender: 14, RSSI: -97
[P1_RX] Time: 621ms, Receiver: 30, Sender: 14, RSSI: -97
[P1_RX] Time: 621ms, Receiver: 26, Sender: 14, RSSI: -99
[P1_RX] Time: 621ms, Receiver: 24, Sender: 14, RSSI: -99
[P1_RX] Time: 621ms, Receiver: 7, Sender: 14, RSSI: -101
[P1_RX] Time: 621ms, Receiver: 2, Sender: 14, RSSI: -101
[P1_RX] Time: 621ms, Receiver: 42, Sender: 14, RSSI: -102
[P1_RX] Time: 621ms, Receiver: 13, Sender: 14, RSSI: -103
[P1_RX] Time: 621ms, Receiver: 6, Sender: 14, RSSI: -104
[P1_RX] Time: 621ms, Receiver: 48, Sender: 14, RSSI: -104
[P1_RX] Time: 621ms, Receiver: 12, Sender: 14, RSSI: -106
[P1_RX] Time: 621ms, Receiver: 31, Sender: 14, RSSI: -106
[P1_RX] Time: 621ms, Receiver: 45, Sender: 14, RSSI: -106
[P1_RX] Time: 621ms, Receiver: 4, Sender: 14, RSSI: -107
[P1_ATTEMPT] Time: 623ms, Drone: 25
[P1_ATTEMPT] Time: 623ms, Drone: 15
[P1_ATTEMPT] Time: 623ms, Drone: 6
[P1_ATTEMPT] Time: 623ms, Drone: 46
[P1_SUCCESS] Time: 623ms, Drone: 25
[P1_RX] Time: 623ms, Receiver: 29, Sender: 25, RSSI: -93
[P1_RX] Time: 623ms, Receiver: 37, Sender: 25, RSSI: -95
[P1_RX] Time: 623ms, Receiver: 33, Sender: 25, RSSI: -99
[P1_RX] Time: 623ms, Receiver: 34, Sender: 25, RSSI: -103
[P1_RX] Time: 623ms, Receiver: 20, Sender: 25, RSSI: -104
[P1_RX] Time: 623ms, Receiver: 28, Sender: 25, RSSI: -104
[P1_RX] Time: 623ms, Receiver: 46, Sender: 25, RSSI: -106
[P1_ABORT] Time: 624ms, Drone: 46
[P1_ATTEMPT] Time: 624ms, Drone: 46
[P1_SUCCESS] Time: 624ms, Drone: 15
[P1_RX] Time: 624ms, Receiver: 43, Sender: 15, RSSI: -93
[P1_RX] Time: 624ms, Receiver: 32, Sender: 15, RSSI: -95
[P1_RX] Time: 624ms, Receiver: 1, Sender: 15, RSSI: -98
[P1_RX] Time: 624ms, Receiver: 18, Sender: 15, RSSI: -100
[P1_RX] Time: 624ms, Receiver: 16, Sender: 15, RSSI: -100
[P1_RX] Time: 624ms, Receiver: 21, Sender: 15, RSSI: -100
[P1_RX] Time: 624ms, Receiver: 3, Sender: 15, RSSI: -102
[P1_RX] Time: 624ms, Receiver: 17, Sender: 15, RSSI: -102
[P1_RX] Time: 624ms, Receiver: 49, Sender: 15, RSSI: -102
[P1_RX] Time: 624ms, Receiver: 38, Sender: 15, RSSI: -103
[P1_RX] Time: 624ms, Receiver: 11, Sender: 15, RSSI: -104
[P1_RX] Time: 624ms, Receiver: 27, Sender: 15, RSSI: -104
[P1_RX] Time: 624ms, Receiver: 10, Sender: 15, RSSI: -105
[P1_RX] Time: 624ms, Receiver: 8, Sender: 15, RSSI: -108
[P1_ATTEMPT] Time: 624ms, Drone: 1
[P1_SUCCESS] Time: 624ms, Drone: 6
[P1_RX] Time: 624ms, Receiver: 39, Sender: 6, RSSI: -95
[P1_RX] Time: 624ms, Receiver: 42, Sender: 6, RSSI: -98
[P1_RX] Time: 624ms, Receiver: 0, Sender: 6, RSSI: -99
[P1_RX] Time: 624ms, Receiver: 23, Sender: 6, RSSI: -100
[P1_RX] Time: 624ms, Receiver: 9, Sender: 6, RSSI: -101
[P1_RX] Time: 624ms, Receiver: 26, Sender: 6, RSSI: -101
[P1_RX] Time: 624ms, Receiver: 35, Sender: 6, RSSI: -103
[P1_RX] Time: 624ms, Receiver: 14, Sender: 6, RSSI: -104
[P1_RX] Time: 624ms, Receiver: 5, Sender: 6, RSSI: -104
[P1_ATTEMPT] Time: 624ms, Drone: 3
[P1_ABORT] Time: 624ms, Drone: 3
[P1_ATTEMPT] Time: 624ms, Drone: 3
[P1_ATTEMPT] Time: 624ms, Drone: 11
[P1_ABORT] Time: 624ms, Drone: 3
[P1_ATTEMPT] Time: 624ms, Drone: 3
[P1_ABORT] Time: 624ms, Drone: 11
[P1_ATTEMPT] Time: 624ms, Drone: 11
[P1_SUCCESS] Time: 624ms, Drone: 46
[P1_RX] Time: 624ms, Receiver: 28, Sender: 46, RSSI: -82
[P1_RX] Time: 624ms, Receiver: 34, Sender: 46, RSSI: -87
[P1_RX] Time: 624ms, Receiver: 44, Sender: 46, RSSI: -100
[P1_RX] Time: 624ms, Receiver: 37, Sender: 46, RSSI: -105
[P1_RX] Time: 624ms, Receiver: 25, Sender: 46, RSSI: -106
[P1_ABORT] Time: 624ms, Drone: 3
[P1_ATTEMPT] Time: 624ms, Drone: 3
[P1_ABORT] Time: 624ms, Drone: 11
[P1_ATTEMPT] Time: 624ms, Drone: 11
[P1_ABORT] Time: 625ms, Drone: 3
[P1_ATTEMPT] Time: 625ms, Drone: 3
[P1_ABORT] Time: 625ms, Drone: 11
[P1_ATTEMPT] Time: 625ms, Drone: 11
[P1_SUCCESS] Time: 625ms, Drone: 1
[P1_RX] Time: 625ms, Receiver: 32, Sender: 1, RSSI: -82
[P1_RX] Time: 625ms, Receiver: 16, Sender: 1, RSSI: -89
[P1_RX] Time: 625ms, Receiver: 15, Sender: 1, RSSI: -98
[P1_RX] Time: 625ms, Receiver: 17, Sender: 1, RSSI: -99
[P1_RX] Time: 625ms, Receiver: 18, Sender: 1, RSSI: -99
[P1_RX] Time: 625ms, Receiver: 47, Sender: 1, RSSI: -99
[P1_RX] Time: 625ms, Receiver: 4, Sender: 1, RSSI: -101
[P1_RX] Time: 625ms, Receiver: 21, Sender: 1, RSSI: -101
[P1_RX] Time: 625ms, Receiver: 19, Sender: 1, RSSI: -102
[P1_RX] Time: 625ms, Receiver: 3, Sender: 1, RSSI: -101
[P1_RX] Time: 625ms, Receiver: 49, Sender: 1, RSSI: -102
[P1_RX] Time: 625ms, Receiver: 45, Sender: 1, RSSI: -102
[P1_RX] Time: 625ms, Receiver: 27, Sender: 1, RSSI: -102
[P1_RX] Time: 625ms, Receiver: 40, Sender: 1, RSSI: -103
[P1_RX] Time: 625ms, Receiver: 43, Sender: 1, RSSI: -103
[P1_RX] Time: 625ms, Receiver: 2, Sender: 1, RSSI: -104
[P1_RX] Time: 625ms, Receiver: 13, Sender: 1, RSSI: -105
[P1_RX] Time: 625ms, Receiver: 31, Sender: 1, RSSI: -105
[P1_RX] Time: 625ms, Receiver: 48, Sender: 1, RSSI: -105
[P1_RX] Time: 625ms, Receiver: 11, Sender: 1, RSSI: -106
[P1_RX] Time: 625ms, Receiver: 41, Sender: 1, RSSI: -107
[P1_RX] Time: 625ms, Receiver: 24, Sender: 1, RSSI: -107
[P1_RX] Time: 625ms, Receiver: 38, Sender: 1, RSSI: -106
[P1_RX] Time: 625ms, Receiver: 42, Sender: 1, RSSI: -108
[P1_ABORT] Time: 625ms, Drone: 3
[P1_ATTEMPT] Time: 625ms, Drone: 3
[P1_ATTEMPT] Time: 625ms, Drone: 18
[P1_ABORT] Time: 625ms, Drone: 18
[P1_ATTEMPT] Time: 625ms, Drone: 18
[P1_ATTEMPT] Time: 625ms, Drone: 16
[P1_ABORT] Time: 625ms, Drone: 18
[P1_ATTEMPT] Time: 625ms, Drone: 18
[P1_ABORT] Time: 625ms, Drone: 16
[P1_ATTEMPT] Time: 625ms, Drone: 16
[P1_ABORT] Time: 625ms, Drone: 18
[P1_ATTEMPT] Time: 625ms, Drone: 18
[P1_ABORT] Time: 625ms, Drone: 16
[P1_ATTEMPT] Time: 625ms, Drone: 16
[P1_ABORT] Time: 625ms, Drone: 18
[P1_ATTEMPT] Time: 625ms, Drone: 18
[P1_SUCCESS] Time: 626ms, Drone: 11
[P1_RX] Time: 626ms, Receiver: 38, Sender: 11, RSSI: -94
[P1_RX] Time: 626ms, Receiver: 21, Sender: 11, RSSI: -94
[P1_RX] Time: 626ms, Receiver: 18, Sender: 11, RSSI: -95
[P1_RX] Time: 626ms, Receiver: 17, Sender: 11, RSSI: -97
[P1_RX] Time: 626ms, Receiver: 43, Sender: 11, RSSI: -98
[P1_RX] Time: 626ms, Receiver: 47, Sender: 11, RSSI: -104
[P1_RX] Time: 626ms, Receiver: 27, Sender: 11, RSSI: -105
[P1_ABORT] Time: 626ms, Drone: 16
[P1_ATTEMPT] Time: 626ms, Drone: 16
[P1_ABORT] Time: 626ms, Drone: 18
[P1_ATTEMPT] Time: 626ms, Drone: 18
[P1_SUCCESS] Time: 626ms, Drone: 3
[P1_RX] Time: 626ms, Receiver: 49, Sender: 3, RSSI: -80
[P1_RX] Time: 626ms, Receiver: 1, Sender: 3, RSSI: -101
[P1_RX] Time: 626ms, Receiver: 8, Sender: 3, RSSI: -102
[P1_RX] Time: 626ms, Receiver: 4, Sender: 3, RSSI: -106
[P1_RX] Time: 626ms, Receiver: 20, Sender: 3, RSSI: -108
[P1_ABORT] Time: 626ms, Drone: 16
[P1_ATTEMPT] Time: 626ms, Drone: 16
[P1_ABORT] Time: 626ms, Drone: 18
[P1_ATTEMPT] Time: 626ms, Drone: 18
[P1_ATTEMPT] Time: 626ms, Drone: 12
[P1_ATTEMPT] Time: 627ms, Drone: 21
[P1_SUCCESS] Time: 627ms, Drone: 16
[P1_RX] Time: 627ms, Receiver: 1, Sender: 16, RSSI: -89
[P1_RX] Time: 627ms, Receiver: 32, Sender: 16, RSSI: -90
[P1_RX] Time: 627ms, Receiver: 47, Sender: 16, RSSI: -96
[P1_RX] Time: 627ms, Receiver: 15, Sender: 16, RSSI: -97
[P1_RX] Time: 627ms, Receiver: 40, Sender: 16, RSSI: -100
[P1_RX] Time: 627ms, Receiver: 19, Sender: 16, RSSI: -101
[P1_RX] Time: 627ms, Receiver: 27, Sender: 16, RSSI: -101
[P1_RX] Time: 627ms, Receiver: 41, Sender: 16, RSSI: -103
[P1_RX] Time: 627ms, Receiver: 4, Sender: 16, RSSI: -104
[P1_RX] Time: 627ms, Receiver: 45, Sender: 16, RSSI: -104
[P1_SUCCESS] Time: 627ms, Drone: 18
[P1_RX] Time: 627ms, Receiver: 21, Sender: 18, RSSI: -78
[P1_RX] Time: 627ms, Receiver: 11, Sender: 18, RSSI: -97
[P1_RX] Time: 627ms, Receiver: 38, Sender: 18, RSSI: -99
[P1_RX] Time: 627ms, Receiver: 8, Sender: 18, RSSI: -104
[P1_ABORT] Time: 627ms, Drone: 21
[P1_ATTEMPT] Time: 627ms, Drone: 21
[P1_ATTEMPT] Time: 627ms, Drone: 45
[P1_SUCCESS] Time: 627ms, Drone: 12
[P1_RX] Time: 627ms, Receiver: 30, Sender: 12, RSSI: -98
[P1_RX] Time: 627ms, Receiver: 7, Sender: 12, RSSI: -103
[P1_RX] Time: 627ms, Receiver: 14, Sender: 12, RSSI: -106
[P1_RX] Time: 627ms, Receiver: 23, Sender: 12, RSSI: -108
[P1_SUCCESS] Time: 628ms, Drone: 21
[P1_RX] Time: 628ms, Receiver: 18, Sender: 21, RSSI: -78
[P1_RX] Time: 628ms, Receiver: 17, Sender: 21, RSSI: -91
[P1_RX] Time: 628ms, Receiver: 11, Sender: 21, RSSI: -96
[P1_RX] Time: 628ms, Receiver: 16, Sender: 21, RSSI: -97
[P1_RX] Time: 628ms, Receiver: 38, Sender: 21, RSSI: -97
[P1_RX] Time: 628ms, Receiver: 3, Sender: 21, RSSI: -98
[P1_RX] Time: 628ms, Receiver: 43, Sender: 21, RSSI: -99
[P1_RX] Time: 628ms, Receiver: 49, Sender: 21, RSSI: -100
[P1_RX] Time: 628ms, Receiver: 15, Sender: 21, RSSI: -100
[P1_RX] Time: 628ms, Receiver: 32, Sender: 21, RSSI: -101
[P1_RX] Time: 628ms, Receiver: 1, Sender: 21, RSSI: -101
[P1_RX] Time: 628ms, Receiver: 8, Sender: 21, RSSI: -104
[P1_RX] Time: 628ms, Receiver: 10, Sender: 21, RSSI: -105
[P1_ATTEMPT] Time: 628ms, Drone: 43
[P1_SUCCESS] Time: 628ms, Drone: 45
[P1_RX] Time: 628ms, Receiver: 31, Sender: 45, RSSI: -90
[P1_RX] Time: 628ms, Receiver: 13, Sender: 45, RSSI: -96
[P1_RX] Time: 628ms, Receiver: 2, Sender: 45, RSSI: -99
[P1_RX] Time: 628ms, Receiver: 0, Sender: 45, RSSI: -102
[P1_RX] Time: 628ms, Receiver: 48, Sender: 45, RSSI: -102
[P1_RX] Time: 628ms, Receiver: 24, Sender: 45, RSSI: -103
[P1_RX] Time: 628ms, Receiver: 23, Sender: 45, RSSI: -104
[P1_RX] Time: 628ms, Receiver: 33, Sender: 45, RSSI: -104
[P1_RX] Time: 628ms, Receiver: 42, Sender: 45, RSSI: -105
[P1_RX] Time: 628ms, Receiver: 14, Sender: 45, RSSI: -106
[P1_RX] Time: 628ms, Receiver: 29, Sender: 45, RSSI: -106
[P1_RX] Time: 628ms, Receiver: 30, Sender: 45, RSSI: -108
[P1_RX] Time: 628ms, Receiver: 6, Sender: 45, RSSI: -108
[P1_ATTEMPT] Time: 629ms, Drone: 26
[P1_SUCCESS] Time: 629ms, Drone: 43
[P1_RX] Time: 629ms, Receiver: 15, Sender: 43, RSSI: -93
[P1_RX] Time: 629ms, Receiver: 38, Sender: 43, RSSI: -96
[P1_RX] Time: 629ms, Receiver: 21, Sender: 43, RSSI: -99
[P1_RX] Time: 629ms, Receiver: 18, Sender: 43, RSSI: -99
[P1_RX] Time: 629ms, Receiver: 11, Sender: 43, RSSI: -100
[P1_RX] Time: 629ms, Receiver: 32, Sender: 43, RSSI: -101
[P1_RX] Time: 629ms, Receiver: 10, Sender: 43, RSSI: -102
[P1_RX] Time: 629ms, Receiver: 17, Sender: 43, RSSI: -103
[P1_RX] Time: 629ms, Receiver: 16, Sender: 43, RSSI: -103
[P1_RX] Time: 629ms, Receiver: 1, Sender: 43, RSSI: -103
[P1_RX] Time: 629ms, Receiver: 3, Sender: 43, RSSI: -104
[P1_RX] Time: 629ms, Receiver: 49, Sender: 43, RSSI: -105
[P1_RX] Time: 629ms, Receiver: 27, Sender: 43, RSSI: -106
[P1_RX] Time: 629ms, Receiver: 33, Sender: 43, RSSI: -107
[P1_RX] Time: 629ms, Receiver: 47, Sender: 43, RSSI: -107
[P1_RX] Time: 629ms, Receiver: 8, Sender: 43, RSSI: -107
[P1_ATTEMPT] Time: 629ms, Drone: 41
[P1_ATTEMPT] Time: 629ms, Drone: 48
[P1_SUCCESS] Time: 629ms, Drone: 26
[P1_RX] Time: 629ms, Receiver: 42, Sender: 26, RSSI: -94
[P1_RX] Time: 629ms, Receiver: 23, Sender: 26, RSSI: -97
[P1_RX] Time: 629ms, Receiver: 14, Sender: 26, RSSI: -99
[P1_RX] Time: 629ms, Receiver: 24, Sender: 26, RSSI: -99
[P1_RX] Time: 629ms, Receiver: 2, Sender: 26, RSSI: -101
[P1_RX] Time: 629ms, Receiver: 0, Sender: 26, RSSI: -102
[P1_RX] Time: 629ms, Receiver: 6, Sender: 26, RSSI: -102
[P1_RX] Time: 629ms, Receiver: 30, Sender: 26, RSSI: -106
[P1_RX] Time: 629ms, Receiver: 48, Sender: 26, RSSI: -106
[P1_RX] Time: 629ms, Receiver: 7, Sender: 26, RSSI: -106
[P1_RX] Time: 629ms, Receiver: 39, Sender: 26, RSSI: -107
[P1_RX] Time: 629ms, Receiver: 13, Sender: 26, RSSI: -107
[P1_RX] Time: 629ms, Receiver: 19, Sender: 26, RSSI: -108
[P1_RX] Time: 629ms, Receiver: 35, Sender: 26, RSSI: -109
[P1_RX] Time: 629ms, Receiver: 31, Sender: 26, RSSI: -110
[P1_ABORT] Time: 630ms, Drone: 48
[P1_ATTEMPT] Time: 630ms, Drone: 48
[P1_ATTEMPT] Time: 630ms, Drone: 9
[P1_ABORT] Time: 630ms, Drone: 9
[P1_ATTEMPT] Time: 630ms, Drone: 9
[P1_ABORT] Time: 630ms, Drone: 9
[P1_ATTEMPT] Time: 630ms, Drone: 9
[P1_ABORT] Time: 630ms, Drone: 9
[P1_ATTEMPT] Time: 630ms, Drone: 9
[P1_SUCCESS] Time: 630ms, Drone: 41
[P1_RX] Time: 630ms, Receiver: 40, Sender: 41, RSSI: -95
[P1_RX] Time: 630ms, Receiver: 47, Sender: 41, RSSI: -97
[P1_RX] Time: 630ms, Receiver: 5, Sender: 41, RSSI: -100
[P1_RX] Time: 630ms, Receiver: 27, Sender: 41, RSSI: -101
[P1_RX] Time: 630ms, Receiver: 19, Sender: 41, RSSI: -101
[P1_RX] Time: 630ms, Receiver: 36, Sender: 41, RSSI: -101
[P1_RX] Time: 630ms, Receiver: 35, Sender: 41, RSSI: -102
[P1_RX] Time: 630ms, Receiver: 22, Sender: 41, RSSI: -103
[P1_RX] Time: 630ms, Receiver: 16, Sender: 41, RSSI: -105
[P1_RX] Time: 630ms, Receiver: 9, Sender: 41, RSSI: -106
[P1_RX] Time: 630ms, Receiver: 11, Sender: 41, RSSI: -107
[P1_RX] Time: 630ms, Receiver: 21, Sender: 41, RSSI: -108
[P1_ABORT] Time: 630ms, Drone: 9
[P1_ATTEMPT] Time: 630ms, Drone: 9
[P1_ATTEMPT] Time: 630ms, Drone: 38
[P1_SUCCESS] Time: 631ms, Drone: 48
[P1_RX] Time: 631ms, Receiver: 13, Sender: 48, RSSI: -93
[P1_RX] Time: 631ms, Receiver: 4, Sender: 48, RSSI: -94
[P1_RX] Time: 631ms, Receiver: 24, Sender: 48, RSSI: -95
[P1_RX] Time: 631ms, Receiver: 31, Sender: 48, RSSI: -101
[P1_RX] Time: 631ms, Receiver: 14, Sender: 48, RSSI: -104
[P1_RX] Time: 631ms, Receiver: 30, Sender: 48, RSSI: -104
[P1_RX] Time: 631ms, Receiver: 23, Sender: 48, RSSI: -104
[P1_RX] Time: 631ms, Receiver: 26, Sender: 48, RSSI: -105
[P1_RX] Time: 631ms, Receiver: 29, Sender: 48, RSSI: -106
[P1_RX] Time: 631ms, Receiver: 12, Sender: 48, RSSI: -106
[P1_RX] Time: 631ms, Receiver: 33, Sender: 48, RSSI: -106
[P1_RX] Time: 631ms, Receiver: 37, Sender: 48, RSSI: -108
[P1_ATTEMPT] Time: 631ms, Drone: 34
[P1_ATTEMPT] Time: 631ms, Drone: 35
[P1_ABORT] Time: 631ms, Drone: 35
[P1_ATTEMPT] Time: 631ms, Drone: 35
[P1_SUCCESS] Time: 631ms, Drone: 9
[P1_RX] Time: 631ms, Receiver: 39, Sender: 9, RSSI: -97
[P1_RX] Time: 631ms, Receiver: 35, Sender: 9, RSSI: -100
[P1_RX] Time: 631ms, Receiver: 5, Sender: 9, RSSI: -101
[P1_RX] Time: 631ms, Receiver: 6, Sender: 9, RSSI: -101
[P1_RX] Time: 631ms, Receiver: 22, Sender: 9, RSSI: -103
[P1_RX] Time: 631ms, Receiver: 19, Sender: 9, RSSI: -105
[P1_RX] Time: 631ms, Receiver: 0, Sender: 9, RSSI: -105
[P1_RX] Time: 631ms, Receiver: 27, Sender: 9, RSSI: -105
[P1_RX] Time: 631ms, Receiver: 41, Sender: 9, RSSI: -106
[P1_RX] Time: 631ms, Receiver: 42, Sender: 9, RSSI: -107
[P1_RX] Time: 631ms, Receiver: 36, Sender: 9, RSSI: -107
[P1_ABORT] Time: 631ms, Drone: 35
[P1_ATTEMPT] Time: 631ms, Drone: 35
[P1_ATTEMPT] Time: 631ms, Drone: 36
[P1_SUCCESS] Time: 631ms, Drone: 38
[P1_RX] Time: 631ms, Receiver: 11, Sender: 38, RSSI: -94
[P1_RX] Time: 631ms, Receiver: 43, Sender: 38, RSSI: -96
[P1_RX] Time: 631ms, Receiver: 21, Sender: 38, RSSI: -97
[P1_RX] Time: 631ms, Receiver: 10, Sender: 38, RSSI: -99
[P1_RX] Time: 631ms, Receiver: 18, Sender: 38, RSSI: -99
[P1_RX] Time: 631ms, Receiver: 17, Sender: 38, RSSI: -102
[P1_RX] Time: 631ms, Receiver: 15, Sender: 38, RSSI: -103
[P1_RX] Time: 631ms, Receiver: 8, Sender: 38, RSSI: -103
[P1_RX] Time: 631ms, Receiver: 3, Sender: 38, RSSI: -104
[P1_RX] Time: 631ms, Receiver: 16, Sender: 38, RSSI: -105
[P1_RX] Time: 631ms, Receiver: 49, Sender: 38, RSSI: -105
[P1_RX] Time: 631ms, Receiver: 1, Sender: 38, RSSI: -106
[P1_SUCCESS] Time: 632ms, Drone: 34
[P1_RX] Time: 632ms, Receiver: 28, Sender: 34, RSSI: -78
[P1_RX] Time: 632ms, Receiver: 46, Sender: 34, RSSI: -87
[P1_RX] Time: 632ms, Receiver: 44, Sender: 34, RSSI: -101
[P1_RX] Time: 632ms, Receiver: 37, Sender: 34, RSSI: -102
[P1_RX] Time: 632ms, Receiver: 25, Sender: 34, RSSI: -103
[P1_RX] Time: 632ms, Receiver: 20, Sender: 34, RSSI: -104
[P1_RX] Time: 632ms, Receiver: 29, Sender: 34, RSSI: -104
[P1_RX] Time: 632ms, Receiver: 33, Sender: 34, RSSI: -105
[P1_ATTEMPT] Time: 632ms, Drone: 37
[P1_ATTEMPT] Time: 632ms, Drone: 20
[P1_ATTEMPT] Time: 632ms, Drone: 29
[P1_ATTEMPT] Time: 632ms, Drone: 27
[P1_ABORT] Time: 632ms, Drone: 27
[P1_ATTEMPT] Time: 632ms, Drone: 27
[P1_ABORT] Time: 632ms, Drone: 27
[P1_ATTEMPT] Time: 632ms, Drone: 27
[P1_SUCCESS] Time: 632ms, Drone: 35
[P1_RX] Time: 632ms, Receiver: 5, Sender: 35, RSSI: -75
[P1_RX] Time: 632ms, Receiver: 39, Sender: 35, RSSI: -96
[P1_RX] Time: 632ms, Receiver: 19, Sender: 35, RSSI: -98
[P1_RX] Time: 632ms, Receiver: 40, Sender: 35, RSSI: -98
[P1_RX] Time: 632ms, Receiver: 9, Sender: 35, RSSI: -99
[P1_RX] Time: 632ms, Receiver: 41, Sender: 35, RSSI: -98
[P1_RX] Time: 632ms, Receiver: 47, Sender: 35, RSSI: -101
[P1_RX] Time: 632ms, Receiver: 6, Sender: 35, RSSI: -103
[P1_RX] Time: 632ms, Receiver: 27, Sender: 35, RSSI: -103
[P1_RX] Time: 632ms, Receiver: 42, Sender: 35, RSSI: -104
[P1_SUCCESS] Time: 632ms, Drone: 36
[P1_RX] Time: 632ms, Receiver: 22, Sender: 36, RSSI: -98
[P1_ABORT] Time: 632ms, Drone: 27
[P1_ATTEMPT] Time: 632ms, Drone: 27
[P1_SUCCESS] Time: 633ms, Drone: 37
[P1_RX] Time: 633ms, Receiver: 33, Sender: 37, RSSI: -90
[P1_RX] Time: 633ms, Receiver: 34, Sender: 37, RSSI: -100
[P1_SUCCESS] Time: 633ms, Drone: 20
[P1_RX] Time: 633ms, Receiver: 44, Sender: 20, RSSI: -101
[P1_SUCCESS] Time: 633ms, Drone: 29
[P1_ATTEMPT] Time: 633ms, Drone: 10
[P1_SUCCESS] Time: 633ms, Drone: 27
[P1_RX] Time: 633ms, Receiver: 47, Sender: 27, RSSI: -95
[P1_RX] Time: 633ms, Receiver: 19, Sender: 27, RSSI: -98
[P1_RX] Time: 633ms, Receiver: 32, Sender: 27, RSSI: -100
[P1_RX] Time: 633ms, Receiver: 41, Sender: 27, RSSI: -101
[P1_RX] Time: 633ms, Receiver: 40, Sender: 27, RSSI: -101
[P1_RX] Time: 633ms, Receiver: 1, Sender: 27, RSSI: -102
[P1_RX] Time: 633ms, Receiver: 16, Sender: 27, RSSI: -102
[P1_RX] Time: 633ms, Receiver: 35, Sender: 27, RSSI: -104
[P1_RX] Time: 633ms, Receiver: 5, Sender: 27, RSSI: -104
[P1_RX] Time: 633ms, Receiver: 17, Sender: 27, RSSI: -104
[P1_RX] Time: 633ms, Receiver: 9, Sender: 27, RSSI: -105
[P1_RX] Time: 633ms, Receiver: 18, Sender: 27, RSSI: -105
[P1_RX] Time: 633ms, Receiver: 2, Sender: 27, RSSI: -105
[P1_RX] Time: 633ms, Receiver: 0, Sender: 27, RSSI: -106
[P1_RX] Time: 633ms, Receiver: 21, Sender: 27, RSSI: -106
[P1_RX] Time: 633ms, Receiver: 22, Sender: 27, RSSI: -107
[P1_RX] Time: 633ms, Receiver: 42, Sender: 27, RSSI: -107
[P1_RX] Time: 633ms, Receiver: 39, Sender: 27, RSSI: -108
[P1_ATTEMPT] Time: 633ms, Drone: 42
[P1_SUCCESS] Time: 634ms, Drone: 10
[P1_RX] Time: 634ms, Receiver: 38, Sender: 10, RSSI: -99
[P1_RX] Time: 634ms, Receiver: 8, Sender: 10, RSSI: -101
[P1_RX] Time: 634ms, Receiver: 43, Sender: 10, RSSI: -102
[P1_RX] Time: 634ms, Receiver: 21, Sender: 10, RSSI: -105
[P1_RX] Time: 634ms, Receiver: 11, Sender: 10, RSSI: -106
[P1_RX] Time: 634ms, Receiver: 15, Sender: 10, RSSI: -106
[P1_RX] Time: 634ms, Receiver: 18, Sender: 10, RSSI: -107
[P1_RX] Time: 634ms, Receiver: 3, Sender: 10, RSSI: -107
[P1_RX] Time: 634ms, Receiver: 49, Sender: 10, RSSI: -108
[P1_RX] Time: 634ms, Receiver: 33, Sender: 10, RSSI: -110
[P1_ATTEMPT] Time: 634ms, Drone: 7
[P1_ABORT] Time: 634ms, Drone: 7
[P1_ATTEMPT] Time: 634ms, Drone: 7
[P1_ABORT] Time: 634ms, Drone: 7
[P1_ATTEMPT] Time: 634ms, Drone: 7
[P1_SUCCESS] Time: 634ms, Drone: 42
[P1_RX] Time: 634ms, Receiver: 26, Sender: 42, RSSI: -94
[P1_RX] Time: 634ms, Receiver: 2, Sender: 42, RSSI: -96
[P1_RX] Time: 634ms, Receiver: 23, Sender: 42, RSSI: -97
[P1_RX] Time: 634ms, Receiver: 24, Sender: 42, RSSI: -98
[P1_RX] Time: 634ms, Receiver: 0, Sender: 42, RSSI: -98
[P1_RX] Time: 634ms, Receiver: 6, Sender: 42, RSSI: -98
[P1_RX] Time: 634ms, Receiver: 14, Sender: 42, RSSI: -102
[P1_RX] Time: 634ms, Receiver: 19, Sender: 42, RSSI: -102
[P1_RX] Time: 634ms, Receiver: 39, Sender: 42, RSSI: -103
[P1_RX] Time: 634ms, Receiver: 35, Sender: 42, RSSI: -105
[P1_RX] Time: 634ms, Receiver: 48, Sender: 42, RSSI: -105
[P1_RX] Time: 634ms, Receiver: 13, Sender: 42, RSSI: -105
[P1_RX] Time: 634ms, Receiver: 45, Sender: 42, RSSI: -105
[P1_RX] Time: 634ms, Receiver: 5, Sender: 42, RSSI: -106
[P1_RX] Time: 634ms, Receiver: 9, Sender: 42, RSSI: -106
[P1_RX] Time: 634ms, Receiver: 40, Sender: 42, RSSI: -106
[P1_RX] Time: 634ms, Receiver: 47, Sender: 42, RSSI: -106
[P1_RX] Time: 634ms, Receiver: 4, Sender: 42, RSSI: -106
[P1_RX] Time: 634ms, Receiver: 31, Sender: 42, RSSI: -107
[P1_RX] Time: 634ms, Receiver: 27, Sender: 42, RSSI: -107
[P1_RX] Time: 634ms, Receiver: 30, Sender: 42, RSSI: -108
[P1_SUCCESS] Time: 635ms, Drone: 7
[P1_RX] Time: 635ms, Receiver: 30, Sender: 7, RSSI: -94
[P1_RX] Time: 635ms, Receiver: 14, Sender: 7, RSSI: -101
[P1_RX] Time: 635ms, Receiver: 12, Sender: 7, RSSI: -103
[P1_RX] Time: 635ms, Receiver: 23, Sender: 7, RSSI: -105
[P1_RX] Time: 635ms, Receiver: 26, Sender: 7, RSSI: -106
[P1_RX] Time: 635ms, Receiver: 24, Sender: 7, RSSI: -107
[P1_RX] Time: 635ms, Receiver: 48, Sender: 7, RSSI: -109
[P1_ATTEMPT] Time: 664ms, Drone: 1
[P1_ATTEMPT] Time: 664ms, Drone: 29
[P1_ATTEMPT] Time: 664ms, Drone: 13
[P1_ABORT] Time: 664ms, Drone: 13
[P1_ATTEMPT] Time: 664ms, Drone: 13
[P1_ABORT] Time: 665ms, Drone: 13
[P1_ATTEMPT] Time: 665ms, Drone: 13
[P1_ATTEMPT] Time: 665ms, Drone: 43
[P1_ABORT] Time: 665ms, Drone: 13
[P1_ATTEMPT] Time: 665ms, Drone: 13
[P1_ABORT] Time: 665ms, Drone: 43
[P1_ATTEMPT] Time: 665ms, Drone: 43
[P1_ATTEMPT] Time: 665ms, Drone: 22
[P1_ABORT] Time: 665ms, Drone: 13
[P1_ATTEMPT] Time: 665ms, Drone: 13
[P1_ABORT] Time: 665ms, Drone: 43
[P1_ATTEMPT] Time: 665ms, Drone: 43
[P1_SUCCESS] Time: 665ms, Drone: 1
[P1_RX] Time: 665ms, Receiver: 32, Sender: 1, RSSI: -82
[P1_RX] Time: 665ms, Receiver: 16, Sender: 1, RSSI: -89
[P1_RX] Time: 665ms, Receiver: 15, Sender: 1, RSSI: -98
[P1_RX] Time: 665ms, Receiver: 17, Sender: 1, RSSI: -99
[P1_RX] Time: 665ms, Receiver: 18, Sender: 1, RSSI: -99
[P1_RX] Time: 665ms, Receiver: 47, Sender: 1, RSSI: -99
[P1_RX] Time: 665ms, Receiver: 4, Sender: 1, RSSI: -99
[P1_RX] Time: 665ms, Receiver: 21, Sender: 1, RSSI: -101
[P1_RX] Time: 665ms, Receiver: 19, Sender: 1, RSSI: -101
[P1_RX] Time: 665ms, Receiver: 3, Sender: 1, RSSI: -101
[P1_RX] Time: 665ms, Receiver: 49, Sender: 1, RSSI: -101
[P1_RX] Time: 665ms, Receiver: 45, Sender: 1, RSSI: -101
[P1_RX] Time: 665ms, Receiver: 27, Sender: 1, RSSI: -102
[P1_RX] Time: 665ms, Receiver: 40, Sender: 1, RSSI: -103
[P1_RX] Time: 665ms, Receiver: 43, Sender: 1, RSSI: -102
[P1_RX] Time: 665ms, Receiver: 2, Sender: 1, RSSI: -104
[P1_RX] Time: 665ms, Receiver: 13, Sender: 1, RSSI: -102
[P1_RX] Time: 665ms, Receiver: 11, Sender: 1, RSSI: -106
[P1_RX] Time: 665ms, Receiver: 41, Sender: 1, RSSI: -106
[P1_RX] Time: 665ms, Receiver: 38, Sender: 1, RSSI: -106
[P1_RX] Time: 665ms, Receiver: 42, Sender: 1, RSSI: -107
[P1_RX] Time: 665ms, Receiver: 5, Sender: 1, RSSI: -108
[P1_SUCCESS] Time: 665ms, Drone: 29
[P1_RX] Time: 665ms, Receiver: 33, Sender: 29, RSSI: -89
[P1_RX] Time: 665ms, Receiver: 37, Sender: 29, RSSI: -89
[P1_RX] Time: 665ms, Receiver: 25, Sender: 29, RSSI: -93
[P1_RX] Time: 665ms, Receiver: 20, Sender: 29, RSSI: -102
[P1_RX] Time: 665ms, Receiver: 34, Sender: 29, RSSI: -104
[P1_RX] Time: 665ms, Receiver: 28, Sender: 29, RSSI: -105
[P1_RX] Time: 665ms, Receiver: 46, Sender: 29, RSSI: -107
[P1_RX] Time: 665ms, Receiver: 12, Sender: 29, RSSI: -108
[P1_ABORT] Time: 665ms, Drone: 13
[P1_ATTEMPT] Time: 665ms, Drone: 13
[P1_ABORT] Time: 665ms, Drone: 43
[P1_ATTEMPT] Time: 665ms, Drone: 43
[P1_ATTEMPT] Time: 665ms, Drone: 33
[P1_ATTEMPT] Time: 666ms, Drone: 37
[P1_SUCCESS] Time: 666ms, Drone: 22
[P1_RX] Time: 666ms, Receiver: 36, Sender: 22, RSSI: -100
[P1_RX] Time: 666ms, Receiver: 9, Sender: 22, RSSI: -103
[P1_RX] Time: 666ms, Receiver: 5, Sender: 22, RSSI: -103
[P1_RX] Time: 666ms, Receiver: 41, Sender: 22, RSSI: -103
[P1_RX] Time: 666ms, Receiver: 35, Sender: 22, RSSI: -104
[P1_RX] Time: 666ms, Receiver: 39, Sender: 22, RSSI: -107
[P1_ABORT] Time: 666ms, Drone: 37
[P1_ATTEMPT] Time: 666ms, Drone: 37
[P1_SUCCESS] Time: 666ms, Drone: 13
[P1_RX] Time: 666ms, Receiver: 31, Sender: 13, RSSI: -92
[P1_RX] Time: 666ms, Receiver: 48, Sender: 13, RSSI: -93
[P1_RX] Time: 666ms, Receiver: 45, Sender: 13, RSSI: -95
[P1_RX] Time: 666ms, Receiver: 4, Sender: 13, RSSI: -96
[P1_RX] Time: 666ms, Receiver: 2, Sender: 13, RSSI: -97
[P1_RX] Time: 666ms, Receiver: 24, Sender: 13, RSSI: -98
[P1_RX] Time: 666ms, Receiver: 23, Sender: 13, RSSI: -103
[P1_RX] Time: 666ms, Receiver: 0, Sender: 13, RSSI: -103
[P1_RX] Time: 666ms, Receiver: 14, Sender: 13, RSSI: -103
[P1_RX] Time: 666ms, Receiver: 30, Sender: 13, RSSI: -104
[P1_RX] Time: 666ms, Receiver: 12, Sender: 13, RSSI: -105
[P1_RX] Time: 666ms, Receiver: 42, Sender: 13, RSSI: -104
[P1_RX] Time: 666ms, Receiver: 26, Sender: 13, RSSI: -106
[P1_RX] Time: 666ms, Receiver: 7, Sender: 13, RSSI: -108
[P1_SUCCESS] Time: 666ms, Drone: 43
[P1_RX] Time: 666ms, Receiver: 15, Sender: 43, RSSI: -93
[P1_RX] Time: 666ms, Receiver: 38, Sender: 43, RSSI: -96
[P1_RX] Time: 666ms, Receiver: 21, Sender: 43, RSSI: -99
[P1_RX] Time: 666ms, Receiver: 18, Sender: 43, RSSI: -99
[P1_RX] Time: 666ms, Receiver: 11, Sender: 43, RSSI: -99
[P1_RX] Time: 666ms, Receiver: 10, Sender: 43, RSSI: -102
[P1_RX] Time: 666ms, Receiver: 17, Sender: 43, RSSI: -102
[P1_RX] Time: 666ms, Receiver: 16, Sender: 43, RSSI: -101
[P1_RX] Time: 666ms, Receiver: 3, Sender: 43, RSSI: -103
[P1_RX] Time: 666ms, Receiver: 49, Sender: 43, RSSI: -104
[P1_RX] Time: 666ms, Receiver: 8, Sender: 43, RSSI: -106
[P1_ABORT] Time: 666ms, Drone: 37
[P1_ATTEMPT] Time: 666ms, Drone: 37
[P1_ABORT] Time: 666ms, Drone: 37
[P1_ATTEMPT] Time: 666ms, Drone: 37
[P1_SUCCESS] Time: 666ms, Drone: 33
[P1_RX] Time: 666ms, Receiver: 34, Sender: 33, RSSI: -105
[P1_RX] Time: 666ms, Receiver: 28, Sender: 33, RSSI: -106
[P1_RX] Time: 666ms, Receiver: 46, Sender: 33, RSSI: -106
[P1_RX] Time: 666ms, Receiver: 44, Sender: 33, RSSI: -107
[P1_ABORT] Time: 666ms, Drone: 37
[P1_ATTEMPT] Time: 666ms, Drone: 37
[P1_ATTEMPT] Time: 666ms, Drone: 25
[P1_SUCCESS] Time: 667ms, Drone: 37
[P1_RX] Time: 667ms, Receiver: 29, Sender: 37, RSSI: -87
[P1_RX] Time: 667ms, Receiver: 33, Sender: 37, RSSI: -89
[P1_RX] Time: 667ms, Receiver: 34, Sender: 37, RSSI: -100
[P1_RX] Time: 667ms, Receiver: 20, Sender: 37, RSSI: -101
[P1_RX] Time: 667ms, Receiver: 28, Sender: 37, RSSI: -101
[P1_RX] Time: 667ms, Receiver: 44, Sender: 37, RSSI: -105
[P1_SUCCESS] Time: 667ms, Drone: 25
[P1_ATTEMPT] Time: 667ms, Drone: 16
[P1_ATTEMPT] Time: 667ms, Drone: 39
[P1_ATTEMPT] Time: 668ms, Drone: 5
[P1_ATTEMPT] Time: 668ms, Drone: 38
[P1_ABORT] Time: 668ms, Drone: 5
[P1_ATTEMPT] Time: 668ms, Drone: 5
[P1_ABORT] Time: 668ms, Drone: 38
[P1_ATTEMPT] Time: 668ms, Drone: 38
[P1_ATTEMPT] Time: 668ms, Drone: 21
[P1_ABORT] Time: 668ms, Drone: 5
[P1_ATTEMPT] Time: 668ms, Drone: 5
[P1_ATTEMPT] Time: 668ms, Drone: 34
[P1_ABORT] Time: 668ms, Drone: 38
[P1_ATTEMPT] Time: 668ms, Drone: 38
[P1_ABORT] Time: 668ms, Drone: 21
[P1_ATTEMPT] Time: 668ms, Drone: 21
[P1_ABORT] Time: 668ms, Drone: 5
[P1_ATTEMPT] Time: 668ms, Drone: 5
[P1_ABORT] Time: 668ms, Drone: 38
[P1_ATTEMPT] Time: 668ms, Drone: 38
[P1_ABORT] Time: 668ms, Drone: 21
[P1_ATTEMPT] Time: 668ms, Drone: 21
[P1_ABORT] Time: 668ms, Drone: 5
[P1_ATTEMPT] Time: 668ms, Drone: 5
[P1_ABORT] Time: 668ms, Drone: 38
[P1_ATTEMPT] Time: 668ms, Drone: 38
[P1_ABORT] Time: 668ms, Drone: 21
[P1_ATTEMPT] Time: 668ms, Drone: 21
[P1_SUCCESS] Time: 668ms, Drone: 16
[P1_RX] Time: 668ms, Receiver: 1, Sender: 16, RSSI: -89
[P1_RX] Time: 668ms, Receiver: 32, Sender: 16, RSSI: -91
[P1_RX] Time: 668ms, Receiver: 17, Sender: 16, RSSI: -91
[P1_RX] Time: 668ms, Receiver: 18, Sender: 16, RSSI: -94
[P1_RX] Time: 668ms, Receiver: 21, Sender: 16, RSSI: -97
[P1_RX] Time: 668ms, Receiver: 47, Sender: 16, RSSI: -97
[P1_RX] Time: 668ms, Receiver: 15, Sender: 16, RSSI: -100
[P1_RX] Time: 668ms, Receiver: 3, Sender: 16, RSSI: -100
[P1_RX] Time: 668ms, Receiver: 40, Sender: 16, RSSI: -100
[P1_RX] Time: 668ms, Receiver: 49, Sender: 16, RSSI: -102
[P1_RX] Time: 668ms, Receiver: 19, Sender: 16, RSSI: -100
[P1_RX] Time: 668ms, Receiver: 27, Sender: 16, RSSI: -101
[P1_RX] Time: 668ms, Receiver: 43, Sender: 16, RSSI: -103
[P1_RX] Time: 668ms, Receiver: 11, Sender: 16, RSSI: -103
[P1_RX] Time: 668ms, Receiver: 41, Sender: 16, RSSI: -103
[P1_RX] Time: 668ms, Receiver: 38, Sender: 16, RSSI: -105
[P1_RX] Time: 668ms, Receiver: 4, Sender: 16, RSSI: -105
[P1_RX] Time: 668ms, Receiver: 45, Sender: 16, RSSI: -104
[P1_RX] Time: 668ms, Receiver: 31, Sender: 16, RSSI: -107
[P1_ABORT] Time: 668ms, Drone: 5
[P1_ATTEMPT] Time: 668ms, Drone: 5
[P1_SUCCESS] Time: 668ms, Drone: 39
[P1_RX] Time: 668ms, Receiver: 6, Sender: 39, RSSI: -95
[P1_RX] Time: 668ms, Receiver: 35, Sender: 39, RSSI: -96
[P1_RX] Time: 668ms, Receiver: 9, Sender: 39, RSSI: -97
[P1_RX] Time: 668ms, Receiver: 5, Sender: 39, RSSI: -98
[P1_RX] Time: 668ms, Receiver: 42, Sender: 39, RSSI: -102
[P1_RX] Time: 668ms, Receiver: 0, Sender: 39, RSSI: -104
[P1_RX] Time: 668ms, Receiver: 23, Sender: 39, RSSI: -106
[P1_RX] Time: 668ms, Receiver: 22, Sender: 39, RSSI: -106
[P1_RX] Time: 668ms, Receiver: 26, Sender: 39, RSSI: -106
[P1_RX] Time: 668ms, Receiver: 36, Sender: 39, RSSI: -106
[P1_ABORT] Time: 668ms, Drone: 38
[P1_ATTEMPT] Time: 668ms, Drone: 38
[P1_ABORT] Time: 668ms, Drone: 21
[P1_ATTEMPT] Time: 668ms, Drone: 21
[P1_ABORT] Time: 668ms, Drone: 5
[P1_ATTEMPT] Time: 668ms, Drone: 5
[P1_ATTEMPT] Time: 669ms, Drone: 20
[P1_ABORT] Time: 669ms, Drone: 20
[P1_ATTEMPT] Time: 669ms, Drone: 20
[P1_ATTEMPT] Time: 669ms, Drone: 8
[P1_SUCCESS] Time: 669ms, Drone: 34
[P1_RX] Time: 669ms, Receiver: 28, Sender: 34, RSSI: -78
[P1_RX] Time: 669ms, Receiver: 46, Sender: 34, RSSI: -87
[P1_RX] Time: 669ms, Receiver: 44, Sender: 34, RSSI: -101
[P1_RX] Time: 669ms, Receiver: 37, Sender: 34, RSSI: -102
[P1_RX] Time: 669ms, Receiver: 25, Sender: 34, RSSI: -103
[P1_RX] Time: 669ms, Receiver: 20, Sender: 34, RSSI: -105
[P1_ABORT] Time: 669ms, Drone: 20
[P1_ATTEMPT] Time: 669ms, Drone: 20
[P1_ABORT] Time: 669ms, Drone: 8
[P1_ATTEMPT] Time: 669ms, Drone: 8
[P1_ABORT] Time: 669ms, Drone: 8
[P1_ATTEMPT] Time: 669ms, Drone: 8
[P1_ABORT] Time: 669ms, Drone: 8
[P1_ATTEMPT] Time: 669ms, Drone: 8
[P1_ATTEMPT] Time: 669ms, Drone: 36
[P1_SUCCESS] Time: 669ms, Drone: 38
[P1_RX] Time: 669ms, Receiver: 11, Sender: 38, RSSI: -92
[P1_RX] Time: 669ms, Receiver: 43, Sender: 38, RSSI: -94
[P1_RX] Time: 669ms, Receiver: 10, Sender: 38, RSSI: -98
[P1_RX] Time: 669ms, Receiver: 8, Sender: 38, RSSI: -100
[P1_ABORT] Time: 669ms, Drone: 8
[P1_ATTEMPT] Time: 669ms, Drone: 8
[P1_SUCCESS] Time: 669ms, Drone: 21
[P1_RX] Time: 669ms, Receiver: 18, Sender: 21, RSSI: -78
[P1_RX] Time: 669ms, Receiver: 17, Sender: 21, RSSI: -90
[P1_RX] Time: 669ms, Receiver: 16, Sender: 21, RSSI: -96
[P1_RX] Time: 669ms, Receiver: 3, Sender: 21, RSSI: -97
[P1_RX] Time: 669ms, Receiver: 49, Sender: 21, RSSI: -99
[P1_RX] Time: 669ms, Receiver: 32, Sender: 21, RSSI: -99
[P1_RX] Time: 669ms, Receiver: 1, Sender: 21, RSSI: -100
[P1_SUCCESS] Time: 669ms, Drone: 5
[P1_RX] Time: 669ms, Receiver: 35, Sender: 5, RSSI: -75
[P1_RX] Time: 669ms, Receiver: 40, Sender: 5, RSSI: -97
[P1_RX] Time: 669ms, Receiver: 39, Sender: 5, RSSI: -98
[P1_RX] Time: 669ms, Receiver: 19, Sender: 5, RSSI: -98
[P1_RX] Time: 669ms, Receiver: 36, Sender: 5, RSSI: -100
[P1_RX] Time: 669ms, Receiver: 41, Sender: 5, RSSI: -99
[P1_RX] Time: 669ms, Receiver: 9, Sender: 5, RSSI: -101
[P1_RX] Time: 669ms, Receiver: 22, Sender: 5, RSSI: -103
[P1_RX] Time: 669ms, Receiver: 27, Sender: 5, RSSI: -102
[P1_RX] Time: 669ms, Receiver: 6, Sender: 5, RSSI: -104
[P1_RX] Time: 669ms, Receiver: 42, Sender: 5, RSSI: -105
[P1_ABORT] Time: 669ms, Drone: 36
[P1_ATTEMPT] Time: 669ms, Drone: 36
[P1_ABORT] Time: 669ms, Drone: 8
[P1_ATTEMPT] Time: 669ms, Drone: 8
[P1_ATTEMPT] Time: 669ms, Drone: 27
[P1_ATTEMPT] Time: 670ms, Drone: 24
[P1_ATTEMPT] Time: 670ms, Drone: 41
[P1_SUCCESS] Time: 670ms, Drone: 20
[P1_RX] Time: 670ms, Receiver: 29, Sender: 20, RSSI: -103
[P1_RX] Time: 670ms, Receiver: 44, Sender: 20, RSSI: -103
[P1_RX] Time: 670ms, Receiver: 37, Sender: 20, RSSI: -103
[P1_RX] Time: 670ms, Receiver: 25, Sender: 20, RSSI: -104
[P1_RX] Time: 670ms, Receiver: 34, Sender: 20, RSSI: -104
[P1_RX] Time: 670ms, Receiver: 28, Sender: 20, RSSI: -105
[P1_RX] Time: 670ms, Receiver: 4, Sender: 20, RSSI: -105
[P1_RX] Time: 670ms, Receiver: 46, Sender: 20, RSSI: -107
[P1_ABORT] Time: 670ms, Drone: 41
[P1_ATTEMPT] Time: 670ms, Drone: 41
[P1_ABORT] Time: 670ms, Drone: 41
[P1_ATTEMPT] Time: 670ms, Drone: 41
[P1_ABORT] Time: 670ms, Drone: 41
[P1_ATTEMPT] Time: 670ms, Drone: 41
[P1_ATTEMPT] Time: 670ms, Drone: 32
[P1_ABORT] Time: 670ms, Drone: 41
[P1_ATTEMPT] Time: 670ms, Drone: 41
[P1_ABORT] Time: 670ms, Drone: 32
[P1_ATTEMPT] Time: 670ms, Drone: 32
[P1_SUCCESS] Time: 670ms, Drone: 36
[P1_RX] Time: 670ms, Receiver: 22, Sender: 36, RSSI: -99
[P1_RX] Time: 670ms, Receiver: 5, Sender: 36, RSSI: -99
[P1_RX] Time: 670ms, Receiver: 41, Sender: 36, RSSI: -98
[P1_RX] Time: 670ms, Receiver: 35, Sender: 36, RSSI: -100
[P1_SUCCESS] Time: 670ms, Drone: 8
[P1_RX] Time: 670ms, Receiver: 10, Sender: 8, RSSI: -101
[P1_RX] Time: 670ms, Receiver: 38, Sender: 8, RSSI: -102
[P1_RX] Time: 670ms, Receiver: 3, Sender: 8, RSSI: -102
[P1_RX] Time: 670ms, Receiver: 49, Sender: 8, RSSI: -103
[P1_RX] Time: 670ms, Receiver: 21, Sender: 8, RSSI: -102
[P1_ABORT] Time: 670ms, Drone: 41
[P1_ATTEMPT] Time: 670ms, Drone: 41
[P1_SUCCESS] Time: 670ms, Drone: 27
[P1_RX] Time: 670ms, Receiver: 47, Sender: 27, RSSI: -95
[P1_RX] Time: 670ms, Receiver: 19, Sender: 27, RSSI: -98
[P1_RX] Time: 670ms, Receiver: 32, Sender: 27, RSSI: -100
[P1_RX] Time: 670ms, Receiver: 45, Sender: 27, RSSI: -101
[P1_RX] Time: 670ms, Receiver: 1, Sender: 27, RSSI: -101
[P1_RX] Time: 670ms, Receiver: 16, Sender: 27, RSSI: -101
[P1_RX] Time: 670ms, Receiver: 15, Sender: 27, RSSI: -103
[P1_RX] Time: 670ms, Receiver: 17, Sender: 27, RSSI: -103
[P1_ABORT] Time: 670ms, Drone: 32
[P1_ATTEMPT] Time: 670ms, Drone: 32
[P1_ABORT] Time: 670ms, Drone: 41
[P1_ATTEMPT] Time: 670ms, Drone: 41
[P1_SUCCESS] Time: 671ms, Drone: 24
[P1_RX] Time: 671ms, Receiver: 48, Sender: 24, RSSI: -94
[P1_RX] Time: 671ms, Receiver: 13, Sender: 24, RSSI: -97
[P1_RX] Time: 671ms, Receiver: 26, Sender: 24, RSSI: -99
[P1_RX] Time: 671ms, Receiver: 14, Sender: 24, RSSI: -99
[P1_RX] Time: 671ms, Receiver: 4, Sender: 24, RSSI: -101
[P1_RX] Time: 671ms, Receiver: 30, Sender: 24, RSSI: -103
[P1_RX] Time: 671ms, Receiver: 7, Sender: 24, RSSI: -106
[P1_RX] Time: 671ms, Receiver: 12, Sender: 24, RSSI: -106
[P1_SUCCESS] Time: 671ms, Drone: 32
[P1_RX] Time: 671ms, Receiver: 1, Sender: 32, RSSI: -82
[P1_RX] Time: 671ms, Receiver: 16, Sender: 32, RSSI: -91
[P1_RX] Time: 671ms, Receiver: 15, Sender: 32, RSSI: -95
[P1_RX] Time: 671ms, Receiver: 18, Sender: 32, RSSI: -98
[P1_RX] Time: 671ms, Receiver: 17, Sender: 32, RSSI: -98
[P1_RX] Time: 671ms, Receiver: 27, Sender: 32, RSSI: -98
[P1_RX] Time: 671ms, Receiver: 45, Sender: 32, RSSI: -100
[P1_RX] Time: 671ms, Receiver: 21, Sender: 32, RSSI: -100
[P1_RX] Time: 671ms, Receiver: 43, Sender: 32, RSSI: -101
[P1_RX] Time: 671ms, Receiver: 4, Sender: 32, RSSI: -102
[P1_RX] Time: 671ms, Receiver: 3, Sender: 32, RSSI: -102
[P1_RX] Time: 671ms, Receiver: 49, Sender: 32, RSSI: -103
[P1_RX] Time: 671ms, Receiver: 31, Sender: 32, RSSI: -103
[P1_RX] Time: 671ms, Receiver: 13, Sender: 32, RSSI: -104
[P1_RX] Time: 671ms, Receiver: 2, Sender: 32, RSSI: -104
[P1_RX] Time: 671ms, Receiver: 48, Sender: 32, RSSI: -106
[P1_RX] Time: 671ms, Receiver: 33, Sender: 32, RSSI: -106
[P1_ATTEMPT] Time: 671ms, Drone: 31
[P1_SUCCESS] Time: 671ms, Drone: 41
[P1_RX] Time: 671ms, Receiver: 40, Sender: 41, RSSI: -95
[P1_RX] Time: 671ms, Receiver: 5, Sender: 41, RSSI: -100
[P1_RX] Time: 671ms, Receiver: 36, Sender: 41, RSSI: -101
[P1_RX] Time: 671ms, Receiver: 35, Sender: 41, RSSI: -101
[P1_RX] Time: 671ms, Receiver: 22, Sender: 41, RSSI: -103
[P1_RX] Time: 671ms, Receiver: 9, Sender: 41, RSSI: -105
[P1_RX] Time: 671ms, Receiver: 39, Sender: 41, RSSI: -107
[P1_ATTEMPT] Time: 671ms, Drone: 7
[P1_SUCCESS] Time: 672ms, Drone: 31
[P1_RX] Time: 672ms, Receiver: 45, Sender: 31, RSSI: -90
[P1_RX] Time: 672ms, Receiver: 13, Sender: 31, RSSI: -92
[P1_RX] Time: 672ms, Receiver: 4, Sender: 31, RSSI: -100
[P1_RX] Time: 672ms, Receiver: 48, Sender: 31, RSSI: -101
[P1_RX] Time: 672ms, Receiver: 2, Sender: 31, RSSI: -101
[P1_RX] Time: 672ms, Receiver: 33, Sender: 31, RSSI: -102
[P1_RX] Time: 672ms, Receiver: 24, Sender: 31, RSSI: -102
[P1_RX] Time: 672ms, Receiver: 32, Sender: 31, RSSI: -104
[P1_RX] Time: 672ms, Receiver: 15, Sender: 31, RSSI: -104
[P1_RX] Time: 672ms, Receiver: 0, Sender: 31, RSSI: -103
[P1_RX] Time: 672ms, Receiver: 29, Sender: 31, RSSI: -104
[P1_RX] Time: 672ms, Receiver: 1, Sender: 31, RSSI: -105
[P1_RX] Time: 672ms, Receiver: 27, Sender: 31, RSSI: -106
[P1_RX] Time: 672ms, Receiver: 37, Sender: 31, RSSI: -106
[P1_RX] Time: 672ms, Receiver: 19, Sender: 31, RSSI: -107
[P1_SUCCESS] Time: 672ms, Drone: 7
[P1_RX] Time: 672ms, Receiver: 30, Sender: 7, RSSI: -94
[P1_RX] Time: 672ms, Receiver: 14, Sender: 7, RSSI: -100
[P1_RX] Time: 672ms, Receiver: 12, Sender: 7, RSSI: -102
[P1_RX] Time: 672ms, Receiver: 26, Sender: 7, RSSI: -105
[P1_ATTEMPT] Time: 673ms, Drone: 2
[P1_ATTEMPT] Time: 673ms, Drone: 35
[P1_ATTEMPT] Time: 673ms, Drone: 44
[P1_ATTEMPT] Time: 673ms, Drone: 28
[P1_ATTEMPT] Time: 674ms, Drone: 26
[P1_ABORT] Time: 674ms, Drone: 28
[P1_ATTEMPT] Time: 674ms, Drone: 28
[P1_SUCCESS] Time: 674ms, Drone: 2
[P1_RX] Time: 674ms, Receiver: 24, Sender: 2, RSSI: -89
[P1_RX] Time: 674ms, Receiver: 42, Sender: 2, RSSI: -95
[P1_RX] Time: 674ms, Receiver: 13, Sender: 2, RSSI: -97
[P1_RX] Time: 674ms, Receiver: 23, Sender: 2, RSSI: -98
[P1_RX] Time: 674ms, Receiver: 48, Sender: 2, RSSI: -98
[P1_RX] Time: 674ms, Receiver: 0, Sender: 2, RSSI: -98
[P1_RX] Time: 674ms, Receiver: 45, Sender: 2, RSSI: -99
[P1_RX] Time: 674ms, Receiver: 14, Sender: 2, RSSI: -101
[P1_RX] Time: 674ms, Receiver: 26, Sender: 2, RSSI: -100
[P1_RX] Time: 674ms, Receiver: 4, Sender: 2, RSSI: -101
[P1_RX] Time: 674ms, Receiver: 31, Sender: 2, RSSI: -101
[P1_RX] Time: 674ms, Receiver: 1, Sender: 2, RSSI: -103
[P1_RX] Time: 674ms, Receiver: 32, Sender: 2, RSSI: -104
[P1_RX] Time: 674ms, Receiver: 30, Sender: 2, RSSI: -105
[P1_RX] Time: 674ms, Receiver: 12, Sender: 2, RSSI: -109
[P1_ABORT] Time: 674ms, Drone: 26
[P1_ATTEMPT] Time: 674ms, Drone: 26
[P1_SUCCESS] Time: 674ms, Drone: 35
[P1_ABORT] Time: 674ms, Drone: 28
[P1_ATTEMPT] Time: 674ms, Drone: 28
[P1_RX] Time: 674ms, Receiver: 5, Sender: 35, RSSI: -75
[P1_RX] Time: 674ms, Receiver: 39, Sender: 35, RSSI: -96
[P1_RX] Time: 674ms, Receiver: 40, Sender: 35, RSSI: -98
[P1_RX] Time: 674ms, Receiver: 9, Sender: 35, RSSI: -99
[P1_RX] Time: 674ms, Receiver: 41, Sender: 35, RSSI: -101
[P1_RX] Time: 674ms, Receiver: 36, Sender: 35, RSSI: -101
[P1_RX] Time: 674ms, Receiver: 47, Sender: 35, RSSI: -101
[P1_RX] Time: 674ms, Receiver: 22, Sender: 35, RSSI: -103
[P1_ABORT] Time: 674ms, Drone: 28
[P1_ATTEMPT] Time: 674ms, Drone: 28
[P1_ABORT] Time: 674ms, Drone: 28
[P1_ATTEMPT] Time: 674ms, Drone: 28
[P1_SUCCESS] Time: 674ms, Drone: 44
[P1_RX] Time: 674ms, Receiver: 28, Sender: 44, RSSI: -99
[P1_RX] Time: 674ms, Receiver: 46, Sender: 44, RSSI: -100
[P1_RX] Time: 674ms, Receiver: 34, Sender: 44, RSSI: -101
[P1_RX] Time: 674ms, Receiver: 20, Sender: 44, RSSI: -102
[P1_RX] Time: 674ms, Receiver: 37, Sender: 44, RSSI: -106
[P1_RX] Time: 674ms, Receiver: 8, Sender: 44, RSSI: -108
[P1_ABORT] Time: 674ms, Drone: 28
[P1_ATTEMPT] Time: 674ms, Drone: 28
[P1_SUCCESS] Time: 675ms, Drone: 26
[P1_RX] Time: 675ms, Receiver: 42, Sender: 26, RSSI: -94
[P1_RX] Time: 675ms, Receiver: 23, Sender: 26, RSSI: -97
[P1_RX] Time: 675ms, Receiver: 14, Sender: 26, RSSI: -99
[P1_RX] Time: 675ms, Receiver: 24, Sender: 26, RSSI: -99
[P1_RX] Time: 675ms, Receiver: 2, Sender: 26, RSSI: -101
[P1_RX] Time: 675ms, Receiver: 0, Sender: 26, RSSI: -102
[P1_RX] Time: 675ms, Receiver: 6, Sender: 26, RSSI: -102
[P1_RX] Time: 675ms, Receiver: 30, Sender: 26, RSSI: -106
[P1_RX] Time: 675ms, Receiver: 48, Sender: 26, RSSI: -106
[P1_RX] Time: 675ms, Receiver: 7, Sender: 26, RSSI: -106
[P1_RX] Time: 675ms, Receiver: 39, Sender: 26, RSSI: -107
[P1_RX] Time: 675ms, Receiver: 13, Sender: 26, RSSI: -107
[P1_SUCCESS] Time: 675ms, Drone: 28
[P1_RX] Time: 675ms, Receiver: 34, Sender: 28, RSSI: -78
[P1_RX] Time: 675ms, Receiver: 46, Sender: 28, RSSI: -82
[P1_RX] Time: 675ms, Receiver: 44, Sender: 28, RSSI: -99
[P1_RX] Time: 675ms, Receiver: 37, Sender: 28, RSSI: -103
[P1_RX] Time: 675ms, Receiver: 25, Sender: 28, RSSI: -104
[P1_RX] Time: 675ms, Receiver: 20, Sender: 28, RSSI: -105
[P1_RX] Time: 675ms, Receiver: 29, Sender: 28, RSSI: -105
[P1_RX] Time: 675ms, Receiver: 33, Sender: 28, RSSI: -107
[P1_ATTEMPT] Time: 676ms, Drone: 0
[P1_SUCCESS] Time: 676ms, Drone: 0
[P1_RX] Time: 676ms, Receiver: 23, Sender: 0, RSSI: -89
[P1_RX] Time: 676ms, Receiver: 14, Sender: 0, RSSI: -97
[P1_RX] Time: 676ms, Receiver: 42, Sender: 0, RSSI: -98
[P1_RX] Time: 676ms, Receiver: 2, Sender: 0, RSSI: -98
[P1_RX] Time: 676ms, Receiver: 6, Sender: 0, RSSI: -99
[P1_RX] Time: 676ms, Receiver: 24, Sender: 0, RSSI: -101
[P1_RX] Time: 676ms, Receiver: 26, Sender: 0, RSSI: -102
[P1_RX] Time: 676ms, Receiver: 45, Sender: 0, RSSI: -103
[P1_RX] Time: 676ms, Receiver: 13, Sender: 0, RSSI: -104
[P1_RX] Time: 676ms, Receiver: 31, Sender: 0, RSSI: -104
[P1_RX] Time: 676ms, Receiver: 9, Sender: 0, RSSI: -105
[P1_RX] Time: 676ms, Receiver: 39, Sender: 0, RSSI: -105
[P1_RX] Time: 676ms, Receiver: 30, Sender: 0, RSSI: -105
[P1_RX] Time: 676ms, Receiver: 19, Sender: 0, RSSI: -105
[P1_RX] Time: 676ms, Receiver: 48, Sender: 0, RSSI: -106
[P1_RX] Time: 676ms, Receiver: 27, Sender: 0, RSSI: -107
[P1_RX] Time: 676ms, Receiver: 35, Sender: 0, RSSI: -107
[P1_RX] Time: 676ms, Receiver: 7, Sender: 0, RSSI: -108
[P1_RX] Time: 676ms, Receiver: 5, Sender: 0, RSSI: -108
[P1_RX] Time: 676ms, Receiver: 4, Sender: 0, RSSI: -108
[P1_RX] Time: 676ms, Receiver: 32, Sender: 0, RSSI: -109
[P1_ATTEMPT] Time: 677ms, Drone: 17
[P1_ATTEMPT] Time: 677ms, Drone: 49
[P1_ABORT] Time: 677ms, Drone: 49
[P1_ATTEMPT] Time: 677ms, Drone: 49
[P1_ABORT] Time: 677ms, Drone: 49
[P1_ATTEMPT] Time: 677ms, Drone: 49
[P1_ABORT] Time: 677ms, Drone: 49
[P1_ATTEMPT] Time: 677ms, Drone: 49
[P1_ABORT] Time: 678ms, Drone: 49
[P1_ATTEMPT] Time: 678ms, Drone: 49
[P1_SUCCESS] Time: 678ms, Drone: 17
[P1_RX] Time: 678ms, Receiver: 18, Sender: 17, RSSI: -86
[P1_RX] Time: 678ms, Receiver: 21, Sender: 17, RSSI: -91
[P1_RX] Time: 678ms, Receiver: 16, Sender: 17, RSSI: -91
[P1_RX] Time: 678ms, Receiver: 1, Sender: 17, RSSI: -99
[P1_RX] Time: 678ms, Receiver: 11, Sender: 17, RSSI: -99
[P1_RX] Time: 678ms, Receiver: 32, Sender: 17, RSSI: -99
[P1_RX] Time: 678ms, Receiver: 3, Sender: 17, RSSI: -100
[P1_RX] Time: 678ms, Receiver: 47, Sender: 17, RSSI: -101
[P1_RX] Time: 678ms, Receiver: 49, Sender: 17, RSSI: -103
[P1_RX] Time: 678ms, Receiver: 15, Sender: 17, RSSI: -103
[P1_RX] Time: 678ms, Receiver: 43, Sender: 17, RSSI: -103
[P1_RX] Time: 678ms, Receiver: 38, Sender: 17, RSSI: -103
[P1_RX] Time: 678ms, Receiver: 40, Sender: 17, RSSI: -104
[P1_RX] Time: 678ms, Receiver: 41, Sender: 17, RSSI: -105
[P1_RX] Time: 678ms, Receiver: 27, Sender: 17, RSSI: -105
[P1_RX] Time: 678ms, Receiver: 19, Sender: 17, RSSI: -106
[P1_RX] Time: 678ms, Receiver: 4, Sender: 17, RSSI: -109
[P1_ABORT] Time: 678ms, Drone: 49
[P1_ATTEMPT] Time: 678ms, Drone: 49
[P1_ATTEMPT] Time: 678ms, Drone: 11
[P1_ABORT] Time: 678ms, Drone: 11
[P1_ATTEMPT] Time: 678ms, Drone: 11
[P1_ABORT] Time: 679ms, Drone: 11
[P1_ATTEMPT] Time: 679ms, Drone: 11
[P1_SUCCESS] Time: 679ms, Drone: 49
[P1_RX] Time: 679ms, Receiver: 3, Sender: 49, RSSI: -80
[P1_RX] Time: 679ms, Receiver: 18, Sender: 49, RSSI: -100
[P1_RX] Time: 679ms, Receiver: 21, Sender: 49, RSSI: -100
[P1_RX] Time: 679ms, Receiver: 16, Sender: 49, RSSI: -102
[P1_RX] Time: 679ms, Receiver: 1, Sender: 49, RSSI: -102
[P1_RX] Time: 679ms, Receiver: 17, Sender: 49, RSSI: -103
[P1_RX] Time: 679ms, Receiver: 15, Sender: 49, RSSI: -103
[P1_RX] Time: 679ms, Receiver: 32, Sender: 49, RSSI: -103
[P1_RX] Time: 679ms, Receiver: 8, Sender: 49, RSSI: -104
[P1_RX] Time: 679ms, Receiver: 43, Sender: 49, RSSI: -105
[P1_RX] Time: 679ms, Receiver: 38, Sender: 49, RSSI: -106
[P1_RX] Time: 679ms, Receiver: 4, Sender: 49, RSSI: -106
[P1_RX] Time: 679ms, Receiver: 20, Sender: 49, RSSI: -107
[P1_RX] Time: 679ms, Receiver: 10, Sender: 49, RSSI: -108
[P1_RX] Time: 679ms, Receiver: 47, Sender: 49, RSSI: -109
[P1_ATTEMPT] Time: 679ms, Drone: 40
[P1_ATTEMPT] Time: 679ms, Drone: 23
[P1_ABORT] Time: 679ms, Drone: 23
[P1_ATTEMPT] Time: 679ms, Drone: 23
[P1_ABORT] Time: 679ms, Drone: 23
[P1_ATTEMPT] Time: 679ms, Drone: 23
[P1_ATTEMPT] Time: 679ms, Drone: 15
[P1_ATTEMPT] Time: 679ms, Drone: 10
[P1_SUCCESS] Time: 679ms, Drone: 11
[P1_RX] Time: 679ms, Receiver: 38, Sender: 11, RSSI: -94
[P1_RX] Time: 679ms, Receiver: 21, Sender: 11, RSSI: -96
[P1_RX] Time: 679ms, Receiver: 18, Sender: 11, RSSI: -97
[P1_RX] Time: 679ms, Receiver: 17, Sender: 11, RSSI: -98
[P1_RX] Time: 679ms, Receiver: 43, Sender: 11, RSSI: -99
[P1_RX] Time: 679ms, Receiver: 15, Sender: 11, RSSI: -103
[P1_RX] Time: 679ms, Receiver: 10, Sender: 11, RSSI: -105
[P1_RX] Time: 679ms, Receiver: 3, Sender: 11, RSSI: -104
[P1_RX] Time: 679ms, Receiver: 8, Sender: 11, RSSI: -107
[P1_RX] Time: 679ms, Receiver: 49, Sender: 11, RSSI: -106
[P1_ABORT] Time: 680ms, Drone: 23
[P1_ATTEMPT] Time: 680ms, Drone: 23
[P1_SUCCESS] Time: 680ms, Drone: 40
[P1_RX] Time: 680ms, Receiver: 47, Sender: 40, RSSI: -91
[P1_RX] Time: 680ms, Receiver: 19, Sender: 40, RSSI: -92
[P1_RX] Time: 680ms, Receiver: 41, Sender: 40, RSSI: -95
[P1_RX] Time: 680ms, Receiver: 5, Sender: 40, RSSI: -98
[P1_RX] Time: 680ms, Receiver: 35, Sender: 40, RSSI: -99
[P1_RX] Time: 680ms, Receiver: 27, Sender: 40, RSSI: -100
[P1_RX] Time: 680ms, Receiver: 36, Sender: 40, RSSI: -104
[P1_RX] Time: 680ms, Receiver: 39, Sender: 40, RSSI: -106
[P1_RX] Time: 680ms, Receiver: 9, Sender: 40, RSSI: -106
[P1_RX] Time: 680ms, Receiver: 42, Sender: 40, RSSI: -106
[P1_RX] Time: 680ms, Receiver: 2, Sender: 40, RSSI: -106
[P1_RX] Time: 680ms, Receiver: 22, Sender: 40, RSSI: -106
[P1_RX] Time: 680ms, Receiver: 45, Sender: 40, RSSI: -106
[P1_ABORT] Time: 680ms, Drone: 15
[P1_ATTEMPT] Time: 680ms, Drone: 15
[P1_ABORT] Time: 680ms, Drone: 10
[P1_ATTEMPT] Time: 680ms, Drone: 10
[P1_ATTEMPT] Time: 680ms, Drone: 46
[P1_ATTEMPT] Time: 680ms, Drone: 48
[P1_ATTEMPT] Time: 680ms, Drone: 30
[P1_ABORT] Time: 680ms, Drone: 48
[P1_ATTEMPT] Time: 680ms, Drone: 48
[P1_ABORT] Time: 680ms, Drone: 30
[P1_ATTEMPT] Time: 680ms, Drone: 30
[P1_SUCCESS] Time: 681ms, Drone: 23
[P1_RX] Time: 681ms, Receiver: 14, Sender: 23, RSSI: -89
[P1_RX] Time: 681ms, Receiver: 0, Sender: 23, RSSI: -89
[P1_RX] Time: 681ms, Receiver: 26, Sender: 23, RSSI: -97
[P1_RX] Time: 681ms, Receiver: 42, Sender: 23, RSSI: -97
[P1_RX] Time: 681ms, Receiver: 2, Sender: 23, RSSI: -97
[P1_RX] Time: 681ms, Receiver: 24, Sender: 23, RSSI: -98
[P1_RX] Time: 681ms, Receiver: 6, Sender: 23, RSSI: -100
[P1_RX] Time: 681ms, Receiver: 30, Sender: 23, RSSI: -102
[P1_RX] Time: 681ms, Receiver: 13, Sender: 23, RSSI: -101
[P1_RX] Time: 681ms, Receiver: 7, Sender: 23, RSSI: -105
[P1_RX] Time: 681ms, Receiver: 39, Sender: 23, RSSI: -106
[P1_RX] Time: 681ms, Receiver: 9, Sender: 23, RSSI: -107
[P1_SUCCESS] Time: 681ms, Drone: 15
[P1_RX] Time: 681ms, Receiver: 43, Sender: 15, RSSI: -92
[P1_RX] Time: 681ms, Receiver: 32, Sender: 15, RSSI: -95
[P1_RX] Time: 681ms, Receiver: 1, Sender: 15, RSSI: -98
[P1_RX] Time: 681ms, Receiver: 18, Sender: 15, RSSI: -99
[P1_RX] Time: 681ms, Receiver: 16, Sender: 15, RSSI: -99
[P1_RX] Time: 681ms, Receiver: 21, Sender: 15, RSSI: -99
[P1_RX] Time: 681ms, Receiver: 3, Sender: 15, RSSI: -101
[P1_RX] Time: 681ms, Receiver: 17, Sender: 15, RSSI: -102
[P1_RX] Time: 681ms, Receiver: 49, Sender: 15, RSSI: -101
[P1_RX] Time: 681ms, Receiver: 33, Sender: 15, RSSI: -102
[P1_RX] Time: 681ms, Receiver: 4, Sender: 15, RSSI: -102
[P1_RX] Time: 681ms, Receiver: 27, Sender: 15, RSSI: -103
[P1_RX] Time: 681ms, Receiver: 37, Sender: 15, RSSI: -104
[P1_RX] Time: 681ms, Receiver: 47, Sender: 15, RSSI: -104
[P1_SUCCESS] Time: 681ms, Drone: 10
[P1_RX] Time: 681ms, Receiver: 38, Sender: 10, RSSI: -97
[P1_RX] Time: 681ms, Receiver: 8, Sender: 10, RSSI: -101
[P1_ABORT] Time: 681ms, Drone: 48
[P1_ATTEMPT] Time: 681ms, Drone: 48
[P1_ABORT] Time: 681ms, Drone: 30
[P1_ATTEMPT] Time: 681ms, Drone: 30
[P1_ATTEMPT] Time: 681ms, Drone: 42
[P1_SUCCESS] Time: 681ms, Drone: 46
[P1_RX] Time: 681ms, Receiver: 28, Sender: 46, RSSI: -82
[P1_RX] Time: 681ms, Receiver: 34, Sender: 46, RSSI: -87
[P1_RX] Time: 681ms, Receiver: 44, Sender: 46, RSSI: -100
[P1_RX] Time: 681ms, Receiver: 20, Sender: 46, RSSI: -107
[P1_ATTEMPT] Time: 681ms, Drone: 12
[P1_ABORT] Time: 681ms, Drone: 12
[P1_ATTEMPT] Time: 681ms, Drone: 12
[P1_ATTEMPT] Time: 681ms, Drone: 14
[P1_ABORT] Time: 681ms, Drone: 12
[P1_ATTEMPT] Time: 681ms, Drone: 12
[P1_ATTEMPT] Time: 681ms, Drone: 18
[P1_SUCCESS] Time: 681ms, Drone: 48
[P1_RX] Time: 681ms, Receiver: 13, Sender: 48, RSSI: -92
[P1_RX] Time: 681ms, Receiver: 4, Sender: 48, RSSI: -94
[P1_RX] Time: 681ms, Receiver: 24, Sender: 48, RSSI: -93
[P1_RX] Time: 681ms, Receiver: 31, Sender: 48, RSSI: -100
[P1_RX] Time: 681ms, Receiver: 45, Sender: 48, RSSI: -100
[P1_SUCCESS] Time: 682ms, Drone: 30
[P1_RX] Time: 682ms, Receiver: 7, Sender: 30, RSSI: -93
[P1_RX] Time: 682ms, Receiver: 14, Sender: 30, RSSI: -95
[P1_RX] Time: 682ms, Receiver: 12, Sender: 30, RSSI: -97
[P1_ABORT] Time: 682ms, Drone: 14
[P1_ATTEMPT] Time: 682ms, Drone: 14
[P1_SUCCESS] Time: 682ms, Drone: 42
[P1_RX] Time: 682ms, Receiver: 26, Sender: 42, RSSI: -94
[P1_RX] Time: 682ms, Receiver: 23, Sender: 42, RSSI: -95
[P1_RX] Time: 682ms, Receiver: 0, Sender: 42, RSSI: -97
[P1_RX] Time: 682ms, Receiver: 6, Sender: 42, RSSI: -98
[P1_RX] Time: 682ms, Receiver: 19, Sender: 42, RSSI: -101
[P1_RX] Time: 682ms, Receiver: 39, Sender: 42, RSSI: -102
[P1_RX] Time: 682ms, Receiver: 35, Sender: 42, RSSI: -104
[P1_RX] Time: 682ms, Receiver: 5, Sender: 42, RSSI: -105
[P1_RX] Time: 682ms, Receiver: 40, Sender: 42, RSSI: -105
[P1_RX] Time: 682ms, Receiver: 47, Sender: 42, RSSI: -105
[P1_RX] Time: 682ms, Receiver: 27, Sender: 42, RSSI: -105
[P1_ABORT] Time: 682ms, Drone: 12
[P1_ATTEMPT] Time: 682ms, Drone: 12
[P1_ABORT] Time: 682ms, Drone: 14
[P1_ATTEMPT] Time: 682ms, Drone: 14
[P1_ATTEMPT] Time: 682ms, Drone: 4
[P1_ABORT] Time: 682ms, Drone: 4
[P1_ATTEMPT] Time: 682ms, Drone: 4
[P1_ATTEMPT] Time: 682ms, Drone: 9
[P1_ABORT] Time: 682ms, Drone: 4
[P1_ATTEMPT] Time: 682ms, Drone: 4
[P1_ABORT] Time: 682ms, Drone: 9
[P1_ATTEMPT] Time: 682ms, Drone: 9
[P1_ABORT] Time: 682ms, Drone: 4
[P1_ATTEMPT] Time: 682ms, Drone: 4
[P1_ABORT] Time: 682ms, Drone: 9
[P1_ATTEMPT] Time: 682ms, Drone: 9
[P1_ABORT] Time: 682ms, Drone: 4
[P1_ATTEMPT] Time: 682ms, Drone: 4
[P1_SUCCESS] Time: 682ms, Drone: 18
[P1_RX] Time: 682ms, Receiver: 21, Sender: 18, RSSI: -78
[P1_RX] Time: 682ms, Receiver: 17, Sender: 18, RSSI: -86
[P1_RX] Time: 682ms, Receiver: 16, Sender: 18, RSSI: -94
[P1_RX] Time: 682ms, Receiver: 3, Sender: 18, RSSI: -97
[P1_RX] Time: 682ms, Receiver: 11, Sender: 18, RSSI: -98
[P1_RX] Time: 682ms, Receiver: 32, Sender: 18, RSSI: -99
[P1_RX] Time: 682ms, Receiver: 1, Sender: 18, RSSI: -99
[P1_RX] Time: 682ms, Receiver: 43, Sender: 18, RSSI: -99
[P1_RX] Time: 682ms, Receiver: 38, Sender: 18, RSSI: -100
[P1_RX] Time: 682ms, Receiver: 15, Sender: 18, RSSI: -100
[P1_RX] Time: 682ms, Receiver: 49, Sender: 18, RSSI: -100
[P1_RX] Time: 682ms, Receiver: 47, Sender: 18, RSSI: -103
[P1_RX] Time: 682ms, Receiver: 27, Sender: 18, RSSI: -105
[P1_RX] Time: 682ms, Receiver: 8, Sender: 18, RSSI: -106
[P1_RX] Time: 682ms, Receiver: 40, Sender: 18, RSSI: -106
[P1_RX] Time: 682ms, Receiver: 10, Sender: 18, RSSI: -106
[P1_ATTEMPT] Time: 682ms, Drone: 19
[P1_ABORT] Time: 682ms, Drone: 9
[P1_ATTEMPT] Time: 682ms, Drone: 9
[P1_ABORT] Time: 682ms, Drone: 4
[P1_ATTEMPT] Time: 682ms, Drone: 4
[P1_SUCCESS] Time: 683ms, Drone: 12
[P1_RX] Time: 683ms, Receiver: 30, Sender: 12, RSSI: -94
[P1_ABORT] Time: 683ms, Drone: 9
[P1_ATTEMPT] Time: 683ms, Drone: 9
[P1_ABORT] Time: 683ms, Drone: 4
[P1_ATTEMPT] Time: 683ms, Drone: 4
[P1_SUCCESS] Time: 683ms, Drone: 14
[P1_RX] Time: 683ms, Receiver: 23, Sender: 14, RSSI: -89
[P1_RX] Time: 683ms, Receiver: 0, Sender: 14, RSSI: -97
[P1_RX] Time: 683ms, Receiver: 26, Sender: 14, RSSI: -98
[P1_RX] Time: 683ms, Receiver: 24, Sender: 14, RSSI: -98
[P1_RX] Time: 683ms, Receiver: 2, Sender: 14, RSSI: -100
[P1_RX] Time: 683ms, Receiver: 42, Sender: 14, RSSI: -101
[P1_RX] Time: 683ms, Receiver: 6, Sender: 14, RSSI: -104
[P1_ATTEMPT] Time: 683ms, Drone: 45
[P1_SUCCESS] Time: 683ms, Drone: 19
[P1_RX] Time: 683ms, Receiver: 40, Sender: 19, RSSI: -92
[P1_RX] Time: 683ms, Receiver: 47, Sender: 19, RSSI: -92
[P1_RX] Time: 683ms, Receiver: 27, Sender: 19, RSSI: -98
[P1_RX] Time: 683ms, Receiver: 35, Sender: 19, RSSI: -98
[P1_RX] Time: 683ms, Receiver: 5, Sender: 19, RSSI: -99
[P1_RX] Time: 683ms, Receiver: 41, Sender: 19, RSSI: -101
[P1_RX] Time: 683ms, Receiver: 1, Sender: 19, RSSI: -102
[P1_RX] Time: 683ms, Receiver: 32, Sender: 19, RSSI: -102
[P1_RX] Time: 683ms, Receiver: 16, Sender: 19, RSSI: -102
[P1_RX] Time: 683ms, Receiver: 42, Sender: 19, RSSI: -103
[P1_RX] Time: 683ms, Receiver: 17, Sender: 19, RSSI: -106
[P1_ABORT] Time: 683ms, Drone: 45
[P1_ATTEMPT] Time: 683ms, Drone: 45
[P1_SUCCESS] Time: 683ms, Drone: 9
[P1_ABORT] Time: 684ms, Drone: 45
[P1_ATTEMPT] Time: 684ms, Drone: 45
[P1_SUCCESS] Time: 684ms, Drone: 4
[P1_RX] Time: 684ms, Receiver: 33, Sender: 4, RSSI: -103
[P1_RX] Time: 684ms, Receiver: 29, Sender: 4, RSSI: -103
[P1_RX] Time: 684ms, Receiver: 20, Sender: 4, RSSI: -105
[P1_RX] Time: 684ms, Receiver: 37, Sender: 4, RSSI: -105
[P1_RX] Time: 684ms, Receiver: 25, Sender: 4, RSSI: -107
[P1_ABORT] Time: 684ms, Drone: 45
[P1_ATTEMPT] Time: 684ms, Drone: 45
[P1_ATTEMPT] Time: 684ms, Drone: 3
[P1_ATTEMPT] Time: 684ms, Drone: 6
[P1_ABORT] Time: 684ms, Drone: 6
[P1_ATTEMPT] Time: 684ms, Drone: 6
[P1_ABORT] Time: 684ms, Drone: 6
[P1_ATTEMPT] Time: 684ms, Drone: 6
[P1_ABORT] Time: 685ms, Drone: 6
[P1_ATTEMPT] Time: 685ms, Drone: 6
[P1_SUCCESS] Time: 685ms, Drone: 45
[P1_RX] Time: 685ms, Receiver: 31, Sender: 45, RSSI: -90
[P1_RX] Time: 685ms, Receiver: 13, Sender: 45, RSSI: -96
[P1_RX] Time: 685ms, Receiver: 2, Sender: 45, RSSI: -99
[P1_RX] Time: 685ms, Receiver: 32, Sender: 45, RSSI: -99
[P1_RX] Time: 685ms, Receiver: 4, Sender: 45, RSSI: -100
[P1_RX] Time: 685ms, Receiver: 27, Sender: 45, RSSI: -101
[P1_RX] Time: 685ms, Receiver: 0, Sender: 45, RSSI: -102
[P1_RX] Time: 685ms, Receiver: 48, Sender: 45, RSSI: -102
[P1_RX] Time: 685ms, Receiver: 24, Sender: 45, RSSI: -103
[P1_RX] Time: 685ms, Receiver: 19, Sender: 45, RSSI: -103
[P1_RX] Time: 685ms, Receiver: 23, Sender: 45, RSSI: -104
[P1_RX] Time: 685ms, Receiver: 47, Sender: 45, RSSI: -103
[P1_RX] Time: 685ms, Receiver: 33, Sender: 45, RSSI: -104
[P1_RX] Time: 685ms, Receiver: 42, Sender: 45, RSSI: -105
[P1_RX] Time: 685ms, Receiver: 14, Sender: 45, RSSI: -106
[P1_RX] Time: 685ms, Receiver: 30, Sender: 45, RSSI: -108
[P1_SUCCESS] Time: 685ms, Drone: 3
[P1_RX] Time: 685ms, Receiver: 49, Sender: 3, RSSI: -80
[P1_RX] Time: 685ms, Receiver: 18, Sender: 3, RSSI: -97
[P1_RX] Time: 685ms, Receiver: 21, Sender: 3, RSSI: -97
[P1_RX] Time: 685ms, Receiver: 17, Sender: 3, RSSI: -100
[P1_RX] Time: 685ms, Receiver: 16, Sender: 3, RSSI: -99
[P1_RX] Time: 685ms, Receiver: 8, Sender: 3, RSSI: -103
[P1_RX] Time: 685ms, Receiver: 38, Sender: 3, RSSI: -104
[P1_RX] Time: 685ms, Receiver: 11, Sender: 3, RSSI: -105
[P1_RX] Time: 685ms, Receiver: 10, Sender: 3, RSSI: -106
[P1_RX] Time: 685ms, Receiver: 20, Sender: 3, RSSI: -107
[P1_ATTEMPT] Time: 685ms, Drone: 47
[P1_ABORT] Time: 685ms, Drone: 47
[P1_ATTEMPT] Time: 685ms, Drone: 47
[P1_ABORT] Time: 685ms, Drone: 47
[P1_ATTEMPT] Time: 685ms, Drone: 47
[P1_SUCCESS] Time: 685ms, Drone: 6
[P1_RX] Time: 685ms, Receiver: 39, Sender: 6, RSSI: -95
[P1_RX] Time: 685ms, Receiver: 42, Sender: 6, RSSI: -98
[P1_RX] Time: 685ms, Receiver: 0, Sender: 6, RSSI: -99
[P1_RX] Time: 685ms, Receiver: 23, Sender: 6, RSSI: -100
[P1_RX] Time: 685ms, Receiver: 9, Sender: 6, RSSI: -101
[P1_RX] Time: 685ms, Receiver: 26, Sender: 6, RSSI: -102
[P1_RX] Time: 685ms, Receiver: 35, Sender: 6, RSSI: -103
[P1_RX] Time: 685ms, Receiver: 14, Sender: 6, RSSI: -104
[P1_RX] Time: 685ms, Receiver: 2, Sender: 6, RSSI: -105
[P1_RX] Time: 685ms, Receiver: 5, Sender: 6, RSSI: -105
[P1_RX] Time: 685ms, Receiver: 19, Sender: 6, RSSI: -105
[P1_RX] Time: 685ms, Receiver: 24, Sender: 6, RSSI: -106
[P1_RX] Time: 685ms, Receiver: 40, Sender: 6, RSSI: -109
[P1_SUCCESS] Time: 686ms, Drone: 47
[P1_RX] Time: 686ms, Receiver: 40, Sender: 47, RSSI: -91
[P1_RX] Time: 686ms, Receiver: 19, Sender: 47, RSSI: -92
[P1_RX] Time: 686ms, Receiver: 27, Sender: 47, RSSI: -95
[P1_RX] Time: 686ms, Receiver: 41, Sender: 47, RSSI: -97
[P1_RX] Time: 686ms, Receiver: 16, Sender: 47, RSSI: -97
[P1_RX] Time: 686ms, Receiver: 32, Sender: 47, RSSI: -99
[P1_RX] Time: 686ms, Receiver: 1, Sender: 47, RSSI: -99
[P1_RX] Time: 686ms, Receiver: 17, Sender: 47, RSSI: -101
[P1_RX] Time: 686ms, Receiver: 5, Sender: 47, RSSI: -102
[P1_RX] Time: 686ms, Receiver: 35, Sender: 47, RSSI: -102
[P1_RX] Time: 686ms, Receiver: 18, Sender: 47, RSSI: -103
[P1_RX] Time: 686ms, Receiver: 21, Sender: 47, RSSI: -105
[P1_RX] Time: 686ms, Receiver: 45, Sender: 47, RSSI: -105
[P1_RX] Time: 686ms, Receiver: 15, Sender: 47, RSSI: -106
[P1_RX] Time: 686ms, Receiver: 2, Sender: 47, RSSI: -106
[P1_RX] Time: 686ms, Receiver: 11, Sender: 47, RSSI: -106
[P1_RX] Time: 686ms, Receiver: 43, Sender: 47, RSSI: -107
[P1_RX] Time: 686ms, Receiver: 9, Sender: 47, RSSI: -107
[P1_RX] Time: 686ms, Receiver: 36, Sender: 47, RSSI: -107
[P1_RX] Time: 686ms, Receiver: 39, Sender: 47, RSSI: -108
[P1_RX] Time: 686ms, Receiver: 3, Sender: 47, RSSI: -108
[P1_RX] Time: 686ms, Receiver: 22, Sender: 47, RSSI: -108
[P1_RX] Time: 686ms, Receiver: 49, Sender: 47, RSSI: -109
[P1_RX] Time: 686ms, Receiver: 13, Sender: 47, RSSI: -109
[P1_ATTEMPT] Time: 715ms, Drone: 35
[P1_ATTEMPT] Time: 715ms, Drone: 46
[P1_ATTEMPT] Time: 715ms, Drone: 26
[P1_ABORT] Time: 715ms, Drone: 26
[P1_ATTEMPT] Time: 715ms, Drone: 26
[P1_ABORT] Time: 716ms, Drone: 26
[P1_ATTEMPT] Time: 716ms, Drone: 26
[P1_ABORT] Time: 716ms, Drone: 26
[P1_ATTEMPT] Time: 716ms, Drone: 26
[P1_SUCCESS] Time: 716ms, Drone: 35
[P1_RX] Time: 716ms, Receiver: 5, Sender: 35, RSSI: -75
[P1_RX] Time: 716ms, Receiver: 39, Sender: 35, RSSI: -97
[P1_RX] Time: 716ms, Receiver: 19, Sender: 35, RSSI: -98
[P1_RX] Time: 716ms, Receiver: 40, Sender: 35, RSSI: -99
[P1_RX] Time: 716ms, Receiver: 9, Sender: 35, RSSI: -100
[P1_RX] Time: 716ms, Receiver: 41, Sender: 35, RSSI: -102
[P1_RX] Time: 716ms, Receiver: 36, Sender: 35, RSSI: -102
[P1_RX] Time: 716ms, Receiver: 47, Sender: 35, RSSI: -102
[P1_RX] Time: 716ms, Receiver: 6, Sender: 35, RSSI: -103
[P1_RX] Time: 716ms, Receiver: 22, Sender: 35, RSSI: -104
[P1_RX] Time: 716ms, Receiver: 27, Sender: 35, RSSI: -104
[P1_RX] Time: 716ms, Receiver: 42, Sender: 35, RSSI: -105
[P1_RX] Time: 716ms, Receiver: 0, Sender: 35, RSSI: -107
[P1_RX] Time: 716ms, Receiver: 2, Sender: 35, RSSI: -108
[P1_RX] Time: 716ms, Receiver: 16, Sender: 35, RSSI: -109
[P1_RX] Time: 716ms, Receiver: 23, Sender: 35, RSSI: -109
[P1_RX] Time: 716ms, Receiver: 1, Sender: 35, RSSI: -109
[P1_RX] Time: 716ms, Receiver: 45, Sender: 35, RSSI: -110
[P1_ATTEMPT] Time: 716ms, Drone: 24
[P1_ATTEMPT] Time: 716ms, Drone: 8
[P1_ABORT] Time: 716ms, Drone: 24
[P1_ATTEMPT] Time: 716ms, Drone: 24
[P1_SUCCESS] Time: 716ms, Drone: 46
[P1_RX] Time: 716ms, Receiver: 28, Sender: 46, RSSI: -82
[P1_RX] Time: 716ms, Receiver: 34, Sender: 46, RSSI: -87
[P1_RX] Time: 716ms, Receiver: 44, Sender: 46, RSSI: -100
[P1_RX] Time: 716ms, Receiver: 37, Sender: 46, RSSI: -105
[P1_RX] Time: 716ms, Receiver: 25, Sender: 46, RSSI: -106
[P1_RX] Time: 716ms, Receiver: 20, Sender: 46, RSSI: -106
[P1_RX] Time: 716ms, Receiver: 33, Sender: 46, RSSI: -108
[P1_ATTEMPT] Time: 716ms, Drone: 44
[P1_ABORT] Time: 716ms, Drone: 24
[P1_ATTEMPT] Time: 716ms, Drone: 24
[P1_ABORT] Time: 716ms, Drone: 24
[P1_ATTEMPT] Time: 716ms, Drone: 24
[P1_ABORT] Time: 717ms, Drone: 24
[P1_ATTEMPT] Time: 717ms, Drone: 24
[P1_ATTEMPT] Time: 717ms, Drone: 32
[P1_ABORT] Time: 717ms, Drone: 24
[P1_ATTEMPT] Time: 717ms, Drone: 24
[P1_SUCCESS] Time: 717ms, Drone: 26
[P1_RX] Time: 717ms, Receiver: 42, Sender: 26, RSSI: -94
[P1_RX] Time: 717ms, Receiver: 23, Sender: 26, RSSI: -97
[P1_RX] Time: 717ms, Receiver: 14, Sender: 26, RSSI: -99
[P1_RX] Time: 717ms, Receiver: 24, Sender: 26, RSSI: -99
[P1_RX] Time: 717ms, Receiver: 2, Sender: 26, RSSI: -101
[P1_RX] Time: 717ms, Receiver: 0, Sender: 26, RSSI: -102
[P1_RX] Time: 717ms, Receiver: 6, Sender: 26, RSSI: -102
[P1_RX] Time: 717ms, Receiver: 30, Sender: 26, RSSI: -106
[P1_RX] Time: 717ms, Receiver: 48, Sender: 26, RSSI: -106
[P1_RX] Time: 717ms, Receiver: 7, Sender: 26, RSSI: -106
[P1_RX] Time: 717ms, Receiver: 39, Sender: 26, RSSI: -107
[P1_RX] Time: 717ms, Receiver: 35, Sender: 26, RSSI: -109
[P1_ATTEMPT] Time: 717ms, Drone: 1
[P1_ABORT] Time: 717ms, Drone: 24
[P1_ATTEMPT] Time: 717ms, Drone: 24
[P1_ATTEMPT] Time: 717ms, Drone: 4
[P1_SUCCESS] Time: 717ms, Drone: 8
[P1_RX] Time: 717ms, Receiver: 10, Sender: 8, RSSI: -101
[P1_RX] Time: 717ms, Receiver: 38, Sender: 8, RSSI: -102
[P1_ABORT] Time: 717ms, Drone: 4
[P1_ATTEMPT] Time: 717ms, Drone: 4
[P1_SUCCESS] Time: 717ms, Drone: 44
[P1_RX] Time: 717ms, Receiver: 28, Sender: 44, RSSI: -99
[P1_RX] Time: 717ms, Receiver: 46, Sender: 44, RSSI: -100
[P1_RX] Time: 717ms, Receiver: 34, Sender: 44, RSSI: -101
[P1_RX] Time: 717ms, Receiver: 20, Sender: 44, RSSI: -102
[P1_ABORT] Time: 717ms, Drone: 4
[P1_ATTEMPT] Time: 717ms, Drone: 4
[P1_ATTEMPT] Time: 717ms, Drone: 22
[P1_ABORT] Time: 717ms, Drone: 4
[P1_ATTEMPT] Time: 717ms, Drone: 4
[P1_SUCCESS] Time: 717ms, Drone: 32
[P1_RX] Time: 717ms, Receiver: 47, Sender: 32, RSSI: -96
[P1_RX] Time: 717ms, Receiver: 27, Sender: 32, RSSI: -98
[P1_RX] Time: 717ms, Receiver: 45, Sender: 32, RSSI: -98
[P1_RX] Time: 717ms, Receiver: 19, Sender: 32, RSSI: -99
[P1_RX] Time: 717ms, Receiver: 40, Sender: 32, RSSI: -100
[P1_ABORT] Time: 718ms, Drone: 4
[P1_ATTEMPT] Time: 718ms, Drone: 4
[P1_SUCCESS] Time: 718ms, Drone: 1
[P1_ATTEMPT] Time: 718ms, Drone: 47
[P1_ABORT] Time: 718ms, Drone: 4
[P1_ATTEMPT] Time: 718ms, Drone: 4
[P1_SUCCESS] Time: 718ms, Drone: 24
[P1_RX] Time: 718ms, Receiver: 23, Sender: 24, RSSI: -98
[P1_RX] Time: 718ms, Receiver: 26, Sender: 24, RSSI: -99
[P1_RX] Time: 718ms, Receiver: 14, Sender: 24, RSSI: -99
[P1_RX] Time: 718ms, Receiver: 30, Sender: 24, RSSI: -102
[P1_RX] Time: 718ms, Receiver: 6, Sender: 24, RSSI: -104
[P1_RX] Time: 718ms, Receiver: 7, Sender: 24, RSSI: -106
[P1_RX] Time: 718ms, Receiver: 12, Sender: 24, RSSI: -106
[P1_ABORT] Time: 718ms, Drone: 47
[P1_ATTEMPT] Time: 718ms, Drone: 47
[P1_ABORT] Time: 718ms, Drone: 4
[P1_ATTEMPT] Time: 718ms, Drone: 4
[P1_ABORT] Time: 718ms, Drone: 47
[P1_ATTEMPT] Time: 718ms, Drone: 47
[P1_ABORT] Time: 718ms, Drone: 47
[P1_ATTEMPT] Time: 718ms, Drone: 47
[P1_ABORT] Time: 718ms, Drone: 47
[P1_ATTEMPT] Time: 718ms, Drone: 47
[P1_SUCCESS] Time: 718ms, Drone: 22
[P1_RX] Time: 718ms, Receiver: 36, Sender: 22, RSSI: -100
[P1_RX] Time: 718ms, Receiver: 9, Sender: 22, RSSI: -103
[P1_RX] Time: 718ms, Receiver: 5, Sender: 22, RSSI: -103
[P1_RX] Time: 718ms, Receiver: 41, Sender: 22, RSSI: -103
[P1_RX] Time: 718ms, Receiver: 35, Sender: 22, RSSI: -104
[P1_RX] Time: 718ms, Receiver: 39, Sender: 22, RSSI: -107
[P1_RX] Time: 718ms, Receiver: 40, Sender: 22, RSSI: -107
[P1_ABORT] Time: 718ms, Drone: 47
[P1_ATTEMPT] Time: 718ms, Drone: 47
[P1_SUCCESS] Time: 719ms, Drone: 4
[P1_RX] Time: 719ms, Receiver: 48, Sender: 4, RSSI: -94
[P1_RX] Time: 719ms, Receiver: 13, Sender: 4, RSSI: -96
[P1_RX] Time: 719ms, Receiver: 31, Sender: 4, RSSI: -100
[P1_RX] Time: 719ms, Receiver: 45, Sender: 4, RSSI: -101
[P1_RX] Time: 719ms, Receiver: 2, Sender: 4, RSSI: -101
[P1_RX] Time: 719ms, Receiver: 24, Sender: 4, RSSI: -102
[P1_RX] Time: 719ms, Receiver: 33, Sender: 4, RSSI: -103
[P1_RX] Time: 719ms, Receiver: 29, Sender: 4, RSSI: -103
[P1_RX] Time: 719ms, Receiver: 15, Sender: 4, RSSI: -103
[P1_RX] Time: 719ms, Receiver: 20, Sender: 4, RSSI: -106
[P1_RX] Time: 719ms, Receiver: 37, Sender: 4, RSSI: -106
[P1_RX] Time: 719ms, Receiver: 49, Sender: 4, RSSI: -106
[P1_RX] Time: 719ms, Receiver: 25, Sender: 4, RSSI: -108
[P1_RX] Time: 719ms, Receiver: 30, Sender: 4, RSSI: -109
[P1_ATTEMPT] Time: 719ms, Drone: 29
[P1_ATTEMPT] Time: 719ms, Drone: 25
[P1_ATTEMPT] Time: 719ms, Drone: 11
[P1_ABORT] Time: 719ms, Drone: 11
[P1_ATTEMPT] Time: 719ms, Drone: 11
[P1_ABORT] Time: 719ms, Drone: 11
[P1_ATTEMPT] Time: 719ms, Drone: 11
[P1_ABORT] Time: 719ms, Drone: 11
[P1_ATTEMPT] Time: 719ms, Drone: 11
[P1_ATTEMPT] Time: 719ms, Drone: 7
[P1_SUCCESS] Time: 719ms, Drone: 47
[P1_RX] Time: 719ms, Receiver: 40, Sender: 47, RSSI: -91
[P1_RX] Time: 719ms, Receiver: 19, Sender: 47, RSSI: -92
[P1_RX] Time: 719ms, Receiver: 27, Sender: 47, RSSI: -95
[P1_RX] Time: 719ms, Receiver: 41, Sender: 47, RSSI: -97
[P1_RX] Time: 719ms, Receiver: 5, Sender: 47, RSSI: -102
[P1_RX] Time: 719ms, Receiver: 35, Sender: 47, RSSI: -102
[P1_RX] Time: 719ms, Receiver: 11, Sender: 47, RSSI: -105
[P1_RX] Time: 719ms, Receiver: 9, Sender: 47, RSSI: -106
[P1_RX] Time: 719ms, Receiver: 36, Sender: 47, RSSI: -107
[P1_ABORT] Time: 719ms, Drone: 11
[P1_ATTEMPT] Time: 719ms, Drone: 11
[P1_SUCCESS] Time: 720ms, Drone: 29
[P1_RX] Time: 720ms, Receiver: 33, Sender: 29, RSSI: -88
[P1_RX] Time: 720ms, Receiver: 37, Sender: 29, RSSI: -88
[P1_RX] Time: 720ms, Receiver: 20, Sender: 29, RSSI: -100
[P1_RX] Time: 720ms, Receiver: 4, Sender: 29, RSSI: -101
[P1_RX] Time: 720ms, Receiver: 48, Sender: 29, RSSI: -103
[P1_SUCCESS] Time: 720ms, Drone: 25
[P1_SUCCESS] Time: 720ms, Drone: 7
[P1_RX] Time: 720ms, Receiver: 30, Sender: 7, RSSI: -94
[P1_RX] Time: 720ms, Receiver: 14, Sender: 7, RSSI: -100
[P1_RX] Time: 720ms, Receiver: 23, Sender: 7, RSSI: -104
[P1_RX] Time: 720ms, Receiver: 26, Sender: 7, RSSI: -105
[P1_RX] Time: 720ms, Receiver: 0, Sender: 7, RSSI: -106
[P1_SUCCESS] Time: 720ms, Drone: 11
[P1_RX] Time: 720ms, Receiver: 38, Sender: 11, RSSI: -94
[P1_RX] Time: 720ms, Receiver: 21, Sender: 11, RSSI: -96
[P1_RX] Time: 720ms, Receiver: 18, Sender: 11, RSSI: -98
[P1_RX] Time: 720ms, Receiver: 17, Sender: 11, RSSI: -99
[P1_RX] Time: 720ms, Receiver: 43, Sender: 11, RSSI: -100
[P1_RX] Time: 720ms, Receiver: 16, Sender: 11, RSSI: -103
[P1_RX] Time: 720ms, Receiver: 32, Sender: 11, RSSI: -105
[P1_RX] Time: 720ms, Receiver: 10, Sender: 11, RSSI: -105
[P1_RX] Time: 720ms, Receiver: 3, Sender: 11, RSSI: -106
[P1_RX] Time: 720ms, Receiver: 47, Sender: 11, RSSI: -106
[P1_RX] Time: 720ms, Receiver: 1, Sender: 11, RSSI: -106
[P1_RX] Time: 720ms, Receiver: 27, Sender: 11, RSSI: -106
[P1_RX] Time: 720ms, Receiver: 8, Sender: 11, RSSI: -107
[P1_RX] Time: 720ms, Receiver: 41, Sender: 11, RSSI: -107
[P1_RX] Time: 720ms, Receiver: 49, Sender: 11, RSSI: -107
[P1_ATTEMPT] Time: 720ms, Drone: 0
[P1_ATTEMPT] Time: 721ms, Drone: 12
[P1_ATTEMPT] Time: 721ms, Drone: 28
[P1_ABORT] Time: 721ms, Drone: 12
[P1_ATTEMPT] Time: 721ms, Drone: 12
[P1_SUCCESS] Time: 721ms, Drone: 0
[P1_RX] Time: 721ms, Receiver: 23, Sender: 0, RSSI: -89
[P1_RX] Time: 721ms, Receiver: 14, Sender: 0, RSSI: -97
[P1_RX] Time: 721ms, Receiver: 42, Sender: 0, RSSI: -98
[P1_RX] Time: 721ms, Receiver: 2, Sender: 0, RSSI: -98
[P1_RX] Time: 721ms, Receiver: 6, Sender: 0, RSSI: -99
[P1_RX] Time: 721ms, Receiver: 24, Sender: 0, RSSI: -101
[P1_RX] Time: 721ms, Receiver: 26, Sender: 0, RSSI: -102
[P1_RX] Time: 721ms, Receiver: 45, Sender: 0, RSSI: -103
[P1_RX] Time: 721ms, Receiver: 13, Sender: 0, RSSI: -104
[P1_RX] Time: 721ms, Receiver: 31, Sender: 0, RSSI: -104
[P1_RX] Time: 721ms, Receiver: 9, Sender: 0, RSSI: -105
[P1_RX] Time: 721ms, Receiver: 39, Sender: 0, RSSI: -105
[P1_RX] Time: 721ms, Receiver: 30, Sender: 0, RSSI: -105
[P1_RX] Time: 721ms, Receiver: 19, Sender: 0, RSSI: -105
[P1_RX] Time: 721ms, Receiver: 48, Sender: 0, RSSI: -106
[P1_RX] Time: 721ms, Receiver: 27, Sender: 0, RSSI: -107
[P1_RX] Time: 721ms, Receiver: 35, Sender: 0, RSSI: -107
[P1_RX] Time: 721ms, Receiver: 7, Sender: 0, RSSI: -108
[P1_RX] Time: 721ms, Receiver: 4, Sender: 0, RSSI: -108
[P1_RX] Time: 721ms, Receiver: 47, Sender: 0, RSSI: -109
[P1_RX] Time: 721ms, Receiver: 1, Sender: 0, RSSI: -109
[P1_ATTEMPT] Time: 722ms, Drone: 38
[P1_SUCCESS] Time: 722ms, Drone: 28
[P1_RX] Time: 722ms, Receiver: 34, Sender: 28, RSSI: -78
[P1_RX] Time: 722ms, Receiver: 46, Sender: 28, RSSI: -82
[P1_RX] Time: 722ms, Receiver: 44, Sender: 28, RSSI: -99
[P1_RX] Time: 722ms, Receiver: 37, Sender: 28, RSSI: -103
[P1_RX] Time: 722ms, Receiver: 25, Sender: 28, RSSI: -103
[P1_RX] Time: 722ms, Receiver: 20, Sender: 28, RSSI: -104
[P1_RX] Time: 722ms, Receiver: 29, Sender: 28, RSSI: -104
[P1_SUCCESS] Time: 722ms, Drone: 12
[P1_RX] Time: 722ms, Receiver: 30, Sender: 12, RSSI: -98
[P1_RX] Time: 722ms, Receiver: 7, Sender: 12, RSSI: -103
[P1_RX] Time: 722ms, Receiver: 13, Sender: 12, RSSI: -105
[P1_RX] Time: 722ms, Receiver: 14, Sender: 12, RSSI: -106
[P1_RX] Time: 722ms, Receiver: 48, Sender: 12, RSSI: -106
[P1_RX] Time: 722ms, Receiver: 31, Sender: 12, RSSI: -106
[P1_RX] Time: 722ms, Receiver: 23, Sender: 12, RSSI: -108
[P1_RX] Time: 722ms, Receiver: 2, Sender: 12, RSSI: -109
[P1_ATTEMPT] Time: 722ms, Drone: 33
[P1_SUCCESS] Time: 722ms, Drone: 38
[P1_RX] Time: 722ms, Receiver: 11, Sender: 38, RSSI: -94
[P1_RX] Time: 722ms, Receiver: 43, Sender: 38, RSSI: -96
[P1_RX] Time: 722ms, Receiver: 21, Sender: 38, RSSI: -97
[P1_RX] Time: 722ms, Receiver: 18, Sender: 38, RSSI: -100
[P1_RX] Time: 722ms, Receiver: 17, Sender: 38, RSSI: -103
[P1_RX] Time: 722ms, Receiver: 8, Sender: 38, RSSI: -103
[P1_RX] Time: 722ms, Receiver: 3, Sender: 38, RSSI: -104
[P1_RX] Time: 722ms, Receiver: 16, Sender: 38, RSSI: -105
[P1_RX] Time: 722ms, Receiver: 49, Sender: 38, RSSI: -105
[P1_RX] Time: 722ms, Receiver: 1, Sender: 38, RSSI: -106
[P1_ATTEMPT] Time: 723ms, Drone: 34
[P1_ATTEMPT] Time: 723ms, Drone: 3
[P1_ABORT] Time: 723ms, Drone: 34
[P1_ATTEMPT] Time: 723ms, Drone: 34
[P1_ATTEMPT] Time: 723ms, Drone: 37
[P1_SUCCESS] Time: 723ms, Drone: 33
[P1_RX] Time: 723ms, Receiver: 29, Sender: 33, RSSI: -89
[P1_RX] Time: 723ms, Receiver: 37, Sender: 33, RSSI: -90
[P1_RX] Time: 723ms, Receiver: 25, Sender: 33, RSSI: -99
[P1_RX] Time: 723ms, Receiver: 31, Sender: 33, RSSI: -102
[P1_RX] Time: 723ms, Receiver: 4, Sender: 33, RSSI: -103
[P1_RX] Time: 723ms, Receiver: 13, Sender: 33, RSSI: -104
[P1_RX] Time: 723ms, Receiver: 45, Sender: 33, RSSI: -105
[P1_RX] Time: 723ms, Receiver: 20, Sender: 33, RSSI: -105
[P1_RX] Time: 723ms, Receiver: 34, Sender: 33, RSSI: -107
[P1_RX] Time: 723ms, Receiver: 48, Sender: 33, RSSI: -107
[P1_RX] Time: 723ms, Receiver: 46, Sender: 33, RSSI: -109
[P1_ABORT] Time: 723ms, Drone: 37
[P1_ATTEMPT] Time: 723ms, Drone: 37
[P1_ABORT] Time: 723ms, Drone: 37
[P1_ATTEMPT] Time: 723ms, Drone: 37
[P1_ABORT] Time: 723ms, Drone: 37
[P1_ATTEMPT] Time: 723ms, Drone: 37
[P1_ATTEMPT] Time: 723ms, Drone: 39
[P1_ABORT] Time: 724ms, Drone: 37
[P1_ATTEMPT] Time: 724ms, Drone: 37
[P1_ABORT] Time: 724ms, Drone: 37
[P1_ATTEMPT] Time: 724ms, Drone: 37
[P1_SUCCESS] Time: 724ms, Drone: 3
[P1_RX] Time: 724ms, Receiver: 49, Sender: 3, RSSI: -80
[P1_RX] Time: 724ms, Receiver: 18, Sender: 3, RSSI: -97
[P1_RX] Time: 724ms, Receiver: 21, Sender: 3, RSSI: -98
[P1_RX] Time: 724ms, Receiver: 17, Sender: 3, RSSI: -100
[P1_RX] Time: 724ms, Receiver: 16, Sender: 3, RSSI: -100
[P1_RX] Time: 724ms, Receiver: 1, Sender: 3, RSSI: -102
[P1_RX] Time: 724ms, Receiver: 15, Sender: 3, RSSI: -102
[P1_RX] Time: 724ms, Receiver: 32, Sender: 3, RSSI: -103
[P1_RX] Time: 724ms, Receiver: 8, Sender: 3, RSSI: -103
[P1_RX] Time: 724ms, Receiver: 43, Sender: 3, RSSI: -104
[P1_RX] Time: 724ms, Receiver: 38, Sender: 3, RSSI: -104
[P1_RX] Time: 724ms, Receiver: 11, Sender: 3, RSSI: -106
[P1_RX] Time: 724ms, Receiver: 4, Sender: 3, RSSI: -106
[P1_RX] Time: 724ms, Receiver: 10, Sender: 3, RSSI: -106
[P1_RX] Time: 724ms, Receiver: 47, Sender: 3, RSSI: -108
[P1_ABORT] Time: 724ms, Drone: 37
[P1_ATTEMPT] Time: 724ms, Drone: 37
[P1_SUCCESS] Time: 724ms, Drone: 34
[P1_RX] Time: 724ms, Receiver: 28, Sender: 34, RSSI: -78
[P1_RX] Time: 724ms, Receiver: 46, Sender: 34, RSSI: -87
[P1_RX] Time: 724ms, Receiver: 44, Sender: 34, RSSI: -100
[P1_RX] Time: 724ms, Receiver: 37, Sender: 34, RSSI: -102
[P1_RX] Time: 724ms, Receiver: 25, Sender: 34, RSSI: -102
[P1_RX] Time: 724ms, Receiver: 20, Sender: 34, RSSI: -103
[P1_RX] Time: 724ms, Receiver: 29, Sender: 34, RSSI: -104
[P1_RX] Time: 724ms, Receiver: 33, Sender: 34, RSSI: -105
[P1_ABORT] Time: 724ms, Drone: 37
[P1_ATTEMPT] Time: 724ms, Drone: 37
[P1_ATTEMPT] Time: 724ms, Drone: 20
[P1_ATTEMPT] Time: 724ms, Drone: 31
[P1_ATTEMPT] Time: 724ms, Drone: 27
[P1_ABORT] Time: 724ms, Drone: 27
[P1_ATTEMPT] Time: 724ms, Drone: 27
[P1_SUCCESS] Time: 724ms, Drone: 39
[P1_RX] Time: 724ms, Receiver: 6, Sender: 39, RSSI: -95
[P1_RX] Time: 724ms, Receiver: 35, Sender: 39, RSSI: -97
[P1_RX] Time: 724ms, Receiver: 9, Sender: 39, RSSI: -97
[P1_RX] Time: 724ms, Receiver: 5, Sender: 39, RSSI: -99
[P1_RX] Time: 724ms, Receiver: 42, Sender: 39, RSSI: -103
[P1_RX] Time: 724ms, Receiver: 19, Sender: 39, RSSI: -104
[P1_RX] Time: 724ms, Receiver: 40, Sender: 39, RSSI: -106
[P1_RX] Time: 724ms, Receiver: 22, Sender: 39, RSSI: -107
[P1_RX] Time: 724ms, Receiver: 36, Sender: 39, RSSI: -107
[P1_ABORT] Time: 724ms, Drone: 27
[P1_ATTEMPT] Time: 724ms, Drone: 27
[P1_ATTEMPT] Time: 724ms, Drone: 45
[P1_ABORT] Time: 725ms, Drone: 27
[P1_ATTEMPT] Time: 725ms, Drone: 27
[P1_ABORT] Time: 725ms, Drone: 45
[P1_ATTEMPT] Time: 725ms, Drone: 45
[P1_ABORT] Time: 725ms, Drone: 27
[P1_ATTEMPT] Time: 725ms, Drone: 27
[P1_ABORT] Time: 725ms, Drone: 45
[P1_ATTEMPT] Time: 725ms, Drone: 45
[P1_ABORT] Time: 725ms, Drone: 27
[P1_ATTEMPT] Time: 725ms, Drone: 27
[P1_ABORT] Time: 725ms, Drone: 45
[P1_ATTEMPT] Time: 725ms, Drone: 45
[P1_SUCCESS] Time: 725ms, Drone: 37
[P1_RX] Time: 725ms, Receiver: 29, Sender: 37, RSSI: -89
[P1_RX] Time: 725ms, Receiver: 33, Sender: 37, RSSI: -90
[P1_RX] Time: 725ms, Receiver: 25, Sender: 37, RSSI: -95
[P1_RX] Time: 725ms, Receiver: 34, Sender: 37, RSSI: -100
[P1_RX] Time: 725ms, Receiver: 46, Sender: 37, RSSI: -103
[P1_ABORT] Time: 725ms, Drone: 27
[P1_ATTEMPT] Time: 725ms, Drone: 27
[P1_SUCCESS] Time: 725ms, Drone: 20
[P1_RX] Time: 725ms, Receiver: 44, Sender: 20, RSSI: -101
[P1_RX] Time: 725ms, Receiver: 49, Sender: 20, RSSI: -104
[P1_ABORT] Time: 725ms, Drone: 45
[P1_ATTEMPT] Time: 725ms, Drone: 45
[P1_SUCCESS] Time: 725ms, Drone: 31
[P1_RX] Time: 725ms, Receiver: 48, Sender: 31, RSSI: -100
[P1_RX] Time: 725ms, Receiver: 1, Sender: 31, RSSI: -103
[P1_RX] Time: 725ms, Receiver: 12, Sender: 31, RSSI: -105
[P1_RX] Time: 725ms, Receiver: 30, Sender: 31, RSSI: -105
[P1_RX] Time: 725ms, Receiver: 16, Sender: 31, RSSI: -105
[P1_ABORT] Time: 725ms, Drone: 27
[P1_ATTEMPT] Time: 725ms, Drone: 27
[P1_ABORT] Time: 725ms, Drone: 45
[P1_ATTEMPT] Time: 725ms, Drone: 45
[P1_SUCCESS] Time: 726ms, Drone: 27
[P1_RX] Time: 726ms, Receiver: 47, Sender: 27, RSSI: -95
[P1_RX] Time: 726ms, Receiver: 19, Sender: 27, RSSI: -97
[P1_RX] Time: 726ms, Receiver: 32, Sender: 27, RSSI: -98
[P1_RX] Time: 726ms, Receiver: 41, Sender: 27, RSSI: -100
[P1_RX] Time: 726ms, Receiver: 40, Sender: 27, RSSI: -100
[P1_RX] Time: 726ms, Receiver: 1, Sender: 27, RSSI: -99
[P1_RX] Time: 726ms, Receiver: 16, Sender: 27, RSSI: -101
[P1_RX] Time: 726ms, Receiver: 35, Sender: 27, RSSI: -103
[P1_RX] Time: 726ms, Receiver: 5, Sender: 27, RSSI: -103
[P1_RX] Time: 726ms, Receiver: 17, Sender: 27, RSSI: -103
[P1_RX] Time: 726ms, Receiver: 18, Sender: 27, RSSI: -104
[P1_RX] Time: 726ms, Receiver: 11, Sender: 27, RSSI: -106
[P1_RX] Time: 726ms, Receiver: 22, Sender: 27, RSSI: -107
[P1_SUCCESS] Time: 726ms, Drone: 45
[P1_RX] Time: 726ms, Receiver: 31, Sender: 45, RSSI: -90
[P1_RX] Time: 726ms, Receiver: 13, Sender: 45, RSSI: -96
[P1_RX] Time: 726ms, Receiver: 2, Sender: 45, RSSI: -99
[P1_RX] Time: 726ms, Receiver: 4, Sender: 45, RSSI: -100
[P1_RX] Time: 726ms, Receiver: 0, Sender: 45, RSSI: -101
[P1_RX] Time: 726ms, Receiver: 48, Sender: 45, RSSI: -102
[P1_RX] Time: 726ms, Receiver: 24, Sender: 45, RSSI: -102
[P1_RX] Time: 726ms, Receiver: 23, Sender: 45, RSSI: -103
[P1_RX] Time: 726ms, Receiver: 33, Sender: 45, RSSI: -104
[P1_RX] Time: 726ms, Receiver: 14, Sender: 45, RSSI: -105
[P1_RX] Time: 726ms, Receiver: 29, Sender: 45, RSSI: -106
[P1_RX] Time: 726ms, Receiver: 30, Sender: 45, RSSI: -107
[P1_ATTEMPT] Time: 727ms, Drone: 16
[P1_ATTEMPT] Time: 727ms, Drone: 19
[P1_ATTEMPT] Time: 727ms, Drone: 43
[P1_ABORT] Time: 727ms, Drone: 43
[P1_ATTEMPT] Time: 727ms, Drone: 43
[P1_ABORT] Time: 727ms, Drone: 43
[P1_ATTEMPT] Time: 727ms, Drone: 43
[P1_ATTEMPT] Time: 727ms, Drone: 9
[P1_ABORT] Time: 727ms, Drone: 43
[P1_ATTEMPT] Time: 727ms, Drone: 43
[P1_ATTEMPT] Time: 728ms, Drone: 36
[P1_ABORT] Time: 728ms, Drone: 9
[P1_ATTEMPT] Time: 728ms, Drone: 9
[P1_ABORT] Time: 728ms, Drone: 43
[P1_ATTEMPT] Time: 728ms, Drone: 43
[P1_ABORT] Time: 728ms, Drone: 36
[P1_ATTEMPT] Time: 728ms, Drone: 36
[P1_ABORT] Time: 728ms, Drone: 9
[P1_ATTEMPT] Time: 728ms, Drone: 9
[P1_ATTEMPT] Time: 728ms, Drone: 10
[P1_ABORT] Time: 728ms, Drone: 43
[P1_ATTEMPT] Time: 728ms, Drone: 43
[P1_ABORT] Time: 728ms, Drone: 36
[P1_ATTEMPT] Time: 728ms, Drone: 36
[P1_SUCCESS] Time: 728ms, Drone: 16
[P1_RX] Time: 728ms, Receiver: 1, Sender: 16, RSSI: -89
[P1_RX] Time: 728ms, Receiver: 32, Sender: 16, RSSI: -91
[P1_RX] Time: 728ms, Receiver: 17, Sender: 16, RSSI: -91
[P1_RX] Time: 728ms, Receiver: 18, Sender: 16, RSSI: -94
[P1_RX] Time: 728ms, Receiver: 21, Sender: 16, RSSI: -97
[P1_RX] Time: 728ms, Receiver: 15, Sender: 16, RSSI: -100
[P1_RX] Time: 728ms, Receiver: 3, Sender: 16, RSSI: -101
[P1_RX] Time: 728ms, Receiver: 49, Sender: 16, RSSI: -102
[P1_RX] Time: 728ms, Receiver: 43, Sender: 16, RSSI: -103
[P1_RX] Time: 728ms, Receiver: 11, Sender: 16, RSSI: -103
[P1_RX] Time: 728ms, Receiver: 38, Sender: 16, RSSI: -105
[P1_RX] Time: 728ms, Receiver: 4, Sender: 16, RSSI: -106
[P1_ABORT] Time: 728ms, Drone: 9
[P1_ATTEMPT] Time: 728ms, Drone: 9
[P1_ABORT] Time: 728ms, Drone: 43
[P1_ATTEMPT] Time: 728ms, Drone: 43
[P1_ABORT] Time: 728ms, Drone: 36
[P1_ATTEMPT] Time: 728ms, Drone: 36
[P1_ABORT] Time: 728ms, Drone: 9
[P1_ATTEMPT] Time: 728ms, Drone: 9
[P1_SUCCESS] Time: 728ms, Drone: 19
[P1_RX] Time: 728ms, Receiver: 39, Sender: 19, RSSI: -104
[P1_RX] Time: 728ms, Receiver: 9, Sender: 19, RSSI: -104
[P1_RX] Time: 728ms, Receiver: 6, Sender: 19, RSSI: -105
[P1_RX] Time: 728ms, Receiver: 23, Sender: 19, RSSI: -106
[P1_RX] Time: 728ms, Receiver: 36, Sender: 19, RSSI: -106
[P1_RX] Time: 728ms, Receiver: 26, Sender: 19, RSSI: -107
[P1_RX] Time: 728ms, Receiver: 22, Sender: 19, RSSI: -107
[P1_ATTEMPT] Time: 728ms, Drone: 13
[P1_ATTEMPT] Time: 728ms, Drone: 23
[P1_ABORT] Time: 728ms, Drone: 9
[P1_ATTEMPT] Time: 728ms, Drone: 9
[P1_ATTEMPT] Time: 728ms, Drone: 2
[P1_ABORT] Time: 728ms, Drone: 2
[P1_ATTEMPT] Time: 728ms, Drone: 2
[P1_ABORT] Time: 728ms, Drone: 2
[P1_ATTEMPT] Time: 728ms, Drone: 2
[P1_ATTEMPT] Time: 728ms, Drone: 6
[P1_ABORT] Time: 729ms, Drone: 2
[P1_ATTEMPT] Time: 729ms, Drone: 2
[P1_ABORT] Time: 729ms, Drone: 6
[P1_ATTEMPT] Time: 729ms, Drone: 6
[P1_SUCCESS] Time: 729ms, Drone: 10
[P1_RX] Time: 729ms, Receiver: 8, Sender: 10, RSSI: -101
[P1_ATTEMPT] Time: 729ms, Drone: 17
[P1_ABORT] Time: 729ms, Drone: 2
[P1_ATTEMPT] Time: 729ms, Drone: 2
[P1_ABORT] Time: 729ms, Drone: 6
[P1_ATTEMPT] Time: 729ms, Drone: 6
[P1_SUCCESS] Time: 729ms, Drone: 43
[P1_ABORT] Time: 729ms, Drone: 17
[P1_ABORT] Time: 729ms, Drone: 2
[P1_ATTEMPT] Time: 729ms, Drone: 17
[P1_ATTEMPT] Time: 729ms, Drone: 2
[P1_SUCCESS] Time: 729ms, Drone: 36
[P1_RX] Time: 729ms, Receiver: 22, Sender: 36, RSSI: -99
[P1_RX] Time: 729ms, Receiver: 5, Sender: 36, RSSI: -99
[P1_RX] Time: 729ms, Receiver: 41, Sender: 36, RSSI: -100
[P1_ABORT] Time: 729ms, Drone: 6
[P1_ATTEMPT] Time: 729ms, Drone: 6
[P1_SUCCESS] Time: 729ms, Drone: 13
[P1_RX] Time: 729ms, Receiver: 31, Sender: 13, RSSI: -92
[P1_RX] Time: 729ms, Receiver: 48, Sender: 13, RSSI: -92
[P1_RX] Time: 729ms, Receiver: 45, Sender: 13, RSSI: -95
[P1_RX] Time: 729ms, Receiver: 4, Sender: 13, RSSI: -95
[P1_RX] Time: 729ms, Receiver: 2, Sender: 13, RSSI: -94
[P1_RX] Time: 729ms, Receiver: 24, Sender: 13, RSSI: -95
[P1_RX] Time: 729ms, Receiver: 12, Sender: 13, RSSI: -103
[P1_RX] Time: 729ms, Receiver: 25, Sender: 13, RSSI: -105
[P1_ABORT] Time: 729ms, Drone: 2
[P1_ATTEMPT] Time: 729ms, Drone: 2
[P1_SUCCESS] Time: 729ms, Drone: 23
[P1_RX] Time: 729ms, Receiver: 14, Sender: 23, RSSI: -88
[P1_RX] Time: 729ms, Receiver: 0, Sender: 23, RSSI: -89
[P1_RX] Time: 729ms, Receiver: 26, Sender: 23, RSSI: -96
[P1_RX] Time: 729ms, Receiver: 42, Sender: 23, RSSI: -96
[P1_RX] Time: 729ms, Receiver: 6, Sender: 23, RSSI: -97
[P1_RX] Time: 729ms, Receiver: 7, Sender: 23, RSSI: -103
[P1_ATTEMPT] Time: 729ms, Drone: 41
[P1_SUCCESS] Time: 729ms, Drone: 9
[P1_RX] Time: 729ms, Receiver: 19, Sender: 9, RSSI: -100
[P1_ABORT] Time: 729ms, Drone: 6
[P1_ATTEMPT] Time: 729ms, Drone: 6
[P1_ABORT] Time: 729ms, Drone: 2
[P1_ATTEMPT] Time: 729ms, Drone: 2
[P1_SUCCESS] Time: 730ms, Drone: 17
[P1_RX] Time: 730ms, Receiver: 18, Sender: 17, RSSI: -86
[P1_RX] Time: 730ms, Receiver: 21, Sender: 17, RSSI: -91
[P1_RX] Time: 730ms, Receiver: 16, Sender: 17, RSSI: -91
[P1_RX] Time: 730ms, Receiver: 1, Sender: 17, RSSI: -99
[P1_RX] Time: 730ms, Receiver: 11, Sender: 17, RSSI: -99
[P1_RX] Time: 730ms, Receiver: 32, Sender: 17, RSSI: -99
[P1_RX] Time: 730ms, Receiver: 3, Sender: 17, RSSI: -100
[P1_RX] Time: 730ms, Receiver: 49, Sender: 17, RSSI: -103
[P1_RX] Time: 730ms, Receiver: 15, Sender: 17, RSSI: -103
[P1_RX] Time: 730ms, Receiver: 43, Sender: 17, RSSI: -103
[P1_RX] Time: 730ms, Receiver: 38, Sender: 17, RSSI: -103
[P1_RX] Time: 730ms, Receiver: 10, Sender: 17, RSSI: -109
[P1_ATTEMPT] Time: 730ms, Drone: 14
[P1_SUCCESS] Time: 730ms, Drone: 41
[P1_RX] Time: 730ms, Receiver: 36, Sender: 41, RSSI: -100
[P1_RX] Time: 730ms, Receiver: 22, Sender: 41, RSSI: -102
[P1_ABORT] Time: 730ms, Drone: 14
[P1_ATTEMPT] Time: 730ms, Drone: 14
[P1_SUCCESS] Time: 730ms, Drone: 6
[P1_RX] Time: 730ms, Receiver: 39, Sender: 6, RSSI: -95
[P1_RX] Time: 730ms, Receiver: 0, Sender: 6, RSSI: -95
[P1_RX] Time: 730ms, Receiver: 9, Sender: 6, RSSI: -99
[P1_RX] Time: 730ms, Receiver: 26, Sender: 6, RSSI: -98
[P1_SUCCESS] Time: 730ms, Drone: 2
[P1_RX] Time: 730ms, Receiver: 24, Sender: 2, RSSI: -89
[P1_RX] Time: 730ms, Receiver: 48, Sender: 2, RSSI: -97
[P1_RX] Time: 730ms, Receiver: 30, Sender: 2, RSSI: -104
[P1_RX] Time: 730ms, Receiver: 7, Sender: 2, RSSI: -106
[P1_ATTEMPT] Time: 730ms, Drone: 18
[P1_ABORT] Time: 730ms, Drone: 14
[P1_ATTEMPT] Time: 730ms, Drone: 14
[P1_ATTEMPT] Time: 731ms, Drone: 48
[P1_ABORT] Time: 731ms, Drone: 48
[P1_ATTEMPT] Time: 731ms, Drone: 48
[P1_SUCCESS] Time: 731ms, Drone: 18
[P1_RX] Time: 731ms, Receiver: 21, Sender: 18, RSSI: -78
[P1_RX] Time: 731ms, Receiver: 17, Sender: 18, RSSI: -86
[P1_RX] Time: 731ms, Receiver: 16, Sender: 18, RSSI: -94
[P1_RX] Time: 731ms, Receiver: 3, Sender: 18, RSSI: -97
[P1_RX] Time: 731ms, Receiver: 11, Sender: 18, RSSI: -98
[P1_RX] Time: 731ms, Receiver: 32, Sender: 18, RSSI: -99
[P1_RX] Time: 731ms, Receiver: 1, Sender: 18, RSSI: -99
[P1_RX] Time: 731ms, Receiver: 43, Sender: 18, RSSI: -99
[P1_RX] Time: 731ms, Receiver: 38, Sender: 18, RSSI: -100
[P1_RX] Time: 731ms, Receiver: 15, Sender: 18, RSSI: -100
[P1_RX] Time: 731ms, Receiver: 49, Sender: 18, RSSI: -100
[P1_RX] Time: 731ms, Receiver: 47, Sender: 18, RSSI: -103
[P1_RX] Time: 731ms, Receiver: 27, Sender: 18, RSSI: -105
[P1_RX] Time: 731ms, Receiver: 8, Sender: 18, RSSI: -106
[P1_RX] Time: 731ms, Receiver: 10, Sender: 18, RSSI: -106
[P1_RX] Time: 731ms, Receiver: 41, Sender: 18, RSSI: -106
[P1_SUCCESS] Time: 731ms, Drone: 14
[P1_RX] Time: 731ms, Receiver: 23, Sender: 14, RSSI: -89
[P1_RX] Time: 731ms, Receiver: 0, Sender: 14, RSSI: -97
[P1_RX] Time: 731ms, Receiver: 30, Sender: 14, RSSI: -97
[P1_RX] Time: 731ms, Receiver: 26, Sender: 14, RSSI: -99
[P1_RX] Time: 731ms, Receiver: 24, Sender: 14, RSSI: -99
[P1_RX] Time: 731ms, Receiver: 7, Sender: 14, RSSI: -101
[P1_RX] Time: 731ms, Receiver: 2, Sender: 14, RSSI: -101
[P1_RX] Time: 731ms, Receiver: 42, Sender: 14, RSSI: -101
[P1_RX] Time: 731ms, Receiver: 13, Sender: 14, RSSI: -103
[P1_RX] Time: 731ms, Receiver: 6, Sender: 14, RSSI: -104
[P1_RX] Time: 731ms, Receiver: 48, Sender: 14, RSSI: -104
[P1_RX] Time: 731ms, Receiver: 12, Sender: 14, RSSI: -106
[P1_RX] Time: 731ms, Receiver: 31, Sender: 14, RSSI: -105
[P1_RX] Time: 731ms, Receiver: 45, Sender: 14, RSSI: -104
[P1_ABORT] Time: 731ms, Drone: 48
[P1_ATTEMPT] Time: 731ms, Drone: 48
[P1_ATTEMPT] Time: 731ms, Drone: 21
[P1_SUCCESS] Time: 732ms, Drone: 48
[P1_RX] Time: 732ms, Receiver: 13, Sender: 48, RSSI: -93
[P1_RX] Time: 732ms, Receiver: 4, Sender: 48, RSSI: -94
[P1_RX] Time: 732ms, Receiver: 24, Sender: 48, RSSI: -95
[P1_RX] Time: 732ms, Receiver: 2, Sender: 48, RSSI: -98
[P1_RX] Time: 732ms, Receiver: 31, Sender: 48, RSSI: -101
[P1_RX] Time: 732ms, Receiver: 45, Sender: 48, RSSI: -103
[P1_RX] Time: 732ms, Receiver: 14, Sender: 48, RSSI: -105
[P1_RX] Time: 732ms, Receiver: 30, Sender: 48, RSSI: -105
[P1_RX] Time: 732ms, Receiver: 23, Sender: 48, RSSI: -105
[P1_RX] Time: 732ms, Receiver: 42, Sender: 48, RSSI: -105
[P1_RX] Time: 732ms, Receiver: 26, Sender: 48, RSSI: -106
[P1_RX] Time: 732ms, Receiver: 0, Sender: 48, RSSI: -106
[P1_RX] Time: 732ms, Receiver: 29, Sender: 48, RSSI: -106
[P1_RX] Time: 732ms, Receiver: 12, Sender: 48, RSSI: -106
[P1_RX] Time: 732ms, Receiver: 33, Sender: 48, RSSI: -107
[P1_SUCCESS] Time: 732ms, Drone: 21
[P1_RX] Time: 732ms, Receiver: 18, Sender: 21, RSSI: -78
[P1_RX] Time: 732ms, Receiver: 17, Sender: 21, RSSI: -91
[P1_RX] Time: 732ms, Receiver: 11, Sender: 21, RSSI: -96
[P1_RX] Time: 732ms, Receiver: 38, Sender: 21, RSSI: -97
[P1_RX] Time: 732ms, Receiver: 43, Sender: 21, RSSI: -99
[P1_RX] Time: 732ms, Receiver: 8, Sender: 21, RSSI: -104
[P1_RX] Time: 732ms, Receiver: 10, Sender: 21, RSSI: -105
[P1_RX] Time: 732ms, Receiver: 41, Sender: 21, RSSI: -107
[P1_ATTEMPT] Time: 733ms, Drone: 42
[P1_ATTEMPT] Time: 733ms, Drone: 40
[P1_ATTEMPT] Time: 734ms, Drone: 30
[P1_ABORT] Time: 734ms, Drone: 30
[P1_ATTEMPT] Time: 734ms, Drone: 30
[P1_SUCCESS] Time: 734ms, Drone: 42
[P1_RX] Time: 734ms, Receiver: 26, Sender: 42, RSSI: -94
[P1_RX] Time: 734ms, Receiver: 2, Sender: 42, RSSI: -96
[P1_RX] Time: 734ms, Receiver: 23, Sender: 42, RSSI: -97
[P1_RX] Time: 734ms, Receiver: 24, Sender: 42, RSSI: -98
[P1_RX] Time: 734ms, Receiver: 0, Sender: 42, RSSI: -98
[P1_RX] Time: 734ms, Receiver: 6, Sender: 42, RSSI: -98
[P1_RX] Time: 734ms, Receiver: 14, Sender: 42, RSSI: -102
[P1_RX] Time: 734ms, Receiver: 39, Sender: 42, RSSI: -103
[P1_RX] Time: 734ms, Receiver: 48, Sender: 42, RSSI: -105
[P1_RX] Time: 734ms, Receiver: 13, Sender: 42, RSSI: -105
[P1_SUCCESS] Time: 734ms, Drone: 40
[P1_RX] Time: 734ms, Receiver: 17, Sender: 40, RSSI: -103
[P1_RX] Time: 734ms, Receiver: 36, Sender: 40, RSSI: -104
[P1_RX] Time: 734ms, Receiver: 18, Sender: 40, RSSI: -105
[P1_RX] Time: 734ms, Receiver: 22, Sender: 40, RSSI: -106
[P1_RX] Time: 734ms, Receiver: 21, Sender: 40, RSSI: -107
[P1_ATTEMPT] Time: 735ms, Drone: 49
[P1_SUCCESS] Time: 735ms, Drone: 30
[P1_RX] Time: 735ms, Receiver: 7, Sender: 30, RSSI: -94
[P1_RX] Time: 735ms, Receiver: 14, Sender: 30, RSSI: -97
[P1_RX] Time: 735ms, Receiver: 12, Sender: 30, RSSI: -98
[P1_RX] Time: 735ms, Receiver: 23, Sender: 30, RSSI: -102
[P1_RX] Time: 735ms, Receiver: 24, Sender: 30, RSSI: -103
[P1_RX] Time: 735ms, Receiver: 13, Sender: 30, RSSI: -104
[P1_RX] Time: 735ms, Receiver: 48, Sender: 30, RSSI: -105
[P1_RX] Time: 735ms, Receiver: 0, Sender: 30, RSSI: -105
[P1_RX] Time: 735ms, Receiver: 26, Sender: 30, RSSI: -106
[P1_RX] Time: 735ms, Receiver: 2, Sender: 30, RSSI: -106
[P1_RX] Time: 735ms, Receiver: 31, Sender: 30, RSSI: -107
[P1_RX] Time: 735ms, Receiver: 42, Sender: 30, RSSI: -108
[P1_ATTEMPT] Time: 735ms, Drone: 15
[P1_ABORT] Time: 735ms, Drone: 15
[P1_ATTEMPT] Time: 735ms, Drone: 15
[P1_ABORT] Time: 735ms, Drone: 15
[P1_ATTEMPT] Time: 735ms, Drone: 15
[P1_ABORT] Time: 735ms, Drone: 15
[P1_ATTEMPT] Time: 735ms, Drone: 15
[P1_SUCCESS] Time: 736ms, Drone: 49
[P1_RX] Time: 736ms, Receiver: 3, Sender: 49, RSSI: -80
[P1_RX] Time: 736ms, Receiver: 18, Sender: 49, RSSI: -100
[P1_RX] Time: 736ms, Receiver: 21, Sender: 49, RSSI: -100
[P1_RX] Time: 736ms, Receiver: 16, Sender: 49, RSSI: -102
[P1_RX] Time: 736ms, Receiver: 1, Sender: 49, RSSI: -102
[P1_RX] Time: 736ms, Receiver: 17, Sender: 49, RSSI: -103
[P1_RX] Time: 736ms, Receiver: 15, Sender: 49, RSSI: -103
[P1_RX] Time: 736ms, Receiver: 32, Sender: 49, RSSI: -103
[P1_RX] Time: 736ms, Receiver: 8, Sender: 49, RSSI: -104
[P1_RX] Time: 736ms, Receiver: 43, Sender: 49, RSSI: -105
[P1_RX] Time: 736ms, Receiver: 38, Sender: 49, RSSI: -106
[P1_RX] Time: 736ms, Receiver: 20, Sender: 49, RSSI: -107
[P1_RX] Time: 736ms, Receiver: 11, Sender: 49, RSSI: -107
[P1_RX] Time: 736ms, Receiver: 10, Sender: 49, RSSI: -108
[P1_RX] Time: 736ms, Receiver: 44, Sender: 49, RSSI: -109
[P1_ABORT] Time: 736ms, Drone: 15
[P1_ATTEMPT] Time: 736ms, Drone: 15
[P1_ATTEMPT] Time: 736ms, Drone: 5
[P1_SUCCESS] Time: 736ms, Drone: 15
[P1_RX] Time: 736ms, Receiver: 43, Sender: 15, RSSI: -93
[P1_RX] Time: 736ms, Receiver: 32, Sender: 15, RSSI: -95
[P1_RX] Time: 736ms, Receiver: 1, Sender: 15, RSSI: -98
[P1_RX] Time: 736ms, Receiver: 18, Sender: 15, RSSI: -100
[P1_RX] Time: 736ms, Receiver: 16, Sender: 15, RSSI: -100
[P1_RX] Time: 736ms, Receiver: 21, Sender: 15, RSSI: -101
[P1_RX] Time: 736ms, Receiver: 3, Sender: 15, RSSI: -103
[P1_RX] Time: 736ms, Receiver: 17, Sender: 15, RSSI: -103
[P1_RX] Time: 736ms, Receiver: 49, Sender: 15, RSSI: -103
[P1_RX] Time: 736ms, Receiver: 38, Sender: 15, RSSI: -103
[P1_RX] Time: 736ms, Receiver: 45, Sender: 15, RSSI: -103
[P1_RX] Time: 736ms, Receiver: 33, Sender: 15, RSSI: -103
[P1_RX] Time: 736ms, Receiver: 4, Sender: 15, RSSI: -104
[P1_RX] Time: 736ms, Receiver: 31, Sender: 15, RSSI: -104
[P1_RX] Time: 736ms, Receiver: 11, Sender: 15, RSSI: -104
[P1_RX] Time: 736ms, Receiver: 27, Sender: 15, RSSI: -105
[P1_RX] Time: 736ms, Receiver: 37, Sender: 15, RSSI: -105
[P1_RX] Time: 736ms, Receiver: 47, Sender: 15, RSSI: -106
[P1_RX] Time: 736ms, Receiver: 10, Sender: 15, RSSI: -106
[P1_RX] Time: 736ms, Receiver: 29, Sender: 15, RSSI: -106
[P1_RX] Time: 736ms, Receiver: 13, Sender: 15, RSSI: -106
[P1_RX] Time: 736ms, Receiver: 19, Sender: 15, RSSI: -108
[P1_RX] Time: 736ms, Receiver: 48, Sender: 15, RSSI: -108
[P1_RX] Time: 736ms, Receiver: 8, Sender: 15, RSSI: -109
[P1_RX] Time: 736ms, Receiver: 40, Sender: 15, RSSI: -109
[P1_SUCCESS] Time: 737ms, Drone: 5
[P1_RX] Time: 737ms, Receiver: 35, Sender: 5, RSSI: -75
[P1_RX] Time: 737ms, Receiver: 40, Sender: 5, RSSI: -98
[P1_RX] Time: 737ms, Receiver: 39, Sender: 5, RSSI: -99
[P1_RX] Time: 737ms, Receiver: 19, Sender: 5, RSSI: -99
[P1_RX] Time: 737ms, Receiver: 36, Sender: 5, RSSI: -100
[P1_RX] Time: 737ms, Receiver: 41, Sender: 5, RSSI: -100
[P1_RX] Time: 737ms, Receiver: 9, Sender: 5, RSSI: -101
[P1_RX] Time: 737ms, Receiver: 47, Sender: 5, RSSI: -102
[P1_RX] Time: 737ms, Receiver: 22, Sender: 5, RSSI: -103
[P1_RX] Time: 737ms, Receiver: 27, Sender: 5, RSSI: -105
[P1_RX] Time: 737ms, Receiver: 6, Sender: 5, RSSI: -105
[P1_RX] Time: 737ms, Receiver: 42, Sender: 5, RSSI: -106
[P1_RX] Time: 737ms, Receiver: 0, Sender: 5, RSSI: -108
[P1_RX] Time: 737ms, Receiver: 2, Sender: 5, RSSI: -108
[P1_RX] Time: 737ms, Receiver: 16, Sender: 5, RSSI: -109
[P1_RX] Time: 737ms, Receiver: 32, Sender: 5, RSSI: -109
[P1_ATTEMPT] Time: 765ms, Drone: 2
[P1_ATTEMPT] Time: 765ms, Drone: 3
[P1_SUCCESS] Time: 766ms, Drone: 2
[P1_RX] Time: 766ms, Receiver: 24, Sender: 2, RSSI: -89
[P1_RX] Time: 766ms, Receiver: 42, Sender: 2, RSSI: -96
[P1_RX] Time: 766ms, Receiver: 13, Sender: 2, RSSI: -97
[P1_RX] Time: 766ms, Receiver: 48, Sender: 2, RSSI: -98
[P1_RX] Time: 766ms, Receiver: 0, Sender: 2, RSSI: -98
[P1_RX] Time: 766ms, Receiver: 45, Sender: 2, RSSI: -99
[P1_RX] Time: 766ms, Receiver: 14, Sender: 2, RSSI: -101
[P1_RX] Time: 766ms, Receiver: 26, Sender: 2, RSSI: -101
[P1_RX] Time: 766ms, Receiver: 4, Sender: 2, RSSI: -102
[P1_RX] Time: 766ms, Receiver: 31, Sender: 2, RSSI: -102
[P1_RX] Time: 766ms, Receiver: 19, Sender: 2, RSSI: -103
[P1_RX] Time: 766ms, Receiver: 1, Sender: 2, RSSI: -105
[P1_RX] Time: 766ms, Receiver: 6, Sender: 2, RSSI: -105
[P1_RX] Time: 766ms, Receiver: 32, Sender: 2, RSSI: -105
[P1_RX] Time: 766ms, Receiver: 30, Sender: 2, RSSI: -106
[P1_RX] Time: 766ms, Receiver: 27, Sender: 2, RSSI: -106
[P1_RX] Time: 766ms, Receiver: 47, Sender: 2, RSSI: -106
[P1_RX] Time: 766ms, Receiver: 40, Sender: 2, RSSI: -107
[P1_RX] Time: 766ms, Receiver: 16, Sender: 2, RSSI: -108
[P1_RX] Time: 766ms, Receiver: 35, Sender: 2, RSSI: -108
[P1_RX] Time: 766ms, Receiver: 39, Sender: 2, RSSI: -108
[P1_RX] Time: 766ms, Receiver: 15, Sender: 2, RSSI: -109
[P1_RX] Time: 766ms, Receiver: 9, Sender: 2, RSSI: -109
[P1_RX] Time: 766ms, Receiver: 12, Sender: 2, RSSI: -109
[P1_SUCCESS] Time: 766ms, Drone: 3
[P1_RX] Time: 766ms, Receiver: 49, Sender: 3, RSSI: -80
[P1_RX] Time: 766ms, Receiver: 18, Sender: 3, RSSI: -97
[P1_RX] Time: 766ms, Receiver: 21, Sender: 3, RSSI: -98
[P1_RX] Time: 766ms, Receiver: 17, Sender: 3, RSSI: -100
[P1_RX] Time: 766ms, Receiver: 16, Sender: 3, RSSI: -101
[P1_RX] Time: 766ms, Receiver: 1, Sender: 3, RSSI: -102
[P1_RX] Time: 766ms, Receiver: 15, Sender: 3, RSSI: -103
[P1_RX] Time: 766ms, Receiver: 32, Sender: 3, RSSI: -103
[P1_RX] Time: 766ms, Receiver: 8, Sender: 3, RSSI: -103
[P1_RX] Time: 766ms, Receiver: 43, Sender: 3, RSSI: -104
[P1_RX] Time: 766ms, Receiver: 38, Sender: 3, RSSI: -104
[P1_RX] Time: 766ms, Receiver: 11, Sender: 3, RSSI: -106
[P1_RX] Time: 766ms, Receiver: 4, Sender: 3, RSSI: -107
[P1_RX] Time: 766ms, Receiver: 10, Sender: 3, RSSI: -107
[P1_RX] Time: 766ms, Receiver: 47, Sender: 3, RSSI: -108
[P1_RX] Time: 766ms, Receiver: 20, Sender: 3, RSSI: -109
[P1_ATTEMPT] Time: 767ms, Drone: 5
[P1_ATTEMPT] Time: 767ms, Drone: 40
[P1_ABORT] Time: 767ms, Drone: 40
[P1_ATTEMPT] Time: 767ms, Drone: 40
[P1_ABORT] Time: 767ms, Drone: 40
[P1_ATTEMPT] Time: 767ms, Drone: 40
[P1_ABORT] Time: 767ms, Drone: 40
[P1_ATTEMPT] Time: 767ms, Drone: 40
[P1_ABORT] Time: 768ms, Drone: 40
[P1_ATTEMPT] Time: 768ms, Drone: 40
[P1_SUCCESS] Time: 768ms, Drone: 5
[P1_RX] Time: 768ms, Receiver: 35, Sender: 5, RSSI: -75
[P1_RX] Time: 768ms, Receiver: 40, Sender: 5, RSSI: -98
[P1_RX] Time: 768ms, Receiver: 39, Sender: 5, RSSI: -99
[P1_RX] Time: 768ms, Receiver: 19, Sender: 5, RSSI: -99
[P1_RX] Time: 768ms, Receiver: 36, Sender: 5, RSSI: -100
[P1_RX] Time: 768ms, Receiver: 41, Sender: 5, RSSI: -100
[P1_RX] Time: 768ms, Receiver: 9, Sender: 5, RSSI: -101
[P1_RX] Time: 768ms, Receiver: 47, Sender: 5, RSSI: -102
[P1_RX] Time: 768ms, Receiver: 22, Sender: 5, RSSI: -103
[P1_RX] Time: 768ms, Receiver: 27, Sender: 5, RSSI: -105
[P1_RX] Time: 768ms, Receiver: 6, Sender: 5, RSSI: -105
[P1_RX] Time: 768ms, Receiver: 42, Sender: 5, RSSI: -106
[P1_RX] Time: 768ms, Receiver: 2, Sender: 5, RSSI: -108
[P1_RX] Time: 768ms, Receiver: 16, Sender: 5, RSSI: -109
[P1_RX] Time: 768ms, Receiver: 32, Sender: 5, RSSI: -109
[P1_ABORT] Time: 768ms, Drone: 40
[P1_ATTEMPT] Time: 768ms, Drone: 40
[P1_ATTEMPT] Time: 768ms, Drone: 7
[P1_ATTEMPT] Time: 768ms, Drone: 31
[P1_ABORT] Time: 769ms, Drone: 31
[P1_ATTEMPT] Time: 769ms, Drone: 31
[P1_SUCCESS] Time: 769ms, Drone: 40
[P1_RX] Time: 769ms, Receiver: 47, Sender: 40, RSSI: -91
[P1_RX] Time: 769ms, Receiver: 19, Sender: 40, RSSI: -92
[P1_RX] Time: 769ms, Receiver: 41, Sender: 40, RSSI: -95
[P1_RX] Time: 769ms, Receiver: 5, Sender: 40, RSSI: -98
[P1_RX] Time: 769ms, Receiver: 35, Sender: 40, RSSI: -99
[P1_RX] Time: 769ms, Receiver: 27, Sender: 40, RSSI: -101
[P1_RX] Time: 769ms, Receiver: 16, Sender: 40, RSSI: -102
[P1_RX] Time: 769ms, Receiver: 1, Sender: 40, RSSI: -103
[P1_RX] Time: 769ms, Receiver: 17, Sender: 40, RSSI: -104
[P1_RX] Time: 769ms, Receiver: 32, Sender: 40, RSSI: -104
[P1_RX] Time: 769ms, Receiver: 36, Sender: 40, RSSI: -104
[P1_RX] Time: 769ms, Receiver: 18, Sender: 40, RSSI: -106
[P1_RX] Time: 769ms, Receiver: 39, Sender: 40, RSSI: -106
[P1_RX] Time: 769ms, Receiver: 9, Sender: 40, RSSI: -107
[P1_RX] Time: 769ms, Receiver: 2, Sender: 40, RSSI: -107
[P1_RX] Time: 769ms, Receiver: 22, Sender: 40, RSSI: -107
[P1_RX] Time: 769ms, Receiver: 21, Sender: 40, RSSI: -107
[P1_ATTEMPT] Time: 769ms, Drone: 38
[P1_SUCCESS] Time: 769ms, Drone: 7
[P1_RX] Time: 769ms, Receiver: 30, Sender: 7, RSSI: -94
[P1_RX] Time: 769ms, Receiver: 14, Sender: 7, RSSI: -100
[P1_RX] Time: 769ms, Receiver: 12, Sender: 7, RSSI: -103
[P1_ATTEMPT] Time: 769ms, Drone: 22
[P1_ATTEMPT] Time: 769ms, Drone: 11
[P1_SUCCESS] Time: 769ms, Drone: 31
[P1_RX] Time: 769ms, Receiver: 45, Sender: 31, RSSI: -90
[P1_RX] Time: 769ms, Receiver: 13, Sender: 31, RSSI: -92
[P1_RX] Time: 769ms, Receiver: 4, Sender: 31, RSSI: -101
[P1_RX] Time: 769ms, Receiver: 48, Sender: 31, RSSI: -101
[P1_RX] Time: 769ms, Receiver: 2, Sender: 31, RSSI: -102
[P1_RX] Time: 769ms, Receiver: 33, Sender: 31, RSSI: -102
[P1_RX] Time: 769ms, Receiver: 24, Sender: 31, RSSI: -104
[P1_RX] Time: 769ms, Receiver: 32, Sender: 31, RSSI: -104
[P1_RX] Time: 769ms, Receiver: 0, Sender: 31, RSSI: -104
[P1_RX] Time: 769ms, Receiver: 29, Sender: 31, RSSI: -105
[P1_RX] Time: 769ms, Receiver: 1, Sender: 31, RSSI: -105
[P1_RX] Time: 769ms, Receiver: 27, Sender: 31, RSSI: -106
[P1_RX] Time: 769ms, Receiver: 14, Sender: 31, RSSI: -106
[P1_RX] Time: 769ms, Receiver: 37, Sender: 31, RSSI: -106
[P1_RX] Time: 769ms, Receiver: 12, Sender: 31, RSSI: -107
[P1_RX] Time: 769ms, Receiver: 30, Sender: 31, RSSI: -107
[P1_RX] Time: 769ms, Receiver: 42, Sender: 31, RSSI: -108
[P1_ABORT] Time: 770ms, Drone: 11
[P1_ATTEMPT] Time: 770ms, Drone: 11
[P1_SUCCESS] Time: 770ms, Drone: 38
[P1_RX] Time: 770ms, Receiver: 11, Sender: 38, RSSI: -94
[P1_RX] Time: 770ms, Receiver: 10, Sender: 38, RSSI: -98
[P1_RX] Time: 770ms, Receiver: 8, Sender: 38, RSSI: -103
[P1_ABORT] Time: 770ms, Drone: 11
[P1_ATTEMPT] Time: 770ms, Drone: 11
[P1_SUCCESS] Time: 770ms, Drone: 22
[P1_RX] Time: 770ms, Receiver: 36, Sender: 22, RSSI: -100
[P1_RX] Time: 770ms, Receiver: 9, Sender: 22, RSSI: -103
[P1_RX] Time: 770ms, Receiver: 5, Sender: 22, RSSI: -103
[P1_RX] Time: 770ms, Receiver: 41, Sender: 22, RSSI: -103
[P1_RX] Time: 770ms, Receiver: 35, Sender: 22, RSSI: -104
[P1_RX] Time: 770ms, Receiver: 39, Sender: 22, RSSI: -107
[P1_ATTEMPT] Time: 770ms, Drone: 24
[P1_SUCCESS] Time: 771ms, Drone: 11
[P1_RX] Time: 771ms, Receiver: 38, Sender: 11, RSSI: -94
[P1_RX] Time: 771ms, Receiver: 21, Sender: 11, RSSI: -96
[P1_RX] Time: 771ms, Receiver: 18, Sender: 11, RSSI: -98
[P1_RX] Time: 771ms, Receiver: 17, Sender: 11, RSSI: -99
[P1_RX] Time: 771ms, Receiver: 43, Sender: 11, RSSI: -100
[P1_RX] Time: 771ms, Receiver: 16, Sender: 11, RSSI: -103
[P1_RX] Time: 771ms, Receiver: 15, Sender: 11, RSSI: -104
[P1_RX] Time: 771ms, Receiver: 32, Sender: 11, RSSI: -105
[P1_RX] Time: 771ms, Receiver: 10, Sender: 11, RSSI: -105
[P1_RX] Time: 771ms, Receiver: 3, Sender: 11, RSSI: -106
[P1_RX] Time: 771ms, Receiver: 1, Sender: 11, RSSI: -106
[P1_RX] Time: 771ms, Receiver: 8, Sender: 11, RSSI: -107
[P1_RX] Time: 771ms, Receiver: 49, Sender: 11, RSSI: -107
[P1_SUCCESS] Time: 771ms, Drone: 24
[P1_RX] Time: 771ms, Receiver: 2, Sender: 24, RSSI: -89
[P1_RX] Time: 771ms, Receiver: 48, Sender: 24, RSSI: -95
[P1_RX] Time: 771ms, Receiver: 13, Sender: 24, RSSI: -98
[P1_RX] Time: 771ms, Receiver: 42, Sender: 24, RSSI: -98
[P1_RX] Time: 771ms, Receiver: 26, Sender: 24, RSSI: -99
[P1_RX] Time: 771ms, Receiver: 14, Sender: 24, RSSI: -99
[P1_RX] Time: 771ms, Receiver: 0, Sender: 24, RSSI: -101
[P1_RX] Time: 771ms, Receiver: 4, Sender: 24, RSSI: -102
[P1_RX] Time: 771ms, Receiver: 45, Sender: 24, RSSI: -103
[P1_RX] Time: 771ms, Receiver: 30, Sender: 24, RSSI: -103
[P1_RX] Time: 771ms, Receiver: 31, Sender: 24, RSSI: -104
[P1_RX] Time: 771ms, Receiver: 6, Sender: 24, RSSI: -106
[P1_RX] Time: 771ms, Receiver: 19, Sender: 24, RSSI: -106
[P1_RX] Time: 771ms, Receiver: 7, Sender: 24, RSSI: -107
[P1_RX] Time: 771ms, Receiver: 1, Sender: 24, RSSI: -107
[P1_RX] Time: 771ms, Receiver: 32, Sender: 24, RSSI: -108
[P1_RX] Time: 771ms, Receiver: 12, Sender: 24, RSSI: -108
[P1_RX] Time: 771ms, Receiver: 27, Sender: 24, RSSI: -109
[P1_ATTEMPT] Time: 772ms, Drone: 9
[P1_ATTEMPT] Time: 772ms, Drone: 30
[P1_ATTEMPT] Time: 772ms, Drone: 41
[P1_ABORT] Time: 773ms, Drone: 41
[P1_ATTEMPT] Time: 773ms, Drone: 41
[P1_SUCCESS] Time: 773ms, Drone: 9
[P1_RX] Time: 773ms, Receiver: 39, Sender: 9, RSSI: -97
[P1_RX] Time: 773ms, Receiver: 35, Sender: 9, RSSI: -100
[P1_RX] Time: 773ms, Receiver: 5, Sender: 9, RSSI: -101
[P1_RX] Time: 773ms, Receiver: 6, Sender: 9, RSSI: -101
[P1_RX] Time: 773ms, Receiver: 22, Sender: 9, RSSI: -103
[P1_RX] Time: 773ms, Receiver: 19, Sender: 9, RSSI: -105
[P1_RX] Time: 773ms, Receiver: 0, Sender: 9, RSSI: -105
[P1_RX] Time: 773ms, Receiver: 27, Sender: 9, RSSI: -105
[P1_RX] Time: 773ms, Receiver: 41, Sender: 9, RSSI: -106
[P1_RX] Time: 773ms, Receiver: 40, Sender: 9, RSSI: -107
[P1_RX] Time: 773ms, Receiver: 42, Sender: 9, RSSI: -107
[P1_RX] Time: 773ms, Receiver: 36, Sender: 9, RSSI: -107
[P1_ATTEMPT] Time: 773ms, Drone: 25
[P1_ATTEMPT] Time: 773ms, Drone: 49
[P1_ATTEMPT] Time: 773ms, Drone: 39
[P1_SUCCESS] Time: 773ms, Drone: 30
[P1_ABORT] Time: 773ms, Drone: 39
[P1_ATTEMPT] Time: 773ms, Drone: 39
[P1_RX] Time: 773ms, Receiver: 7, Sender: 30, RSSI: -94
[P1_RX] Time: 773ms, Receiver: 12, Sender: 30, RSSI: -98
[P1_RX] Time: 773ms, Receiver: 13, Sender: 30, RSSI: -104
[P1_RX] Time: 773ms, Receiver: 48, Sender: 30, RSSI: -105
[P1_ABORT] Time: 773ms, Drone: 39
[P1_ATTEMPT] Time: 773ms, Drone: 39
[P1_ATTEMPT] Time: 773ms, Drone: 29
[P1_ABORT] Time: 773ms, Drone: 39
[P1_ATTEMPT] Time: 773ms, Drone: 39
[P1_SUCCESS] Time: 773ms, Drone: 41
[P1_RX] Time: 773ms, Receiver: 40, Sender: 41, RSSI: -95
[P1_RX] Time: 773ms, Receiver: 47, Sender: 41, RSSI: -97
[P1_RX] Time: 773ms, Receiver: 5, Sender: 41, RSSI: -100
[P1_RX] Time: 773ms, Receiver: 27, Sender: 41, RSSI: -101
[P1_RX] Time: 773ms, Receiver: 19, Sender: 41, RSSI: -101
[P1_RX] Time: 773ms, Receiver: 36, Sender: 41, RSSI: -101
[P1_RX] Time: 773ms, Receiver: 35, Sender: 41, RSSI: -101
[P1_RX] Time: 773ms, Receiver: 22, Sender: 41, RSSI: -103
[P1_RX] Time: 773ms, Receiver: 9, Sender: 41, RSSI: -106
[P1_RX] Time: 773ms, Receiver: 39, Sender: 41, RSSI: -107
[P1_ATTEMPT] Time: 774ms, Drone: 45
[P1_ABORT] Time: 774ms, Drone: 29
[P1_ATTEMPT] Time: 774ms, Drone: 29
[P1_ABORT] Time: 774ms, Drone: 29
[P1_ATTEMPT] Time: 774ms, Drone: 29
[P1_SUCCESS] Time: 774ms, Drone: 25
[P1_RX] Time: 774ms, Receiver: 29, Sender: 25, RSSI: -93
[P1_RX] Time: 774ms, Receiver: 37, Sender: 25, RSSI: -95
[P1_RX] Time: 774ms, Receiver: 33, Sender: 25, RSSI: -98
[P1_RX] Time: 774ms, Receiver: 34, Sender: 25, RSSI: -103
[P1_RX] Time: 774ms, Receiver: 20, Sender: 25, RSSI: -104
[P1_ABORT] Time: 774ms, Drone: 29
[P1_ATTEMPT] Time: 774ms, Drone: 29
[P1_ABORT] Time: 774ms, Drone: 29
[P1_ATTEMPT] Time: 774ms, Drone: 29
[P1_SUCCESS] Time: 774ms, Drone: 49
[P1_RX] Time: 774ms, Receiver: 3, Sender: 49, RSSI: -80
[P1_RX] Time: 774ms, Receiver: 8, Sender: 49, RSSI: -103
[P1_RX] Time: 774ms, Receiver: 10, Sender: 49, RSSI: -106
[P1_ABORT] Time: 774ms, Drone: 29
[P1_ATTEMPT] Time: 774ms, Drone: 29
[P1_ABORT] Time: 774ms, Drone: 29
[P1_ATTEMPT] Time: 774ms, Drone: 29
[P1_ABORT] Time: 774ms, Drone: 29
[P1_ATTEMPT] Time: 774ms, Drone: 29
[P1_SUCCESS] Time: 774ms, Drone: 39
[P1_RX] Time: 774ms, Receiver: 6, Sender: 39, RSSI: -95
[P1_RX] Time: 774ms, Receiver: 35, Sender: 39, RSSI: -96
[P1_RX] Time: 774ms, Receiver: 9, Sender: 39, RSSI: -97
[P1_RX] Time: 774ms, Receiver: 5, Sender: 39, RSSI: -98
[P1_RX] Time: 774ms, Receiver: 42, Sender: 39, RSSI: -101
[P1_RX] Time: 774ms, Receiver: 19, Sender: 39, RSSI: -101
[P1_RX] Time: 774ms, Receiver: 22, Sender: 39, RSSI: -106
[P1_RX] Time: 774ms, Receiver: 26, Sender: 39, RSSI: -104
[P1_RX] Time: 774ms, Receiver: 36, Sender: 39, RSSI: -106
[P1_ABORT] Time: 774ms, Drone: 29
[P1_ATTEMPT] Time: 774ms, Drone: 29
[P1_SUCCESS] Time: 774ms, Drone: 45
[P1_RX] Time: 774ms, Receiver: 31, Sender: 45, RSSI: -90
[P1_RX] Time: 774ms, Receiver: 13, Sender: 45, RSSI: -96
[P1_RX] Time: 774ms, Receiver: 2, Sender: 45, RSSI: -99
[P1_RX] Time: 774ms, Receiver: 32, Sender: 45, RSSI: -101
[P1_RX] Time: 774ms, Receiver: 27, Sender: 45, RSSI: -101
[P1_RX] Time: 774ms, Receiver: 1, Sender: 45, RSSI: -102
[P1_RX] Time: 774ms, Receiver: 48, Sender: 45, RSSI: -102
[P1_RX] Time: 774ms, Receiver: 24, Sender: 45, RSSI: -102
[P1_RX] Time: 774ms, Receiver: 15, Sender: 45, RSSI: -103
[P1_RX] Time: 774ms, Receiver: 47, Sender: 45, RSSI: -103
[P1_RX] Time: 774ms, Receiver: 33, Sender: 45, RSSI: -105
[P1_RX] Time: 774ms, Receiver: 16, Sender: 45, RSSI: -105
[P1_RX] Time: 774ms, Receiver: 14, Sender: 45, RSSI: -105
[P1_RX] Time: 774ms, Receiver: 43, Sender: 45, RSSI: -106
[P1_RX] Time: 774ms, Receiver: 29, Sender: 45, RSSI: -107
[P1_RX] Time: 774ms, Receiver: 30, Sender: 45, RSSI: -107
[P1_RX] Time: 774ms, Receiver: 37, Sender: 45, RSSI: -108
[P1_ATTEMPT] Time: 774ms, Drone: 37
[P1_SUCCESS] Time: 775ms, Drone: 29
[P1_RX] Time: 775ms, Receiver: 33, Sender: 29, RSSI: -86
[P1_RX] Time: 775ms, Receiver: 25, Sender: 29, RSSI: -91
[P1_RX] Time: 775ms, Receiver: 20, Sender: 29, RSSI: -100
[P1_RX] Time: 775ms, Receiver: 4, Sender: 29, RSSI: -101
[P1_RX] Time: 775ms, Receiver: 31, Sender: 29, RSSI: -102
[P1_RX] Time: 775ms, Receiver: 13, Sender: 29, RSSI: -103
[P1_RX] Time: 775ms, Receiver: 48, Sender: 29, RSSI: -104
[P1_RX] Time: 775ms, Receiver: 45, Sender: 29, RSSI: -105
[P1_SUCCESS] Time: 775ms, Drone: 37
[P1_RX] Time: 775ms, Receiver: 43, Sender: 37, RSSI: -106
[P1_RX] Time: 775ms, Receiver: 10, Sender: 37, RSSI: -107
[P1_ATTEMPT] Time: 776ms, Drone: 46
[P1_ATTEMPT] Time: 776ms, Drone: 15
[P1_ATTEMPT] Time: 776ms, Drone: 1
[P1_ATTEMPT] Time: 777ms, Drone: 35
[P1_SUCCESS] Time: 777ms, Drone: 15
[P1_RX] Time: 777ms, Receiver: 43, Sender: 15, RSSI: -93
[P1_RX] Time: 777ms, Receiver: 18, Sender: 15, RSSI: -97
[P1_RX] Time: 777ms, Receiver: 21, Sender: 15, RSSI: -98
[P1_RX] Time: 777ms, Receiver: 3, Sender: 15, RSSI: -99
[P1_RX] Time: 777ms, Receiver: 38, Sender: 15, RSSI: -102
[P1_RX] Time: 777ms, Receiver: 33, Sender: 15, RSSI: -102
[P1_RX] Time: 777ms, Receiver: 11, Sender: 15, RSSI: -102
[P1_SUCCESS] Time: 777ms, Drone: 1
[P1_RX] Time: 777ms, Receiver: 32, Sender: 1, RSSI: -82
[P1_RX] Time: 777ms, Receiver: 16, Sender: 1, RSSI: -89
[P1_RX] Time: 777ms, Receiver: 47, Sender: 1, RSSI: -98
[P1_RX] Time: 777ms, Receiver: 2, Sender: 1, RSSI: -103
[P1_RX] Time: 777ms, Receiver: 48, Sender: 1, RSSI: -104
[P1_SUCCESS] Time: 777ms, Drone: 46
[P1_RX] Time: 777ms, Receiver: 34, Sender: 46, RSSI: -87
[P1_RX] Time: 777ms, Receiver: 44, Sender: 46, RSSI: -100
[P1_SUCCESS] Time: 778ms, Drone: 35
[P1_RX] Time: 778ms, Receiver: 39, Sender: 35, RSSI: -96
[P1_RX] Time: 778ms, Receiver: 9, Sender: 35, RSSI: -99
[P1_RX] Time: 778ms, Receiver: 36, Sender: 35, RSSI: -101
[P1_RX] Time: 778ms, Receiver: 6, Sender: 35, RSSI: -102
[P1_RX] Time: 778ms, Receiver: 22, Sender: 35, RSSI: -103
[P1_ATTEMPT] Time: 778ms, Drone: 0
[P1_ATTEMPT] Time: 778ms, Drone: 10
[P1_ATTEMPT] Time: 778ms, Drone: 21
[P1_ATTEMPT] Time: 779ms, Drone: 13
[P1_ATTEMPT] Time: 779ms, Drone: 26
[P1_ABORT] Time: 779ms, Drone: 13
[P1_ATTEMPT] Time: 779ms, Drone: 13
[P1_SUCCESS] Time: 779ms, Drone: 0
[P1_RX] Time: 779ms, Receiver: 14, Sender: 0, RSSI: -97
[P1_RX] Time: 779ms, Receiver: 42, Sender: 0, RSSI: -98
[P1_RX] Time: 779ms, Receiver: 2, Sender: 0, RSSI: -98
[P1_RX] Time: 779ms, Receiver: 6, Sender: 0, RSSI: -99
[P1_RX] Time: 779ms, Receiver: 24, Sender: 0, RSSI: -101
[P1_RX] Time: 779ms, Receiver: 26, Sender: 0, RSSI: -102
[P1_RX] Time: 779ms, Receiver: 45, Sender: 0, RSSI: -102
[P1_RX] Time: 779ms, Receiver: 13, Sender: 0, RSSI: -103
[P1_RX] Time: 779ms, Receiver: 31, Sender: 0, RSSI: -104
[P1_RX] Time: 779ms, Receiver: 9, Sender: 0, RSSI: -105
[P1_RX] Time: 779ms, Receiver: 39, Sender: 0, RSSI: -105
[P1_RX] Time: 779ms, Receiver: 30, Sender: 0, RSSI: -105
[P1_RX] Time: 779ms, Receiver: 19, Sender: 0, RSSI: -105
[P1_RX] Time: 779ms, Receiver: 48, Sender: 0, RSSI: -106
[P1_RX] Time: 779ms, Receiver: 7, Sender: 0, RSSI: -108
[P1_ABORT] Time: 779ms, Drone: 26
[P1_ATTEMPT] Time: 779ms, Drone: 26
[P1_ABORT] Time: 779ms, Drone: 13
[P1_ATTEMPT] Time: 779ms, Drone: 13
[P1_SUCCESS] Time: 779ms, Drone: 10
[P1_RX] Time: 779ms, Receiver: 38, Sender: 10, RSSI: -99
[P1_RX] Time: 779ms, Receiver: 8, Sender: 10, RSSI: -101
[P1_SUCCESS] Time: 779ms, Drone: 21
[P1_ATTEMPT] Time: 780ms, Drone: 23
[P1_ABORT] Time: 780ms, Drone: 23
[P1_ATTEMPT] Time: 780ms, Drone: 23
[P1_SUCCESS] Time: 780ms, Drone: 26
[P1_RX] Time: 780ms, Receiver: 42, Sender: 26, RSSI: -94
[P1_RX] Time: 780ms, Receiver: 14, Sender: 26, RSSI: -98
[P1_RX] Time: 780ms, Receiver: 24, Sender: 26, RSSI: -95
[P1_RX] Time: 780ms, Receiver: 0, Sender: 26, RSSI: -99
[P1_RX] Time: 780ms, Receiver: 6, Sender: 26, RSSI: -101
[P1_RX] Time: 780ms, Receiver: 7, Sender: 26, RSSI: -104
[P1_RX] Time: 780ms, Receiver: 39, Sender: 26, RSSI: -106
[P1_RX] Time: 780ms, Receiver: 35, Sender: 26, RSSI: -107
[P1_ATTEMPT] Time: 780ms, Drone: 4
[P1_SUCCESS] Time: 780ms, Drone: 13
[P1_RX] Time: 780ms, Receiver: 31, Sender: 13, RSSI: -92
[P1_RX] Time: 780ms, Receiver: 48, Sender: 13, RSSI: -93
[P1_RX] Time: 780ms, Receiver: 45, Sender: 13, RSSI: -96
[P1_RX] Time: 780ms, Receiver: 4, Sender: 13, RSSI: -96
[P1_RX] Time: 780ms, Receiver: 33, Sender: 13, RSSI: -104
[P1_RX] Time: 780ms, Receiver: 32, Sender: 13, RSSI: -104
[P1_RX] Time: 780ms, Receiver: 29, Sender: 13, RSSI: -105
[P1_RX] Time: 780ms, Receiver: 1, Sender: 13, RSSI: -104
[P1_RX] Time: 780ms, Receiver: 12, Sender: 13, RSSI: -104
[P1_RX] Time: 780ms, Receiver: 15, Sender: 13, RSSI: -106
[P1_RX] Time: 780ms, Receiver: 37, Sender: 13, RSSI: -107
[P1_RX] Time: 780ms, Receiver: 27, Sender: 13, RSSI: -106
[P1_RX] Time: 780ms, Receiver: 16, Sender: 13, RSSI: -107
[P1_RX] Time: 780ms, Receiver: 25, Sender: 13, RSSI: -108
[P1_ABORT] Time: 780ms, Drone: 23
[P1_ATTEMPT] Time: 780ms, Drone: 23
[P1_ABORT] Time: 780ms, Drone: 4
[P1_ATTEMPT] Time: 780ms, Drone: 4
[P1_ATTEMPT] Time: 780ms, Drone: 20
[P1_SUCCESS] Time: 781ms, Drone: 23
[P1_RX] Time: 781ms, Receiver: 14, Sender: 23, RSSI: -89
[P1_RX] Time: 781ms, Receiver: 0, Sender: 23, RSSI: -89
[P1_RX] Time: 781ms, Receiver: 26, Sender: 23, RSSI: -97
[P1_RX] Time: 781ms, Receiver: 42, Sender: 23, RSSI: -97
[P1_RX] Time: 781ms, Receiver: 2, Sender: 23, RSSI: -96
[P1_RX] Time: 781ms, Receiver: 24, Sender: 23, RSSI: -97
[P1_RX] Time: 781ms, Receiver: 6, Sender: 23, RSSI: -100
[P1_RX] Time: 781ms, Receiver: 30, Sender: 23, RSSI: -101
[P1_RX] Time: 781ms, Receiver: 7, Sender: 23, RSSI: -104
[P1_RX] Time: 781ms, Receiver: 39, Sender: 23, RSSI: -106
[P1_RX] Time: 781ms, Receiver: 9, Sender: 23, RSSI: -107
[P1_SUCCESS] Time: 781ms, Drone: 4
[P1_RX] Time: 781ms, Receiver: 48, Sender: 4, RSSI: -94
[P1_RX] Time: 781ms, Receiver: 13, Sender: 4, RSSI: -95
[P1_RX] Time: 781ms, Receiver: 31, Sender: 4, RSSI: -99
[P1_RX] Time: 781ms, Receiver: 1, Sender: 4, RSSI: -101
[P1_RX] Time: 781ms, Receiver: 32, Sender: 4, RSSI: -101
[P1_RX] Time: 781ms, Receiver: 33, Sender: 4, RSSI: -103
[P1_RX] Time: 781ms, Receiver: 15, Sender: 4, RSSI: -103
[P1_RX] Time: 781ms, Receiver: 16, Sender: 4, RSSI: -105
[P1_RX] Time: 781ms, Receiver: 3, Sender: 4, RSSI: -106
[P1_RX] Time: 781ms, Receiver: 47, Sender: 4, RSSI: -106
[P1_RX] Time: 781ms, Receiver: 18, Sender: 4, RSSI: -108
[P1_SUCCESS] Time: 781ms, Drone: 20
[P1_RX] Time: 781ms, Receiver: 44, Sender: 20, RSSI: -102
[P1_RX] Time: 781ms, Receiver: 34, Sender: 20, RSSI: -104
[P1_RX] Time: 781ms, Receiver: 46, Sender: 20, RSSI: -106
[P1_ATTEMPT] Time: 781ms, Drone: 8
[P1_ATTEMPT] Time: 781ms, Drone: 36
[P1_ATTEMPT] Time: 782ms, Drone: 18
[P1_ATTEMPT] Time: 782ms, Drone: 6
[P1_ABORT] Time: 782ms, Drone: 18
[P1_ATTEMPT] Time: 782ms, Drone: 18
[P1_ABORT] Time: 782ms, Drone: 6
[P1_ATTEMPT] Time: 782ms, Drone: 6
[P1_ABORT] Time: 782ms, Drone: 18
[P1_ATTEMPT] Time: 782ms, Drone: 18
[P1_ATTEMPT] Time: 782ms, Drone: 14
[P1_ABORT] Time: 782ms, Drone: 6
[P1_ATTEMPT] Time: 782ms, Drone: 6
[P1_SUCCESS] Time: 782ms, Drone: 8
[P1_RX] Time: 782ms, Receiver: 10, Sender: 8, RSSI: -101
[P1_RX] Time: 782ms, Receiver: 38, Sender: 8, RSSI: -103
[P1_RX] Time: 782ms, Receiver: 3, Sender: 8, RSSI: -103
[P1_RX] Time: 782ms, Receiver: 49, Sender: 8, RSSI: -104
[P1_RX] Time: 782ms, Receiver: 21, Sender: 8, RSSI: -104
[P1_RX] Time: 782ms, Receiver: 18, Sender: 8, RSSI: -105
[P1_RX] Time: 782ms, Receiver: 43, Sender: 8, RSSI: -107
[P1_ABORT] Time: 782ms, Drone: 18
[P1_ATTEMPT] Time: 782ms, Drone: 18
[P1_ABORT] Time: 782ms, Drone: 6
[P1_ATTEMPT] Time: 782ms, Drone: 6
[P1_ATTEMPT] Time: 782ms, Drone: 12
[P1_SUCCESS] Time: 782ms, Drone: 36
[P1_RX] Time: 782ms, Receiver: 22, Sender: 36, RSSI: -99
[P1_RX] Time: 782ms, Receiver: 5, Sender: 36, RSSI: -100
[P1_RX] Time: 782ms, Receiver: 41, Sender: 36, RSSI: -101
[P1_RX] Time: 782ms, Receiver: 35, Sender: 36, RSSI: -102
[P1_RX] Time: 782ms, Receiver: 40, Sender: 36, RSSI: -104
[P1_RX] Time: 782ms, Receiver: 9, Sender: 36, RSSI: -107
[P1_RX] Time: 782ms, Receiver: 39, Sender: 36, RSSI: -107
[P1_RX] Time: 782ms, Receiver: 47, Sender: 36, RSSI: -106
[P1_RX] Time: 782ms, Receiver: 19, Sender: 36, RSSI: -107
[P1_SUCCESS] Time: 783ms, Drone: 14
[P1_RX] Time: 783ms, Receiver: 23, Sender: 14, RSSI: -89
[P1_RX] Time: 783ms, Receiver: 0, Sender: 14, RSSI: -97
[P1_RX] Time: 783ms, Receiver: 30, Sender: 14, RSSI: -97
[P1_RX] Time: 783ms, Receiver: 26, Sender: 14, RSSI: -99
[P1_RX] Time: 783ms, Receiver: 24, Sender: 14, RSSI: -99
[P1_RX] Time: 783ms, Receiver: 7, Sender: 14, RSSI: -101
[P1_RX] Time: 783ms, Receiver: 2, Sender: 14, RSSI: -101
[P1_RX] Time: 783ms, Receiver: 13, Sender: 14, RSSI: -103
[P1_SUCCESS] Time: 783ms, Drone: 18
[P1_RX] Time: 783ms, Receiver: 21, Sender: 18, RSSI: -78
[P1_RX] Time: 783ms, Receiver: 17, Sender: 18, RSSI: -86
[P1_RX] Time: 783ms, Receiver: 16, Sender: 18, RSSI: -94
[P1_RX] Time: 783ms, Receiver: 3, Sender: 18, RSSI: -97
[P1_RX] Time: 783ms, Receiver: 11, Sender: 18, RSSI: -98
[P1_RX] Time: 783ms, Receiver: 32, Sender: 18, RSSI: -98
[P1_RX] Time: 783ms, Receiver: 1, Sender: 18, RSSI: -99
[P1_RX] Time: 783ms, Receiver: 43, Sender: 18, RSSI: -99
[P1_RX] Time: 783ms, Receiver: 38, Sender: 18, RSSI: -99
[P1_RX] Time: 783ms, Receiver: 15, Sender: 18, RSSI: -99
[P1_RX] Time: 783ms, Receiver: 49, Sender: 18, RSSI: -100
[P1_RX] Time: 783ms, Receiver: 47, Sender: 18, RSSI: -102
[P1_RX] Time: 783ms, Receiver: 8, Sender: 18, RSSI: -105
[P1_RX] Time: 783ms, Receiver: 10, Sender: 18, RSSI: -106
[P1_SUCCESS] Time: 783ms, Drone: 6
[P1_RX] Time: 783ms, Receiver: 35, Sender: 6, RSSI: -102
[P1_RX] Time: 783ms, Receiver: 5, Sender: 6, RSSI: -103
[P1_RX] Time: 783ms, Receiver: 19, Sender: 6, RSSI: -102
[P1_SUCCESS] Time: 783ms, Drone: 12
[P1_ATTEMPT] Time: 783ms, Drone: 34
[P1_ATTEMPT] Time: 784ms, Drone: 43
[P1_ATTEMPT] Time: 784ms, Drone: 17
[P1_SUCCESS] Time: 784ms, Drone: 34
[P1_RX] Time: 784ms, Receiver: 46, Sender: 34, RSSI: -87
[P1_RX] Time: 784ms, Receiver: 44, Sender: 34, RSSI: -101
[P1_RX] Time: 784ms, Receiver: 37, Sender: 34, RSSI: -102
[P1_RX] Time: 784ms, Receiver: 25, Sender: 34, RSSI: -103
[P1_RX] Time: 784ms, Receiver: 20, Sender: 34, RSSI: -105
[P1_RX] Time: 784ms, Receiver: 29, Sender: 34, RSSI: -105
[P1_ABORT] Time: 784ms, Drone: 17
[P1_ATTEMPT] Time: 784ms, Drone: 17
[P1_ABORT] Time: 784ms, Drone: 17
[P1_ATTEMPT] Time: 784ms, Drone: 17
[P1_ATTEMPT] Time: 785ms, Drone: 47
[P1_ABORT] Time: 785ms, Drone: 17
[P1_ATTEMPT] Time: 785ms, Drone: 17
[P1_ABORT] Time: 785ms, Drone: 47
[P1_ATTEMPT] Time: 785ms, Drone: 47
[P1_ABORT] Time: 785ms, Drone: 17
[P1_ATTEMPT] Time: 785ms, Drone: 17
[P1_ATTEMPT] Time: 785ms, Drone: 42
[P1_SUCCESS] Time: 785ms, Drone: 43
[P1_RX] Time: 785ms, Receiver: 15, Sender: 43, RSSI: -93
[P1_RX] Time: 785ms, Receiver: 38, Sender: 43, RSSI: -96
[P1_RX] Time: 785ms, Receiver: 21, Sender: 43, RSSI: -99
[P1_RX] Time: 785ms, Receiver: 18, Sender: 43, RSSI: -99
[P1_RX] Time: 785ms, Receiver: 11, Sender: 43, RSSI: -100
[P1_RX] Time: 785ms, Receiver: 32, Sender: 43, RSSI: -101
[P1_RX] Time: 785ms, Receiver: 17, Sender: 43, RSSI: -103
[P1_RX] Time: 785ms, Receiver: 16, Sender: 43, RSSI: -103
[P1_RX] Time: 785ms, Receiver: 1, Sender: 43, RSSI: -103
[P1_RX] Time: 785ms, Receiver: 3, Sender: 43, RSSI: -104
[P1_RX] Time: 785ms, Receiver: 49, Sender: 43, RSSI: -105
[P1_RX] Time: 785ms, Receiver: 27, Sender: 43, RSSI: -106
[P1_RX] Time: 785ms, Receiver: 47, Sender: 43, RSSI: -107
[P1_RX] Time: 785ms, Receiver: 31, Sender: 43, RSSI: -108
[P1_RX] Time: 785ms, Receiver: 4, Sender: 43, RSSI: -108
[P1_ABORT] Time: 785ms, Drone: 17
[P1_ATTEMPT] Time: 785ms, Drone: 17
[P1_ATTEMPT] Time: 785ms, Drone: 44
[P1_ATTEMPT] Time: 786ms, Drone: 32
[P1_ABORT] Time: 786ms, Drone: 32
[P1_ATTEMPT] Time: 786ms, Drone: 32
[P1_SUCCESS] Time: 786ms, Drone: 47
[P1_RX] Time: 786ms, Receiver: 40, Sender: 47, RSSI: -91
[P1_RX] Time: 786ms, Receiver: 19, Sender: 47, RSSI: -92
[P1_RX] Time: 786ms, Receiver: 27, Sender: 47, RSSI: -95
[P1_RX] Time: 786ms, Receiver: 41, Sender: 47, RSSI: -96
[P1_RX] Time: 786ms, Receiver: 32, Sender: 47, RSSI: -99
[P1_RX] Time: 786ms, Receiver: 1, Sender: 47, RSSI: -99
[P1_RX] Time: 786ms, Receiver: 5, Sender: 47, RSSI: -101
[P1_RX] Time: 786ms, Receiver: 36, Sender: 47, RSSI: -106
[P1_SUCCESS] Time: 786ms, Drone: 42
[P1_RX] Time: 786ms, Receiver: 26, Sender: 42, RSSI: -94
[P1_RX] Time: 786ms, Receiver: 2, Sender: 42, RSSI: -95
[P1_RX] Time: 786ms, Receiver: 23, Sender: 42, RSSI: -97
[P1_RX] Time: 786ms, Receiver: 24, Sender: 42, RSSI: -97
[P1_RX] Time: 786ms, Receiver: 0, Sender: 42, RSSI: -98
[P1_RX] Time: 786ms, Receiver: 6, Sender: 42, RSSI: -98
[P1_RX] Time: 786ms, Receiver: 14, Sender: 42, RSSI: -101
[P1_RX] Time: 786ms, Receiver: 39, Sender: 42, RSSI: -102
[P1_RX] Time: 786ms, Receiver: 48, Sender: 42, RSSI: -103
[P1_RX] Time: 786ms, Receiver: 13, Sender: 42, RSSI: -103
[P1_RX] Time: 786ms, Receiver: 30, Sender: 42, RSSI: -107
[P1_ABORT] Time: 786ms, Drone: 32
[P1_ATTEMPT] Time: 786ms, Drone: 32
[P1_SUCCESS] Time: 786ms, Drone: 17
[P1_RX] Time: 786ms, Receiver: 8, Sender: 17, RSSI: -107
[P1_ABORT] Time: 786ms, Drone: 32
[P1_ATTEMPT] Time: 786ms, Drone: 32
[P1_SUCCESS] Time: 786ms, Drone: 44
[P1_RX] Time: 786ms, Receiver: 46, Sender: 44, RSSI: -100
[P1_RX] Time: 786ms, Receiver: 34, Sender: 44, RSSI: -101
[P1_RX] Time: 786ms, Receiver: 20, Sender: 44, RSSI: -102
[P1_RX] Time: 786ms, Receiver: 37, Sender: 44, RSSI: -105
[P1_RX] Time: 786ms, Receiver: 25, Sender: 44, RSSI: -107
[P1_ATTEMPT] Time: 786ms, Drone: 33
[P1_ATTEMPT] Time: 786ms, Drone: 19
[P1_ABORT] Time: 786ms, Drone: 19
[P1_ATTEMPT] Time: 786ms, Drone: 19
[P1_ATTEMPT] Time: 786ms, Drone: 48
[P1_ABORT] Time: 786ms, Drone: 19
[P1_ATTEMPT] Time: 786ms, Drone: 19
[P1_ABORT] Time: 787ms, Drone: 48
[P1_ATTEMPT] Time: 787ms, Drone: 48
[P1_ABORT] Time: 787ms, Drone: 19
[P1_ATTEMPT] Time: 787ms, Drone: 19
[P1_ABORT] Time: 787ms, Drone: 48
[P1_ATTEMPT] Time: 787ms, Drone: 48
[P1_ABORT] Time: 787ms, Drone: 19
[P1_ATTEMPT] Time: 787ms, Drone: 19
[P1_ABORT] Time: 787ms, Drone: 48
[P1_ATTEMPT] Time: 787ms, Drone: 48
[P1_SUCCESS] Time: 787ms, Drone: 32
[P1_RX] Time: 787ms, Receiver: 1, Sender: 32, RSSI: -82
[P1_RX] Time: 787ms, Receiver: 16, Sender: 32, RSSI: -91
[P1_RX] Time: 787ms, Receiver: 15, Sender: 32, RSSI: -95
[P1_RX] Time: 787ms, Receiver: 18, Sender: 32, RSSI: -99
[P1_RX] Time: 787ms, Receiver: 47, Sender: 32, RSSI: -99
[P1_RX] Time: 787ms, Receiver: 17, Sender: 32, RSSI: -99
[P1_RX] Time: 787ms, Receiver: 27, Sender: 32, RSSI: -100
[P1_RX] Time: 787ms, Receiver: 45, Sender: 32, RSSI: -101
[P1_RX] Time: 787ms, Receiver: 21, Sender: 32, RSSI: -101
[P1_RX] Time: 787ms, Receiver: 43, Sender: 32, RSSI: -101
[P1_RX] Time: 787ms, Receiver: 4, Sender: 32, RSSI: -102
[P1_RX] Time: 787ms, Receiver: 19, Sender: 32, RSSI: -102
[P1_RX] Time: 787ms, Receiver: 3, Sender: 32, RSSI: -103
[P1_RX] Time: 787ms, Receiver: 49, Sender: 32, RSSI: -103
[P1_RX] Time: 787ms, Receiver: 40, Sender: 32, RSSI: -104
[P1_RX] Time: 787ms, Receiver: 13, Sender: 32, RSSI: -105
[P1_RX] Time: 787ms, Receiver: 2, Sender: 32, RSSI: -105
[P1_RX] Time: 787ms, Receiver: 11, Sender: 32, RSSI: -105
[P1_RX] Time: 787ms, Receiver: 38, Sender: 32, RSSI: -106
[P1_RX] Time: 787ms, Receiver: 41, Sender: 32, RSSI: -106
[P1_ABORT] Time: 787ms, Drone: 19
[P1_ATTEMPT] Time: 787ms, Drone: 19
[P1_ABORT] Time: 787ms, Drone: 48
[P1_ATTEMPT] Time: 787ms, Drone: 48
[P1_ATTEMPT] Time: 787ms, Drone: 16
[P1_ATTEMPT] Time: 787ms, Drone: 28
[P1_SUCCESS] Time: 787ms, Drone: 33
[P1_RX] Time: 787ms, Receiver: 25, Sender: 33, RSSI: -98
[P1_RX] Time: 787ms, Receiver: 34, Sender: 33, RSSI: -106
[P1_RX] Time: 787ms, Receiver: 46, Sender: 33, RSSI: -108
[P1_ATTEMPT] Time: 787ms, Drone: 27
[P1_ABORT] Time: 788ms, Drone: 27
[P1_SUCCESS] Time: 788ms, Drone: 19
[P1_RX] Time: 788ms, Receiver: 40, Sender: 19, RSSI: -92
[P1_RX] Time: 788ms, Receiver: 47, Sender: 19, RSSI: -92
[P1_RX] Time: 788ms, Receiver: 27, Sender: 19, RSSI: -98
[P1_RX] Time: 788ms, Receiver: 35, Sender: 19, RSSI: -98
[P1_RX] Time: 788ms, Receiver: 5, Sender: 19, RSSI: -99
[P1_RX] Time: 788ms, Receiver: 41, Sender: 19, RSSI: -101
[P1_RX] Time: 788ms, Receiver: 42, Sender: 19, RSSI: -101
[P1_RX] Time: 788ms, Receiver: 39, Sender: 19, RSSI: -104
[P1_RX] Time: 788ms, Receiver: 9, Sender: 19, RSSI: -104
[P1_RX] Time: 788ms, Receiver: 6, Sender: 19, RSSI: -104
[P1_SUCCESS] Time: 788ms, Drone: 48
[P1_RX] Time: 788ms, Receiver: 13, Sender: 48, RSSI: -93
[P1_RX] Time: 788ms, Receiver: 4, Sender: 48, RSSI: -94
[P1_RX] Time: 788ms, Receiver: 24, Sender: 48, RSSI: -94
[P1_RX] Time: 788ms, Receiver: 2, Sender: 48, RSSI: -97
[P1_RX] Time: 788ms, Receiver: 31, Sender: 48, RSSI: -101
[P1_RX] Time: 788ms, Receiver: 14, Sender: 48, RSSI: -103
[P1_RX] Time: 788ms, Receiver: 30, Sender: 48, RSSI: -104
[P1_RX] Time: 788ms, Receiver: 12, Sender: 48, RSSI: -106
[P1_SUCCESS] Time: 788ms, Drone: 16
[P1_RX] Time: 788ms, Receiver: 3, Sender: 16, RSSI: -100
[P1_RX] Time: 788ms, Receiver: 49, Sender: 16, RSSI: -101
[P1_RX] Time: 788ms, Receiver: 38, Sender: 16, RSSI: -104
[P1_SUCCESS] Time: 788ms, Drone: 28
[P1_RX] Time: 788ms, Receiver: 34, Sender: 28, RSSI: -78
[P1_RX] Time: 788ms, Receiver: 46, Sender: 28, RSSI: -82
[P1_RX] Time: 788ms, Receiver: 44, Sender: 28, RSSI: -99
[P1_ATTEMPT] Time: 816ms, Drone: 35
[P1_ATTEMPT] Time: 816ms, Drone: 43
[P1_ATTEMPT] Time: 817ms, Drone: 20
[P1_SUCCESS] Time: 817ms, Drone: 35
[P1_RX] Time: 817ms, Receiver: 5, Sender: 35, RSSI: -75
[P1_RX] Time: 817ms, Receiver: 39, Sender: 35, RSSI: -97
[P1_RX] Time: 817ms, Receiver: 19, Sender: 35, RSSI: -98
[P1_RX] Time: 817ms, Receiver: 40, Sender: 35, RSSI: -99
[P1_RX] Time: 817ms, Receiver: 9, Sender: 35, RSSI: -100
[P1_RX] Time: 817ms, Receiver: 41, Sender: 35, RSSI: -101
[P1_RX] Time: 817ms, Receiver: 36, Sender: 35, RSSI: -101
[P1_RX] Time: 817ms, Receiver: 47, Sender: 35, RSSI: -101
[P1_RX] Time: 817ms, Receiver: 6, Sender: 35, RSSI: -103
[P1_RX] Time: 817ms, Receiver: 22, Sender: 35, RSSI: -104
[P1_RX] Time: 817ms, Receiver: 42, Sender: 35, RSSI: -104
[P1_SUCCESS] Time: 817ms, Drone: 43
[P1_RX] Time: 817ms, Receiver: 15, Sender: 43, RSSI: -93
[P1_RX] Time: 817ms, Receiver: 38, Sender: 43, RSSI: -96
[P1_RX] Time: 817ms, Receiver: 21, Sender: 43, RSSI: -99
[P1_RX] Time: 817ms, Receiver: 18, Sender: 43, RSSI: -99
[P1_RX] Time: 817ms, Receiver: 11, Sender: 43, RSSI: -100
[P1_RX] Time: 817ms, Receiver: 32, Sender: 43, RSSI: -101
[P1_RX] Time: 817ms, Receiver: 10, Sender: 43, RSSI: -102
[P1_RX] Time: 817ms, Receiver: 17, Sender: 43, RSSI: -102
[P1_RX] Time: 817ms, Receiver: 1, Sender: 43, RSSI: -102
[P1_RX] Time: 817ms, Receiver: 3, Sender: 43, RSSI: -104
[P1_RX] Time: 817ms, Receiver: 49, Sender: 43, RSSI: -105
[P1_RX] Time: 817ms, Receiver: 45, Sender: 43, RSSI: -105
[P1_RX] Time: 817ms, Receiver: 8, Sender: 43, RSSI: -107
[P1_ATTEMPT] Time: 818ms, Drone: 2
[P1_SUCCESS] Time: 818ms, Drone: 20
[P1_RX] Time: 818ms, Receiver: 44, Sender: 20, RSSI: -103
[P1_RX] Time: 818ms, Receiver: 25, Sender: 20, RSSI: -104
[P1_RX] Time: 818ms, Receiver: 34, Sender: 20, RSSI: -105
[P1_RX] Time: 818ms, Receiver: 28, Sender: 20, RSSI: -105
[P1_RX] Time: 818ms, Receiver: 46, Sender: 20, RSSI: -107
[P1_RX] Time: 818ms, Receiver: 48, Sender: 20, RSSI: -108
[P1_SUCCESS] Time: 818ms, Drone: 2
[P1_RX] Time: 818ms, Receiver: 24, Sender: 2, RSSI: -89
[P1_RX] Time: 818ms, Receiver: 42, Sender: 2, RSSI: -96
[P1_RX] Time: 818ms, Receiver: 13, Sender: 2, RSSI: -97
[P1_RX] Time: 818ms, Receiver: 23, Sender: 2, RSSI: -98
[P1_RX] Time: 818ms, Receiver: 48, Sender: 2, RSSI: -98
[P1_RX] Time: 818ms, Receiver: 0, Sender: 2, RSSI: -98
[P1_RX] Time: 818ms, Receiver: 45, Sender: 2, RSSI: -99
[P1_RX] Time: 818ms, Receiver: 14, Sender: 2, RSSI: -101
[P1_RX] Time: 818ms, Receiver: 26, Sender: 2, RSSI: -101
[P1_RX] Time: 818ms, Receiver: 4, Sender: 2, RSSI: -102
[P1_RX] Time: 818ms, Receiver: 31, Sender: 2, RSSI: -102
[P1_RX] Time: 818ms, Receiver: 19, Sender: 2, RSSI: -103
[P1_RX] Time: 818ms, Receiver: 1, Sender: 2, RSSI: -105
[P1_RX] Time: 818ms, Receiver: 6, Sender: 2, RSSI: -105
[P1_RX] Time: 818ms, Receiver: 32, Sender: 2, RSSI: -105
[P1_RX] Time: 818ms, Receiver: 30, Sender: 2, RSSI: -106
[P1_RX] Time: 818ms, Receiver: 27, Sender: 2, RSSI: -106
[P1_RX] Time: 818ms, Receiver: 47, Sender: 2, RSSI: -106
[P1_RX] Time: 818ms, Receiver: 40, Sender: 2, RSSI: -107
[P1_RX] Time: 818ms, Receiver: 35, Sender: 2, RSSI: -108
[P1_RX] Time: 818ms, Receiver: 39, Sender: 2, RSSI: -108
[P1_RX] Time: 818ms, Receiver: 5, Sender: 2, RSSI: -108
[P1_RX] Time: 818ms, Receiver: 9, Sender: 2, RSSI: -109
[P1_ATTEMPT] Time: 819ms, Drone: 41
[P1_ATTEMPT] Time: 819ms, Drone: 49
[P1_ATTEMPT] Time: 819ms, Drone: 28
[P1_ATTEMPT] Time: 819ms, Drone: 5
[P1_ABORT] Time: 819ms, Drone: 5
[P1_ATTEMPT] Time: 819ms, Drone: 5
[P1_ABORT] Time: 819ms, Drone: 5
[P1_ATTEMPT] Time: 819ms, Drone: 5
[P1_ATTEMPT] Time: 819ms, Drone: 8
[P1_ABORT] Time: 820ms, Drone: 5
[P1_ATTEMPT] Time: 820ms, Drone: 5
[P1_ABORT] Time: 820ms, Drone: 8
[P1_ATTEMPT] Time: 820ms, Drone: 8
[P1_ABORT] Time: 820ms, Drone: 5
[P1_ATTEMPT] Time: 820ms, Drone: 5
[P1_ABORT] Time: 820ms, Drone: 8
[P1_ATTEMPT] Time: 820ms, Drone: 8
[P1_ATTEMPT] Time: 820ms, Drone: 45
[P1_SUCCESS] Time: 820ms, Drone: 41
[P1_RX] Time: 820ms, Receiver: 40, Sender: 41, RSSI: -95
[P1_RX] Time: 820ms, Receiver: 47, Sender: 41, RSSI: -97
[P1_RX] Time: 820ms, Receiver: 5, Sender: 41, RSSI: -100
[P1_RX] Time: 820ms, Receiver: 27, Sender: 41, RSSI: -101
[P1_RX] Time: 820ms, Receiver: 19, Sender: 41, RSSI: -101
[P1_RX] Time: 820ms, Receiver: 36, Sender: 41, RSSI: -101
[P1_RX] Time: 820ms, Receiver: 35, Sender: 41, RSSI: -102
[P1_RX] Time: 820ms, Receiver: 22, Sender: 41, RSSI: -103
[P1_RX] Time: 820ms, Receiver: 9, Sender: 41, RSSI: -106
[P1_ABORT] Time: 820ms, Drone: 5
[P1_ATTEMPT] Time: 820ms, Drone: 5
[P1_ABORT] Time: 820ms, Drone: 8
[P1_ATTEMPT] Time: 820ms, Drone: 8
[P1_ABORT] Time: 820ms, Drone: 8
[P1_ATTEMPT] Time: 820ms, Drone: 8
[P1_SUCCESS] Time: 820ms, Drone: 49
[P1_RX] Time: 820ms, Receiver: 8, Sender: 49, RSSI: -103
[P1_RX] Time: 820ms, Receiver: 4, Sender: 49, RSSI: -105
[P1_SUCCESS] Time: 820ms, Drone: 28
[P1_RX] Time: 820ms, Receiver: 34, Sender: 28, RSSI: -78
[P1_RX] Time: 820ms, Receiver: 46, Sender: 28, RSSI: -82
[P1_RX] Time: 820ms, Receiver: 44, Sender: 28, RSSI: -99
[P1_RX] Time: 820ms, Receiver: 37, Sender: 28, RSSI: -102
[P1_RX] Time: 820ms, Receiver: 25, Sender: 28, RSSI: -104
[P1_RX] Time: 820ms, Receiver: 29, Sender: 28, RSSI: -104
[P1_RX] Time: 820ms, Receiver: 33, Sender: 28, RSSI: -105
[P1_ABORT] Time: 820ms, Drone: 8
[P1_ATTEMPT] Time: 820ms, Drone: 8
[P1_ATTEMPT] Time: 820ms, Drone: 21
[P1_ABORT] Time: 820ms, Drone: 21
[P1_ATTEMPT] Time: 820ms, Drone: 21
[P1_ABORT] Time: 820ms, Drone: 21
[P1_ATTEMPT] Time: 820ms, Drone: 21
[P1_ABORT] Time: 821ms, Drone: 21
[P1_ATTEMPT] Time: 821ms, Drone: 21
[P1_ABORT] Time: 821ms, Drone: 21
[P1_ATTEMPT] Time: 821ms, Drone: 21
[P1_SUCCESS] Time: 821ms, Drone: 45
[P1_RX] Time: 821ms, Receiver: 31, Sender: 45, RSSI: -90
[P1_RX] Time: 821ms, Receiver: 13, Sender: 45, RSSI: -96
[P1_RX] Time: 821ms, Receiver: 2, Sender: 45, RSSI: -99
[P1_RX] Time: 821ms, Receiver: 32, Sender: 45, RSSI: -100
[P1_RX] Time: 821ms, Receiver: 4, Sender: 45, RSSI: -101
[P1_RX] Time: 821ms, Receiver: 27, Sender: 45, RSSI: -100
[P1_RX] Time: 821ms, Receiver: 1, Sender: 45, RSSI: -102
[P1_RX] Time: 821ms, Receiver: 0, Sender: 45, RSSI: -101
[P1_RX] Time: 821ms, Receiver: 48, Sender: 45, RSSI: -102
[P1_RX] Time: 821ms, Receiver: 24, Sender: 45, RSSI: -102
[P1_RX] Time: 821ms, Receiver: 15, Sender: 45, RSSI: -103
[P1_RX] Time: 821ms, Receiver: 23, Sender: 45, RSSI: -103
[P1_RX] Time: 821ms, Receiver: 33, Sender: 45, RSSI: -105
[P1_RX] Time: 821ms, Receiver: 14, Sender: 45, RSSI: -105
[P1_SUCCESS] Time: 821ms, Drone: 5
[P1_RX] Time: 821ms, Receiver: 35, Sender: 5, RSSI: -75
[P1_RX] Time: 821ms, Receiver: 40, Sender: 5, RSSI: -98
[P1_RX] Time: 821ms, Receiver: 39, Sender: 5, RSSI: -98
[P1_RX] Time: 821ms, Receiver: 19, Sender: 5, RSSI: -98
[P1_RX] Time: 821ms, Receiver: 36, Sender: 5, RSSI: -100
[P1_RX] Time: 821ms, Receiver: 41, Sender: 5, RSSI: -100
[P1_RX] Time: 821ms, Receiver: 9, Sender: 5, RSSI: -100
[P1_RX] Time: 821ms, Receiver: 22, Sender: 5, RSSI: -103
[P1_RX] Time: 821ms, Receiver: 6, Sender: 5, RSSI: -103
[P1_ABORT] Time: 821ms, Drone: 21
[P1_ATTEMPT] Time: 821ms, Drone: 21
[P1_ABORT] Time: 821ms, Drone: 21
[P1_ATTEMPT] Time: 821ms, Drone: 21
[P1_ABORT] Time: 821ms, Drone: 21
[P1_ATTEMPT] Time: 821ms, Drone: 21
[P1_SUCCESS] Time: 821ms, Drone: 8
[P1_RX] Time: 821ms, Receiver: 10, Sender: 8, RSSI: -101
[P1_RX] Time: 821ms, Receiver: 38, Sender: 8, RSSI: -102
[P1_RX] Time: 821ms, Receiver: 49, Sender: 8, RSSI: -103
[P1_RX] Time: 821ms, Receiver: 11, Sender: 8, RSSI: -105
[P1_RX] Time: 821ms, Receiver: 44, Sender: 8, RSSI: -108
[P1_ATTEMPT] Time: 821ms, Drone: 16
[P1_ABORT] Time: 821ms, Drone: 21
[P1_ATTEMPT] Time: 821ms, Drone: 21
[P1_ATTEMPT] Time: 821ms, Drone: 17
[P1_ATTEMPT] Time: 822ms, Drone: 0
[P1_SUCCESS] Time: 822ms, Drone: 21
[P1_RX] Time: 822ms, Receiver: 18, Sender: 21, RSSI: -77
[P1_RX] Time: 822ms, Receiver: 11, Sender: 21, RSSI: -94
[P1_RX] Time: 822ms, Receiver: 38, Sender: 21, RSSI: -96
[P1_RX] Time: 822ms, Receiver: 3, Sender: 21, RSSI: -95
[P1_RX] Time: 822ms, Receiver: 43, Sender: 21, RSSI: -96
[P1_RX] Time: 822ms, Receiver: 49, Sender: 21, RSSI: -97
[P1_RX] Time: 822ms, Receiver: 8, Sender: 21, RSSI: -102
[P1_SUCCESS] Time: 822ms, Drone: 16
[P1_RX] Time: 822ms, Receiver: 1, Sender: 16, RSSI: -89
[P1_RX] Time: 822ms, Receiver: 32, Sender: 16, RSSI: -90
[P1_RX] Time: 822ms, Receiver: 47, Sender: 16, RSSI: -95
[P1_RX] Time: 822ms, Receiver: 40, Sender: 16, RSSI: -99
[P1_RX] Time: 822ms, Receiver: 19, Sender: 16, RSSI: -100
[P1_RX] Time: 822ms, Receiver: 27, Sender: 16, RSSI: -100
[P1_RX] Time: 822ms, Receiver: 41, Sender: 16, RSSI: -101
[P1_SUCCESS] Time: 822ms, Drone: 17
[P1_ATTEMPT] Time: 822ms, Drone: 24
[P1_ABORT] Time: 822ms, Drone: 24
[P1_ATTEMPT] Time: 822ms, Drone: 24
[P1_ABORT] Time: 823ms, Drone: 24
[P1_ATTEMPT] Time: 823ms, Drone: 24
[P1_ABORT] Time: 823ms, Drone: 24
[P1_ATTEMPT] Time: 823ms, Drone: 24
[P1_SUCCESS] Time: 823ms, Drone: 0
[P1_RX] Time: 823ms, Receiver: 23, Sender: 0, RSSI: -89
[P1_RX] Time: 823ms, Receiver: 14, Sender: 0, RSSI: -97
[P1_RX] Time: 823ms, Receiver: 6, Sender: 0, RSSI: -99
[P1_RX] Time: 823ms, Receiver: 26, Sender: 0, RSSI: -102
[P1_RX] Time: 823ms, Receiver: 9, Sender: 0, RSSI: -105
[P1_RX] Time: 823ms, Receiver: 39, Sender: 0, RSSI: -105
[P1_RX] Time: 823ms, Receiver: 30, Sender: 0, RSSI: -105
[P1_RX] Time: 823ms, Receiver: 7, Sender: 0, RSSI: -108
[P1_ABORT] Time: 823ms, Drone: 24
[P1_ATTEMPT] Time: 823ms, Drone: 24
[P1_ATTEMPT] Time: 823ms, Drone: 4
[P1_ABORT] Time: 823ms, Drone: 4
[P1_ATTEMPT] Time: 823ms, Drone: 4
[P1_ABORT] Time: 823ms, Drone: 4
[P1_ATTEMPT] Time: 823ms, Drone: 4
[P1_ATTEMPT] Time: 823ms, Drone: 29
[P1_ABORT] Time: 823ms, Drone: 4
[P1_ATTEMPT] Time: 823ms, Drone: 4
[P1_ABORT] Time: 824ms, Drone: 29
[P1_ATTEMPT] Time: 824ms, Drone: 29
[P1_ABORT] Time: 824ms, Drone: 4
[P1_ATTEMPT] Time: 824ms, Drone: 4
[P1_ABORT] Time: 824ms, Drone: 29
[P1_ATTEMPT] Time: 824ms, Drone: 29
[P1_ABORT] Time: 824ms, Drone: 4
[P1_ATTEMPT] Time: 824ms, Drone: 4
[P1_SUCCESS] Time: 824ms, Drone: 24
[P1_RX] Time: 824ms, Receiver: 2, Sender: 24, RSSI: -89
[P1_RX] Time: 824ms, Receiver: 48, Sender: 24, RSSI: -95
[P1_RX] Time: 824ms, Receiver: 13, Sender: 24, RSSI: -98
[P1_RX] Time: 824ms, Receiver: 42, Sender: 24, RSSI: -98
[P1_RX] Time: 824ms, Receiver: 23, Sender: 24, RSSI: -98
[P1_RX] Time: 824ms, Receiver: 26, Sender: 24, RSSI: -99
[P1_RX] Time: 824ms, Receiver: 14, Sender: 24, RSSI: -99
[P1_RX] Time: 824ms, Receiver: 0, Sender: 24, RSSI: -101
[P1_RX] Time: 824ms, Receiver: 4, Sender: 24, RSSI: -102
[P1_RX] Time: 824ms, Receiver: 45, Sender: 24, RSSI: -103
[P1_RX] Time: 824ms, Receiver: 30, Sender: 24, RSSI: -103
[P1_RX] Time: 824ms, Receiver: 31, Sender: 24, RSSI: -104
[P1_RX] Time: 824ms, Receiver: 6, Sender: 24, RSSI: -106
[P1_RX] Time: 824ms, Receiver: 19, Sender: 24, RSSI: -106
[P1_RX] Time: 824ms, Receiver: 7, Sender: 24, RSSI: -107
[P1_RX] Time: 824ms, Receiver: 1, Sender: 24, RSSI: -107
[P1_RX] Time: 824ms, Receiver: 32, Sender: 24, RSSI: -108
[P1_RX] Time: 824ms, Receiver: 12, Sender: 24, RSSI: -108
[P1_RX] Time: 824ms, Receiver: 27, Sender: 24, RSSI: -109
[P1_RX] Time: 824ms, Receiver: 16, Sender: 24, RSSI: -110
[P1_ABORT] Time: 824ms, Drone: 4
[P1_ATTEMPT] Time: 824ms, Drone: 4
[P1_SUCCESS] Time: 825ms, Drone: 29
[P1_RX] Time: 825ms, Receiver: 33, Sender: 29, RSSI: -89
[P1_RX] Time: 825ms, Receiver: 37, Sender: 29, RSSI: -89
[P1_RX] Time: 825ms, Receiver: 25, Sender: 29, RSSI: -93
[P1_RX] Time: 825ms, Receiver: 20, Sender: 29, RSSI: -103
[P1_RX] Time: 825ms, Receiver: 34, Sender: 29, RSSI: -105
[P1_RX] Time: 825ms, Receiver: 28, Sender: 29, RSSI: -106
[P1_RX] Time: 825ms, Receiver: 46, Sender: 29, RSSI: -107
[P1_ATTEMPT] Time: 825ms, Drone: 40
[P1_SUCCESS] Time: 825ms, Drone: 4
[P1_RX] Time: 825ms, Receiver: 42, Sender: 4, RSSI: -107
[P1_RX] Time: 825ms, Receiver: 19, Sender: 4, RSSI: -107
[P1_RX] Time: 825ms, Receiver: 23, Sender: 4, RSSI: -107
[P1_RX] Time: 825ms, Receiver: 47, Sender: 4, RSSI: -107
[P1_RX] Time: 825ms, Receiver: 27, Sender: 4, RSSI: -107
[P1_RX] Time: 825ms, Receiver: 26, Sender: 4, RSSI: -108
[P1_ATTEMPT] Time: 825ms, Drone: 30
[P1_ATTEMPT] Time: 825ms, Drone: 11
[P1_ABORT] Time: 825ms, Drone: 11
[P1_ATTEMPT] Time: 825ms, Drone: 11
[P1_ABORT] Time: 825ms, Drone: 11
[P1_ATTEMPT] Time: 825ms, Drone: 11
[P1_ABORT] Time: 826ms, Drone: 11
[P1_ATTEMPT] Time: 826ms, Drone: 11
[P1_SUCCESS] Time: 826ms, Drone: 40
[P1_RX] Time: 826ms, Receiver: 47, Sender: 40, RSSI: -91
[P1_RX] Time: 826ms, Receiver: 19, Sender: 40, RSSI: -92
[P1_RX] Time: 826ms, Receiver: 41, Sender: 40, RSSI: -95
[P1_RX] Time: 826ms, Receiver: 5, Sender: 40, RSSI: -98
[P1_RX] Time: 826ms, Receiver: 35, Sender: 40, RSSI: -99
[P1_RX] Time: 826ms, Receiver: 27, Sender: 40, RSSI: -101
[P1_RX] Time: 826ms, Receiver: 16, Sender: 40, RSSI: -102
[P1_RX] Time: 826ms, Receiver: 1, Sender: 40, RSSI: -103
[P1_RX] Time: 826ms, Receiver: 17, Sender: 40, RSSI: -104
[P1_RX] Time: 826ms, Receiver: 32, Sender: 40, RSSI: -104
[P1_RX] Time: 826ms, Receiver: 36, Sender: 40, RSSI: -104
[P1_RX] Time: 826ms, Receiver: 18, Sender: 40, RSSI: -106
[P1_RX] Time: 826ms, Receiver: 39, Sender: 40, RSSI: -106
[P1_RX] Time: 826ms, Receiver: 9, Sender: 40, RSSI: -107
[P1_RX] Time: 826ms, Receiver: 21, Sender: 40, RSSI: -107
[P1_ATTEMPT] Time: 826ms, Drone: 46
[P1_SUCCESS] Time: 826ms, Drone: 30
[P1_RX] Time: 826ms, Receiver: 7, Sender: 30, RSSI: -94
[P1_RX] Time: 826ms, Receiver: 14, Sender: 30, RSSI: -97
[P1_RX] Time: 826ms, Receiver: 12, Sender: 30, RSSI: -98
[P1_ATTEMPT] Time: 826ms, Drone: 19
[P1_ATTEMPT] Time: 826ms, Drone: 23
[P1_ABORT] Time: 826ms, Drone: 19
[P1_ATTEMPT] Time: 826ms, Drone: 19
[P1_ATTEMPT] Time: 826ms, Drone: 9
[P1_ABORT] Time: 826ms, Drone: 19
[P1_ATTEMPT] Time: 826ms, Drone: 19
[P1_SUCCESS] Time: 827ms, Drone: 11
[P1_RX] Time: 827ms, Receiver: 38, Sender: 11, RSSI: -94
[P1_RX] Time: 827ms, Receiver: 21, Sender: 11, RSSI: -96
[P1_RX] Time: 827ms, Receiver: 18, Sender: 11, RSSI: -98
[P1_RX] Time: 827ms, Receiver: 17, Sender: 11, RSSI: -99
[P1_RX] Time: 827ms, Receiver: 43, Sender: 11, RSSI: -100
[P1_RX] Time: 827ms, Receiver: 16, Sender: 11, RSSI: -103
[P1_RX] Time: 827ms, Receiver: 15, Sender: 11, RSSI: -104
[P1_RX] Time: 827ms, Receiver: 32, Sender: 11, RSSI: -105
[P1_RX] Time: 827ms, Receiver: 10, Sender: 11, RSSI: -106
[P1_RX] Time: 827ms, Receiver: 3, Sender: 11, RSSI: -106
[P1_RX] Time: 827ms, Receiver: 47, Sender: 11, RSSI: -106
[P1_RX] Time: 827ms, Receiver: 27, Sender: 11, RSSI: -107
[P1_RX] Time: 827ms, Receiver: 8, Sender: 11, RSSI: -107
[P1_RX] Time: 827ms, Receiver: 41, Sender: 11, RSSI: -107
[P1_ATTEMPT] Time: 827ms, Drone: 25
[P1_ABORT] Time: 827ms, Drone: 25
[P1_ATTEMPT] Time: 827ms, Drone: 25
[P1_SUCCESS] Time: 827ms, Drone: 46
[P1_RX] Time: 827ms, Receiver: 28, Sender: 46, RSSI: -82
[P1_RX] Time: 827ms, Receiver: 34, Sender: 46, RSSI: -87
[P1_RX] Time: 827ms, Receiver: 44, Sender: 46, RSSI: -100
[P1_RX] Time: 827ms, Receiver: 37, Sender: 46, RSSI: -104
[P1_RX] Time: 827ms, Receiver: 20, Sender: 46, RSSI: -106
[P1_RX] Time: 827ms, Receiver: 29, Sender: 46, RSSI: -107
[P1_ABORT] Time: 827ms, Drone: 25
[P1_ATTEMPT] Time: 827ms, Drone: 25
[P1_SUCCESS] Time: 827ms, Drone: 23
[P1_RX] Time: 827ms, Receiver: 14, Sender: 23, RSSI: -89
[P1_RX] Time: 827ms, Receiver: 0, Sender: 23, RSSI: -89
[P1_RX] Time: 827ms, Receiver: 26, Sender: 23, RSSI: -97
[P1_RX] Time: 827ms, Receiver: 42, Sender: 23, RSSI: -97
[P1_RX] Time: 827ms, Receiver: 2, Sender: 23, RSSI: -97
[P1_RX] Time: 827ms, Receiver: 24, Sender: 23, RSSI: -98
[P1_RX] Time: 827ms, Receiver: 6, Sender: 23, RSSI: -98
[P1_RX] Time: 827ms, Receiver: 30, Sender: 23, RSSI: -102
[P1_RX] Time: 827ms, Receiver: 7, Sender: 23, RSSI: -104
[P1_SUCCESS] Time: 827ms, Drone: 9
[P1_RX] Time: 827ms, Receiver: 39, Sender: 9, RSSI: -96
[P1_RX] Time: 827ms, Receiver: 35, Sender: 9, RSSI: -96
[P1_RX] Time: 827ms, Receiver: 5, Sender: 9, RSSI: -96
[P1_RX] Time: 827ms, Receiver: 22, Sender: 9, RSSI: -101
[P1_SUCCESS] Time: 827ms, Drone: 19
[P1_RX] Time: 827ms, Receiver: 40, Sender: 19, RSSI: -92
[P1_RX] Time: 827ms, Receiver: 47, Sender: 19, RSSI: -92
[P1_RX] Time: 827ms, Receiver: 27, Sender: 19, RSSI: -97
[P1_RX] Time: 827ms, Receiver: 41, Sender: 19, RSSI: -100
[P1_RX] Time: 827ms, Receiver: 1, Sender: 19, RSSI: -101
[P1_RX] Time: 827ms, Receiver: 32, Sender: 19, RSSI: -101
[P1_RX] Time: 827ms, Receiver: 16, Sender: 19, RSSI: -101
[P1_RX] Time: 827ms, Receiver: 17, Sender: 19, RSSI: -104
[P1_RX] Time: 827ms, Receiver: 18, Sender: 19, RSSI: -106
[P1_ATTEMPT] Time: 827ms, Drone: 37
[P1_ATTEMPT] Time: 828ms, Drone: 22
[P1_ABORT] Time: 828ms, Drone: 37
[P1_ATTEMPT] Time: 828ms, Drone: 37
[P1_ATTEMPT] Time: 828ms, Drone: 44
[P1_ABORT] Time: 828ms, Drone: 37
[P1_ATTEMPT] Time: 828ms, Drone: 37
[P1_ATTEMPT] Time: 828ms, Drone: 42
[P1_SUCCESS] Time: 828ms, Drone: 25
[P1_RX] Time: 828ms, Receiver: 29, Sender: 25, RSSI: -93
[P1_RX] Time: 828ms, Receiver: 37, Sender: 25, RSSI: -95
[P1_RX] Time: 828ms, Receiver: 33, Sender: 25, RSSI: -98
[P1_RX] Time: 828ms, Receiver: 34, Sender: 25, RSSI: -103
[P1_RX] Time: 828ms, Receiver: 20, Sender: 25, RSSI: -104
[P1_RX] Time: 828ms, Receiver: 28, Sender: 25, RSSI: -104
[P1_RX] Time: 828ms, Receiver: 46, Sender: 25, RSSI: -106
[P1_ABORT] Time: 828ms, Drone: 37
[P1_ATTEMPT] Time: 828ms, Drone: 37
[P1_SUCCESS] Time: 828ms, Drone: 22
[P1_RX] Time: 828ms, Receiver: 36, Sender: 22, RSSI: -100
[P1_RX] Time: 828ms, Receiver: 9, Sender: 22, RSSI: -103
[P1_RX] Time: 828ms, Receiver: 5, Sender: 22, RSSI: -103
[P1_RX] Time: 828ms, Receiver: 41, Sender: 22, RSSI: -103
[P1_RX] Time: 828ms, Receiver: 35, Sender: 22, RSSI: -104
[P1_SUCCESS] Time: 829ms, Drone: 44
[P1_RX] Time: 829ms, Receiver: 28, Sender: 44, RSSI: -99
[P1_RX] Time: 829ms, Receiver: 46, Sender: 44, RSSI: -100
[P1_RX] Time: 829ms, Receiver: 34, Sender: 44, RSSI: -101
[P1_RX] Time: 829ms, Receiver: 20, Sender: 44, RSSI: -103
[P1_SUCCESS] Time: 829ms, Drone: 42
[P1_RX] Time: 829ms, Receiver: 26, Sender: 42, RSSI: -94
[P1_RX] Time: 829ms, Receiver: 2, Sender: 42, RSSI: -95
[P1_RX] Time: 829ms, Receiver: 23, Sender: 42, RSSI: -97
[P1_RX] Time: 829ms, Receiver: 24, Sender: 42, RSSI: -98
[P1_RX] Time: 829ms, Receiver: 0, Sender: 42, RSSI: -98
[P1_RX] Time: 829ms, Receiver: 14, Sender: 42, RSSI: -101
[P1_RX] Time: 829ms, Receiver: 48, Sender: 42, RSSI: -103
[P1_RX] Time: 829ms, Receiver: 13, Sender: 42, RSSI: -103
[P1_RX] Time: 829ms, Receiver: 45, Sender: 42, RSSI: -103
[P1_SUCCESS] Time: 829ms, Drone: 37
[P1_RX] Time: 829ms, Receiver: 15, Sender: 37, RSSI: -104
[P1_RX] Time: 829ms, Receiver: 4, Sender: 37, RSSI: -103
[P1_ATTEMPT] Time: 830ms, Drone: 38
[P1_SUCCESS] Time: 831ms, Drone: 38
[P1_RX] Time: 831ms, Receiver: 11, Sender: 38, RSSI: -94
[P1_RX] Time: 831ms, Receiver: 43, Sender: 38, RSSI: -96
[P1_RX] Time: 831ms, Receiver: 21, Sender: 38, RSSI: -97
[P1_RX] Time: 831ms, Receiver: 10, Sender: 38, RSSI: -99
[P1_RX] Time: 831ms, Receiver: 18, Sender: 38, RSSI: -100
[P1_RX] Time: 831ms, Receiver: 17, Sender: 38, RSSI: -103
[P1_RX] Time: 831ms, Receiver: 15, Sender: 38, RSSI: -103
[P1_RX] Time: 831ms, Receiver: 8, Sender: 38, RSSI: -103
[P1_RX] Time: 831ms, Receiver: 3, Sender: 38, RSSI: -104
[P1_RX] Time: 831ms, Receiver: 16, Sender: 38, RSSI: -105
[P1_RX] Time: 831ms, Receiver: 49, Sender: 38, RSSI: -106
[P1_RX] Time: 831ms, Receiver: 32, Sender: 38, RSSI: -106
[P1_RX] Time: 831ms, Receiver: 1, Sender: 38, RSSI: -107
[P1_ATTEMPT] Time: 831ms, Drone: 27
[P1_ATTEMPT] Time: 832ms, Drone: 14
[P1_SUCCESS] Time: 832ms, Drone: 27
[P1_RX] Time: 832ms, Receiver: 47, Sender: 27, RSSI: -95
[P1_RX] Time: 832ms, Receiver: 19, Sender: 27, RSSI: -98
[P1_RX] Time: 832ms, Receiver: 32, Sender: 27, RSSI: -100
[P1_RX] Time: 832ms, Receiver: 41, Sender: 27, RSSI: -101
[P1_RX] Time: 832ms, Receiver: 40, Sender: 27, RSSI: -101
[P1_RX] Time: 832ms, Receiver: 45, Sender: 27, RSSI: -102
[P1_RX] Time: 832ms, Receiver: 1, Sender: 27, RSSI: -102
[P1_RX] Time: 832ms, Receiver: 16, Sender: 27, RSSI: -102
[P1_RX] Time: 832ms, Receiver: 35, Sender: 27, RSSI: -104
[P1_RX] Time: 832ms, Receiver: 5, Sender: 27, RSSI: -105
[P1_RX] Time: 832ms, Receiver: 15, Sender: 27, RSSI: -105
[P1_RX] Time: 832ms, Receiver: 17, Sender: 27, RSSI: -105
[P1_RX] Time: 832ms, Receiver: 9, Sender: 27, RSSI: -105
[P1_RX] Time: 832ms, Receiver: 18, Sender: 27, RSSI: -106
[P1_RX] Time: 832ms, Receiver: 43, Sender: 27, RSSI: -106
[P1_RX] Time: 832ms, Receiver: 31, Sender: 27, RSSI: -106
[P1_RX] Time: 832ms, Receiver: 2, Sender: 27, RSSI: -106
[P1_RX] Time: 832ms, Receiver: 0, Sender: 27, RSSI: -107
[P1_RX] Time: 832ms, Receiver: 11, Sender: 27, RSSI: -107
[P1_RX] Time: 832ms, Receiver: 21, Sender: 27, RSSI: -107
[P1_RX] Time: 832ms, Receiver: 22, Sender: 27, RSSI: -108
[P1_RX] Time: 832ms, Receiver: 42, Sender: 27, RSSI: -108
[P1_RX] Time: 832ms, Receiver: 39, Sender: 27, RSSI: -108
[P1_RX] Time: 832ms, Receiver: 23, Sender: 27, RSSI: -109
[P1_ATTEMPT] Time: 832ms, Drone: 31
[P1_ATTEMPT] Time: 832ms, Drone: 32
[P1_SUCCESS] Time: 833ms, Drone: 14
[P1_RX] Time: 833ms, Receiver: 23, Sender: 14, RSSI: -89
[P1_RX] Time: 833ms, Receiver: 0, Sender: 14, RSSI: -97
[P1_RX] Time: 833ms, Receiver: 30, Sender: 14, RSSI: -97
[P1_RX] Time: 833ms, Receiver: 26, Sender: 14, RSSI: -99
[P1_RX] Time: 833ms, Receiver: 24, Sender: 14, RSSI: -99
[P1_RX] Time: 833ms, Receiver: 7, Sender: 14, RSSI: -101
[P1_RX] Time: 833ms, Receiver: 2, Sender: 14, RSSI: -101
[P1_RX] Time: 833ms, Receiver: 42, Sender: 14, RSSI: -102
[P1_RX] Time: 833ms, Receiver: 6, Sender: 14, RSSI: -104
[P1_ABORT] Time: 833ms, Drone: 32
[P1_ATTEMPT] Time: 833ms, Drone: 32
[P1_ABORT] Time: 833ms, Drone: 32
[P1_ATTEMPT] Time: 833ms, Drone: 32
[P1_SUCCESS] Time: 833ms, Drone: 31
[P1_RX] Time: 833ms, Receiver: 33, Sender: 31, RSSI: -102
[P1_RX] Time: 833ms, Receiver: 32, Sender: 31, RSSI: -103
[P1_RX] Time: 833ms, Receiver: 15, Sender: 31, RSSI: -104
[P1_RX] Time: 833ms, Receiver: 29, Sender: 31, RSSI: -104
[P1_RX] Time: 833ms, Receiver: 1, Sender: 31, RSSI: -104
[P1_RX] Time: 833ms, Receiver: 37, Sender: 31, RSSI: -106
[P1_RX] Time: 833ms, Receiver: 43, Sender: 31, RSSI: -107
[P1_ABORT] Time: 833ms, Drone: 32
[P1_ATTEMPT] Time: 833ms, Drone: 32
[P1_ATTEMPT] Time: 833ms, Drone: 36
[P1_ATTEMPT] Time: 833ms, Drone: 39
[P1_ATTEMPT] Time: 833ms, Drone: 15
[P1_ATTEMPT] Time: 833ms, Drone: 26
[P1_ATTEMPT] Time: 833ms, Drone: 12
[P1_ABORT] Time: 833ms, Drone: 15
[P1_ATTEMPT] Time: 833ms, Drone: 15
[P1_ATTEMPT] Time: 833ms, Drone: 47
[P1_ATTEMPT] Time: 834ms, Drone: 3
[P1_ABORT] Time: 834ms, Drone: 15
[P1_ATTEMPT] Time: 834ms, Drone: 15
[P1_ABORT] Time: 834ms, Drone: 47
[P1_ATTEMPT] Time: 834ms, Drone: 47
[P1_ATTEMPT] Time: 834ms, Drone: 1
[P1_ABORT] Time: 834ms, Drone: 3
[P1_ATTEMPT] Time: 834ms, Drone: 3
[P1_ABORT] Time: 834ms, Drone: 15
[P1_ATTEMPT] Time: 834ms, Drone: 15
[P1_ABORT] Time: 834ms, Drone: 47
[P1_ATTEMPT] Time: 834ms, Drone: 47
[P1_ABORT] Time: 834ms, Drone: 1
[P1_ATTEMPT] Time: 834ms, Drone: 1
[P1_SUCCESS] Time: 834ms, Drone: 32
[P1_RX] Time: 834ms, Receiver: 1, Sender: 32, RSSI: -82
[P1_RX] Time: 834ms, Receiver: 16, Sender: 32, RSSI: -91
[P1_RX] Time: 834ms, Receiver: 15, Sender: 32, RSSI: -95
[P1_RX] Time: 834ms, Receiver: 18, Sender: 32, RSSI: -99
[P1_RX] Time: 834ms, Receiver: 47, Sender: 32, RSSI: -99
[P1_RX] Time: 834ms, Receiver: 17, Sender: 32, RSSI: -99
[P1_RX] Time: 834ms, Receiver: 27, Sender: 32, RSSI: -100
[P1_RX] Time: 834ms, Receiver: 45, Sender: 32, RSSI: -101
[P1_RX] Time: 834ms, Receiver: 21, Sender: 32, RSSI: -101
[P1_RX] Time: 834ms, Receiver: 43, Sender: 32, RSSI: -101
[P1_RX] Time: 834ms, Receiver: 4, Sender: 32, RSSI: -102
[P1_RX] Time: 834ms, Receiver: 19, Sender: 32, RSSI: -102
[P1_RX] Time: 834ms, Receiver: 3, Sender: 32, RSSI: -103
[P1_RX] Time: 834ms, Receiver: 49, Sender: 32, RSSI: -103
[P1_RX] Time: 834ms, Receiver: 11, Sender: 32, RSSI: -105
[P1_RX] Time: 834ms, Receiver: 38, Sender: 32, RSSI: -106
[P1_ABORT] Time: 834ms, Drone: 3
[P1_ATTEMPT] Time: 834ms, Drone: 3
[P1_ABORT] Time: 834ms, Drone: 15
[P1_ATTEMPT] Time: 834ms, Drone: 15
[P1_ABORT] Time: 834ms, Drone: 47
[P1_ATTEMPT] Time: 834ms, Drone: 47
[P1_ABORT] Time: 834ms, Drone: 1
[P1_ATTEMPT] Time: 834ms, Drone: 1
[P1_ABORT] Time: 834ms, Drone: 47
[P1_ATTEMPT] Time: 834ms, Drone: 47
[P1_ABORT] Time: 834ms, Drone: 47
[P1_ATTEMPT] Time: 834ms, Drone: 47
[P1_SUCCESS] Time: 834ms, Drone: 36
[P1_RX] Time: 834ms, Receiver: 22, Sender: 36, RSSI: -99
[P1_SUCCESS] Time: 834ms, Drone: 39
[P1_RX] Time: 834ms, Receiver: 6, Sender: 39, RSSI: -94
[P1_ABORT] Time: 834ms, Drone: 47
[P1_ATTEMPT] Time: 834ms, Drone: 47
[P1_SUCCESS] Time: 834ms, Drone: 26
[P1_RX] Time: 834ms, Receiver: 14, Sender: 26, RSSI: -98
[P1_SUCCESS] Time: 834ms, Drone: 12
[P1_RX] Time: 834ms, Receiver: 30, Sender: 12, RSSI: -97
[P1_RX] Time: 834ms, Receiver: 7, Sender: 12, RSSI: -101
[P1_ABORT] Time: 834ms, Drone: 47
[P1_ATTEMPT] Time: 834ms, Drone: 47
[P1_ABORT] Time: 835ms, Drone: 47
[P1_ATTEMPT] Time: 835ms, Drone: 47
[P1_ATTEMPT] Time: 835ms, Drone: 33
[P1_ABORT] Time: 835ms, Drone: 47
[P1_ATTEMPT] Time: 835ms, Drone: 47
[P1_ABORT] Time: 835ms, Drone: 33
[P1_ATTEMPT] Time: 835ms, Drone: 33
[P1_SUCCESS] Time: 835ms, Drone: 3
[P1_RX] Time: 835ms, Receiver: 49, Sender: 3, RSSI: -80
[P1_RX] Time: 835ms, Receiver: 18, Sender: 3, RSSI: -94
[P1_RX] Time: 835ms, Receiver: 8, Sender: 3, RSSI: -102
[P1_ABORT] Time: 835ms, Drone: 47
[P1_ATTEMPT] Time: 835ms, Drone: 47
[P1_SUCCESS] Time: 835ms, Drone: 15
[P1_RX] Time: 835ms, Receiver: 43, Sender: 15, RSSI: -92
[P1_RX] Time: 835ms, Receiver: 33, Sender: 15, RSSI: -101
[P1_RX] Time: 835ms, Receiver: 11, Sender: 15, RSSI: -101
[P1_RX] Time: 835ms, Receiver: 29, Sender: 15, RSSI: -102
[P1_SUCCESS] Time: 835ms, Drone: 1
[P1_RX] Time: 835ms, Receiver: 32, Sender: 1, RSSI: -82
[P1_RX] Time: 835ms, Receiver: 16, Sender: 1, RSSI: -89
[P1_RX] Time: 835ms, Receiver: 47, Sender: 1, RSSI: -98
[P1_RX] Time: 835ms, Receiver: 19, Sender: 1, RSSI: -100
[P1_RX] Time: 835ms, Receiver: 40, Sender: 1, RSSI: -101
[P1_RX] Time: 835ms, Receiver: 2, Sender: 1, RSSI: -103
[P1_RX] Time: 835ms, Receiver: 13, Sender: 1, RSSI: -102
[P1_RX] Time: 835ms, Receiver: 48, Sender: 1, RSSI: -103
[P1_RX] Time: 835ms, Receiver: 41, Sender: 1, RSSI: -104
[P1_RX] Time: 835ms, Receiver: 24, Sender: 1, RSSI: -105
[P1_ABORT] Time: 835ms, Drone: 33
[P1_ATTEMPT] Time: 835ms, Drone: 33
[P1_ABORT] Time: 835ms, Drone: 47
[P1_ATTEMPT] Time: 835ms, Drone: 47
[P1_SUCCESS] Time: 836ms, Drone: 33
[P1_RX] Time: 836ms, Receiver: 29, Sender: 33, RSSI: -89
[P1_RX] Time: 836ms, Receiver: 37, Sender: 33, RSSI: -90
[P1_RX] Time: 836ms, Receiver: 25, Sender: 33, RSSI: -98
[P1_RX] Time: 836ms, Receiver: 31, Sender: 33, RSSI: -101
[P1_RX] Time: 836ms, Receiver: 4, Sender: 33, RSSI: -102
[P1_RX] Time: 836ms, Receiver: 15, Sender: 33, RSSI: -101
[P1_RX] Time: 836ms, Receiver: 13, Sender: 33, RSSI: -103
[P1_RX] Time: 836ms, Receiver: 45, Sender: 33, RSSI: -102
[P1_RX] Time: 836ms, Receiver: 20, Sender: 33, RSSI: -105
[P1_RX] Time: 836ms, Receiver: 34, Sender: 33, RSSI: -106
[P1_RX] Time: 836ms, Receiver: 48, Sender: 33, RSSI: -105
[P1_RX] Time: 836ms, Receiver: 28, Sender: 33, RSSI: -107
[P1_ATTEMPT] Time: 836ms, Drone: 10
[P1_SUCCESS] Time: 836ms, Drone: 47
[P1_RX] Time: 836ms, Receiver: 40, Sender: 47, RSSI: -91
[P1_RX] Time: 836ms, Receiver: 19, Sender: 47, RSSI: -92
[P1_RX] Time: 836ms, Receiver: 27, Sender: 47, RSSI: -95
[P1_RX] Time: 836ms, Receiver: 41, Sender: 47, RSSI: -97
[P1_RX] Time: 836ms, Receiver: 16, Sender: 47, RSSI: -97
[P1_RX] Time: 836ms, Receiver: 32, Sender: 47, RSSI: -98
[P1_RX] Time: 836ms, Receiver: 1, Sender: 47, RSSI: -99
[P1_RX] Time: 836ms, Receiver: 17, Sender: 47, RSSI: -100
[P1_RX] Time: 836ms, Receiver: 5, Sender: 47, RSSI: -102
[P1_RX] Time: 836ms, Receiver: 35, Sender: 47, RSSI: -102
[P1_RX] Time: 836ms, Receiver: 18, Sender: 47, RSSI: -103
[P1_RX] Time: 836ms, Receiver: 21, Sender: 47, RSSI: -104
[P1_RX] Time: 836ms, Receiver: 2, Sender: 47, RSSI: -105
[P1_RX] Time: 836ms, Receiver: 11, Sender: 47, RSSI: -105
[P1_RX] Time: 836ms, Receiver: 9, Sender: 47, RSSI: -107
[P1_RX] Time: 836ms, Receiver: 36, Sender: 47, RSSI: -107
[P1_RX] Time: 836ms, Receiver: 42, Sender: 47, RSSI: -106
[P1_RX] Time: 836ms, Receiver: 39, Sender: 47, RSSI: -107
[P1_RX] Time: 836ms, Receiver: 3, Sender: 47, RSSI: -106
[P1_RX] Time: 836ms, Receiver: 22, Sender: 47, RSSI: -108
[P1_ATTEMPT] Time: 837ms, Drone: 34
[P1_SUCCESS] Time: 837ms, Drone: 10
[P1_RX] Time: 837ms, Receiver: 38, Sender: 10, RSSI: -99
[P1_RX] Time: 837ms, Receiver: 8, Sender: 10, RSSI: -101
[P1_RX] Time: 837ms, Receiver: 43, Sender: 10, RSSI: -102
[P1_RX] Time: 837ms, Receiver: 21, Sender: 10, RSSI: -105
[P1_RX] Time: 837ms, Receiver: 11, Sender: 10, RSSI: -106
[P1_RX] Time: 837ms, Receiver: 15, Sender: 10, RSSI: -106
[P1_RX] Time: 837ms, Receiver: 18, Sender: 10, RSSI: -107
[P1_RX] Time: 837ms, Receiver: 3, Sender: 10, RSSI: -107
[P1_RX] Time: 837ms, Receiver: 49, Sender: 10, RSSI: -108
[P1_RX] Time: 837ms, Receiver: 17, Sender: 10, RSSI: -109
[P1_ATTEMPT] Time: 837ms, Drone: 7
[P1_ATTEMPT] Time: 837ms, Drone: 18
[P1_ATTEMPT] Time: 837ms, Drone: 6
[P1_ATTEMPT] Time: 837ms, Drone: 13
[P1_SUCCESS] Time: 838ms, Drone: 34
[P1_RX] Time: 838ms, Receiver: 28, Sender: 34, RSSI: -78
[P1_RX] Time: 838ms, Receiver: 46, Sender: 34, RSSI: -87
[P1_RX] Time: 838ms, Receiver: 44, Sender: 34, RSSI: -101
[P1_RX] Time: 838ms, Receiver: 37, Sender: 34, RSSI: -102
[P1_RX] Time: 838ms, Receiver: 25, Sender: 34, RSSI: -102
[P1_RX] Time: 838ms, Receiver: 20, Sender: 34, RSSI: -104
[P1_SUCCESS] Time: 838ms, Drone: 7
[P1_RX] Time: 838ms, Receiver: 30, Sender: 7, RSSI: -94
[P1_RX] Time: 838ms, Receiver: 14, Sender: 7, RSSI: -99
[P1_RX] Time: 838ms, Receiver: 12, Sender: 7, RSSI: -102
[P1_SUCCESS] Time: 838ms, Drone: 18
[P1_RX] Time: 838ms, Receiver: 21, Sender: 18, RSSI: -78
[P1_RX] Time: 838ms, Receiver: 17, Sender: 18, RSSI: -86
[P1_RX] Time: 838ms, Receiver: 16, Sender: 18, RSSI: -93
[P1_RX] Time: 838ms, Receiver: 3, Sender: 18, RSSI: -97
[P1_RX] Time: 838ms, Receiver: 11, Sender: 18, RSSI: -98
[P1_RX] Time: 838ms, Receiver: 32, Sender: 18, RSSI: -98
[P1_RX] Time: 838ms, Receiver: 1, Sender: 18, RSSI: -98
[P1_RX] Time: 838ms, Receiver: 43, Sender: 18, RSSI: -99
[P1_RX] Time: 838ms, Receiver: 38, Sender: 18, RSSI: -99
[P1_RX] Time: 838ms, Receiver: 15, Sender: 18, RSSI: -99
[P1_RX] Time: 838ms, Receiver: 49, Sender: 18, RSSI: -99
[P1_RX] Time: 838ms, Receiver: 47, Sender: 18, RSSI: -101
[P1_RX] Time: 838ms, Receiver: 8, Sender: 18, RSSI: -105
[P1_RX] Time: 838ms, Receiver: 10, Sender: 18, RSSI: -105
[P1_RX] Time: 838ms, Receiver: 41, Sender: 18, RSSI: -104
[P1_SUCCESS] Time: 838ms, Drone: 6
[P1_RX] Time: 838ms, Receiver: 39, Sender: 6, RSSI: -95
[P1_RX] Time: 838ms, Receiver: 42, Sender: 6, RSSI: -97
[P1_RX] Time: 838ms, Receiver: 0, Sender: 6, RSSI: -97
[P1_RX] Time: 838ms, Receiver: 23, Sender: 6, RSSI: -98
[P1_RX] Time: 838ms, Receiver: 9, Sender: 6, RSSI: -100
[P1_RX] Time: 838ms, Receiver: 26, Sender: 6, RSSI: -99
[P1_RX] Time: 838ms, Receiver: 35, Sender: 6, RSSI: -102
[P1_RX] Time: 838ms, Receiver: 5, Sender: 6, RSSI: -103
[P1_SUCCESS] Time: 838ms, Drone: 13
[P1_RX] Time: 838ms, Receiver: 31, Sender: 13, RSSI: -92
[P1_RX] Time: 838ms, Receiver: 45, Sender: 13, RSSI: -95
[P1_RX] Time: 838ms, Receiver: 4, Sender: 13, RSSI: -96
[P1_RX] Time: 838ms, Receiver: 2, Sender: 13, RSSI: -96
[P1_ATTEMPT] Time: 838ms, Drone: 48
[P1_SUCCESS] Time: 839ms, Drone: 48
[P1_RX] Time: 839ms, Receiver: 13, Sender: 48, RSSI: -93
[P1_RX] Time: 839ms, Receiver: 4, Sender: 48, RSSI: -94
[P1_RX] Time: 839ms, Receiver: 24, Sender: 48, RSSI: -95
[P1_RX] Time: 839ms, Receiver: 2, Sender: 48, RSSI: -98
[P1_RX] Time: 839ms, Receiver: 31, Sender: 48, RSSI: -101
[P1_RX] Time: 839ms, Receiver: 45, Sender: 48, RSSI: -103
[P1_RX] Time: 839ms, Receiver: 14, Sender: 48, RSSI: -105
[P1_RX] Time: 839ms, Receiver: 30, Sender: 48, RSSI: -105
[P1_RX] Time: 839ms, Receiver: 23, Sender: 48, RSSI: -105
[P1_RX] Time: 839ms, Receiver: 42, Sender: 48, RSSI: -105
[P1_RX] Time: 839ms, Receiver: 1, Sender: 48, RSSI: -106
[P1_RX] Time: 839ms, Receiver: 26, Sender: 48, RSSI: -106
[P1_RX] Time: 839ms, Receiver: 0, Sender: 48, RSSI: -106
[P1_RX] Time: 839ms, Receiver: 29, Sender: 48, RSSI: -106
[P1_RX] Time: 839ms, Receiver: 12, Sender: 48, RSSI: -106
[P1_RX] Time: 839ms, Receiver: 32, Sender: 48, RSSI: -106
[P1_RX] Time: 839ms, Receiver: 33, Sender: 48, RSSI: -107
[P1_RX] Time: 839ms, Receiver: 20, Sender: 48, RSSI: -108
[P1_RX] Time: 839ms, Receiver: 37, Sender: 48, RSSI: -109
[P1_RX] Time: 839ms, Receiver: 16, Sender: 48, RSSI: -109
[P1_ATTEMPT] Time: 867ms, Drone: 15
[P1_ATTEMPT] Time: 867ms, Drone: 35
[P1_ATTEMPT] Time: 867ms, Drone: 44
[P1_SUCCESS] Time: 868ms, Drone: 15
[P1_RX] Time: 868ms, Receiver: 43, Sender: 15, RSSI: -93
[P1_RX] Time: 868ms, Receiver: 32, Sender: 15, RSSI: -95
[P1_RX] Time: 868ms, Receiver: 1, Sender: 15, RSSI: -98
[P1_RX] Time: 868ms, Receiver: 18, Sender: 15, RSSI: -100
[P1_RX] Time: 868ms, Receiver: 16, Sender: 15, RSSI: -100
[P1_RX] Time: 868ms, Receiver: 21, Sender: 15, RSSI: -101
[P1_RX] Time: 868ms, Receiver: 3, Sender: 15, RSSI: -103
[P1_RX] Time: 868ms, Receiver: 17, Sender: 15, RSSI: -103
[P1_RX] Time: 868ms, Receiver: 49, Sender: 15, RSSI: -103
[P1_RX] Time: 868ms, Receiver: 38, Sender: 15, RSSI: -103
[P1_RX] Time: 868ms, Receiver: 45, Sender: 15, RSSI: -103
[P1_RX] Time: 868ms, Receiver: 33, Sender: 15, RSSI: -103
[P1_RX] Time: 868ms, Receiver: 4, Sender: 15, RSSI: -104
[P1_RX] Time: 868ms, Receiver: 31, Sender: 15, RSSI: -104
[P1_RX] Time: 868ms, Receiver: 11, Sender: 15, RSSI: -104
[P1_RX] Time: 868ms, Receiver: 37, Sender: 15, RSSI: -105
[P1_RX] Time: 868ms, Receiver: 10, Sender: 15, RSSI: -106
[P1_RX] Time: 868ms, Receiver: 29, Sender: 15, RSSI: -106
[P1_RX] Time: 868ms, Receiver: 13, Sender: 15, RSSI: -106
[P1_SUCCESS] Time: 868ms, Drone: 35
[P1_RX] Time: 868ms, Receiver: 5, Sender: 35, RSSI: -75
[P1_RX] Time: 868ms, Receiver: 39, Sender: 35, RSSI: -97
[P1_RX] Time: 868ms, Receiver: 9, Sender: 35, RSSI: -100
[P1_RX] Time: 868ms, Receiver: 36, Sender: 35, RSSI: -101
[P1_RX] Time: 868ms, Receiver: 6, Sender: 35, RSSI: -103
[P1_RX] Time: 868ms, Receiver: 22, Sender: 35, RSSI: -104
[P1_RX] Time: 868ms, Receiver: 42, Sender: 35, RSSI: -104
[P1_RX] Time: 868ms, Receiver: 0, Sender: 35, RSSI: -106
[P1_ATTEMPT] Time: 868ms, Drone: 28
[P1_SUCCESS] Time: 868ms, Drone: 44
[P1_RX] Time: 868ms, Receiver: 28, Sender: 44, RSSI: -99
[P1_RX] Time: 868ms, Receiver: 46, Sender: 44, RSSI: -100
[P1_RX] Time: 868ms, Receiver: 34, Sender: 44, RSSI: -101
[P1_ABORT] Time: 868ms, Drone: 28
[P1_ATTEMPT] Time: 868ms, Drone: 28
[P1_ATTEMPT] Time: 869ms, Drone: 10
[P1_ATTEMPT] Time: 869ms, Drone: 1
[P1_ABORT] Time: 869ms, Drone: 10
[P1_ATTEMPT] Time: 869ms, Drone: 10
[P1_SUCCESS] Time: 869ms, Drone: 28
[P1_RX] Time: 869ms, Receiver: 34, Sender: 28, RSSI: -78
[P1_RX] Time: 869ms, Receiver: 46, Sender: 28, RSSI: -82
[P1_RX] Time: 869ms, Receiver: 44, Sender: 28, RSSI: -99
[P1_RX] Time: 869ms, Receiver: 37, Sender: 28, RSSI: -104
[P1_RX] Time: 869ms, Receiver: 25, Sender: 28, RSSI: -104
[P1_RX] Time: 869ms, Receiver: 20, Sender: 28, RSSI: -105
[P1_RX] Time: 869ms, Receiver: 29, Sender: 28, RSSI: -106
[P1_RX] Time: 869ms, Receiver: 33, Sender: 28, RSSI: -107
[P1_SUCCESS] Time: 870ms, Drone: 1
[P1_RX] Time: 870ms, Receiver: 32, Sender: 1, RSSI: -82
[P1_RX] Time: 870ms, Receiver: 16, Sender: 1, RSSI: -89
[P1_RX] Time: 870ms, Receiver: 15, Sender: 1, RSSI: -98
[P1_RX] Time: 870ms, Receiver: 17, Sender: 1, RSSI: -99
[P1_RX] Time: 870ms, Receiver: 18, Sender: 1, RSSI: -99
[P1_RX] Time: 870ms, Receiver: 47, Sender: 1, RSSI: -99
[P1_RX] Time: 870ms, Receiver: 4, Sender: 1, RSSI: -101
[P1_RX] Time: 870ms, Receiver: 21, Sender: 1, RSSI: -100
[P1_RX] Time: 870ms, Receiver: 19, Sender: 1, RSSI: -101
[P1_RX] Time: 870ms, Receiver: 3, Sender: 1, RSSI: -101
[P1_RX] Time: 870ms, Receiver: 49, Sender: 1, RSSI: -101
[P1_RX] Time: 870ms, Receiver: 45, Sender: 1, RSSI: -102
[P1_RX] Time: 870ms, Receiver: 27, Sender: 1, RSSI: -102
[P1_RX] Time: 870ms, Receiver: 40, Sender: 1, RSSI: -103
[P1_RX] Time: 870ms, Receiver: 2, Sender: 1, RSSI: -104
[P1_RX] Time: 870ms, Receiver: 13, Sender: 1, RSSI: -105
[P1_RX] Time: 870ms, Receiver: 31, Sender: 1, RSSI: -105
[P1_RX] Time: 870ms, Receiver: 48, Sender: 1, RSSI: -105
[P1_RX] Time: 870ms, Receiver: 41, Sender: 1, RSSI: -106
[P1_RX] Time: 870ms, Receiver: 24, Sender: 1, RSSI: -107
[P1_RX] Time: 870ms, Receiver: 42, Sender: 1, RSSI: -108
[P1_RX] Time: 870ms, Receiver: 35, Sender: 1, RSSI: -109
[P1_SUCCESS] Time: 870ms, Drone: 10
[P1_RX] Time: 870ms, Receiver: 38, Sender: 10, RSSI: -98
[P1_RX] Time: 870ms, Receiver: 8, Sender: 10, RSSI: -101
[P1_ATTEMPT] Time: 870ms, Drone: 13
[P1_ATTEMPT] Time: 871ms, Drone: 9
[P1_SUCCESS] Time: 871ms, Drone: 13
[P1_RX] Time: 871ms, Receiver: 31, Sender: 13, RSSI: -92
[P1_RX] Time: 871ms, Receiver: 48, Sender: 13, RSSI: -93
[P1_RX] Time: 871ms, Receiver: 45, Sender: 13, RSSI: -96
[P1_RX] Time: 871ms, Receiver: 4, Sender: 13, RSSI: -96
[P1_RX] Time: 871ms, Receiver: 2, Sender: 13, RSSI: -97
[P1_RX] Time: 871ms, Receiver: 24, Sender: 13, RSSI: -98
[P1_RX] Time: 871ms, Receiver: 23, Sender: 13, RSSI: -103
[P1_RX] Time: 871ms, Receiver: 0, Sender: 13, RSSI: -104
[P1_RX] Time: 871ms, Receiver: 14, Sender: 13, RSSI: -104
[P1_RX] Time: 871ms, Receiver: 33, Sender: 13, RSSI: -104
[P1_RX] Time: 871ms, Receiver: 30, Sender: 13, RSSI: -104
[P1_RX] Time: 871ms, Receiver: 32, Sender: 13, RSSI: -105
[P1_RX] Time: 871ms, Receiver: 29, Sender: 13, RSSI: -105
[P1_RX] Time: 871ms, Receiver: 1, Sender: 13, RSSI: -105
[P1_RX] Time: 871ms, Receiver: 12, Sender: 13, RSSI: -105
[P1_RX] Time: 871ms, Receiver: 42, Sender: 13, RSSI: -105
[P1_RX] Time: 871ms, Receiver: 15, Sender: 13, RSSI: -106
[P1_RX] Time: 871ms, Receiver: 26, Sender: 13, RSSI: -107
[P1_RX] Time: 871ms, Receiver: 37, Sender: 13, RSSI: -108
[P1_RX] Time: 871ms, Receiver: 19, Sender: 13, RSSI: -108
[P1_RX] Time: 871ms, Receiver: 27, Sender: 13, RSSI: -108
[P1_RX] Time: 871ms, Receiver: 16, Sender: 13, RSSI: -108
[P1_RX] Time: 871ms, Receiver: 7, Sender: 13, RSSI: -109
[P1_ATTEMPT] Time: 871ms, Drone: 6
[P1_ABORT] Time: 872ms, Drone: 6
[P1_ATTEMPT] Time: 872ms, Drone: 6
[P1_ABORT] Time: 872ms, Drone: 6
[P1_ATTEMPT] Time: 872ms, Drone: 6
[P1_ABORT] Time: 872ms, Drone: 6
[P1_ATTEMPT] Time: 872ms, Drone: 6
[P1_ABORT] Time: 872ms, Drone: 6
[P1_ATTEMPT] Time: 872ms, Drone: 6
[P1_ABORT] Time: 872ms, Drone: 6
[P1_ATTEMPT] Time: 872ms, Drone: 6
[P1_SUCCESS] Time: 872ms, Drone: 9
[P1_RX] Time: 872ms, Receiver: 39, Sender: 9, RSSI: -97
[P1_RX] Time: 872ms, Receiver: 35, Sender: 9, RSSI: -100
[P1_RX] Time: 872ms, Receiver: 5, Sender: 9, RSSI: -101
[P1_RX] Time: 872ms, Receiver: 6, Sender: 9, RSSI: -101
[P1_RX] Time: 872ms, Receiver: 22, Sender: 9, RSSI: -103
[P1_RX] Time: 872ms, Receiver: 19, Sender: 9, RSSI: -105
[P1_RX] Time: 872ms, Receiver: 0, Sender: 9, RSSI: -105
[P1_RX] Time: 872ms, Receiver: 27, Sender: 9, RSSI: -105
[P1_RX] Time: 872ms, Receiver: 41, Sender: 9, RSSI: -106
[P1_RX] Time: 872ms, Receiver: 42, Sender: 9, RSSI: -107
[P1_RX] Time: 872ms, Receiver: 36, Sender: 9, RSSI: -107
[P1_RX] Time: 872ms, Receiver: 47, Sender: 9, RSSI: -107
[P1_RX] Time: 872ms, Receiver: 23, Sender: 9, RSSI: -108
[P1_RX] Time: 872ms, Receiver: 26, Sender: 9, RSSI: -110
[P1_ABORT] Time: 872ms, Drone: 6
[P1_ATTEMPT] Time: 872ms, Drone: 6
[P1_ATTEMPT] Time: 873ms, Drone: 42
[P1_SUCCESS] Time: 873ms, Drone: 6
[P1_RX] Time: 873ms, Receiver: 39, Sender: 6, RSSI: -95
[P1_RX] Time: 873ms, Receiver: 42, Sender: 6, RSSI: -98
[P1_RX] Time: 873ms, Receiver: 0, Sender: 6, RSSI: -99
[P1_RX] Time: 873ms, Receiver: 23, Sender: 6, RSSI: -100
[P1_RX] Time: 873ms, Receiver: 9, Sender: 6, RSSI: -101
[P1_RX] Time: 873ms, Receiver: 26, Sender: 6, RSSI: -102
[P1_RX] Time: 873ms, Receiver: 35, Sender: 6, RSSI: -103
[P1_RX] Time: 873ms, Receiver: 14, Sender: 6, RSSI: -104
[P1_RX] Time: 873ms, Receiver: 2, Sender: 6, RSSI: -105
[P1_RX] Time: 873ms, Receiver: 5, Sender: 6, RSSI: -105
[P1_RX] Time: 873ms, Receiver: 19, Sender: 6, RSSI: -105
[P1_RX] Time: 873ms, Receiver: 24, Sender: 6, RSSI: -106
[P1_RX] Time: 873ms, Receiver: 45, Sender: 6, RSSI: -109
[P1_RX] Time: 873ms, Receiver: 47, Sender: 6, RSSI: -109
[P1_ABORT] Time: 873ms, Drone: 42
[P1_ATTEMPT] Time: 873ms, Drone: 42
[P1_ATTEMPT] Time: 874ms, Drone: 27
[P1_ATTEMPT] Time: 874ms, Drone: 39
[P1_SUCCESS] Time: 874ms, Drone: 42
[P1_RX] Time: 874ms, Receiver: 26, Sender: 42, RSSI: -94
[P1_RX] Time: 874ms, Receiver: 2, Sender: 42, RSSI: -96
[P1_RX] Time: 874ms, Receiver: 23, Sender: 42, RSSI: -97
[P1_RX] Time: 874ms, Receiver: 24, Sender: 42, RSSI: -98
[P1_RX] Time: 874ms, Receiver: 0, Sender: 42, RSSI: -98
[P1_RX] Time: 874ms, Receiver: 6, Sender: 42, RSSI: -98
[P1_RX] Time: 874ms, Receiver: 14, Sender: 42, RSSI: -102
[P1_RX] Time: 874ms, Receiver: 19, Sender: 42, RSSI: -103
[P1_RX] Time: 874ms, Receiver: 39, Sender: 42, RSSI: -103
[P1_RX] Time: 874ms, Receiver: 35, Sender: 42, RSSI: -105
[P1_RX] Time: 874ms, Receiver: 48, Sender: 42, RSSI: -105
[P1_RX] Time: 874ms, Receiver: 13, Sender: 42, RSSI: -105
[P1_RX] Time: 874ms, Receiver: 45, Sender: 42, RSSI: -106
[P1_RX] Time: 874ms, Receiver: 5, Sender: 42, RSSI: -106
[P1_RX] Time: 874ms, Receiver: 9, Sender: 42, RSSI: -107
[P1_RX] Time: 874ms, Receiver: 40, Sender: 42, RSSI: -107
[P1_RX] Time: 874ms, Receiver: 47, Sender: 42, RSSI: -107
[P1_RX] Time: 874ms, Receiver: 4, Sender: 42, RSSI: -108
[P1_RX] Time: 874ms, Receiver: 31, Sender: 42, RSSI: -108
[P1_RX] Time: 874ms, Receiver: 27, Sender: 42, RSSI: -108
[P1_RX] Time: 874ms, Receiver: 1, Sender: 42, RSSI: -108
[P1_ABORT] Time: 874ms, Drone: 39
[P1_ATTEMPT] Time: 874ms, Drone: 39
[P1_SUCCESS] Time: 875ms, Drone: 27
[P1_RX] Time: 875ms, Receiver: 47, Sender: 27, RSSI: -95
[P1_RX] Time: 875ms, Receiver: 19, Sender: 27, RSSI: -98
[P1_RX] Time: 875ms, Receiver: 32, Sender: 27, RSSI: -100
[P1_RX] Time: 875ms, Receiver: 41, Sender: 27, RSSI: -101
[P1_RX] Time: 875ms, Receiver: 40, Sender: 27, RSSI: -101
[P1_RX] Time: 875ms, Receiver: 45, Sender: 27, RSSI: -102
[P1_RX] Time: 875ms, Receiver: 1, Sender: 27, RSSI: -102
[P1_RX] Time: 875ms, Receiver: 16, Sender: 27, RSSI: -102
[P1_RX] Time: 875ms, Receiver: 15, Sender: 27, RSSI: -105
[P1_RX] Time: 875ms, Receiver: 17, Sender: 27, RSSI: -105
[P1_RX] Time: 875ms, Receiver: 18, Sender: 27, RSSI: -106
[P1_RX] Time: 875ms, Receiver: 43, Sender: 27, RSSI: -106
[P1_RX] Time: 875ms, Receiver: 31, Sender: 27, RSSI: -106
[P1_RX] Time: 875ms, Receiver: 2, Sender: 27, RSSI: -106
[P1_RX] Time: 875ms, Receiver: 11, Sender: 27, RSSI: -107
[P1_RX] Time: 875ms, Receiver: 21, Sender: 27, RSSI: -107
[P1_ATTEMPT] Time: 875ms, Drone: 26
[P1_ATTEMPT] Time: 875ms, Drone: 33
[P1_ABORT] Time: 875ms, Drone: 26
[P1_ATTEMPT] Time: 875ms, Drone: 26
[P1_SUCCESS] Time: 875ms, Drone: 39
[P1_RX] Time: 875ms, Receiver: 26, Sender: 39, RSSI: -106
[P1_SUCCESS] Time: 876ms, Drone: 33
[P1_RX] Time: 876ms, Receiver: 29, Sender: 33, RSSI: -89
[P1_RX] Time: 876ms, Receiver: 37, Sender: 33, RSSI: -90
[P1_RX] Time: 876ms, Receiver: 25, Sender: 33, RSSI: -98
[P1_RX] Time: 876ms, Receiver: 31, Sender: 33, RSSI: -101
[P1_RX] Time: 876ms, Receiver: 4, Sender: 33, RSSI: -102
[P1_RX] Time: 876ms, Receiver: 15, Sender: 33, RSSI: -103
[P1_RX] Time: 876ms, Receiver: 45, Sender: 33, RSSI: -104
[P1_RX] Time: 876ms, Receiver: 20, Sender: 33, RSSI: -105
[P1_RX] Time: 876ms, Receiver: 34, Sender: 33, RSSI: -106
[P1_RX] Time: 876ms, Receiver: 43, Sender: 33, RSSI: -106
[P1_RX] Time: 876ms, Receiver: 32, Sender: 33, RSSI: -106
[P1_RX] Time: 876ms, Receiver: 28, Sender: 33, RSSI: -107
[P1_RX] Time: 876ms, Receiver: 1, Sender: 33, RSSI: -106
[P1_SUCCESS] Time: 876ms, Drone: 26
[P1_RX] Time: 876ms, Receiver: 42, Sender: 26, RSSI: -94
[P1_RX] Time: 876ms, Receiver: 23, Sender: 26, RSSI: -97
[P1_RX] Time: 876ms, Receiver: 14, Sender: 26, RSSI: -99
[P1_RX] Time: 876ms, Receiver: 24, Sender: 26, RSSI: -99
[P1_RX] Time: 876ms, Receiver: 2, Sender: 26, RSSI: -100
[P1_RX] Time: 876ms, Receiver: 0, Sender: 26, RSSI: -101
[P1_RX] Time: 876ms, Receiver: 6, Sender: 26, RSSI: -102
[P1_RX] Time: 876ms, Receiver: 30, Sender: 26, RSSI: -105
[P1_RX] Time: 876ms, Receiver: 7, Sender: 26, RSSI: -106
[P1_RX] Time: 876ms, Receiver: 39, Sender: 26, RSSI: -106
[P1_RX] Time: 876ms, Receiver: 19, Sender: 26, RSSI: -107
[P1_ATTEMPT] Time: 876ms, Drone: 47
[P1_ATTEMPT] Time: 877ms, Drone: 17
[P1_ABORT] Time: 877ms, Drone: 17
[P1_ATTEMPT] Time: 877ms, Drone: 17
[P1_ABORT] Time: 877ms, Drone: 17
[P1_ATTEMPT] Time: 877ms, Drone: 17
[P1_ABORT] Time: 877ms, Drone: 17
[P1_ATTEMPT] Time: 877ms, Drone: 17
[P1_ABORT] Time: 877ms, Drone: 17
[P1_ATTEMPT] Time: 877ms, Drone: 17
[P1_SUCCESS] Time: 877ms, Drone: 47
[P1_RX] Time: 877ms, Receiver: 40, Sender: 47, RSSI: -91
[P1_RX] Time: 877ms, Receiver: 19, Sender: 47, RSSI: -92
[P1_RX] Time: 877ms, Receiver: 27, Sender: 47, RSSI: -95
[P1_RX] Time: 877ms, Receiver: 41, Sender: 47, RSSI: -97
[P1_RX] Time: 877ms, Receiver: 16, Sender: 47, RSSI: -97
[P1_RX] Time: 877ms, Receiver: 32, Sender: 47, RSSI: -99
[P1_RX] Time: 877ms, Receiver: 1, Sender: 47, RSSI: -99
[P1_RX] Time: 877ms, Receiver: 17, Sender: 47, RSSI: -101
[P1_RX] Time: 877ms, Receiver: 5, Sender: 47, RSSI: -102
[P1_RX] Time: 877ms, Receiver: 35, Sender: 47, RSSI: -102
[P1_RX] Time: 877ms, Receiver: 18, Sender: 47, RSSI: -103
[P1_RX] Time: 877ms, Receiver: 21, Sender: 47, RSSI: -105
[P1_RX] Time: 877ms, Receiver: 45, Sender: 47, RSSI: -105
[P1_RX] Time: 877ms, Receiver: 15, Sender: 47, RSSI: -106
[P1_RX] Time: 877ms, Receiver: 2, Sender: 47, RSSI: -106
[P1_RX] Time: 877ms, Receiver: 11, Sender: 47, RSSI: -106
[P1_RX] Time: 877ms, Receiver: 43, Sender: 47, RSSI: -107
[P1_RX] Time: 877ms, Receiver: 9, Sender: 47, RSSI: -107
[P1_RX] Time: 877ms, Receiver: 36, Sender: 47, RSSI: -107
[P1_RX] Time: 877ms, Receiver: 3, Sender: 47, RSSI: -108
[P1_RX] Time: 877ms, Receiver: 0, Sender: 47, RSSI: -109
[P1_RX] Time: 877ms, Receiver: 24, Sender: 47, RSSI: -109
[P1_RX] Time: 877ms, Receiver: 38, Sender: 47, RSSI: -109
[P1_ABORT] Time: 877ms, Drone: 17
[P1_ATTEMPT] Time: 877ms, Drone: 17
[P1_ATTEMPT] Time: 878ms, Drone: 38
[P1_ABORT] Time: 878ms, Drone: 38
[P1_ATTEMPT] Time: 878ms, Drone: 38
[P1_ATTEMPT] Time: 878ms, Drone: 3
[P1_ATTEMPT] Time: 878ms, Drone: 29
[P1_ABORT] Time: 878ms, Drone: 38
[P1_ATTEMPT] Time: 878ms, Drone: 38
[P1_ABORT] Time: 878ms, Drone: 3
[P1_ATTEMPT] Time: 878ms, Drone: 3
[P1_ABORT] Time: 878ms, Drone: 38
[P1_ATTEMPT] Time: 878ms, Drone: 38
[P1_ABORT] Time: 878ms, Drone: 3
[P1_ATTEMPT] Time: 878ms, Drone: 3
[P1_ABORT] Time: 878ms, Drone: 38
[P1_ATTEMPT] Time: 878ms, Drone: 38
[P1_ABORT] Time: 878ms, Drone: 3
[P1_ATTEMPT] Time: 878ms, Drone: 3
[P1_ATTEMPT] Time: 878ms, Drone: 48
[P1_SUCCESS] Time: 878ms, Drone: 17
[P1_RX] Time: 878ms, Receiver: 18, Sender: 17, RSSI: -86
[P1_RX] Time: 878ms, Receiver: 21, Sender: 17, RSSI: -91
[P1_RX] Time: 878ms, Receiver: 16, Sender: 17, RSSI: -91
[P1_RX] Time: 878ms, Receiver: 1, Sender: 17, RSSI: -99
[P1_RX] Time: 878ms, Receiver: 11, Sender: 17, RSSI: -99
[P1_RX] Time: 878ms, Receiver: 32, Sender: 17, RSSI: -99
[P1_RX] Time: 878ms, Receiver: 3, Sender: 17, RSSI: -100
[P1_RX] Time: 878ms, Receiver: 47, Sender: 17, RSSI: -101
[P1_RX] Time: 878ms, Receiver: 49, Sender: 17, RSSI: -103
[P1_RX] Time: 878ms, Receiver: 15, Sender: 17, RSSI: -103
[P1_RX] Time: 878ms, Receiver: 43, Sender: 17, RSSI: -103
[P1_RX] Time: 878ms, Receiver: 38, Sender: 17, RSSI: -103
[P1_RX] Time: 878ms, Receiver: 40, Sender: 17, RSSI: -104
[P1_RX] Time: 878ms, Receiver: 41, Sender: 17, RSSI: -105
[P1_RX] Time: 878ms, Receiver: 27, Sender: 17, RSSI: -105
[P1_RX] Time: 878ms, Receiver: 19, Sender: 17, RSSI: -106
[P1_RX] Time: 878ms, Receiver: 8, Sender: 17, RSSI: -108
[P1_ABORT] Time: 878ms, Drone: 38
[P1_ATTEMPT] Time: 878ms, Drone: 38
[P1_ABORT] Time: 878ms, Drone: 3
[P1_ATTEMPT] Time: 878ms, Drone: 3
[P1_ABORT] Time: 878ms, Drone: 48
[P1_ATTEMPT] Time: 878ms, Drone: 48
[P1_ABORT] Time: 878ms, Drone: 48
[P1_ATTEMPT] Time: 878ms, Drone: 48
[P1_ABORT] Time: 879ms, Drone: 48
[P1_ATTEMPT] Time: 879ms, Drone: 48
[P1_ABORT] Time: 879ms, Drone: 48
[P1_ATTEMPT] Time: 879ms, Drone: 48
[P1_SUCCESS] Time: 879ms, Drone: 29
[P1_RX] Time: 879ms, Receiver: 33, Sender: 29, RSSI: -89
[P1_RX] Time: 879ms, Receiver: 37, Sender: 29, RSSI: -89
[P1_RX] Time: 879ms, Receiver: 25, Sender: 29, RSSI: -93
[P1_RX] Time: 879ms, Receiver: 20, Sender: 29, RSSI: -103
[P1_RX] Time: 879ms, Receiver: 34, Sender: 29, RSSI: -105
[P1_RX] Time: 879ms, Receiver: 48, Sender: 29, RSSI: -106
[P1_ABORT] Time: 879ms, Drone: 48
[P1_ATTEMPT] Time: 879ms, Drone: 48
[P1_ATTEMPT] Time: 879ms, Drone: 2
[P1_SUCCESS] Time: 879ms, Drone: 38
[P1_RX] Time: 879ms, Receiver: 11, Sender: 38, RSSI: -94
[P1_RX] Time: 879ms, Receiver: 43, Sender: 38, RSSI: -96
[P1_RX] Time: 879ms, Receiver: 21, Sender: 38, RSSI: -94
[P1_RX] Time: 879ms, Receiver: 10, Sender: 38, RSSI: -98
[P1_RX] Time: 879ms, Receiver: 18, Sender: 38, RSSI: -95
[P1_RX] Time: 879ms, Receiver: 15, Sender: 38, RSSI: -99
[P1_RX] Time: 879ms, Receiver: 8, Sender: 38, RSSI: -100
[P1_ABORT] Time: 879ms, Drone: 2
[P1_ATTEMPT] Time: 879ms, Drone: 2
[P1_SUCCESS] Time: 879ms, Drone: 3
[P1_RX] Time: 879ms, Receiver: 49, Sender: 3, RSSI: -80
[P1_RX] Time: 879ms, Receiver: 16, Sender: 3, RSSI: -99
[P1_RX] Time: 879ms, Receiver: 1, Sender: 3, RSSI: -101
[P1_RX] Time: 879ms, Receiver: 32, Sender: 3, RSSI: -101
[P1_ABORT] Time: 879ms, Drone: 2
[P1_ATTEMPT] Time: 879ms, Drone: 2
[P1_ABORT] Time: 879ms, Drone: 2
[P1_ATTEMPT] Time: 879ms, Drone: 2
[P1_ABORT] Time: 880ms, Drone: 2
[P1_ATTEMPT] Time: 880ms, Drone: 2
[P1_ABORT] Time: 880ms, Drone: 2
[P1_ATTEMPT] Time: 880ms, Drone: 2
[P1_SUCCESS] Time: 880ms, Drone: 48
[P1_RX] Time: 880ms, Receiver: 13, Sender: 48, RSSI: -93
[P1_RX] Time: 880ms, Receiver: 24, Sender: 48, RSSI: -95
[P1_RX] Time: 880ms, Receiver: 2, Sender: 48, RSSI: -98
[P1_RX] Time: 880ms, Receiver: 31, Sender: 48, RSSI: -101
[P1_RX] Time: 880ms, Receiver: 45, Sender: 48, RSSI: -103
[P1_RX] Time: 880ms, Receiver: 14, Sender: 48, RSSI: -105
[P1_RX] Time: 880ms, Receiver: 30, Sender: 48, RSSI: -105
[P1_RX] Time: 880ms, Receiver: 23, Sender: 48, RSSI: -105
[P1_RX] Time: 880ms, Receiver: 42, Sender: 48, RSSI: -105
[P1_RX] Time: 880ms, Receiver: 26, Sender: 48, RSSI: -106
[P1_RX] Time: 880ms, Receiver: 0, Sender: 48, RSSI: -106
[P1_RX] Time: 880ms, Receiver: 29, Sender: 48, RSSI: -106
[P1_RX] Time: 880ms, Receiver: 12, Sender: 48, RSSI: -106
[P1_RX] Time: 880ms, Receiver: 33, Sender: 48, RSSI: -107
[P1_RX] Time: 880ms, Receiver: 20, Sender: 48, RSSI: -108
[P1_RX] Time: 880ms, Receiver: 7, Sender: 48, RSSI: -109
[P1_RX] Time: 880ms, Receiver: 37, Sender: 48, RSSI: -109
[P1_ABORT] Time: 880ms, Drone: 2
[P1_ATTEMPT] Time: 880ms, Drone: 2
[P1_ATTEMPT] Time: 880ms, Drone: 18
[P1_ATTEMPT] Time: 880ms, Drone: 5
[P1_ABORT] Time: 880ms, Drone: 18
[P1_ATTEMPT] Time: 880ms, Drone: 18
[P1_ATTEMPT] Time: 880ms, Drone: 31
[P1_ATTEMPT] Time: 880ms, Drone: 46
[P1_ABORT] Time: 880ms, Drone: 5
[P1_ATTEMPT] Time: 880ms, Drone: 5
[P1_ABORT] Time: 880ms, Drone: 18
[P1_ATTEMPT] Time: 880ms, Drone: 18
[P1_ABORT] Time: 880ms, Drone: 31
[P1_ATTEMPT] Time: 880ms, Drone: 31
[P1_ABORT] Time: 880ms, Drone: 5
[P1_ATTEMPT] Time: 880ms, Drone: 5
[P1_ABORT] Time: 881ms, Drone: 18
[P1_ATTEMPT] Time: 881ms, Drone: 18
[P1_ABORT] Time: 881ms, Drone: 31
[P1_ATTEMPT] Time: 881ms, Drone: 31
[P1_ABORT] Time: 881ms, Drone: 5
[P1_ATTEMPT] Time: 881ms, Drone: 5
[P1_ABORT] Time: 881ms, Drone: 18
[P1_ATTEMPT] Time: 881ms, Drone: 18
[P1_SUCCESS] Time: 881ms, Drone: 2
[P1_RX] Time: 881ms, Receiver: 24, Sender: 2, RSSI: -89
[P1_RX] Time: 881ms, Receiver: 42, Sender: 2, RSSI: -96
[P1_RX] Time: 881ms, Receiver: 13, Sender: 2, RSSI: -97
[P1_RX] Time: 881ms, Receiver: 23, Sender: 2, RSSI: -98
[P1_RX] Time: 881ms, Receiver: 48, Sender: 2, RSSI: -98
[P1_RX] Time: 881ms, Receiver: 0, Sender: 2, RSSI: -98
[P1_RX] Time: 881ms, Receiver: 45, Sender: 2, RSSI: -99
[P1_RX] Time: 881ms, Receiver: 14, Sender: 2, RSSI: -101
[P1_RX] Time: 881ms, Receiver: 26, Sender: 2, RSSI: -101
[P1_RX] Time: 881ms, Receiver: 4, Sender: 2, RSSI: -102
[P1_RX] Time: 881ms, Receiver: 31, Sender: 2, RSSI: -102
[P1_RX] Time: 881ms, Receiver: 19, Sender: 2, RSSI: -103
[P1_RX] Time: 881ms, Receiver: 1, Sender: 2, RSSI: -105
[P1_RX] Time: 881ms, Receiver: 6, Sender: 2, RSSI: -105
[P1_RX] Time: 881ms, Receiver: 32, Sender: 2, RSSI: -105
[P1_RX] Time: 881ms, Receiver: 30, Sender: 2, RSSI: -106
[P1_RX] Time: 881ms, Receiver: 27, Sender: 2, RSSI: -106
[P1_RX] Time: 881ms, Receiver: 47, Sender: 2, RSSI: -106
[P1_RX] Time: 881ms, Receiver: 40, Sender: 2, RSSI: -107
[P1_RX] Time: 881ms, Receiver: 16, Sender: 2, RSSI: -108
[P1_RX] Time: 881ms, Receiver: 35, Sender: 2, RSSI: -108
[P1_RX] Time: 881ms, Receiver: 39, Sender: 2, RSSI: -108
[P1_ABORT] Time: 881ms, Drone: 31
[P1_ATTEMPT] Time: 881ms, Drone: 31
[P1_ATTEMPT] Time: 881ms, Drone: 23
[P1_ABORT] Time: 881ms, Drone: 23
[P1_ATTEMPT] Time: 881ms, Drone: 23
[P1_ABORT] Time: 881ms, Drone: 23
[P1_ATTEMPT] Time: 881ms, Drone: 23
[P1_SUCCESS] Time: 881ms, Drone: 46
[P1_RX] Time: 881ms, Receiver: 28, Sender: 46, RSSI: -82
[P1_RX] Time: 881ms, Receiver: 34, Sender: 46, RSSI: -87
[P1_RX] Time: 881ms, Receiver: 44, Sender: 46, RSSI: -100
[P1_RX] Time: 881ms, Receiver: 20, Sender: 46, RSSI: -107
[P1_ATTEMPT] Time: 881ms, Drone: 7
[P1_ABORT] Time: 881ms, Drone: 23
[P1_ATTEMPT] Time: 881ms, Drone: 23
[P1_ATTEMPT] Time: 881ms, Drone: 22
[P1_ABORT] Time: 881ms, Drone: 23
[P1_ATTEMPT] Time: 881ms, Drone: 23
[P1_ABORT] Time: 881ms, Drone: 22
[P1_ATTEMPT] Time: 881ms, Drone: 22
[P1_ATTEMPT] Time: 882ms, Drone: 34
[P1_SUCCESS] Time: 882ms, Drone: 5
[P1_RX] Time: 882ms, Receiver: 35, Sender: 5, RSSI: -75
[P1_RX] Time: 882ms, Receiver: 40, Sender: 5, RSSI: -97
[P1_RX] Time: 882ms, Receiver: 39, Sender: 5, RSSI: -98
[P1_RX] Time: 882ms, Receiver: 19, Sender: 5, RSSI: -98
[P1_RX] Time: 882ms, Receiver: 36, Sender: 5, RSSI: -100
[P1_RX] Time: 882ms, Receiver: 41, Sender: 5, RSSI: -99
[P1_RX] Time: 882ms, Receiver: 9, Sender: 5, RSSI: -100
[P1_RX] Time: 882ms, Receiver: 22, Sender: 5, RSSI: -103
[P1_RX] Time: 882ms, Receiver: 6, Sender: 5, RSSI: -103
[P1_RX] Time: 882ms, Receiver: 42, Sender: 5, RSSI: -103
[P1_ABORT] Time: 882ms, Drone: 23
[P1_ATTEMPT] Time: 882ms, Drone: 23
[P1_SUCCESS] Time: 882ms, Drone: 18
[P1_RX] Time: 882ms, Receiver: 21, Sender: 18, RSSI: -78
[P1_RX] Time: 882ms, Receiver: 17, Sender: 18, RSSI: -86
[P1_RX] Time: 882ms, Receiver: 16, Sender: 18, RSSI: -93
[P1_RX] Time: 882ms, Receiver: 3, Sender: 18, RSSI: -97
[P1_RX] Time: 882ms, Receiver: 11, Sender: 18, RSSI: -98
[P1_RX] Time: 882ms, Receiver: 32, Sender: 18, RSSI: -97
[P1_RX] Time: 882ms, Receiver: 1, Sender: 18, RSSI: -98
[P1_RX] Time: 882ms, Receiver: 43, Sender: 18, RSSI: -99
[P1_RX] Time: 882ms, Receiver: 38, Sender: 18, RSSI: -99
[P1_RX] Time: 882ms, Receiver: 15, Sender: 18, RSSI: -98
[P1_RX] Time: 882ms, Receiver: 49, Sender: 18, RSSI: -99
[P1_RX] Time: 882ms, Receiver: 8, Sender: 18, RSSI: -104
[P1_ABORT] Time: 882ms, Drone: 22
[P1_ATTEMPT] Time: 882ms, Drone: 22
[P1_SUCCESS] Time: 882ms, Drone: 31
[P1_RX] Time: 882ms, Receiver: 45, Sender: 31, RSSI: -90
[P1_RX] Time: 882ms, Receiver: 13, Sender: 31, RSSI: -92
[P1_RX] Time: 882ms, Receiver: 4, Sender: 31, RSSI: -100
[P1_RX] Time: 882ms, Receiver: 48, Sender: 31, RSSI: -101
[P1_RX] Time: 882ms, Receiver: 2, Sender: 31, RSSI: -100
[P1_RX] Time: 882ms, Receiver: 33, Sender: 31, RSSI: -101
[P1_RX] Time: 882ms, Receiver: 24, Sender: 31, RSSI: -102
[P1_RX] Time: 882ms, Receiver: 0, Sender: 31, RSSI: -103
[P1_RX] Time: 882ms, Receiver: 29, Sender: 31, RSSI: -102
[P1_ABORT] Time: 882ms, Drone: 23
[P1_ATTEMPT] Time: 882ms, Drone: 23
[P1_ABORT] Time: 882ms, Drone: 23
[P1_ATTEMPT] Time: 882ms, Drone: 23
[P1_ABORT] Time: 882ms, Drone: 23
[P1_ATTEMPT] Time: 882ms, Drone: 23
[P1_ABORT] Time: 882ms, Drone: 23
[P1_ATTEMPT] Time: 882ms, Drone: 23
[P1_ABORT] Time: 882ms, Drone: 23
[P1_ATTEMPT] Time: 882ms, Drone: 23
[P1_SUCCESS] Time: 882ms, Drone: 7
[P1_RX] Time: 882ms, Receiver: 26, Sender: 7, RSSI: -106
[P1_ABORT] Time: 882ms, Drone: 23
[P1_ATTEMPT] Time: 882ms, Drone: 23
[P1_SUCCESS] Time: 882ms, Drone: 34
[P1_RX] Time: 882ms, Receiver: 28, Sender: 34, RSSI: -78
[P1_RX] Time: 882ms, Receiver: 46, Sender: 34, RSSI: -87
[P1_RX] Time: 882ms, Receiver: 44, Sender: 34, RSSI: -101
[P1_RX] Time: 882ms, Receiver: 37, Sender: 34, RSSI: -102
[P1_RX] Time: 882ms, Receiver: 25, Sender: 34, RSSI: -103
[P1_RX] Time: 882ms, Receiver: 20, Sender: 34, RSSI: -104
[P1_RX] Time: 882ms, Receiver: 29, Sender: 34, RSSI: -104
[P1_SUCCESS] Time: 883ms, Drone: 22
[P1_RX] Time: 883ms, Receiver: 36, Sender: 22, RSSI: -99
[P1_RX] Time: 883ms, Receiver: 9, Sender: 22, RSSI: -103
[P1_RX] Time: 883ms, Receiver: 5, Sender: 22, RSSI: -103
[P1_RX] Time: 883ms, Receiver: 41, Sender: 22, RSSI: -103
[P1_RX] Time: 883ms, Receiver: 35, Sender: 22, RSSI: -104
[P1_RX] Time: 883ms, Receiver: 39, Sender: 22, RSSI: -106
[P1_RX] Time: 883ms, Receiver: 40, Sender: 22, RSSI: -107
[P1_RX] Time: 883ms, Receiver: 27, Sender: 22, RSSI: -107
[P1_RX] Time: 883ms, Receiver: 47, Sender: 22, RSSI: -107
[P1_ATTEMPT] Time: 883ms, Drone: 14
[P1_ABORT] Time: 883ms, Drone: 14
[P1_ATTEMPT] Time: 883ms, Drone: 14
[P1_ATTEMPT] Time: 883ms, Drone: 11
[P1_ABORT] Time: 883ms, Drone: 14
[P1_ATTEMPT] Time: 883ms, Drone: 14
[P1_ATTEMPT] Time: 883ms, Drone: 20
[P1_ATTEMPT] Time: 883ms, Drone: 37
[P1_ABORT] Time: 883ms, Drone: 14
[P1_ATTEMPT] Time: 883ms, Drone: 14
[P1_ATTEMPT] Time: 883ms, Drone: 4
[P1_ABORT] Time: 883ms, Drone: 14
[P1_ATTEMPT] Time: 883ms, Drone: 14
[P1_ABORT] Time: 883ms, Drone: 4
[P1_ATTEMPT] Time: 883ms, Drone: 4
[P1_ABORT] Time: 883ms, Drone: 14
[P1_ATTEMPT] Time: 883ms, Drone: 14
[P1_SUCCESS] Time: 883ms, Drone: 23
[P1_RX] Time: 883ms, Receiver: 14, Sender: 23, RSSI: -89
[P1_RX] Time: 883ms, Receiver: 0, Sender: 23, RSSI: -89
[P1_RX] Time: 883ms, Receiver: 26, Sender: 23, RSSI: -97
[P1_RX] Time: 883ms, Receiver: 42, Sender: 23, RSSI: -97
[P1_RX] Time: 883ms, Receiver: 2, Sender: 23, RSSI: -98
[P1_RX] Time: 883ms, Receiver: 24, Sender: 23, RSSI: -98
[P1_RX] Time: 883ms, Receiver: 6, Sender: 23, RSSI: -100
[P1_RX] Time: 883ms, Receiver: 30, Sender: 23, RSSI: -102
[P1_RX] Time: 883ms, Receiver: 13, Sender: 23, RSSI: -103
[P1_RX] Time: 883ms, Receiver: 45, Sender: 23, RSSI: -105
[P1_RX] Time: 883ms, Receiver: 48, Sender: 23, RSSI: -105
[P1_RX] Time: 883ms, Receiver: 7, Sender: 23, RSSI: -105
[P1_RX] Time: 883ms, Receiver: 39, Sender: 23, RSSI: -107
[P1_ATTEMPT] Time: 883ms, Drone: 25
[P1_ABORT] Time: 883ms, Drone: 4
[P1_ATTEMPT] Time: 883ms, Drone: 4
[P1_ATTEMPT] Time: 883ms, Drone: 30
[P1_ABORT] Time: 883ms, Drone: 14
[P1_ATTEMPT] Time: 883ms, Drone: 14
[P1_ABORT] Time: 883ms, Drone: 25
[P1_ATTEMPT] Time: 883ms, Drone: 25
[P1_ABORT] Time: 883ms, Drone: 4
[P1_ATTEMPT] Time: 883ms, Drone: 4
[P1_ABORT] Time: 884ms, Drone: 25
[P1_ATTEMPT] Time: 884ms, Drone: 25
[P1_ABORT] Time: 884ms, Drone: 4
[P1_ATTEMPT] Time: 884ms, Drone: 4
[P1_SUCCESS] Time: 884ms, Drone: 11
[P1_RX] Time: 884ms, Receiver: 38, Sender: 11, RSSI: -94
[P1_RX] Time: 884ms, Receiver: 21, Sender: 11, RSSI: -96
[P1_RX] Time: 884ms, Receiver: 18, Sender: 11, RSSI: -98
[P1_RX] Time: 884ms, Receiver: 17, Sender: 11, RSSI: -99
[P1_RX] Time: 884ms, Receiver: 43, Sender: 11, RSSI: -100
[P1_RX] Time: 884ms, Receiver: 16, Sender: 11, RSSI: -103
[P1_RX] Time: 884ms, Receiver: 15, Sender: 11, RSSI: -104
[P1_RX] Time: 884ms, Receiver: 10, Sender: 11, RSSI: -105
[P1_ATTEMPT] Time: 884ms, Drone: 45
[P1_ABORT] Time: 884ms, Drone: 25
[P1_ATTEMPT] Time: 884ms, Drone: 25
[P1_ABORT] Time: 884ms, Drone: 4
[P1_ATTEMPT] Time: 884ms, Drone: 4
[P1_SUCCESS] Time: 884ms, Drone: 20
[P1_RX] Time: 884ms, Receiver: 44, Sender: 20, RSSI: -101
[P1_RX] Time: 884ms, Receiver: 28, Sender: 20, RSSI: -101
[P1_ABORT] Time: 884ms, Drone: 45
[P1_ATTEMPT] Time: 884ms, Drone: 45
[P1_SUCCESS] Time: 884ms, Drone: 37
[P1_ABORT] Time: 884ms, Drone: 25
[P1_ATTEMPT] Time: 884ms, Drone: 25
[P1_RX] Time: 884ms, Receiver: 29, Sender: 37, RSSI: -89
[P1_RX] Time: 884ms, Receiver: 33, Sender: 37, RSSI: -90
[P1_RX] Time: 884ms, Receiver: 25, Sender: 37, RSSI: -95
[P1_ABORT] Time: 884ms, Drone: 4
[P1_ATTEMPT] Time: 884ms, Drone: 4
[P1_ABORT] Time: 884ms, Drone: 45
[P1_ATTEMPT] Time: 884ms, Drone: 45
[P1_ABORT] Time: 884ms, Drone: 25
[P1_ATTEMPT] Time: 884ms, Drone: 25
[P1_ABORT] Time: 884ms, Drone: 4
[P1_ATTEMPT] Time: 884ms, Drone: 4
[P1_ABORT] Time: 884ms, Drone: 45
[P1_ATTEMPT] Time: 884ms, Drone: 45
[P1_ABORT] Time: 884ms, Drone: 4
[P1_ATTEMPT] Time: 884ms, Drone: 4
[P1_ATTEMPT] Time: 884ms, Drone: 40
[P1_ABORT] Time: 884ms, Drone: 45
[P1_ATTEMPT] Time: 884ms, Drone: 45
[P1_ABORT] Time: 884ms, Drone: 4
[P1_ATTEMPT] Time: 884ms, Drone: 4
[P1_SUCCESS] Time: 884ms, Drone: 30
[P1_RX] Time: 884ms, Receiver: 7, Sender: 30, RSSI: -93
[P1_RX] Time: 884ms, Receiver: 12, Sender: 30, RSSI: -97
[P1_RX] Time: 884ms, Receiver: 13, Sender: 30, RSSI: -100
[P1_RX] Time: 884ms, Receiver: 48, Sender: 30, RSSI: -100
[P1_ATTEMPT] Time: 884ms, Drone: 21
[P1_SUCCESS] Time: 884ms, Drone: 14
[P1_RX] Time: 884ms, Receiver: 23, Sender: 14, RSSI: -88
[P1_RX] Time: 884ms, Receiver: 0, Sender: 14, RSSI: -96
[P1_RX] Time: 884ms, Receiver: 26, Sender: 14, RSSI: -98
[P1_RX] Time: 884ms, Receiver: 24, Sender: 14, RSSI: -98
[P1_RX] Time: 884ms, Receiver: 2, Sender: 14, RSSI: -100
[P1_RX] Time: 884ms, Receiver: 42, Sender: 14, RSSI: -101
[P1_RX] Time: 884ms, Receiver: 6, Sender: 14, RSSI: -103
[P1_RX] Time: 884ms, Receiver: 45, Sender: 14, RSSI: -103
[P1_ABORT] Time: 884ms, Drone: 45
[P1_ATTEMPT] Time: 884ms, Drone: 45
[P1_ABORT] Time: 884ms, Drone: 4
[P1_ATTEMPT] Time: 884ms, Drone: 4
[P1_ATTEMPT] Time: 884ms, Drone: 49
[P1_ABORT] Time: 884ms, Drone: 4
[P1_ATTEMPT] Time: 884ms, Drone: 4
[P1_ATTEMPT] Time: 885ms, Drone: 36
[P1_ABORT] Time: 885ms, Drone: 4
[P1_ATTEMPT] Time: 885ms, Drone: 4
[P1_ABORT] Time: 885ms, Drone: 36
[P1_ATTEMPT] Time: 885ms, Drone: 36
[P1_ABORT] Time: 885ms, Drone: 4
[P1_ATTEMPT] Time: 885ms, Drone: 4
[P1_ABORT] Time: 885ms, Drone: 36
[P1_ATTEMPT] Time: 885ms, Drone: 36
[P1_ABORT] Time: 885ms, Drone: 4
[P1_ATTEMPT] Time: 885ms, Drone: 4
[P1_SUCCESS] Time: 885ms, Drone: 25
[P1_RX] Time: 885ms, Receiver: 29, Sender: 25, RSSI: -93
[P1_RX] Time: 885ms, Receiver: 37, Sender: 25, RSSI: -95
[P1_RX] Time: 885ms, Receiver: 33, Sender: 25, RSSI: -99
[P1_RX] Time: 885ms, Receiver: 34, Sender: 25, RSSI: -103
[P1_RX] Time: 885ms, Receiver: 28, Sender: 25, RSSI: -104
[P1_ABORT] Time: 885ms, Drone: 36
[P1_ATTEMPT] Time: 885ms, Drone: 36
[P1_ABORT] Time: 885ms, Drone: 4
[P1_ATTEMPT] Time: 885ms, Drone: 4
[P1_ABORT] Time: 885ms, Drone: 36
[P1_ATTEMPT] Time: 885ms, Drone: 36
[P1_SUCCESS] Time: 885ms, Drone: 40
[P1_RX] Time: 885ms, Receiver: 47, Sender: 40, RSSI: -91
[P1_RX] Time: 885ms, Receiver: 19, Sender: 40, RSSI: -92
[P1_RX] Time: 885ms, Receiver: 41, Sender: 40, RSSI: -95
[P1_RX] Time: 885ms, Receiver: 5, Sender: 40, RSSI: -98
[P1_RX] Time: 885ms, Receiver: 35, Sender: 40, RSSI: -99
[P1_RX] Time: 885ms, Receiver: 27, Sender: 40, RSSI: -100
[P1_RX] Time: 885ms, Receiver: 36, Sender: 40, RSSI: -104
[P1_RX] Time: 885ms, Receiver: 39, Sender: 40, RSSI: -106
[P1_ABORT] Time: 885ms, Drone: 4
[P1_ATTEMPT] Time: 885ms, Drone: 4
[P1_ATTEMPT] Time: 885ms, Drone: 16
[P1_ABORT] Time: 885ms, Drone: 36
[P1_ATTEMPT] Time: 885ms, Drone: 36
[P1_SUCCESS] Time: 885ms, Drone: 21
[P1_RX] Time: 885ms, Receiver: 18, Sender: 21, RSSI: -78
[P1_RX] Time: 885ms, Receiver: 17, Sender: 21, RSSI: -90
[P1_RX] Time: 885ms, Receiver: 11, Sender: 21, RSSI: -96
[P1_RX] Time: 885ms, Receiver: 16, Sender: 21, RSSI: -94
[P1_RX] Time: 885ms, Receiver: 38, Sender: 21, RSSI: -96
[P1_RX] Time: 885ms, Receiver: 43, Sender: 21, RSSI: -97
[P1_RX] Time: 885ms, Receiver: 10, Sender: 21, RSSI: -102
[P1_ABORT] Time: 885ms, Drone: 4
[P1_ATTEMPT] Time: 885ms, Drone: 4
[P1_SUCCESS] Time: 885ms, Drone: 45
[P1_RX] Time: 885ms, Receiver: 31, Sender: 45, RSSI: -90
[P1_RX] Time: 885ms, Receiver: 23, Sender: 45, RSSI: -103
[P1_RX] Time: 885ms, Receiver: 14, Sender: 45, RSSI: -104
[P1_RX] Time: 885ms, Receiver: 26, Sender: 45, RSSI: -106
[P1_ABORT] Time: 885ms, Drone: 16
[P1_ATTEMPT] Time: 885ms, Drone: 16
[P1_SUCCESS] Time: 885ms, Drone: 49
[P1_RX] Time: 885ms, Receiver: 3, Sender: 49, RSSI: -80
[P1_ABORT] Time: 885ms, Drone: 4
[P1_ATTEMPT] Time: 885ms, Drone: 4
[P1_ABORT] Time: 885ms, Drone: 16
[P1_ATTEMPT] Time: 885ms, Drone: 16
[P1_ATTEMPT] Time: 886ms, Drone: 0
[P1_ABORT] Time: 886ms, Drone: 0
[P1_ATTEMPT] Time: 886ms, Drone: 0
[P1_SUCCESS] Time: 886ms, Drone: 36
[P1_RX] Time: 886ms, Receiver: 22, Sender: 36, RSSI: -100
[P1_RX] Time: 886ms, Receiver: 5, Sender: 36, RSSI: -100
[P1_RX] Time: 886ms, Receiver: 41, Sender: 36, RSSI: -101
[P1_RX] Time: 886ms, Receiver: 35, Sender: 36, RSSI: -102
[P1_RX] Time: 886ms, Receiver: 39, Sender: 36, RSSI: -107
[P1_ATTEMPT] Time: 886ms, Drone: 24
[P1_ABORT] Time: 886ms, Drone: 0
[P1_ATTEMPT] Time: 886ms, Drone: 0
[P1_ABORT] Time: 886ms, Drone: 24
[P1_ATTEMPT] Time: 886ms, Drone: 24
[P1_ABORT] Time: 886ms, Drone: 0
[P1_ATTEMPT] Time: 886ms, Drone: 0
[P1_SUCCESS] Time: 886ms, Drone: 4
[P1_RX] Time: 886ms, Receiver: 48, Sender: 4, RSSI: -94
[P1_RX] Time: 886ms, Receiver: 13, Sender: 4, RSSI: -96
[P1_RX] Time: 886ms, Receiver: 31, Sender: 4, RSSI: -100
[P1_RX] Time: 886ms, Receiver: 45, Sender: 4, RSSI: -100
[P1_RX] Time: 886ms, Receiver: 2, Sender: 4, RSSI: -100
[P1_RX] Time: 886ms, Receiver: 24, Sender: 4, RSSI: -101
[P1_RX] Time: 886ms, Receiver: 33, Sender: 4, RSSI: -102
[P1_RX] Time: 886ms, Receiver: 29, Sender: 4, RSSI: -103
[P1_RX] Time: 886ms, Receiver: 20, Sender: 4, RSSI: -105
[P1_RX] Time: 886ms, Receiver: 37, Sender: 4, RSSI: -105
[P1_RX] Time: 886ms, Receiver: 25, Sender: 4, RSSI: -107
[P1_SUCCESS] Time: 886ms, Drone: 16
[P1_RX] Time: 886ms, Receiver: 1, Sender: 16, RSSI: -89
[P1_RX] Time: 886ms, Receiver: 32, Sender: 16, RSSI: -91
[P1_RX] Time: 886ms, Receiver: 17, Sender: 16, RSSI: -91
[P1_RX] Time: 886ms, Receiver: 18, Sender: 16, RSSI: -93
[P1_RX] Time: 886ms, Receiver: 21, Sender: 16, RSSI: -97
[P1_RX] Time: 886ms, Receiver: 3, Sender: 16, RSSI: -100
[P1_RX] Time: 886ms, Receiver: 49, Sender: 16, RSSI: -100
[P1_RX] Time: 886ms, Receiver: 43, Sender: 16, RSSI: -102
[P1_RX] Time: 886ms, Receiver: 11, Sender: 16, RSSI: -103
[P1_RX] Time: 886ms, Receiver: 38, Sender: 16, RSSI: -104
[P1_ABORT] Time: 886ms, Drone: 24
[P1_ATTEMPT] Time: 886ms, Drone: 24
[P1_ATTEMPT] Time: 886ms, Drone: 32
[P1_ATTEMPT] Time: 887ms, Drone: 8
[P1_ABORT] Time: 887ms, Drone: 8
[P1_ATTEMPT] Time: 887ms, Drone: 8
[P1_ABORT] Time: 887ms, Drone: 8
[P1_ATTEMPT] Time: 887ms, Drone: 8
[P1_SUCCESS] Time: 887ms, Drone: 0
[P1_RX] Time: 887ms, Receiver: 23, Sender: 0, RSSI: -89
[P1_RX] Time: 887ms, Receiver: 14, Sender: 0, RSSI: -95
[P1_RX] Time: 887ms, Receiver: 42, Sender: 0, RSSI: -95
[P1_RX] Time: 887ms, Receiver: 6, Sender: 0, RSSI: -98
[P1_RX] Time: 887ms, Receiver: 9, Sender: 0, RSSI: -104
[P1_RX] Time: 887ms, Receiver: 39, Sender: 0, RSSI: -104
[P1_RX] Time: 887ms, Receiver: 35, Sender: 0, RSSI: -105
[P1_ATTEMPT] Time: 887ms, Drone: 41
[P1_ABORT] Time: 887ms, Drone: 8
[P1_ATTEMPT] Time: 887ms, Drone: 8
[P1_ATTEMPT] Time: 887ms, Drone: 19
[P1_SUCCESS] Time: 887ms, Drone: 24
[P1_RX] Time: 887ms, Receiver: 2, Sender: 24, RSSI: -89
[P1_RX] Time: 887ms, Receiver: 48, Sender: 24, RSSI: -94
[P1_RX] Time: 887ms, Receiver: 13, Sender: 24, RSSI: -96
[P1_RX] Time: 887ms, Receiver: 4, Sender: 24, RSSI: -98
[P1_RX] Time: 887ms, Receiver: 12, Sender: 24, RSSI: -105
[P1_ABORT] Time: 887ms, Drone: 41
[P1_ATTEMPT] Time: 887ms, Drone: 41
[P1_SUCCESS] Time: 887ms, Drone: 32
[P1_RX] Time: 887ms, Receiver: 1, Sender: 32, RSSI: -82
[P1_RX] Time: 887ms, Receiver: 16, Sender: 32, RSSI: -91
[P1_RX] Time: 887ms, Receiver: 15, Sender: 32, RSSI: -95
[P1_RX] Time: 887ms, Receiver: 18, Sender: 32, RSSI: -99
[P1_RX] Time: 887ms, Receiver: 17, Sender: 32, RSSI: -99
[P1_RX] Time: 887ms, Receiver: 21, Sender: 32, RSSI: -101
[P1_RX] Time: 887ms, Receiver: 43, Sender: 32, RSSI: -101
[P1_RX] Time: 887ms, Receiver: 3, Sender: 32, RSSI: -102
[P1_RX] Time: 887ms, Receiver: 49, Sender: 32, RSSI: -103
[P1_RX] Time: 887ms, Receiver: 11, Sender: 32, RSSI: -105
[P1_RX] Time: 887ms, Receiver: 38, Sender: 32, RSSI: -106
[P1_RX] Time: 887ms, Receiver: 41, Sender: 32, RSSI: -105
[P1_RX] Time: 887ms, Receiver: 33, Sender: 32, RSSI: -105
[P1_RX] Time: 887ms, Receiver: 37, Sender: 32, RSSI: -107
[P1_ABORT] Time: 887ms, Drone: 19
[P1_ATTEMPT] Time: 887ms, Drone: 19
[P1_SUCCESS] Time: 888ms, Drone: 8
[P1_RX] Time: 888ms, Receiver: 10, Sender: 8, RSSI: -101
[P1_RX] Time: 888ms, Receiver: 38, Sender: 8, RSSI: -102
[P1_RX] Time: 888ms, Receiver: 3, Sender: 8, RSSI: -103
[P1_RX] Time: 888ms, Receiver: 49, Sender: 8, RSSI: -103
[P1_ATTEMPT] Time: 888ms, Drone: 12
[P1_ATTEMPT] Time: 888ms, Drone: 43
[P1_SUCCESS] Time: 888ms, Drone: 41
[P1_RX] Time: 888ms, Receiver: 47, Sender: 41, RSSI: -91
[P1_RX] Time: 888ms, Receiver: 36, Sender: 41, RSSI: -100
[P1_RX] Time: 888ms, Receiver: 35, Sender: 41, RSSI: -97
[P1_RX] Time: 888ms, Receiver: 22, Sender: 41, RSSI: -102
[P1_RX] Time: 888ms, Receiver: 17, Sender: 41, RSSI: -101
[P1_SUCCESS] Time: 888ms, Drone: 19
[P1_RX] Time: 888ms, Receiver: 1, Sender: 19, RSSI: -100
[P1_RX] Time: 888ms, Receiver: 32, Sender: 19, RSSI: -100
[P1_RX] Time: 888ms, Receiver: 42, Sender: 19, RSSI: -102
[P1_RX] Time: 888ms, Receiver: 2, Sender: 19, RSSI: -102
[P1_RX] Time: 888ms, Receiver: 39, Sender: 19, RSSI: -103
[P1_RX] Time: 888ms, Receiver: 45, Sender: 19, RSSI: -103
[P1_RX] Time: 888ms, Receiver: 0, Sender: 19, RSSI: -104
[P1_RX] Time: 888ms, Receiver: 6, Sender: 19, RSSI: -104
[P1_RX] Time: 888ms, Receiver: 24, Sender: 19, RSSI: -105
[P1_RX] Time: 888ms, Receiver: 23, Sender: 19, RSSI: -106
[P1_RX] Time: 888ms, Receiver: 13, Sender: 19, RSSI: -106
[P1_RX] Time: 888ms, Receiver: 4, Sender: 19, RSSI: -106
[P1_RX] Time: 888ms, Receiver: 26, Sender: 19, RSSI: -107
[P1_RX] Time: 888ms, Receiver: 48, Sender: 19, RSSI: -107
[P1_SUCCESS] Time: 889ms, Drone: 12
[P1_RX] Time: 889ms, Receiver: 30, Sender: 12, RSSI: -98
[P1_RX] Time: 889ms, Receiver: 7, Sender: 12, RSSI: -103
[P1_RX] Time: 889ms, Receiver: 13, Sender: 12, RSSI: -104
[P1_RX] Time: 889ms, Receiver: 14, Sender: 12, RSSI: -105
[P1_RX] Time: 889ms, Receiver: 48, Sender: 12, RSSI: -105
[P1_RX] Time: 889ms, Receiver: 24, Sender: 12, RSSI: -107
[P1_RX] Time: 889ms, Receiver: 23, Sender: 12, RSSI: -107
[P1_SUCCESS] Time: 889ms, Drone: 43
[P1_RX] Time: 889ms, Receiver: 15, Sender: 43, RSSI: -93
[P1_RX] Time: 889ms, Receiver: 38, Sender: 43, RSSI: -96
[P1_RX] Time: 889ms, Receiver: 21, Sender: 43, RSSI: -99
[P1_RX] Time: 889ms, Receiver: 18, Sender: 43, RSSI: -99
[P1_RX] Time: 889ms, Receiver: 11, Sender: 43, RSSI: -100
[P1_RX] Time: 889ms, Receiver: 32, Sender: 43, RSSI: -101
[P1_RX] Time: 889ms, Receiver: 10, Sender: 43, RSSI: -102
[P1_RX] Time: 889ms, Receiver: 17, Sender: 43, RSSI: -103
[P1_RX] Time: 889ms, Receiver: 16, Sender: 43, RSSI: -103
[P1_RX] Time: 889ms, Receiver: 1, Sender: 43, RSSI: -103
[P1_RX] Time: 889ms, Receiver: 3, Sender: 43, RSSI: -104
[P1_RX] Time: 889ms, Receiver: 49, Sender: 43, RSSI: -105
[P1_RX] Time: 889ms, Receiver: 27, Sender: 43, RSSI: -105
[P1_RX] Time: 889ms, Receiver: 33, Sender: 43, RSSI: -105
[P1_RX] Time: 889ms, Receiver: 47, Sender: 43, RSSI: -106
[P1_RX] Time: 889ms, Receiver: 45, Sender: 43, RSSI: -105
[P1_RX] Time: 889ms, Receiver: 8, Sender: 43, RSSI: -107
[P1_ATTEMPT] Time: 918ms, Drone: 10
[P1_ATTEMPT] Time: 918ms, Drone: 2
[P1_ATTEMPT] Time: 919ms, Drone: 33
[P1_ABORT] Time: 919ms, Drone: 33
[P1_ATTEMPT] Time: 919ms, Drone: 33
[P1_ATTEMPT] Time: 919ms, Drone: 23
[P1_SUCCESS] Time: 919ms, Drone: 10
[P1_RX] Time: 919ms, Receiver: 38, Sender: 10, RSSI: -99
[P1_RX] Time: 919ms, Receiver: 8, Sender: 10, RSSI: -101
[P1_RX] Time: 919ms, Receiver: 43, Sender: 10, RSSI: -102
[P1_RX] Time: 919ms, Receiver: 21, Sender: 10, RSSI: -105
[P1_RX] Time: 919ms, Receiver: 11, Sender: 10, RSSI: -106
[P1_ABORT] Time: 919ms, Drone: 23
[P1_ATTEMPT] Time: 919ms, Drone: 23
[P1_ABORT] Time: 919ms, Drone: 23
[P1_ATTEMPT] Time: 919ms, Drone: 23
[P1_ATTEMPT] Time: 919ms, Drone: 44
[P1_ATTEMPT] Time: 919ms, Drone: 32
[P1_ABORT] Time: 919ms, Drone: 23
[P1_ATTEMPT] Time: 919ms, Drone: 23
[P1_ABORT] Time: 919ms, Drone: 44
[P1_ATTEMPT] Time: 919ms, Drone: 44
[P1_SUCCESS] Time: 919ms, Drone: 2
[P1_RX] Time: 919ms, Receiver: 42, Sender: 2, RSSI: -96
[P1_RX] Time: 919ms, Receiver: 13, Sender: 2, RSSI: -97
[P1_RX] Time: 919ms, Receiver: 23, Sender: 2, RSSI: -98
[P1_RX] Time: 919ms, Receiver: 48, Sender: 2, RSSI: -98
[P1_RX] Time: 919ms, Receiver: 0, Sender: 2, RSSI: -98
[P1_RX] Time: 919ms, Receiver: 45, Sender: 2, RSSI: -99
[P1_RX] Time: 919ms, Receiver: 14, Sender: 2, RSSI: -101
[P1_RX] Time: 919ms, Receiver: 26, Sender: 2, RSSI: -101
[P1_RX] Time: 919ms, Receiver: 4, Sender: 2, RSSI: -101
[P1_RX] Time: 919ms, Receiver: 31, Sender: 2, RSSI: -102
[P1_RX] Time: 919ms, Receiver: 19, Sender: 2, RSSI: -102
[P1_RX] Time: 919ms, Receiver: 6, Sender: 2, RSSI: -104
[P1_RX] Time: 919ms, Receiver: 30, Sender: 2, RSSI: -106
[P1_RX] Time: 919ms, Receiver: 27, Sender: 2, RSSI: -105
[P1_RX] Time: 919ms, Receiver: 47, Sender: 2, RSSI: -105
[P1_RX] Time: 919ms, Receiver: 40, Sender: 2, RSSI: -107
[P1_ABORT] Time: 919ms, Drone: 32
[P1_ATTEMPT] Time: 919ms, Drone: 32
[P1_ATTEMPT] Time: 919ms, Drone: 31
[P1_ABORT] Time: 919ms, Drone: 23
[P1_ATTEMPT] Time: 919ms, Drone: 23
[P1_ABORT] Time: 919ms, Drone: 44
[P1_ATTEMPT] Time: 919ms, Drone: 44
[P1_ABORT] Time: 919ms, Drone: 32
[P1_ATTEMPT] Time: 919ms, Drone: 32
[P1_ABORT] Time: 919ms, Drone: 31
[P1_ATTEMPT] Time: 919ms, Drone: 31
[P1_ABORT] Time: 919ms, Drone: 44
[P1_ATTEMPT] Time: 919ms, Drone: 44
[P1_ABORT] Time: 919ms, Drone: 32
[P1_ATTEMPT] Time: 919ms, Drone: 32
[P1_ABORT] Time: 919ms, Drone: 31
[P1_ATTEMPT] Time: 919ms, Drone: 31
[P1_ABORT] Time: 920ms, Drone: 44
[P1_ATTEMPT] Time: 920ms, Drone: 44
[P1_SUCCESS] Time: 920ms, Drone: 33
[P1_RX] Time: 920ms, Receiver: 37, Sender: 33, RSSI: -90
[P1_RX] Time: 920ms, Receiver: 25, Sender: 33, RSSI: -98
[P1_RX] Time: 920ms, Receiver: 15, Sender: 33, RSSI: -102
[P1_RX] Time: 920ms, Receiver: 20, Sender: 33, RSSI: -105
[P1_RX] Time: 920ms, Receiver: 34, Sender: 33, RSSI: -106
[P1_RX] Time: 920ms, Receiver: 43, Sender: 33, RSSI: -106
[P1_RX] Time: 920ms, Receiver: 32, Sender: 33, RSSI: -103
[P1_RX] Time: 920ms, Receiver: 28, Sender: 33, RSSI: -107
[P1_ABORT] Time: 920ms, Drone: 32
[P1_ATTEMPT] Time: 920ms, Drone: 32
[P1_ABORT] Time: 920ms, Drone: 31
[P1_ATTEMPT] Time: 920ms, Drone: 31
[P1_ABORT] Time: 920ms, Drone: 31
[P1_ATTEMPT] Time: 920ms, Drone: 31
[P1_ABORT] Time: 920ms, Drone: 31
[P1_ATTEMPT] Time: 920ms, Drone: 31
[P1_ABORT] Time: 920ms, Drone: 31
[P1_ATTEMPT] Time: 920ms, Drone: 31
[P1_ABORT] Time: 920ms, Drone: 31
[P1_ATTEMPT] Time: 920ms, Drone: 31
[P1_SUCCESS] Time: 920ms, Drone: 23
[P1_RX] Time: 920ms, Receiver: 14, Sender: 23, RSSI: -89
[P1_RX] Time: 920ms, Receiver: 0, Sender: 23, RSSI: -89
[P1_RX] Time: 920ms, Receiver: 26, Sender: 23, RSSI: -97
[P1_RX] Time: 920ms, Receiver: 42, Sender: 23, RSSI: -97
[P1_RX] Time: 920ms, Receiver: 2, Sender: 23, RSSI: -98
[P1_RX] Time: 920ms, Receiver: 6, Sender: 23, RSSI: -100
[P1_RX] Time: 920ms, Receiver: 30, Sender: 23, RSSI: -102
[P1_RX] Time: 920ms, Receiver: 13, Sender: 23, RSSI: -103
[P1_RX] Time: 920ms, Receiver: 48, Sender: 23, RSSI: -105
[P1_RX] Time: 920ms, Receiver: 7, Sender: 23, RSSI: -105
[P1_RX] Time: 920ms, Receiver: 12, Sender: 23, RSSI: -108
[P1_ABORT] Time: 920ms, Drone: 31
[P1_ATTEMPT] Time: 920ms, Drone: 31
[P1_ABORT] Time: 920ms, Drone: 31
[P1_ATTEMPT] Time: 920ms, Drone: 31
[P1_ATTEMPT] Time: 920ms, Drone: 30
[P1_SUCCESS] Time: 920ms, Drone: 44
[P1_RX] Time: 920ms, Receiver: 28, Sender: 44, RSSI: -99
[P1_RX] Time: 920ms, Receiver: 46, Sender: 44, RSSI: -100
[P1_RX] Time: 920ms, Receiver: 34, Sender: 44, RSSI: -101
[P1_RX] Time: 920ms, Receiver: 20, Sender: 44, RSSI: -102
[P1_ABORT] Time: 920ms, Drone: 31
[P1_ATTEMPT] Time: 920ms, Drone: 31
[P1_SUCCESS] Time: 921ms, Drone: 32
[P1_RX] Time: 921ms, Receiver: 16, Sender: 32, RSSI: -91
[P1_RX] Time: 921ms, Receiver: 15, Sender: 32, RSSI: -95
[P1_RX] Time: 921ms, Receiver: 18, Sender: 32, RSSI: -99
[P1_RX] Time: 921ms, Receiver: 17, Sender: 32, RSSI: -99
[P1_RX] Time: 921ms, Receiver: 21, Sender: 32, RSSI: -101
[P1_RX] Time: 921ms, Receiver: 43, Sender: 32, RSSI: -101
[P1_RX] Time: 921ms, Receiver: 3, Sender: 32, RSSI: -102
[P1_RX] Time: 921ms, Receiver: 49, Sender: 32, RSSI: -102
[P1_RX] Time: 921ms, Receiver: 11, Sender: 32, RSSI: -105
[P1_RX] Time: 921ms, Receiver: 38, Sender: 32, RSSI: -105
[P1_RX] Time: 921ms, Receiver: 41, Sender: 32, RSSI: -105
[P1_RX] Time: 921ms, Receiver: 33, Sender: 32, RSSI: -105
[P1_ABORT] Time: 921ms, Drone: 31
[P1_ATTEMPT] Time: 921ms, Drone: 31
[P1_ATTEMPT] Time: 921ms, Drone: 46
[P1_ATTEMPT] Time: 921ms, Drone: 8
[P1_ATTEMPT] Time: 921ms, Drone: 11
[P1_SUCCESS] Time: 921ms, Drone: 30
[P1_RX] Time: 921ms, Receiver: 7, Sender: 30, RSSI: -94
[P1_RX] Time: 921ms, Receiver: 14, Sender: 30, RSSI: -97
[P1_RX] Time: 921ms, Receiver: 12, Sender: 30, RSSI: -98
[P1_RX] Time: 921ms, Receiver: 23, Sender: 30, RSSI: -102
[P1_RX] Time: 921ms, Receiver: 26, Sender: 30, RSSI: -106
[P1_SUCCESS] Time: 922ms, Drone: 31
[P1_RX] Time: 922ms, Receiver: 33, Sender: 31, RSSI: -102
[P1_SUCCESS] Time: 922ms, Drone: 46
[P1_RX] Time: 922ms, Receiver: 28, Sender: 46, RSSI: -82
[P1_RX] Time: 922ms, Receiver: 34, Sender: 46, RSSI: -87
[P1_RX] Time: 922ms, Receiver: 44, Sender: 46, RSSI: -99
[P1_SUCCESS] Time: 922ms, Drone: 8
[P1_RX] Time: 922ms, Receiver: 10, Sender: 8, RSSI: -99
[P1_RX] Time: 922ms, Receiver: 3, Sender: 8, RSSI: -101
[P1_SUCCESS] Time: 922ms, Drone: 11
[P1_RX] Time: 922ms, Receiver: 38, Sender: 11, RSSI: -94
[P1_RX] Time: 922ms, Receiver: 41, Sender: 11, RSSI: -105
[P1_ATTEMPT] Time: 922ms, Drone: 39
[P1_ATTEMPT] Time: 922ms, Drone: 4
[P1_ATTEMPT] Time: 922ms, Drone: 25
[P1_ATTEMPT] Time: 923ms, Drone: 22
[P1_ABORT] Time: 923ms, Drone: 22
[P1_ATTEMPT] Time: 923ms, Drone: 22
[P1_ATTEMPT] Time: 923ms, Drone: 6
[P1_ABORT] Time: 923ms, Drone: 22
[P1_ATTEMPT] Time: 923ms, Drone: 22
[P1_ABORT] Time: 923ms, Drone: 6
[P1_ATTEMPT] Time: 923ms, Drone: 6
[P1_ABORT] Time: 923ms, Drone: 22
[P1_ATTEMPT] Time: 923ms, Drone: 22
[P1_SUCCESS] Time: 923ms, Drone: 39
[P1_RX] Time: 923ms, Receiver: 6, Sender: 39, RSSI: -95
[P1_RX] Time: 923ms, Receiver: 35, Sender: 39, RSSI: -97
[P1_RX] Time: 923ms, Receiver: 9, Sender: 39, RSSI: -97
[P1_RX] Time: 923ms, Receiver: 5, Sender: 39, RSSI: -99
[P1_RX] Time: 923ms, Receiver: 42, Sender: 39, RSSI: -103
[P1_RX] Time: 923ms, Receiver: 19, Sender: 39, RSSI: -104
[P1_RX] Time: 923ms, Receiver: 0, Sender: 39, RSSI: -105
[P1_RX] Time: 923ms, Receiver: 40, Sender: 39, RSSI: -106
[P1_RX] Time: 923ms, Receiver: 22, Sender: 39, RSSI: -107
[P1_RX] Time: 923ms, Receiver: 26, Sender: 39, RSSI: -107
[P1_ABORT] Time: 923ms, Drone: 6
[P1_ATTEMPT] Time: 923ms, Drone: 6
[P1_SUCCESS] Time: 923ms, Drone: 4
[P1_RX] Time: 923ms, Receiver: 48, Sender: 4, RSSI: -94
[P1_RX] Time: 923ms, Receiver: 13, Sender: 4, RSSI: -96
[P1_RX] Time: 923ms, Receiver: 31, Sender: 4, RSSI: -100
[P1_RX] Time: 923ms, Receiver: 1, Sender: 4, RSSI: -101
[P1_RX] Time: 923ms, Receiver: 32, Sender: 4, RSSI: -101
[P1_RX] Time: 923ms, Receiver: 15, Sender: 4, RSSI: -103
[P1_RX] Time: 923ms, Receiver: 16, Sender: 4, RSSI: -104
[P1_RX] Time: 923ms, Receiver: 49, Sender: 4, RSSI: -105
[P1_RX] Time: 923ms, Receiver: 3, Sender: 4, RSSI: -106
[P1_RX] Time: 923ms, Receiver: 18, Sender: 4, RSSI: -107
[P1_SUCCESS] Time: 923ms, Drone: 25
[P1_RX] Time: 923ms, Receiver: 37, Sender: 25, RSSI: -95
[P1_RX] Time: 923ms, Receiver: 33, Sender: 25, RSSI: -97
[P1_RX] Time: 923ms, Receiver: 34, Sender: 25, RSSI: -102
[P1_RX] Time: 923ms, Receiver: 28, Sender: 25, RSSI: -104
[P1_RX] Time: 923ms, Receiver: 46, Sender: 25, RSSI: -105
[P1_ATTEMPT] Time: 923ms, Drone: 12
[P1_ATTEMPT] Time: 924ms, Drone: 49
[P1_SUCCESS] Time: 924ms, Drone: 22
[P1_RX] Time: 924ms, Receiver: 36, Sender: 22, RSSI: -99
[P1_RX] Time: 924ms, Receiver: 5, Sender: 22, RSSI: -101
[P1_RX] Time: 924ms, Receiver: 41, Sender: 22, RSSI: -103
[P1_SUCCESS] Time: 924ms, Drone: 6
[P1_RX] Time: 924ms, Receiver: 39, Sender: 6, RSSI: -95
[P1_RX] Time: 924ms, Receiver: 42, Sender: 6, RSSI: -98
[P1_RX] Time: 924ms, Receiver: 0, Sender: 6, RSSI: -99
[P1_RX] Time: 924ms, Receiver: 23, Sender: 6, RSSI: -100
[P1_RX] Time: 924ms, Receiver: 26, Sender: 6, RSSI: -101
[P1_RX] Time: 924ms, Receiver: 14, Sender: 6, RSSI: -104
[P1_RX] Time: 924ms, Receiver: 2, Sender: 6, RSSI: -104
[P1_RX] Time: 924ms, Receiver: 19, Sender: 6, RSSI: -104
[P1_ATTEMPT] Time: 924ms, Drone: 36
[P1_ATTEMPT] Time: 924ms, Drone: 38
[P1_ATTEMPT] Time: 924ms, Drone: 45
[P1_ABORT] Time: 924ms, Drone: 38
[P1_ATTEMPT] Time: 924ms, Drone: 38
[P1_SUCCESS] Time: 924ms, Drone: 12
[P1_ABORT] Time: 924ms, Drone: 38
[P1_ATTEMPT] Time: 924ms, Drone: 38
[P1_ABORT] Time: 925ms, Drone: 38
[P1_ATTEMPT] Time: 925ms, Drone: 38
[P1_ATTEMPT] Time: 925ms, Drone: 24
[P1_SUCCESS] Time: 925ms, Drone: 49
[P1_RX] Time: 925ms, Receiver: 3, Sender: 49, RSSI: -80
[P1_RX] Time: 925ms, Receiver: 18, Sender: 49, RSSI: -100
[P1_RX] Time: 925ms, Receiver: 21, Sender: 49, RSSI: -100
[P1_RX] Time: 925ms, Receiver: 16, Sender: 49, RSSI: -102
[P1_RX] Time: 925ms, Receiver: 1, Sender: 49, RSSI: -102
[P1_RX] Time: 925ms, Receiver: 17, Sender: 49, RSSI: -102
[P1_RX] Time: 925ms, Receiver: 15, Sender: 49, RSSI: -102
[P1_RX] Time: 925ms, Receiver: 8, Sender: 49, RSSI: -104
[P1_RX] Time: 925ms, Receiver: 38, Sender: 49, RSSI: -105
[P1_RX] Time: 925ms, Receiver: 20, Sender: 49, RSSI: -106
[P1_RX] Time: 925ms, Receiver: 11, Sender: 49, RSSI: -107
[P1_ABORT] Time: 925ms, Drone: 38
[P1_ATTEMPT] Time: 925ms, Drone: 38
[P1_ATTEMPT] Time: 925ms, Drone: 42
[P1_ABORT] Time: 925ms, Drone: 24
[P1_ATTEMPT] Time: 925ms, Drone: 24
[P1_ABORT] Time: 925ms, Drone: 42
[P1_ATTEMPT] Time: 925ms, Drone: 42
[P1_SUCCESS] Time: 925ms, Drone: 36
[P1_RX] Time: 925ms, Receiver: 22, Sender: 36, RSSI: -99
[P1_RX] Time: 925ms, Receiver: 5, Sender: 36, RSSI: -100
[P1_RX] Time: 925ms, Receiver: 41, Sender: 36, RSSI: -101
[P1_RX] Time: 925ms, Receiver: 35, Sender: 36, RSSI: -101
[P1_ABORT] Time: 925ms, Drone: 24
[P1_ATTEMPT] Time: 925ms, Drone: 24
[P1_ABORT] Time: 925ms, Drone: 42
[P1_ATTEMPT] Time: 925ms, Drone: 42
[P1_ATTEMPT] Time: 925ms, Drone: 3
[P1_ABORT] Time: 925ms, Drone: 24
[P1_ATTEMPT] Time: 925ms, Drone: 24
[P1_ABORT] Time: 925ms, Drone: 42
[P1_ATTEMPT] Time: 925ms, Drone: 42
[P1_SUCCESS] Time: 925ms, Drone: 45
[P1_RX] Time: 925ms, Receiver: 31, Sender: 45, RSSI: -90
[P1_RX] Time: 925ms, Receiver: 13, Sender: 45, RSSI: -96
[P1_RX] Time: 925ms, Receiver: 2, Sender: 45, RSSI: -99
[P1_RX] Time: 925ms, Receiver: 4, Sender: 45, RSSI: -101
[P1_RX] Time: 925ms, Receiver: 0, Sender: 45, RSSI: -102
[P1_RX] Time: 925ms, Receiver: 48, Sender: 45, RSSI: -102
[P1_RX] Time: 925ms, Receiver: 23, Sender: 45, RSSI: -104
[P1_RX] Time: 925ms, Receiver: 33, Sender: 45, RSSI: -105
[P1_RX] Time: 925ms, Receiver: 42, Sender: 45, RSSI: -105
[P1_RX] Time: 925ms, Receiver: 14, Sender: 45, RSSI: -106
[P1_ABORT] Time: 925ms, Drone: 3
[P1_ATTEMPT] Time: 925ms, Drone: 3
[P1_ABORT] Time: 925ms, Drone: 24
[P1_ATTEMPT] Time: 925ms, Drone: 24
[P1_ABORT] Time: 925ms, Drone: 42
[P1_ATTEMPT] Time: 925ms, Drone: 42
[P1_ABORT] Time: 925ms, Drone: 3
[P1_ATTEMPT] Time: 925ms, Drone: 3
[P1_ATTEMPT] Time: 926ms, Drone: 17
[P1_ABORT] Time: 926ms, Drone: 3
[P1_ATTEMPT] Time: 926ms, Drone: 3
[P1_SUCCESS] Time: 926ms, Drone: 38
[P1_ABORT] Time: 926ms, Drone: 17
[P1_ATTEMPT] Time: 926ms, Drone: 17
[P1_RX] Time: 926ms, Receiver: 11, Sender: 38, RSSI: -94
[P1_RX] Time: 926ms, Receiver: 43, Sender: 38, RSSI: -96
[P1_RX] Time: 926ms, Receiver: 21, Sender: 38, RSSI: -97
[P1_RX] Time: 926ms, Receiver: 10, Sender: 38, RSSI: -98
[P1_RX] Time: 926ms, Receiver: 18, Sender: 38, RSSI: -99
[P1_RX] Time: 926ms, Receiver: 17, Sender: 38, RSSI: -102
[P1_RX] Time: 926ms, Receiver: 15, Sender: 38, RSSI: -100
[P1_RX] Time: 926ms, Receiver: 8, Sender: 38, RSSI: -103
[P1_RX] Time: 926ms, Receiver: 3, Sender: 38, RSSI: -103
[P1_RX] Time: 926ms, Receiver: 16, Sender: 38, RSSI: -103
[P1_RX] Time: 926ms, Receiver: 49, Sender: 38, RSSI: -104
[P1_ABORT] Time: 926ms, Drone: 3
[P1_ATTEMPT] Time: 926ms, Drone: 3
[P1_ABORT] Time: 926ms, Drone: 17
[P1_ATTEMPT] Time: 926ms, Drone: 17
[P1_SUCCESS] Time: 926ms, Drone: 24
[P1_RX] Time: 926ms, Receiver: 2, Sender: 24, RSSI: -88
[P1_RX] Time: 926ms, Receiver: 48, Sender: 24, RSSI: -94
[P1_RX] Time: 926ms, Receiver: 13, Sender: 24, RSSI: -97
[P1_RX] Time: 926ms, Receiver: 23, Sender: 24, RSSI: -95
[P1_RX] Time: 926ms, Receiver: 14, Sender: 24, RSSI: -97
[P1_RX] Time: 926ms, Receiver: 4, Sender: 24, RSSI: -101
[P1_RX] Time: 926ms, Receiver: 30, Sender: 24, RSSI: -102
[P1_SUCCESS] Time: 926ms, Drone: 42
[P1_RX] Time: 926ms, Receiver: 6, Sender: 42, RSSI: -98
[P1_RX] Time: 926ms, Receiver: 19, Sender: 42, RSSI: -101
[P1_RX] Time: 926ms, Receiver: 39, Sender: 42, RSSI: -102
[P1_RX] Time: 926ms, Receiver: 35, Sender: 42, RSSI: -104
[P1_ATTEMPT] Time: 926ms, Drone: 14
[P1_ATTEMPT] Time: 927ms, Drone: 9
[P1_SUCCESS] Time: 927ms, Drone: 3
[P1_RX] Time: 927ms, Receiver: 49, Sender: 3, RSSI: -80
[P1_RX] Time: 927ms, Receiver: 8, Sender: 3, RSSI: -102
[P1_ATTEMPT] Time: 927ms, Drone: 13
[P1_SUCCESS] Time: 927ms, Drone: 17
[P1_RX] Time: 927ms, Receiver: 18, Sender: 17, RSSI: -86
[P1_RX] Time: 927ms, Receiver: 21, Sender: 17, RSSI: -90
[P1_RX] Time: 927ms, Receiver: 11, Sender: 17, RSSI: -98
[P1_ATTEMPT] Time: 927ms, Drone: 18
[P1_ATTEMPT] Time: 927ms, Drone: 1
[P1_ABORT] Time: 927ms, Drone: 1
[P1_ATTEMPT] Time: 927ms, Drone: 1
[P1_ABORT] Time: 927ms, Drone: 1
[P1_ATTEMPT] Time: 927ms, Drone: 1
[P1_SUCCESS] Time: 927ms, Drone: 14
[P1_RX] Time: 927ms, Receiver: 23, Sender: 14, RSSI: -89
[P1_RX] Time: 927ms, Receiver: 0, Sender: 14, RSSI: -96
[P1_RX] Time: 927ms, Receiver: 30, Sender: 14, RSSI: -97
[P1_RX] Time: 927ms, Receiver: 26, Sender: 14, RSSI: -99
[P1_RX] Time: 927ms, Receiver: 24, Sender: 14, RSSI: -99
[P1_RX] Time: 927ms, Receiver: 7, Sender: 14, RSSI: -100
[P1_RX] Time: 927ms, Receiver: 42, Sender: 14, RSSI: -100
[P1_ABORT] Time: 927ms, Drone: 1
[P1_ATTEMPT] Time: 927ms, Drone: 1
[P1_SUCCESS] Time: 928ms, Drone: 9
[P1_RX] Time: 928ms, Receiver: 39, Sender: 9, RSSI: -97
[P1_RX] Time: 928ms, Receiver: 35, Sender: 9, RSSI: -99
[P1_RX] Time: 928ms, Receiver: 5, Sender: 9, RSSI: -100
[P1_RX] Time: 928ms, Receiver: 22, Sender: 9, RSSI: -102
[P1_RX] Time: 928ms, Receiver: 19, Sender: 9, RSSI: -102
[P1_RX] Time: 928ms, Receiver: 36, Sender: 9, RSSI: -106
[P1_SUCCESS] Time: 928ms, Drone: 13
[P1_RX] Time: 928ms, Receiver: 33, Sender: 13, RSSI: -103
[P1_ABORT] Time: 928ms, Drone: 1
[P1_ATTEMPT] Time: 928ms, Drone: 1
[P1_ABORT] Time: 928ms, Drone: 1
[P1_ATTEMPT] Time: 928ms, Drone: 1
[P1_SUCCESS] Time: 928ms, Drone: 18
[P1_RX] Time: 928ms, Receiver: 21, Sender: 18, RSSI: -78
[P1_RX] Time: 928ms, Receiver: 17, Sender: 18, RSSI: -86
[P1_RX] Time: 928ms, Receiver: 3, Sender: 18, RSSI: -97
[P1_RX] Time: 928ms, Receiver: 11, Sender: 18, RSSI: -98
[P1_RX] Time: 928ms, Receiver: 38, Sender: 18, RSSI: -99
[P1_RX] Time: 928ms, Receiver: 8, Sender: 18, RSSI: -105
[P1_RX] Time: 928ms, Receiver: 10, Sender: 18, RSSI: -106
[P1_ABORT] Time: 928ms, Drone: 1
[P1_ATTEMPT] Time: 928ms, Drone: 1
[P1_ATTEMPT] Time: 928ms, Drone: 21
[P1_ABORT] Time: 928ms, Drone: 21
[P1_ATTEMPT] Time: 928ms, Drone: 21
[P1_ABORT] Time: 928ms, Drone: 21
[P1_ATTEMPT] Time: 928ms, Drone: 21
[P1_ABORT] Time: 929ms, Drone: 21
[P1_ATTEMPT] Time: 929ms, Drone: 21
[P1_ABORT] Time: 929ms, Drone: 21
[P1_ATTEMPT] Time: 929ms, Drone: 21
[P1_ABORT] Time: 929ms, Drone: 21
[P1_ATTEMPT] Time: 929ms, Drone: 21
[P1_SUCCESS] Time: 929ms, Drone: 1
[P1_RX] Time: 929ms, Receiver: 32, Sender: 1, RSSI: -82
[P1_RX] Time: 929ms, Receiver: 16, Sender: 1, RSSI: -89
[P1_RX] Time: 929ms, Receiver: 15, Sender: 1, RSSI: -98
[P1_RX] Time: 929ms, Receiver: 17, Sender: 1, RSSI: -99
[P1_RX] Time: 929ms, Receiver: 18, Sender: 1, RSSI: -99
[P1_RX] Time: 929ms, Receiver: 47, Sender: 1, RSSI: -99
[P1_RX] Time: 929ms, Receiver: 4, Sender: 1, RSSI: -101
[P1_RX] Time: 929ms, Receiver: 21, Sender: 1, RSSI: -101
[P1_RX] Time: 929ms, Receiver: 19, Sender: 1, RSSI: -102
[P1_RX] Time: 929ms, Receiver: 3, Sender: 1, RSSI: -102
[P1_RX] Time: 929ms, Receiver: 49, Sender: 1, RSSI: -102
[P1_RX] Time: 929ms, Receiver: 45, Sender: 1, RSSI: -102
[P1_RX] Time: 929ms, Receiver: 27, Sender: 1, RSSI: -102
[P1_RX] Time: 929ms, Receiver: 40, Sender: 1, RSSI: -103
[P1_RX] Time: 929ms, Receiver: 43, Sender: 1, RSSI: -103
[P1_RX] Time: 929ms, Receiver: 2, Sender: 1, RSSI: -105
[P1_RX] Time: 929ms, Receiver: 13, Sender: 1, RSSI: -105
[P1_RX] Time: 929ms, Receiver: 31, Sender: 1, RSSI: -105
[P1_RX] Time: 929ms, Receiver: 48, Sender: 1, RSSI: -106
[P1_RX] Time: 929ms, Receiver: 11, Sender: 1, RSSI: -106
[P1_RX] Time: 929ms, Receiver: 41, Sender: 1, RSSI: -107
[P1_RX] Time: 929ms, Receiver: 24, Sender: 1, RSSI: -107
[P1_RX] Time: 929ms, Receiver: 38, Sender: 1, RSSI: -107
[P1_RX] Time: 929ms, Receiver: 33, Sender: 1, RSSI: -108
[P1_RX] Time: 929ms, Receiver: 42, Sender: 1, RSSI: -108
[P1_ABORT] Time: 929ms, Drone: 21
[P1_ATTEMPT] Time: 929ms, Drone: 21
[P1_ATTEMPT] Time: 929ms, Drone: 37
[P1_ATTEMPT] Time: 929ms, Drone: 26
[P1_ATTEMPT] Time: 930ms, Drone: 41
[P1_ABORT] Time: 930ms, Drone: 41
[P1_ATTEMPT] Time: 930ms, Drone: 41
[P1_ABORT] Time: 930ms, Drone: 41
[P1_ATTEMPT] Time: 930ms, Drone: 41
[P1_SUCCESS] Time: 930ms, Drone: 21
[P1_RX] Time: 930ms, Receiver: 18, Sender: 21, RSSI: -78
[P1_RX] Time: 930ms, Receiver: 17, Sender: 21, RSSI: -91
[P1_RX] Time: 930ms, Receiver: 11, Sender: 21, RSSI: -96
[P1_RX] Time: 930ms, Receiver: 16, Sender: 21, RSSI: -97
[P1_RX] Time: 930ms, Receiver: 38, Sender: 21, RSSI: -97
[P1_RX] Time: 930ms, Receiver: 3, Sender: 21, RSSI: -98
[P1_RX] Time: 930ms, Receiver: 43, Sender: 21, RSSI: -99
[P1_RX] Time: 930ms, Receiver: 49, Sender: 21, RSSI: -100
[P1_RX] Time: 930ms, Receiver: 15, Sender: 21, RSSI: -101
[P1_RX] Time: 930ms, Receiver: 32, Sender: 21, RSSI: -101
[P1_RX] Time: 930ms, Receiver: 1, Sender: 21, RSSI: -101
[P1_RX] Time: 930ms, Receiver: 8, Sender: 21, RSSI: -105
[P1_RX] Time: 930ms, Receiver: 47, Sender: 21, RSSI: -105
[P1_RX] Time: 930ms, Receiver: 10, Sender: 21, RSSI: -105
[P1_RX] Time: 930ms, Receiver: 41, Sender: 21, RSSI: -108
[P1_SUCCESS] Time: 930ms, Drone: 37
[P1_RX] Time: 930ms, Receiver: 25, Sender: 37, RSSI: -95
[P1_RX] Time: 930ms, Receiver: 34, Sender: 37, RSSI: -102
[P1_RX] Time: 930ms, Receiver: 20, Sender: 37, RSSI: -103
[P1_RX] Time: 930ms, Receiver: 28, Sender: 37, RSSI: -103
[P1_RX] Time: 930ms, Receiver: 46, Sender: 37, RSSI: -105
[P1_SUCCESS] Time: 930ms, Drone: 26
[P1_RX] Time: 930ms, Receiver: 42, Sender: 26, RSSI: -94
[P1_RX] Time: 930ms, Receiver: 23, Sender: 26, RSSI: -97
[P1_RX] Time: 930ms, Receiver: 14, Sender: 26, RSSI: -99
[P1_RX] Time: 930ms, Receiver: 24, Sender: 26, RSSI: -99
[P1_RX] Time: 930ms, Receiver: 2, Sender: 26, RSSI: -100
[P1_RX] Time: 930ms, Receiver: 0, Sender: 26, RSSI: -101
[P1_RX] Time: 930ms, Receiver: 6, Sender: 26, RSSI: -101
[P1_RX] Time: 930ms, Receiver: 30, Sender: 26, RSSI: -105
[P1_RX] Time: 930ms, Receiver: 7, Sender: 26, RSSI: -106
[P1_ATTEMPT] Time: 931ms, Drone: 5
[P1_ABORT] Time: 931ms, Drone: 5
[P1_ATTEMPT] Time: 931ms, Drone: 5
[P1_SUCCESS] Time: 931ms, Drone: 41
[P1_RX] Time: 931ms, Receiver: 40, Sender: 41, RSSI: -95
[P1_RX] Time: 931ms, Receiver: 47, Sender: 41, RSSI: -96
[P1_RX] Time: 931ms, Receiver: 27, Sender: 41, RSSI: -101
[P1_RX] Time: 931ms, Receiver: 19, Sender: 41, RSSI: -100
[P1_RX] Time: 931ms, Receiver: 36, Sender: 41, RSSI: -101
[P1_RX] Time: 931ms, Receiver: 22, Sender: 41, RSSI: -103
[P1_RX] Time: 931ms, Receiver: 17, Sender: 41, RSSI: -104
[P1_RX] Time: 931ms, Receiver: 16, Sender: 41, RSSI: -104
[P1_RX] Time: 931ms, Receiver: 32, Sender: 41, RSSI: -105
[P1_RX] Time: 931ms, Receiver: 1, Sender: 41, RSSI: -106
[P1_RX] Time: 931ms, Receiver: 18, Sender: 41, RSSI: -106
[P1_RX] Time: 931ms, Receiver: 11, Sender: 41, RSSI: -107
[P1_RX] Time: 931ms, Receiver: 21, Sender: 41, RSSI: -107
[P1_ABORT] Time: 931ms, Drone: 5
[P1_ATTEMPT] Time: 931ms, Drone: 5
[P1_ATTEMPT] Time: 931ms, Drone: 34
[P1_SUCCESS] Time: 932ms, Drone: 5
[P1_RX] Time: 932ms, Receiver: 35, Sender: 5, RSSI: -75
[P1_RX] Time: 932ms, Receiver: 40, Sender: 5, RSSI: -98
[P1_RX] Time: 932ms, Receiver: 39, Sender: 5, RSSI: -99
[P1_RX] Time: 932ms, Receiver: 19, Sender: 5, RSSI: -99
[P1_RX] Time: 932ms, Receiver: 36, Sender: 5, RSSI: -100
[P1_RX] Time: 932ms, Receiver: 41, Sender: 5, RSSI: -100
[P1_RX] Time: 932ms, Receiver: 9, Sender: 5, RSSI: -101
[P1_RX] Time: 932ms, Receiver: 47, Sender: 5, RSSI: -102
[P1_RX] Time: 932ms, Receiver: 22, Sender: 5, RSSI: -103
[P1_RX] Time: 932ms, Receiver: 27, Sender: 5, RSSI: -105
[P1_RX] Time: 932ms, Receiver: 6, Sender: 5, RSSI: -105
[P1_RX] Time: 932ms, Receiver: 42, Sender: 5, RSSI: -106
[P1_RX] Time: 932ms, Receiver: 0, Sender: 5, RSSI: -108
[P1_RX] Time: 932ms, Receiver: 23, Sender: 5, RSSI: -110
[P1_SUCCESS] Time: 932ms, Drone: 34
[P1_RX] Time: 932ms, Receiver: 28, Sender: 34, RSSI: -78
[P1_RX] Time: 932ms, Receiver: 46, Sender: 34, RSSI: -87
[P1_RX] Time: 932ms, Receiver: 44, Sender: 34, RSSI: -101
[P1_RX] Time: 932ms, Receiver: 37, Sender: 34, RSSI: -102
[P1_RX] Time: 932ms, Receiver: 25, Sender: 34, RSSI: -103
[P1_RX] Time: 932ms, Receiver: 20, Sender: 34, RSSI: -104
[P1_RX] Time: 932ms, Receiver: 33, Sender: 34, RSSI: -106
[P1_ATTEMPT] Time: 932ms, Drone: 43
[P1_ATTEMPT] Time: 933ms, Drone: 35
[P1_ATTEMPT] Time: 933ms, Drone: 29
[P1_SUCCESS] Time: 933ms, Drone: 43
[P1_RX] Time: 933ms, Receiver: 15, Sender: 43, RSSI: -93
[P1_RX] Time: 933ms, Receiver: 38, Sender: 43, RSSI: -96
[P1_RX] Time: 933ms, Receiver: 21, Sender: 43, RSSI: -99
[P1_RX] Time: 933ms, Receiver: 18, Sender: 43, RSSI: -99
[P1_RX] Time: 933ms, Receiver: 11, Sender: 43, RSSI: -100
[P1_RX] Time: 933ms, Receiver: 32, Sender: 43, RSSI: -101
[P1_RX] Time: 933ms, Receiver: 10, Sender: 43, RSSI: -102
[P1_RX] Time: 933ms, Receiver: 17, Sender: 43, RSSI: -102
[P1_RX] Time: 933ms, Receiver: 16, Sender: 43, RSSI: -102
[P1_RX] Time: 933ms, Receiver: 1, Sender: 43, RSSI: -102
[P1_RX] Time: 933ms, Receiver: 3, Sender: 43, RSSI: -104
[P1_RX] Time: 933ms, Receiver: 49, Sender: 43, RSSI: -105
[P1_RX] Time: 933ms, Receiver: 8, Sender: 43, RSSI: -107
[P1_SUCCESS] Time: 933ms, Drone: 35
[P1_RX] Time: 933ms, Receiver: 5, Sender: 35, RSSI: -75
[P1_RX] Time: 933ms, Receiver: 39, Sender: 35, RSSI: -97
[P1_RX] Time: 933ms, Receiver: 19, Sender: 35, RSSI: -98
[P1_RX] Time: 933ms, Receiver: 40, Sender: 35, RSSI: -99
[P1_RX] Time: 933ms, Receiver: 9, Sender: 35, RSSI: -100
[P1_RX] Time: 933ms, Receiver: 41, Sender: 35, RSSI: -101
[P1_RX] Time: 933ms, Receiver: 36, Sender: 35, RSSI: -101
[P1_RX] Time: 933ms, Receiver: 47, Sender: 35, RSSI: -101
[P1_RX] Time: 933ms, Receiver: 6, Sender: 35, RSSI: -103
[P1_RX] Time: 933ms, Receiver: 22, Sender: 35, RSSI: -104
[P1_RX] Time: 933ms, Receiver: 42, Sender: 35, RSSI: -104
[P1_RX] Time: 933ms, Receiver: 0, Sender: 35, RSSI: -106
[P1_ATTEMPT] Time: 934ms, Drone: 20
[P1_ATTEMPT] Time: 934ms, Drone: 16
[P1_ABORT] Time: 934ms, Drone: 20
[P1_ATTEMPT] Time: 934ms, Drone: 20
[P1_ATTEMPT] Time: 934ms, Drone: 47
[P1_ABORT] Time: 934ms, Drone: 20
[P1_ATTEMPT] Time: 934ms, Drone: 20
[P1_SUCCESS] Time: 934ms, Drone: 29
[P1_RX] Time: 934ms, Receiver: 25, Sender: 29, RSSI: -93
[P1_RX] Time: 934ms, Receiver: 20, Sender: 29, RSSI: -103
[P1_RX] Time: 934ms, Receiver: 34, Sender: 29, RSSI: -105
[P1_RX] Time: 934ms, Receiver: 28, Sender: 29, RSSI: -106
[P1_RX] Time: 934ms, Receiver: 48, Sender: 29, RSSI: -106
[P1_RX] Time: 934ms, Receiver: 46, Sender: 29, RSSI: -107
[P1_RX] Time: 934ms, Receiver: 12, Sender: 29, RSSI: -109
[P1_ABORT] Time: 934ms, Drone: 20
[P1_ATTEMPT] Time: 934ms, Drone: 20
[P1_ATTEMPT] Time: 934ms, Drone: 19
[P1_ABORT] Time: 934ms, Drone: 19
[P1_ATTEMPT] Time: 934ms, Drone: 19
[P1_ABORT] Time: 934ms, Drone: 19
[P1_ATTEMPT] Time: 934ms, Drone: 19
[P1_ABORT] Time: 935ms, Drone: 19
[P1_ATTEMPT] Time: 935ms, Drone: 19
[P1_SUCCESS] Time: 935ms, Drone: 16
[P1_RX] Time: 935ms, Receiver: 1, Sender: 16, RSSI: -89
[P1_RX] Time: 935ms, Receiver: 32, Sender: 16, RSSI: -90
[P1_RX] Time: 935ms, Receiver: 17, Sender: 16, RSSI: -91
[P1_RX] Time: 935ms, Receiver: 18, Sender: 16, RSSI: -93
[P1_RX] Time: 935ms, Receiver: 21, Sender: 16, RSSI: -96
[P1_RX] Time: 935ms, Receiver: 15, Sender: 16, RSSI: -99
[P1_RX] Time: 935ms, Receiver: 3, Sender: 16, RSSI: -100
[P1_RX] Time: 935ms, Receiver: 49, Sender: 16, RSSI: -101
[P1_RX] Time: 935ms, Receiver: 43, Sender: 16, RSSI: -101
[P1_RX] Time: 935ms, Receiver: 11, Sender: 16, RSSI: -102
[P1_RX] Time: 935ms, Receiver: 38, Sender: 16, RSSI: -104
[P1_RX] Time: 935ms, Receiver: 45, Sender: 16, RSSI: -102
[P1_SUCCESS] Time: 935ms, Drone: 47
[P1_RX] Time: 935ms, Receiver: 40, Sender: 47, RSSI: -90
[P1_RX] Time: 935ms, Receiver: 19, Sender: 47, RSSI: -92
[P1_RX] Time: 935ms, Receiver: 27, Sender: 47, RSSI: -94
[P1_RX] Time: 935ms, Receiver: 41, Sender: 47, RSSI: -96
[P1_RX] Time: 935ms, Receiver: 5, Sender: 47, RSSI: -101
[P1_RX] Time: 935ms, Receiver: 35, Sender: 47, RSSI: -102
[P1_RX] Time: 935ms, Receiver: 9, Sender: 47, RSSI: -106
[P1_RX] Time: 935ms, Receiver: 36, Sender: 47, RSSI: -106
[P1_RX] Time: 935ms, Receiver: 42, Sender: 47, RSSI: -105
[P1_RX] Time: 935ms, Receiver: 39, Sender: 47, RSSI: -107
[P1_RX] Time: 935ms, Receiver: 22, Sender: 47, RSSI: -107
[P1_ABORT] Time: 935ms, Drone: 19
[P1_ATTEMPT] Time: 935ms, Drone: 19
[P1_SUCCESS] Time: 935ms, Drone: 20
[P1_RX] Time: 935ms, Receiver: 29, Sender: 20, RSSI: -102
[P1_RX] Time: 935ms, Receiver: 44, Sender: 20, RSSI: -102
[P1_RX] Time: 935ms, Receiver: 37, Sender: 20, RSSI: -102
[P1_RX] Time: 935ms, Receiver: 25, Sender: 20, RSSI: -104
[P1_RX] Time: 935ms, Receiver: 34, Sender: 20, RSSI: -104
[P1_RX] Time: 935ms, Receiver: 28, Sender: 20, RSSI: -104
[P1_RX] Time: 935ms, Receiver: 46, Sender: 20, RSSI: -106
[P1_ATTEMPT] Time: 935ms, Drone: 7
[P1_ATTEMPT] Time: 936ms, Drone: 48
[P1_SUCCESS] Time: 936ms, Drone: 19
[P1_RX] Time: 936ms, Receiver: 40, Sender: 19, RSSI: -92
[P1_RX] Time: 936ms, Receiver: 47, Sender: 19, RSSI: -92
[P1_RX] Time: 936ms, Receiver: 27, Sender: 19, RSSI: -98
[P1_RX] Time: 936ms, Receiver: 35, Sender: 19, RSSI: -98
[P1_RX] Time: 936ms, Receiver: 5, Sender: 19, RSSI: -99
[P1_RX] Time: 936ms, Receiver: 41, Sender: 19, RSSI: -101
[P1_RX] Time: 936ms, Receiver: 1, Sender: 19, RSSI: -102
[P1_RX] Time: 936ms, Receiver: 32, Sender: 19, RSSI: -102
[P1_RX] Time: 936ms, Receiver: 16, Sender: 19, RSSI: -102
[P1_RX] Time: 936ms, Receiver: 42, Sender: 19, RSSI: -103
[P1_RX] Time: 936ms, Receiver: 2, Sender: 19, RSSI: -103
[P1_RX] Time: 936ms, Receiver: 39, Sender: 19, RSSI: -104
[P1_RX] Time: 936ms, Receiver: 45, Sender: 19, RSSI: -104
[P1_RX] Time: 936ms, Receiver: 9, Sender: 19, RSSI: -105
[P1_RX] Time: 936ms, Receiver: 0, Sender: 19, RSSI: -105
[P1_RX] Time: 936ms, Receiver: 6, Sender: 19, RSSI: -105
[P1_RX] Time: 936ms, Receiver: 17, Sender: 19, RSSI: -106
[P1_RX] Time: 936ms, Receiver: 36, Sender: 19, RSSI: -107
[P1_RX] Time: 936ms, Receiver: 18, Sender: 19, RSSI: -107
[P1_RX] Time: 936ms, Receiver: 13, Sender: 19, RSSI: -108
[P1_RX] Time: 936ms, Receiver: 15, Sender: 19, RSSI: -108
[P1_RX] Time: 936ms, Receiver: 22, Sender: 19, RSSI: -108
[P1_RX] Time: 936ms, Receiver: 21, Sender: 19, RSSI: -109
[P1_ABORT] Time: 936ms, Drone: 48
[P1_ATTEMPT] Time: 936ms, Drone: 48
[P1_ATTEMPT] Time: 936ms, Drone: 27
[P1_SUCCESS] Time: 936ms, Drone: 7
[P1_RX] Time: 936ms, Receiver: 30, Sender: 7, RSSI: -94
[P1_RX] Time: 936ms, Receiver: 12, Sender: 7, RSSI: -103
[P1_ATTEMPT] Time: 936ms, Drone: 28
[P1_ATTEMPT] Time: 936ms, Drone: 15
[P1_ABORT] Time: 936ms, Drone: 15
[P1_ATTEMPT] Time: 936ms, Drone: 15
[P1_ABORT] Time: 937ms, Drone: 15
[P1_ATTEMPT] Time: 937ms, Drone: 15
[P1_SUCCESS] Time: 937ms, Drone: 48
[P1_RX] Time: 937ms, Receiver: 13, Sender: 48, RSSI: -93
[P1_RX] Time: 937ms, Receiver: 4, Sender: 48, RSSI: -94
[P1_RX] Time: 937ms, Receiver: 24, Sender: 48, RSSI: -95
[P1_RX] Time: 937ms, Receiver: 2, Sender: 48, RSSI: -98
[P1_RX] Time: 937ms, Receiver: 31, Sender: 48, RSSI: -101
[P1_RX] Time: 937ms, Receiver: 14, Sender: 48, RSSI: -105
[P1_RX] Time: 937ms, Receiver: 23, Sender: 48, RSSI: -105
[P1_RX] Time: 937ms, Receiver: 42, Sender: 48, RSSI: -105
[P1_RX] Time: 937ms, Receiver: 26, Sender: 48, RSSI: -106
[P1_ABORT] Time: 937ms, Drone: 15
[P1_ATTEMPT] Time: 937ms, Drone: 15
[P1_ABORT] Time: 937ms, Drone: 15
[P1_ATTEMPT] Time: 937ms, Drone: 15
[P1_SUCCESS] Time: 937ms, Drone: 27
[P1_RX] Time: 937ms, Receiver: 41, Sender: 27, RSSI: -101
[P1_RX] Time: 937ms, Receiver: 35, Sender: 27, RSSI: -104
[P1_RX] Time: 937ms, Receiver: 5, Sender: 27, RSSI: -104
[P1_RX] Time: 937ms, Receiver: 17, Sender: 27, RSSI: -104
[P1_RX] Time: 937ms, Receiver: 9, Sender: 27, RSSI: -104
[P1_RX] Time: 937ms, Receiver: 18, Sender: 27, RSSI: -104
[P1_RX] Time: 937ms, Receiver: 43, Sender: 27, RSSI: -104
[P1_RX] Time: 937ms, Receiver: 11, Sender: 27, RSSI: -106
[P1_RX] Time: 937ms, Receiver: 22, Sender: 27, RSSI: -107
[P1_RX] Time: 937ms, Receiver: 39, Sender: 27, RSSI: -107
[P1_ABORT] Time: 937ms, Drone: 15
[P1_ATTEMPT] Time: 937ms, Drone: 15
[P1_SUCCESS] Time: 937ms, Drone: 28
[P1_RX] Time: 937ms, Receiver: 34, Sender: 28, RSSI: -78
[P1_RX] Time: 937ms, Receiver: 46, Sender: 28, RSSI: -82
[P1_RX] Time: 937ms, Receiver: 44, Sender: 28, RSSI: -99
[P1_ATTEMPT] Time: 937ms, Drone: 40
[P1_ABORT] Time: 938ms, Drone: 40
[P1_ATTEMPT] Time: 938ms, Drone: 40
[P1_ABORT] Time: 938ms, Drone: 40
[P1_ATTEMPT] Time: 938ms, Drone: 40
[P1_ABORT] Time: 938ms, Drone: 40
[P1_ATTEMPT] Time: 938ms, Drone: 40
[P1_ABORT] Time: 938ms, Drone: 40
[P1_ATTEMPT] Time: 938ms, Drone: 40
[P1_SUCCESS] Time: 938ms, Drone: 15
[P1_RX] Time: 938ms, Receiver: 43, Sender: 15, RSSI: -93
[P1_RX] Time: 938ms, Receiver: 32, Sender: 15, RSSI: -95
[P1_RX] Time: 938ms, Receiver: 1, Sender: 15, RSSI: -98
[P1_RX] Time: 938ms, Receiver: 18, Sender: 15, RSSI: -100
[P1_RX] Time: 938ms, Receiver: 16, Sender: 15, RSSI: -100
[P1_RX] Time: 938ms, Receiver: 21, Sender: 15, RSSI: -101
[P1_RX] Time: 938ms, Receiver: 3, Sender: 15, RSSI: -103
[P1_RX] Time: 938ms, Receiver: 17, Sender: 15, RSSI: -103
[P1_RX] Time: 938ms, Receiver: 49, Sender: 15, RSSI: -103
[P1_RX] Time: 938ms, Receiver: 38, Sender: 15, RSSI: -103
[P1_RX] Time: 938ms, Receiver: 45, Sender: 15, RSSI: -103
[P1_RX] Time: 938ms, Receiver: 33, Sender: 15, RSSI: -103
[P1_RX] Time: 938ms, Receiver: 4, Sender: 15, RSSI: -104
[P1_RX] Time: 938ms, Receiver: 31, Sender: 15, RSSI: -104
[P1_RX] Time: 938ms, Receiver: 11, Sender: 15, RSSI: -104
[P1_RX] Time: 938ms, Receiver: 27, Sender: 15, RSSI: -105
[P1_RX] Time: 938ms, Receiver: 37, Sender: 15, RSSI: -105
[P1_RX] Time: 938ms, Receiver: 47, Sender: 15, RSSI: -106
[P1_RX] Time: 938ms, Receiver: 10, Sender: 15, RSSI: -106
[P1_RX] Time: 938ms, Receiver: 29, Sender: 15, RSSI: -106
[P1_RX] Time: 938ms, Receiver: 13, Sender: 15, RSSI: -106
[P1_RX] Time: 938ms, Receiver: 19, Sender: 15, RSSI: -108
[P1_RX] Time: 938ms, Receiver: 48, Sender: 15, RSSI: -108
[P1_RX] Time: 938ms, Receiver: 40, Sender: 15, RSSI: -109
[P1_SUCCESS] Time: 939ms, Drone: 40
[P1_RX] Time: 939ms, Receiver: 47, Sender: 40, RSSI: -91
[P1_RX] Time: 939ms, Receiver: 19, Sender: 40, RSSI: -92
[P1_RX] Time: 939ms, Receiver: 41, Sender: 40, RSSI: -95
[P1_RX] Time: 939ms, Receiver: 5, Sender: 40, RSSI: -98
[P1_RX] Time: 939ms, Receiver: 35, Sender: 40, RSSI: -99
[P1_RX] Time: 939ms, Receiver: 27, Sender: 40, RSSI: -101
[P1_RX] Time: 939ms, Receiver: 16, Sender: 40, RSSI: -102
[P1_RX] Time: 939ms, Receiver: 1, Sender: 40, RSSI: -103
[P1_RX] Time: 939ms, Receiver: 17, Sender: 40, RSSI: -104
[P1_RX] Time: 939ms, Receiver: 32, Sender: 40, RSSI: -104
[P1_RX] Time: 939ms, Receiver: 36, Sender: 40, RSSI: -104
[P1_RX] Time: 939ms, Receiver: 18, Sender: 40, RSSI: -106
[P1_RX] Time: 939ms, Receiver: 39, Sender: 40, RSSI: -106
[P1_RX] Time: 939ms, Receiver: 9, Sender: 40, RSSI: -107
[P1_RX] Time: 939ms, Receiver: 42, Sender: 40, RSSI: -107
[P1_RX] Time: 939ms, Receiver: 2, Sender: 40, RSSI: -107
[P1_RX] Time: 939ms, Receiver: 22, Sender: 40, RSSI: -107
[P1_RX] Time: 939ms, Receiver: 21, Sender: 40, RSSI: -107
[P1_RX] Time: 939ms, Receiver: 45, Sender: 40, RSSI: -108
[P1_RX] Time: 939ms, Receiver: 6, Sender: 40, RSSI: -109
[P1_RX] Time: 939ms, Receiver: 15, Sender: 40, RSSI: -109
[P1_RX] Time: 939ms, Receiver: 0, Sender: 40, RSSI: -109
[P1_ATTEMPT] Time: 940ms, Drone: 0
[P1_SUCCESS] Time: 941ms, Drone: 0
[P1_RX] Time: 941ms, Receiver: 23, Sender: 0, RSSI: -89
[P1_RX] Time: 941ms, Receiver: 14, Sender: 0, RSSI: -97
[P1_RX] Time: 941ms, Receiver: 42, Sender: 0, RSSI: -98
[P1_RX] Time: 941ms, Receiver: 2, Sender: 0, RSSI: -98
[P1_RX] Time: 941ms, Receiver: 6, Sender: 0, RSSI: -99
[P1_RX] Time: 941ms, Receiver: 24, Sender: 0, RSSI: -101
[P1_RX] Time: 941ms, Receiver: 26, Sender: 0, RSSI: -102
[P1_RX] Time: 941ms, Receiver: 45, Sender: 0, RSSI: -103
[P1_RX] Time: 941ms, Receiver: 13, Sender: 0, RSSI: -104
[P1_RX] Time: 941ms, Receiver: 31, Sender: 0, RSSI: -104
[P1_RX] Time: 941ms, Receiver: 9, Sender: 0, RSSI: -105
[P1_RX] Time: 941ms, Receiver: 39, Sender: 0, RSSI: -105
[P1_RX] Time: 941ms, Receiver: 30, Sender: 0, RSSI: -105
[P1_RX] Time: 941ms, Receiver: 19, Sender: 0, RSSI: -105
[P1_RX] Time: 941ms, Receiver: 48, Sender: 0, RSSI: -106
[P1_RX] Time: 941ms, Receiver: 27, Sender: 0, RSSI: -107
[P1_RX] Time: 941ms, Receiver: 35, Sender: 0, RSSI: -107
[P1_RX] Time: 941ms, Receiver: 7, Sender: 0, RSSI: -108
[P1_RX] Time: 941ms, Receiver: 4, Sender: 0, RSSI: -108
[P1_ATTEMPT] Time: 969ms, Drone: 38
[P1_ATTEMPT] Time: 970ms, Drone: 30
[P1_SUCCESS] Time: 970ms, Drone: 38
[P1_RX] Time: 970ms, Receiver: 11, Sender: 38, RSSI: -94
[P1_RX] Time: 970ms, Receiver: 43, Sender: 38, RSSI: -96
[P1_RX] Time: 970ms, Receiver: 21, Sender: 38, RSSI: -97
[P1_RX] Time: 970ms, Receiver: 10, Sender: 38, RSSI: -99
[P1_RX] Time: 970ms, Receiver: 18, Sender: 38, RSSI: -100
[P1_RX] Time: 970ms, Receiver: 17, Sender: 38, RSSI: -103
[P1_RX] Time: 970ms, Receiver: 15, Sender: 38, RSSI: -103
[P1_RX] Time: 970ms, Receiver: 8, Sender: 38, RSSI: -103
[P1_RX] Time: 970ms, Receiver: 3, Sender: 38, RSSI: -104
[P1_RX] Time: 970ms, Receiver: 16, Sender: 38, RSSI: -105
[P1_RX] Time: 970ms, Receiver: 49, Sender: 38, RSSI: -106
[P1_RX] Time: 970ms, Receiver: 32, Sender: 38, RSSI: -106
[P1_RX] Time: 970ms, Receiver: 1, Sender: 38, RSSI: -107
[P1_ATTEMPT] Time: 970ms, Drone: 5
[P1_SUCCESS] Time: 971ms, Drone: 30
[P1_RX] Time: 971ms, Receiver: 7, Sender: 30, RSSI: -94
[P1_RX] Time: 971ms, Receiver: 14, Sender: 30, RSSI: -97
[P1_RX] Time: 971ms, Receiver: 12, Sender: 30, RSSI: -98
[P1_RX] Time: 971ms, Receiver: 23, Sender: 30, RSSI: -102
[P1_RX] Time: 971ms, Receiver: 24, Sender: 30, RSSI: -103
[P1_RX] Time: 971ms, Receiver: 13, Sender: 30, RSSI: -104
[P1_RX] Time: 971ms, Receiver: 48, Sender: 30, RSSI: -105
[P1_RX] Time: 971ms, Receiver: 0, Sender: 30, RSSI: -105
[P1_RX] Time: 971ms, Receiver: 26, Sender: 30, RSSI: -106
[P1_RX] Time: 971ms, Receiver: 2, Sender: 30, RSSI: -106
[P1_RX] Time: 971ms, Receiver: 31, Sender: 30, RSSI: -107
[P1_SUCCESS] Time: 971ms, Drone: 5
[P1_RX] Time: 971ms, Receiver: 35, Sender: 5, RSSI: -75
[P1_RX] Time: 971ms, Receiver: 40, Sender: 5, RSSI: -98
[P1_RX] Time: 971ms, Receiver: 39, Sender: 5, RSSI: -98
[P1_RX] Time: 971ms, Receiver: 19, Sender: 5, RSSI: -99
[P1_RX] Time: 971ms, Receiver: 36, Sender: 5, RSSI: -100
[P1_RX] Time: 971ms, Receiver: 41, Sender: 5, RSSI: -100
[P1_RX] Time: 971ms, Receiver: 9, Sender: 5, RSSI: -101
[P1_RX] Time: 971ms, Receiver: 47, Sender: 5, RSSI: -102
[P1_RX] Time: 971ms, Receiver: 22, Sender: 5, RSSI: -103
[P1_RX] Time: 971ms, Receiver: 27, Sender: 5, RSSI: -104
[P1_RX] Time: 971ms, Receiver: 16, Sender: 5, RSSI: -108
[P1_ATTEMPT] Time: 971ms, Drone: 47
[P1_SUCCESS] Time: 972ms, Drone: 47
[P1_RX] Time: 972ms, Receiver: 40, Sender: 47, RSSI: -91
[P1_RX] Time: 972ms, Receiver: 19, Sender: 47, RSSI: -92
[P1_RX] Time: 972ms, Receiver: 27, Sender: 47, RSSI: -95
[P1_RX] Time: 972ms, Receiver: 41, Sender: 47, RSSI: -97
[P1_RX] Time: 972ms, Receiver: 16, Sender: 47, RSSI: -97
[P1_RX] Time: 972ms, Receiver: 32, Sender: 47, RSSI: -99
[P1_RX] Time: 972ms, Receiver: 1, Sender: 47, RSSI: -99
[P1_RX] Time: 972ms, Receiver: 17, Sender: 47, RSSI: -101
[P1_RX] Time: 972ms, Receiver: 5, Sender: 47, RSSI: -102
[P1_RX] Time: 972ms, Receiver: 35, Sender: 47, RSSI: -102
[P1_RX] Time: 972ms, Receiver: 18, Sender: 47, RSSI: -103
[P1_RX] Time: 972ms, Receiver: 21, Sender: 47, RSSI: -105
[P1_RX] Time: 972ms, Receiver: 45, Sender: 47, RSSI: -105
[P1_RX] Time: 972ms, Receiver: 15, Sender: 47, RSSI: -106
[P1_RX] Time: 972ms, Receiver: 2, Sender: 47, RSSI: -106
[P1_RX] Time: 972ms, Receiver: 11, Sender: 47, RSSI: -106
[P1_RX] Time: 972ms, Receiver: 43, Sender: 47, RSSI: -107
[P1_RX] Time: 972ms, Receiver: 9, Sender: 47, RSSI: -107
[P1_RX] Time: 972ms, Receiver: 36, Sender: 47, RSSI: -107
[P1_RX] Time: 972ms, Receiver: 42, Sender: 47, RSSI: -107
[P1_RX] Time: 972ms, Receiver: 39, Sender: 47, RSSI: -108
[P1_RX] Time: 972ms, Receiver: 3, Sender: 47, RSSI: -108
[P1_RX] Time: 972ms, Receiver: 22, Sender: 47, RSSI: -108
[P1_RX] Time: 972ms, Receiver: 4, Sender: 47, RSSI: -108
[P1_RX] Time: 972ms, Receiver: 31, Sender: 47, RSSI: -108
[P1_RX] Time: 972ms, Receiver: 0, Sender: 47, RSSI: -109
[P1_RX] Time: 972ms, Receiver: 38, Sender: 47, RSSI: -109
[P1_ATTEMPT] Time: 972ms, Drone: 41
[P1_ATTEMPT] Time: 973ms, Drone: 43
[P1_SUCCESS] Time: 973ms, Drone: 41
[P1_RX] Time: 973ms, Receiver: 40, Sender: 41, RSSI: -95
[P1_RX] Time: 973ms, Receiver: 47, Sender: 41, RSSI: -97
[P1_RX] Time: 973ms, Receiver: 5, Sender: 41, RSSI: -100
[P1_RX] Time: 973ms, Receiver: 27, Sender: 41, RSSI: -101
[P1_RX] Time: 973ms, Receiver: 19, Sender: 41, RSSI: -101
[P1_RX] Time: 973ms, Receiver: 36, Sender: 41, RSSI: -101
[P1_RX] Time: 973ms, Receiver: 35, Sender: 41, RSSI: -102
[P1_RX] Time: 973ms, Receiver: 22, Sender: 41, RSSI: -103
[P1_RX] Time: 973ms, Receiver: 17, Sender: 41, RSSI: -105
[P1_RX] Time: 973ms, Receiver: 16, Sender: 41, RSSI: -105
[P1_RX] Time: 973ms, Receiver: 9, Sender: 41, RSSI: -106
[P1_RX] Time: 973ms, Receiver: 32, Sender: 41, RSSI: -106
[P1_RX] Time: 973ms, Receiver: 1, Sender: 41, RSSI: -107
[P1_RX] Time: 973ms, Receiver: 18, Sender: 41, RSSI: -107
[P1_RX] Time: 973ms, Receiver: 11, Sender: 41, RSSI: -107
[P1_RX] Time: 973ms, Receiver: 21, Sender: 41, RSSI: -108
[P1_SUCCESS] Time: 974ms, Drone: 43
[P1_RX] Time: 974ms, Receiver: 15, Sender: 43, RSSI: -93
[P1_RX] Time: 974ms, Receiver: 38, Sender: 43, RSSI: -96
[P1_RX] Time: 974ms, Receiver: 21, Sender: 43, RSSI: -99
[P1_RX] Time: 974ms, Receiver: 18, Sender: 43, RSSI: -99
[P1_RX] Time: 974ms, Receiver: 11, Sender: 43, RSSI: -100
[P1_RX] Time: 974ms, Receiver: 32, Sender: 43, RSSI: -101
[P1_RX] Time: 974ms, Receiver: 10, Sender: 43, RSSI: -102
[P1_RX] Time: 974ms, Receiver: 17, Sender: 43, RSSI: -103
[P1_RX] Time: 974ms, Receiver: 16, Sender: 43, RSSI: -103
[P1_RX] Time: 974ms, Receiver: 1, Sender: 43, RSSI: -103
[P1_RX] Time: 974ms, Receiver: 3, Sender: 43, RSSI: -104
[P1_RX] Time: 974ms, Receiver: 49, Sender: 43, RSSI: -105
[P1_RX] Time: 974ms, Receiver: 33, Sender: 43, RSSI: -107
[P1_RX] Time: 974ms, Receiver: 47, Sender: 43, RSSI: -107
[P1_RX] Time: 974ms, Receiver: 45, Sender: 43, RSSI: -107
[P1_RX] Time: 974ms, Receiver: 8, Sender: 43, RSSI: -107
[P1_RX] Time: 974ms, Receiver: 37, Sender: 43, RSSI: -108
[P1_RX] Time: 974ms, Receiver: 31, Sender: 43, RSSI: -108
[P1_RX] Time: 974ms, Receiver: 4, Sender: 43, RSSI: -108
[P1_ATTEMPT] Time: 975ms, Drone: 39
[P1_ATTEMPT] Time: 975ms, Drone: 28
[P1_ATTEMPT] Time: 975ms, Drone: 9
[P1_SUCCESS] Time: 975ms, Drone: 39
[P1_RX] Time: 975ms, Receiver: 6, Sender: 39, RSSI: -95
[P1_RX] Time: 975ms, Receiver: 35, Sender: 39, RSSI: -97
[P1_RX] Time: 975ms, Receiver: 5, Sender: 39, RSSI: -99
[P1_RX] Time: 975ms, Receiver: 42, Sender: 39, RSSI: -103
[P1_RX] Time: 975ms, Receiver: 26, Sender: 39, RSSI: -107
[P1_RX] Time: 975ms, Receiver: 36, Sender: 39, RSSI: -107
[P1_SUCCESS] Time: 975ms, Drone: 28
[P1_RX] Time: 975ms, Receiver: 34, Sender: 28, RSSI: -78
[P1_RX] Time: 975ms, Receiver: 46, Sender: 28, RSSI: -82
[P1_RX] Time: 975ms, Receiver: 44, Sender: 28, RSSI: -99
[P1_RX] Time: 975ms, Receiver: 37, Sender: 28, RSSI: -103
[P1_RX] Time: 975ms, Receiver: 25, Sender: 28, RSSI: -104
[P1_RX] Time: 975ms, Receiver: 20, Sender: 28, RSSI: -105
[P1_RX] Time: 975ms, Receiver: 29, Sender: 28, RSSI: -106
[P1_SUCCESS] Time: 976ms, Drone: 9
[P1_ATTEMPT] Time: 976ms, Drone: 11
[P1_ATTEMPT] Time: 976ms, Drone: 27
[P1_ATTEMPT] Time: 976ms, Drone: 12
[P1_ATTEMPT] Time: 976ms, Drone: 23
[P1_ATTEMPT] Time: 976ms, Drone: 32
[P1_ABORT] Time: 976ms, Drone: 32
[P1_ATTEMPT] Time: 976ms, Drone: 32
[P1_ABORT] Time: 976ms, Drone: 32
[P1_ATTEMPT] Time: 976ms, Drone: 32
[P1_ATTEMPT] Time: 976ms, Drone: 20
[P1_ABORT] Time: 976ms, Drone: 32
[P1_ATTEMPT] Time: 976ms, Drone: 32
[P1_ATTEMPT] Time: 976ms, Drone: 33
[P1_ABORT] Time: 977ms, Drone: 32
[P1_ATTEMPT] Time: 977ms, Drone: 32
[P1_ABORT] Time: 977ms, Drone: 33
[P1_ATTEMPT] Time: 977ms, Drone: 33
[P1_SUCCESS] Time: 977ms, Drone: 11
[P1_RX] Time: 977ms, Receiver: 38, Sender: 11, RSSI: -94
[P1_RX] Time: 977ms, Receiver: 21, Sender: 11, RSSI: -96
[P1_RX] Time: 977ms, Receiver: 18, Sender: 11, RSSI: -97
[P1_RX] Time: 977ms, Receiver: 17, Sender: 11, RSSI: -98
[P1_RX] Time: 977ms, Receiver: 43, Sender: 11, RSSI: -99
[P1_RX] Time: 977ms, Receiver: 10, Sender: 11, RSSI: -105
[P1_RX] Time: 977ms, Receiver: 3, Sender: 11, RSSI: -105
[P1_RX] Time: 977ms, Receiver: 8, Sender: 11, RSSI: -106
[P1_ABORT] Time: 977ms, Drone: 32
[P1_ATTEMPT] Time: 977ms, Drone: 32
[P1_SUCCESS] Time: 977ms, Drone: 27
[P1_RX] Time: 977ms, Receiver: 47, Sender: 27, RSSI: -95
[P1_RX] Time: 977ms, Receiver: 19, Sender: 27, RSSI: -98
[P1_RX] Time: 977ms, Receiver: 32, Sender: 27, RSSI: -99
[P1_RX] Time: 977ms, Receiver: 41, Sender: 27, RSSI: -100
[P1_RX] Time: 977ms, Receiver: 40, Sender: 27, RSSI: -100
[P1_RX] Time: 977ms, Receiver: 45, Sender: 27, RSSI: -101
[P1_RX] Time: 977ms, Receiver: 1, Sender: 27, RSSI: -101
[P1_RX] Time: 977ms, Receiver: 35, Sender: 27, RSSI: -104
[P1_RX] Time: 977ms, Receiver: 5, Sender: 27, RSSI: -104
[P1_RX] Time: 977ms, Receiver: 22, Sender: 27, RSSI: -107
[P1_ABORT] Time: 977ms, Drone: 33
[P1_ATTEMPT] Time: 977ms, Drone: 33
[P1_ABORT] Time: 977ms, Drone: 32
[P1_ATTEMPT] Time: 977ms, Drone: 32
[P1_ABORT] Time: 977ms, Drone: 33
[P1_ATTEMPT] Time: 977ms, Drone: 33
[P1_ATTEMPT] Time: 977ms, Drone: 40
[P1_SUCCESS] Time: 977ms, Drone: 12
[P1_RX] Time: 977ms, Receiver: 30, Sender: 12, RSSI: -96
[P1_RX] Time: 977ms, Receiver: 7, Sender: 12, RSSI: -101
[P1_SUCCESS] Time: 977ms, Drone: 23
[P1_RX] Time: 977ms, Receiver: 14, Sender: 23, RSSI: -89
[P1_RX] Time: 977ms, Receiver: 26, Sender: 23, RSSI: -97
[P1_ABORT] Time: 977ms, Drone: 33
[P1_ATTEMPT] Time: 977ms, Drone: 33
[P1_ABORT] Time: 977ms, Drone: 33
[P1_ATTEMPT] Time: 977ms, Drone: 33
[P1_ATTEMPT] Time: 977ms, Drone: 18
[P1_ABORT] Time: 977ms, Drone: 33
[P1_ATTEMPT] Time: 977ms, Drone: 33
[P1_SUCCESS] Time: 977ms, Drone: 20
[P1_RX] Time: 977ms, Receiver: 44, Sender: 20, RSSI: -103
[P1_RX] Time: 977ms, Receiver: 37, Sender: 20, RSSI: -102
[P1_RX] Time: 977ms, Receiver: 34, Sender: 20, RSSI: -104
[P1_RX] Time: 977ms, Receiver: 28, Sender: 20, RSSI: -104
[P1_RX] Time: 977ms, Receiver: 33, Sender: 20, RSSI: -103
[P1_RX] Time: 977ms, Receiver: 46, Sender: 20, RSSI: -106
[P1_ABORT] Time: 977ms, Drone: 18
[P1_ATTEMPT] Time: 977ms, Drone: 18
[P1_ATTEMPT] Time: 977ms, Drone: 4
[P1_ABORT] Time: 977ms, Drone: 33
[P1_ATTEMPT] Time: 977ms, Drone: 33
[P1_ATTEMPT] Time: 977ms, Drone: 46
[P1_ABORT] Time: 977ms, Drone: 18
[P1_ATTEMPT] Time: 977ms, Drone: 18
[P1_ABORT] Time: 977ms, Drone: 4
[P1_ATTEMPT] Time: 977ms, Drone: 4
[P1_ATTEMPT] Time: 977ms, Drone: 24
[P1_ATTEMPT] Time: 978ms, Drone: 37
[P1_ABORT] Time: 978ms, Drone: 18
[P1_ATTEMPT] Time: 978ms, Drone: 18
[P1_ABORT] Time: 978ms, Drone: 4
[P1_ATTEMPT] Time: 978ms, Drone: 4
[P1_ABORT] Time: 978ms, Drone: 24
[P1_ATTEMPT] Time: 978ms, Drone: 24
[P1_ABORT] Time: 978ms, Drone: 18
[P1_ATTEMPT] Time: 978ms, Drone: 18
[P1_ABORT] Time: 978ms, Drone: 4
[P1_ATTEMPT] Time: 978ms, Drone: 4
[P1_ABORT] Time: 978ms, Drone: 24
[P1_ATTEMPT] Time: 978ms, Drone: 24
[P1_SUCCESS] Time: 978ms, Drone: 32
[P1_RX] Time: 978ms, Receiver: 1, Sender: 32, RSSI: -82
[P1_RX] Time: 978ms, Receiver: 16, Sender: 32, RSSI: -91
[P1_RX] Time: 978ms, Receiver: 18, Sender: 32, RSSI: -98
[P1_RX] Time: 978ms, Receiver: 17, Sender: 32, RSSI: -98
[P1_RX] Time: 978ms, Receiver: 27, Sender: 32, RSSI: -98
[P1_RX] Time: 978ms, Receiver: 45, Sender: 32, RSSI: -100
[P1_RX] Time: 978ms, Receiver: 21, Sender: 32, RSSI: -100
[P1_RX] Time: 978ms, Receiver: 43, Sender: 32, RSSI: -100
[P1_RX] Time: 978ms, Receiver: 4, Sender: 32, RSSI: -100
[P1_RX] Time: 978ms, Receiver: 2, Sender: 32, RSSI: -103
[P1_SUCCESS] Time: 978ms, Drone: 40
[P1_RX] Time: 978ms, Receiver: 47, Sender: 40, RSSI: -90
[P1_RX] Time: 978ms, Receiver: 19, Sender: 40, RSSI: -92
[P1_RX] Time: 978ms, Receiver: 41, Sender: 40, RSSI: -95
[P1_RX] Time: 978ms, Receiver: 5, Sender: 40, RSSI: -98
[P1_RX] Time: 978ms, Receiver: 35, Sender: 40, RSSI: -98
[P1_RX] Time: 978ms, Receiver: 36, Sender: 40, RSSI: -104
[P1_RX] Time: 978ms, Receiver: 39, Sender: 40, RSSI: -105
[P1_RX] Time: 978ms, Receiver: 9, Sender: 40, RSSI: -105
[P1_RX] Time: 978ms, Receiver: 42, Sender: 40, RSSI: -105
[P1_RX] Time: 978ms, Receiver: 22, Sender: 40, RSSI: -106
[P1_ABORT] Time: 978ms, Drone: 18
[P1_ATTEMPT] Time: 978ms, Drone: 18
[P1_ABORT] Time: 978ms, Drone: 4
[P1_ATTEMPT] Time: 978ms, Drone: 4
[P1_ABORT] Time: 978ms, Drone: 24
[P1_ATTEMPT] Time: 978ms, Drone: 24
[P1_ABORT] Time: 978ms, Drone: 4
[P1_ATTEMPT] Time: 978ms, Drone: 4
[P1_ATTEMPT] Time: 978ms, Drone: 26
[P1_ABORT] Time: 978ms, Drone: 4
[P1_ATTEMPT] Time: 978ms, Drone: 4
[P1_ABORT] Time: 978ms, Drone: 4
[P1_ATTEMPT] Time: 978ms, Drone: 4
[P1_SUCCESS] Time: 978ms, Drone: 33
[P1_RX] Time: 978ms, Receiver: 29, Sender: 33, RSSI: -89
[P1_SUCCESS] Time: 978ms, Drone: 46
[P1_RX] Time: 978ms, Receiver: 28, Sender: 46, RSSI: -82
[P1_RX] Time: 978ms, Receiver: 34, Sender: 46, RSSI: -87
[P1_RX] Time: 978ms, Receiver: 44, Sender: 46, RSSI: -100
[P1_ABORT] Time: 978ms, Drone: 4
[P1_ATTEMPT] Time: 978ms, Drone: 4
[P1_SUCCESS] Time: 978ms, Drone: 37
[P1_ABORT] Time: 979ms, Drone: 4
[P1_ATTEMPT] Time: 979ms, Drone: 4
[P1_ABORT] Time: 979ms, Drone: 4
[P1_ATTEMPT] Time: 979ms, Drone: 4
[P1_ABORT] Time: 979ms, Drone: 4
[P1_ATTEMPT] Time: 979ms, Drone: 4
[P1_SUCCESS] Time: 979ms, Drone: 18
[P1_RX] Time: 979ms, Receiver: 21, Sender: 18, RSSI: -78
[P1_RX] Time: 979ms, Receiver: 17, Sender: 18, RSSI: -86
[P1_RX] Time: 979ms, Receiver: 16, Sender: 18, RSSI: -93
[P1_RX] Time: 979ms, Receiver: 11, Sender: 18, RSSI: -97
[P1_RX] Time: 979ms, Receiver: 32, Sender: 18, RSSI: -97
[P1_RX] Time: 979ms, Receiver: 1, Sender: 18, RSSI: -98
[P1_RX] Time: 979ms, Receiver: 38, Sender: 18, RSSI: -99
[P1_RX] Time: 979ms, Receiver: 47, Sender: 18, RSSI: -102
[P1_RX] Time: 979ms, Receiver: 27, Sender: 18, RSSI: -103
[P1_RX] Time: 979ms, Receiver: 8, Sender: 18, RSSI: -104
[P1_RX] Time: 979ms, Receiver: 40, Sender: 18, RSSI: -104
[P1_RX] Time: 979ms, Receiver: 10, Sender: 18, RSSI: -103
[P1_RX] Time: 979ms, Receiver: 41, Sender: 18, RSSI: -105
[P1_SUCCESS] Time: 979ms, Drone: 24
[P1_RX] Time: 979ms, Receiver: 2, Sender: 24, RSSI: -89
[P1_RX] Time: 979ms, Receiver: 48, Sender: 24, RSSI: -94
[P1_RX] Time: 979ms, Receiver: 13, Sender: 24, RSSI: -97
[P1_RX] Time: 979ms, Receiver: 23, Sender: 24, RSSI: -98
[P1_RX] Time: 979ms, Receiver: 14, Sender: 24, RSSI: -99
[P1_RX] Time: 979ms, Receiver: 0, Sender: 24, RSSI: -101
[P1_RX] Time: 979ms, Receiver: 45, Sender: 24, RSSI: -101
[P1_RX] Time: 979ms, Receiver: 30, Sender: 24, RSSI: -103
[P1_RX] Time: 979ms, Receiver: 31, Sender: 24, RSSI: -101
[P1_ATTEMPT] Time: 979ms, Drone: 21
[P1_ABORT] Time: 979ms, Drone: 4
[P1_ATTEMPT] Time: 979ms, Drone: 4
[P1_SUCCESS] Time: 979ms, Drone: 26
[P1_ATTEMPT] Time: 979ms, Drone: 1
[P1_ATTEMPT] Time: 980ms, Drone: 8
[P1_ABORT] Time: 980ms, Drone: 8
[P1_ATTEMPT] Time: 980ms, Drone: 8
[P1_SUCCESS] Time: 980ms, Drone: 21
[P1_RX] Time: 980ms, Receiver: 18, Sender: 21, RSSI: -78
[P1_RX] Time: 980ms, Receiver: 17, Sender: 21, RSSI: -91
[P1_RX] Time: 980ms, Receiver: 11, Sender: 21, RSSI: -96
[P1_RX] Time: 980ms, Receiver: 38, Sender: 21, RSSI: -97
[P1_RX] Time: 980ms, Receiver: 3, Sender: 21, RSSI: -97
[P1_RX] Time: 980ms, Receiver: 43, Sender: 21, RSSI: -98
[P1_RX] Time: 980ms, Receiver: 49, Sender: 21, RSSI: -99
[P1_RX] Time: 980ms, Receiver: 15, Sender: 21, RSSI: -99
[P1_RX] Time: 980ms, Receiver: 8, Sender: 21, RSSI: -104
[P1_RX] Time: 980ms, Receiver: 10, Sender: 21, RSSI: -105
[P1_SUCCESS] Time: 980ms, Drone: 4
[P1_ABORT] Time: 980ms, Drone: 8
[P1_ATTEMPT] Time: 980ms, Drone: 8
[P1_RX] Time: 980ms, Receiver: 48, Sender: 4, RSSI: -94
[P1_RX] Time: 980ms, Receiver: 13, Sender: 4, RSSI: -96
[P1_RX] Time: 980ms, Receiver: 31, Sender: 4, RSSI: -100
[P1_RX] Time: 980ms, Receiver: 45, Sender: 4, RSSI: -101
[P1_RX] Time: 980ms, Receiver: 2, Sender: 4, RSSI: -101
[P1_RX] Time: 980ms, Receiver: 24, Sender: 4, RSSI: -102
[P1_RX] Time: 980ms, Receiver: 33, Sender: 4, RSSI: -102
[P1_RX] Time: 980ms, Receiver: 29, Sender: 4, RSSI: -103
[P1_RX] Time: 980ms, Receiver: 20, Sender: 4, RSSI: -105
[P1_RX] Time: 980ms, Receiver: 37, Sender: 4, RSSI: -105
[P1_SUCCESS] Time: 980ms, Drone: 1
[P1_RX] Time: 980ms, Receiver: 5, Sender: 1, RSSI: -106
[P1_SUCCESS] Time: 981ms, Drone: 8
[P1_RX] Time: 981ms, Receiver: 10, Sender: 8, RSSI: -101
[P1_RX] Time: 981ms, Receiver: 38, Sender: 8, RSSI: -103
[P1_RX] Time: 981ms, Receiver: 3, Sender: 8, RSSI: -103
[P1_RX] Time: 981ms, Receiver: 49, Sender: 8, RSSI: -104
[P1_RX] Time: 981ms, Receiver: 21, Sender: 8, RSSI: -105
[P1_RX] Time: 981ms, Receiver: 18, Sender: 8, RSSI: -106
[P1_RX] Time: 981ms, Receiver: 43, Sender: 8, RSSI: -107
[P1_RX] Time: 981ms, Receiver: 11, Sender: 8, RSSI: -107
[P1_RX] Time: 981ms, Receiver: 17, Sender: 8, RSSI: -108
[P1_RX] Time: 981ms, Receiver: 15, Sender: 8, RSSI: -109
[P1_ATTEMPT] Time: 981ms, Drone: 19
[P1_ATTEMPT] Time: 982ms, Drone: 25
[P1_SUCCESS] Time: 982ms, Drone: 19
[P1_RX] Time: 982ms, Receiver: 40, Sender: 19, RSSI: -92
[P1_RX] Time: 982ms, Receiver: 47, Sender: 19, RSSI: -92
[P1_RX] Time: 982ms, Receiver: 27, Sender: 19, RSSI: -98
[P1_RX] Time: 982ms, Receiver: 35, Sender: 19, RSSI: -98
[P1_RX] Time: 982ms, Receiver: 5, Sender: 19, RSSI: -99
[P1_RX] Time: 982ms, Receiver: 41, Sender: 19, RSSI: -101
[P1_RX] Time: 982ms, Receiver: 1, Sender: 19, RSSI: -102
[P1_RX] Time: 982ms, Receiver: 32, Sender: 19, RSSI: -102
[P1_RX] Time: 982ms, Receiver: 16, Sender: 19, RSSI: -102
[P1_RX] Time: 982ms, Receiver: 42, Sender: 19, RSSI: -103
[P1_RX] Time: 982ms, Receiver: 2, Sender: 19, RSSI: -103
[P1_RX] Time: 982ms, Receiver: 39, Sender: 19, RSSI: -104
[P1_RX] Time: 982ms, Receiver: 45, Sender: 19, RSSI: -104
[P1_RX] Time: 982ms, Receiver: 9, Sender: 19, RSSI: -105
[P1_RX] Time: 982ms, Receiver: 0, Sender: 19, RSSI: -105
[P1_RX] Time: 982ms, Receiver: 6, Sender: 19, RSSI: -105
[P1_RX] Time: 982ms, Receiver: 17, Sender: 19, RSSI: -106
[P1_RX] Time: 982ms, Receiver: 24, Sender: 19, RSSI: -106
[P1_RX] Time: 982ms, Receiver: 23, Sender: 19, RSSI: -107
[P1_RX] Time: 982ms, Receiver: 36, Sender: 19, RSSI: -107
[P1_RX] Time: 982ms, Receiver: 18, Sender: 19, RSSI: -107
[P1_RX] Time: 982ms, Receiver: 26, Sender: 19, RSSI: -108
[P1_RX] Time: 982ms, Receiver: 11, Sender: 19, RSSI: -110
[P1_ATTEMPT] Time: 983ms, Drone: 16
[P1_SUCCESS] Time: 983ms, Drone: 25
[P1_RX] Time: 983ms, Receiver: 29, Sender: 25, RSSI: -93
[P1_RX] Time: 983ms, Receiver: 37, Sender: 25, RSSI: -95
[P1_RX] Time: 983ms, Receiver: 33, Sender: 25, RSSI: -98
[P1_RX] Time: 983ms, Receiver: 34, Sender: 25, RSSI: -103
[P1_RX] Time: 983ms, Receiver: 20, Sender: 25, RSSI: -104
[P1_RX] Time: 983ms, Receiver: 28, Sender: 25, RSSI: -104
[P1_RX] Time: 983ms, Receiver: 46, Sender: 25, RSSI: -106
[P1_RX] Time: 983ms, Receiver: 12, Sender: 25, RSSI: -108
[P1_ATTEMPT] Time: 983ms, Drone: 31
[P1_ABORT] Time: 983ms, Drone: 31
[P1_ATTEMPT] Time: 983ms, Drone: 31
[P1_ABORT] Time: 984ms, Drone: 31
[P1_ATTEMPT] Time: 984ms, Drone: 31
[P1_SUCCESS] Time: 984ms, Drone: 16
[P1_RX] Time: 984ms, Receiver: 1, Sender: 16, RSSI: -89
[P1_RX] Time: 984ms, Receiver: 32, Sender: 16, RSSI: -91
[P1_RX] Time: 984ms, Receiver: 17, Sender: 16, RSSI: -91
[P1_RX] Time: 984ms, Receiver: 18, Sender: 16, RSSI: -94
[P1_RX] Time: 984ms, Receiver: 21, Sender: 16, RSSI: -97
[P1_RX] Time: 984ms, Receiver: 47, Sender: 16, RSSI: -97
[P1_RX] Time: 984ms, Receiver: 15, Sender: 16, RSSI: -100
[P1_RX] Time: 984ms, Receiver: 3, Sender: 16, RSSI: -101
[P1_RX] Time: 984ms, Receiver: 40, Sender: 16, RSSI: -102
[P1_RX] Time: 984ms, Receiver: 49, Sender: 16, RSSI: -102
[P1_RX] Time: 984ms, Receiver: 19, Sender: 16, RSSI: -102
[P1_RX] Time: 984ms, Receiver: 27, Sender: 16, RSSI: -102
[P1_RX] Time: 984ms, Receiver: 43, Sender: 16, RSSI: -103
[P1_RX] Time: 984ms, Receiver: 11, Sender: 16, RSSI: -103
[P1_RX] Time: 984ms, Receiver: 41, Sender: 16, RSSI: -105
[P1_RX] Time: 984ms, Receiver: 38, Sender: 16, RSSI: -105
[P1_RX] Time: 984ms, Receiver: 4, Sender: 16, RSSI: -106
[P1_RX] Time: 984ms, Receiver: 45, Sender: 16, RSSI: -106
[P1_RX] Time: 984ms, Receiver: 2, Sender: 16, RSSI: -108
[P1_RX] Time: 984ms, Receiver: 13, Sender: 16, RSSI: -108
[P1_RX] Time: 984ms, Receiver: 5, Sender: 16, RSSI: -109
[P1_RX] Time: 984ms, Receiver: 35, Sender: 16, RSSI: -109
[P1_RX] Time: 984ms, Receiver: 24, Sender: 16, RSSI: -110
[P1_ATTEMPT] Time: 984ms, Drone: 34
[P1_ATTEMPT] Time: 984ms, Drone: 22
[P1_ATTEMPT] Time: 984ms, Drone: 15
[P1_ABORT] Time: 984ms, Drone: 15
[P1_ATTEMPT] Time: 984ms, Drone: 15
[P1_ABORT] Time: 984ms, Drone: 15
[P1_ATTEMPT] Time: 984ms, Drone: 15
[P1_SUCCESS] Time: 985ms, Drone: 31
[P1_RX] Time: 985ms, Receiver: 45, Sender: 31, RSSI: -90
[P1_RX] Time: 985ms, Receiver: 13, Sender: 31, RSSI: -92
[P1_RX] Time: 985ms, Receiver: 4, Sender: 31, RSSI: -101
[P1_RX] Time: 985ms, Receiver: 48, Sender: 31, RSSI: -101
[P1_RX] Time: 985ms, Receiver: 2, Sender: 31, RSSI: -102
[P1_RX] Time: 985ms, Receiver: 33, Sender: 31, RSSI: -102
[P1_RX] Time: 985ms, Receiver: 24, Sender: 31, RSSI: -104
[P1_RX] Time: 985ms, Receiver: 32, Sender: 31, RSSI: -104
[P1_RX] Time: 985ms, Receiver: 15, Sender: 31, RSSI: -104
[P1_RX] Time: 985ms, Receiver: 0, Sender: 31, RSSI: -104
[P1_RX] Time: 985ms, Receiver: 1, Sender: 31, RSSI: -105
[P1_RX] Time: 985ms, Receiver: 23, Sender: 31, RSSI: -106
[P1_RX] Time: 985ms, Receiver: 27, Sender: 31, RSSI: -106
[P1_RX] Time: 985ms, Receiver: 14, Sender: 31, RSSI: -106
[P1_RX] Time: 985ms, Receiver: 12, Sender: 31, RSSI: -107
[P1_RX] Time: 985ms, Receiver: 30, Sender: 31, RSSI: -107
[P1_RX] Time: 985ms, Receiver: 42, Sender: 31, RSSI: -108
[P1_ABORT] Time: 985ms, Drone: 15
[P1_ATTEMPT] Time: 985ms, Drone: 15
[P1_SUCCESS] Time: 985ms, Drone: 34
[P1_RX] Time: 985ms, Receiver: 28, Sender: 34, RSSI: -78
[P1_RX] Time: 985ms, Receiver: 46, Sender: 34, RSSI: -87
[P1_RX] Time: 985ms, Receiver: 44, Sender: 34, RSSI: -101
[P1_ATTEMPT] Time: 985ms, Drone: 3
[P1_SUCCESS] Time: 985ms, Drone: 22
[P1_RX] Time: 985ms, Receiver: 36, Sender: 22, RSSI: -99
[P1_RX] Time: 985ms, Receiver: 5, Sender: 22, RSSI: -103
[P1_RX] Time: 985ms, Receiver: 41, Sender: 22, RSSI: -103
[P1_RX] Time: 985ms, Receiver: 35, Sender: 22, RSSI: -104
[P1_RX] Time: 985ms, Receiver: 39, Sender: 22, RSSI: -107
[P1_ABORT] Time: 985ms, Drone: 3
[P1_ATTEMPT] Time: 985ms, Drone: 3
[P1_ABORT] Time: 985ms, Drone: 3
[P1_ATTEMPT] Time: 985ms, Drone: 3
[P1_ABORT] Time: 985ms, Drone: 3
[P1_ATTEMPT] Time: 985ms, Drone: 3
[P1_SUCCESS] Time: 985ms, Drone: 15
[P1_ABORT] Time: 985ms, Drone: 3
[P1_ATTEMPT] Time: 985ms, Drone: 3
[P1_RX] Time: 985ms, Receiver: 43, Sender: 15, RSSI: -93
[P1_RX] Time: 985ms, Receiver: 32, Sender: 15, RSSI: -95
[P1_RX] Time: 985ms, Receiver: 1, Sender: 15, RSSI: -98
[P1_RX] Time: 985ms, Receiver: 18, Sender: 15, RSSI: -100
[P1_RX] Time: 985ms, Receiver: 16, Sender: 15, RSSI: -100
[P1_RX] Time: 985ms, Receiver: 21, Sender: 15, RSSI: -100
[P1_RX] Time: 985ms, Receiver: 3, Sender: 15, RSSI: -102
[P1_RX] Time: 985ms, Receiver: 17, Sender: 15, RSSI: -102
[P1_RX] Time: 985ms, Receiver: 49, Sender: 15, RSSI: -103
[P1_RX] Time: 985ms, Receiver: 38, Sender: 15, RSSI: -103
[P1_RX] Time: 985ms, Receiver: 45, Sender: 15, RSSI: -103
[P1_RX] Time: 985ms, Receiver: 33, Sender: 15, RSSI: -103
[P1_RX] Time: 985ms, Receiver: 4, Sender: 15, RSSI: -104
[P1_RX] Time: 985ms, Receiver: 31, Sender: 15, RSSI: -104
[P1_RX] Time: 985ms, Receiver: 11, Sender: 15, RSSI: -104
[P1_RX] Time: 985ms, Receiver: 27, Sender: 15, RSSI: -103
[P1_RX] Time: 985ms, Receiver: 37, Sender: 15, RSSI: -105
[P1_RX] Time: 985ms, Receiver: 47, Sender: 15, RSSI: -104
[P1_RX] Time: 985ms, Receiver: 10, Sender: 15, RSSI: -106
[P1_RX] Time: 985ms, Receiver: 29, Sender: 15, RSSI: -106
[P1_RX] Time: 985ms, Receiver: 13, Sender: 15, RSSI: -106
[P1_RX] Time: 985ms, Receiver: 2, Sender: 15, RSSI: -108
[P1_RX] Time: 985ms, Receiver: 8, Sender: 15, RSSI: -108
[P1_ABORT] Time: 986ms, Drone: 3
[P1_ATTEMPT] Time: 986ms, Drone: 3
[P1_ATTEMPT] Time: 986ms, Drone: 49
[P1_SUCCESS] Time: 987ms, Drone: 3
[P1_RX] Time: 987ms, Receiver: 18, Sender: 3, RSSI: -96
[P1_RX] Time: 987ms, Receiver: 21, Sender: 3, RSSI: -96
[P1_RX] Time: 987ms, Receiver: 17, Sender: 3, RSSI: -98
[P1_RX] Time: 987ms, Receiver: 16, Sender: 3, RSSI: -98
[P1_RX] Time: 987ms, Receiver: 1, Sender: 3, RSSI: -99
[P1_RX] Time: 987ms, Receiver: 15, Sender: 3, RSSI: -100
[P1_RX] Time: 987ms, Receiver: 32, Sender: 3, RSSI: -100
[P1_RX] Time: 987ms, Receiver: 8, Sender: 3, RSSI: -101
[P1_RX] Time: 987ms, Receiver: 43, Sender: 3, RSSI: -102
[P1_RX] Time: 987ms, Receiver: 38, Sender: 3, RSSI: -102
[P1_RX] Time: 987ms, Receiver: 11, Sender: 3, RSSI: -104
[P1_SUCCESS] Time: 987ms, Drone: 49
[P1_RX] Time: 987ms, Receiver: 44, Sender: 49, RSSI: -106
[P1_ATTEMPT] Time: 987ms, Drone: 48
[P1_ATTEMPT] Time: 987ms, Drone: 45
[P1_ABORT] Time: 987ms, Drone: 45
[P1_ATTEMPT] Time: 987ms, Drone: 45
[P1_ABORT] Time: 987ms, Drone: 45
[P1_ATTEMPT] Time: 987ms, Drone: 45
[P1_ABORT] Time: 987ms, Drone: 45
[P1_ATTEMPT] Time: 987ms, Drone: 45
[P1_ATTEMPT] Time: 987ms, Drone: 13
[P1_ABORT] Time: 988ms, Drone: 45
[P1_ATTEMPT] Time: 988ms, Drone: 45
[P1_ABORT] Time: 988ms, Drone: 13
[P1_ATTEMPT] Time: 988ms, Drone: 13
[P1_ATTEMPT] Time: 988ms, Drone: 36
[P1_ABORT] Time: 988ms, Drone: 45
[P1_ATTEMPT] Time: 988ms, Drone: 45
[P1_ABORT] Time: 988ms, Drone: 13
[P1_ATTEMPT] Time: 988ms, Drone: 13
[P1_ATTEMPT] Time: 988ms, Drone: 10
[P1_SUCCESS] Time: 988ms, Drone: 48
[P1_RX] Time: 988ms, Receiver: 13, Sender: 48, RSSI: -93
[P1_RX] Time: 988ms, Receiver: 4, Sender: 48, RSSI: -94
[P1_RX] Time: 988ms, Receiver: 24, Sender: 48, RSSI: -95
[P1_RX] Time: 988ms, Receiver: 2, Sender: 48, RSSI: -98
[P1_RX] Time: 988ms, Receiver: 31, Sender: 48, RSSI: -101
[P1_RX] Time: 988ms, Receiver: 45, Sender: 48, RSSI: -103
[P1_RX] Time: 988ms, Receiver: 14, Sender: 48, RSSI: -105
[P1_RX] Time: 988ms, Receiver: 30, Sender: 48, RSSI: -105
[P1_RX] Time: 988ms, Receiver: 23, Sender: 48, RSSI: -105
[P1_RX] Time: 988ms, Receiver: 42, Sender: 48, RSSI: -105
[P1_RX] Time: 988ms, Receiver: 1, Sender: 48, RSSI: -106
[P1_RX] Time: 988ms, Receiver: 26, Sender: 48, RSSI: -106
[P1_RX] Time: 988ms, Receiver: 0, Sender: 48, RSSI: -106
[P1_RX] Time: 988ms, Receiver: 29, Sender: 48, RSSI: -106
[P1_RX] Time: 988ms, Receiver: 12, Sender: 48, RSSI: -106
[P1_RX] Time: 988ms, Receiver: 32, Sender: 48, RSSI: -106
[P1_RX] Time: 988ms, Receiver: 33, Sender: 48, RSSI: -107
[P1_RX] Time: 988ms, Receiver: 20, Sender: 48, RSSI: -108
[P1_RX] Time: 988ms, Receiver: 7, Sender: 48, RSSI: -109
[P1_RX] Time: 988ms, Receiver: 25, Sender: 48, RSSI: -109
[P1_RX] Time: 988ms, Receiver: 6, Sender: 48, RSSI: -110
[P1_ABORT] Time: 988ms, Drone: 45
[P1_ATTEMPT] Time: 988ms, Drone: 45
[P1_ABORT] Time: 988ms, Drone: 13
[P1_ATTEMPT] Time: 988ms, Drone: 13
[P1_ATTEMPT] Time: 988ms, Drone: 35
[P1_ABORT] Time: 988ms, Drone: 35
[P1_ATTEMPT] Time: 988ms, Drone: 35
[P1_ABORT] Time: 988ms, Drone: 35
[P1_ATTEMPT] Time: 988ms, Drone: 35
[P1_SUCCESS] Time: 989ms, Drone: 36
[P1_RX] Time: 989ms, Receiver: 22, Sender: 36, RSSI: -99
[P1_RX] Time: 989ms, Receiver: 5, Sender: 36, RSSI: -100
[P1_RX] Time: 989ms, Receiver: 41, Sender: 36, RSSI: -101
[P1_RX] Time: 989ms, Receiver: 35, Sender: 36, RSSI: -102
[P1_RX] Time: 989ms, Receiver: 40, Sender: 36, RSSI: -104
[P1_ABORT] Time: 989ms, Drone: 35
[P1_ATTEMPT] Time: 989ms, Drone: 35
[P1_SUCCESS] Time: 989ms, Drone: 10
[P1_RX] Time: 989ms, Receiver: 38, Sender: 10, RSSI: -98
[P1_RX] Time: 989ms, Receiver: 8, Sender: 10, RSSI: -101
[P1_RX] Time: 989ms, Receiver: 43, Sender: 10, RSSI: -100
[P1_RX] Time: 989ms, Receiver: 21, Sender: 10, RSSI: -103
[P1_RX] Time: 989ms, Receiver: 3, Sender: 10, RSSI: -104
[P1_SUCCESS] Time: 989ms, Drone: 45
[P1_RX] Time: 989ms, Receiver: 31, Sender: 45, RSSI: -88
[P1_RX] Time: 989ms, Receiver: 2, Sender: 45, RSSI: -95
[P1_RX] Time: 989ms, Receiver: 32, Sender: 45, RSSI: -99
[P1_RX] Time: 989ms, Receiver: 1, Sender: 45, RSSI: -100
[P1_RX] Time: 989ms, Receiver: 0, Sender: 45, RSSI: -100
[P1_RX] Time: 989ms, Receiver: 15, Sender: 45, RSSI: -100
[P1_RX] Time: 989ms, Receiver: 16, Sender: 45, RSSI: -102
[P1_SUCCESS] Time: 989ms, Drone: 13
[P1_RX] Time: 989ms, Receiver: 48, Sender: 13, RSSI: -92
[P1_RX] Time: 989ms, Receiver: 4, Sender: 13, RSSI: -95
[P1_RX] Time: 989ms, Receiver: 24, Sender: 13, RSSI: -97
[P1_RX] Time: 989ms, Receiver: 30, Sender: 13, RSSI: -103
[P1_RX] Time: 989ms, Receiver: 29, Sender: 13, RSSI: -102
[P1_RX] Time: 989ms, Receiver: 12, Sender: 13, RSSI: -104
[P1_RX] Time: 989ms, Receiver: 26, Sender: 13, RSSI: -104
[P1_RX] Time: 989ms, Receiver: 37, Sender: 13, RSSI: -104
[P1_RX] Time: 989ms, Receiver: 25, Sender: 13, RSSI: -105
[P1_ATTEMPT] Time: 989ms, Drone: 6
[P1_ATTEMPT] Time: 989ms, Drone: 0
[P1_ABORT] Time: 989ms, Drone: 0
[P1_ATTEMPT] Time: 989ms, Drone: 0
[P1_ABORT] Time: 989ms, Drone: 0
[P1_ATTEMPT] Time: 989ms, Drone: 0
[P1_ABORT] Time: 990ms, Drone: 0
[P1_ATTEMPT] Time: 990ms, Drone: 0
[P1_SUCCESS] Time: 990ms, Drone: 35
[P1_RX] Time: 990ms, Receiver: 5, Sender: 35, RSSI: -75
[P1_RX] Time: 990ms, Receiver: 19, Sender: 35, RSSI: -98
[P1_RX] Time: 990ms, Receiver: 40, Sender: 35, RSSI: -99
[P1_RX] Time: 990ms, Receiver: 9, Sender: 35, RSSI: -100
[P1_RX] Time: 990ms, Receiver: 41, Sender: 35, RSSI: -102
[P1_RX] Time: 990ms, Receiver: 36, Sender: 35, RSSI: -102
[P1_RX] Time: 990ms, Receiver: 47, Sender: 35, RSSI: -102
[P1_RX] Time: 990ms, Receiver: 22, Sender: 35, RSSI: -104
[P1_RX] Time: 990ms, Receiver: 27, Sender: 35, RSSI: -104
[P1_ABORT] Time: 990ms, Drone: 0
[P1_ATTEMPT] Time: 990ms, Drone: 0
[P1_SUCCESS] Time: 990ms, Drone: 6
[P1_RX] Time: 990ms, Receiver: 45, Sender: 6, RSSI: -106
[P1_ABORT] Time: 990ms, Drone: 0
[P1_ATTEMPT] Time: 990ms, Drone: 0
[P1_ATTEMPT] Time: 990ms, Drone: 17
[P1_ATTEMPT] Time: 990ms, Drone: 7
[P1_ABORT] Time: 990ms, Drone: 7
[P1_ATTEMPT] Time: 990ms, Drone: 7
[P1_ATTEMPT] Time: 990ms, Drone: 44
[P1_ABORT] Time: 990ms, Drone: 7
[P1_ATTEMPT] Time: 990ms, Drone: 7
[P1_ATTEMPT] Time: 990ms, Drone: 14
[P1_ATTEMPT] Time: 990ms, Drone: 2
[P1_ABORT] Time: 991ms, Drone: 7
[P1_ATTEMPT] Time: 991ms, Drone: 7
[P1_ATTEMPT] Time: 991ms, Drone: 42
[P1_ABORT] Time: 991ms, Drone: 14
[P1_ATTEMPT] Time: 991ms, Drone: 14
[P1_ABORT] Time: 991ms, Drone: 2
[P1_ATTEMPT] Time: 991ms, Drone: 2
[P1_ABORT] Time: 991ms, Drone: 7
[P1_ATTEMPT] Time: 991ms, Drone: 7
[P1_ABORT] Time: 991ms, Drone: 42
[P1_ATTEMPT] Time: 991ms, Drone: 42
[P1_SUCCESS] Time: 991ms, Drone: 0
[P1_RX] Time: 991ms, Receiver: 23, Sender: 0, RSSI: -89
[P1_RX] Time: 991ms, Receiver: 14, Sender: 0, RSSI: -97
[P1_RX] Time: 991ms, Receiver: 42, Sender: 0, RSSI: -98
[P1_RX] Time: 991ms, Receiver: 2, Sender: 0, RSSI: -98
[P1_RX] Time: 991ms, Receiver: 6, Sender: 0, RSSI: -99
[P1_RX] Time: 991ms, Receiver: 24, Sender: 0, RSSI: -101
[P1_RX] Time: 991ms, Receiver: 26, Sender: 0, RSSI: -101
[P1_RX] Time: 991ms, Receiver: 45, Sender: 0, RSSI: -102
[P1_RX] Time: 991ms, Receiver: 13, Sender: 0, RSSI: -103
[P1_RX] Time: 991ms, Receiver: 31, Sender: 0, RSSI: -104
[P1_RX] Time: 991ms, Receiver: 9, Sender: 0, RSSI: -104
[P1_RX] Time: 991ms, Receiver: 39, Sender: 0, RSSI: -104
[P1_RX] Time: 991ms, Receiver: 30, Sender: 0, RSSI: -105
[P1_RX] Time: 991ms, Receiver: 48, Sender: 0, RSSI: -105
[P1_RX] Time: 991ms, Receiver: 7, Sender: 0, RSSI: -108
[P1_ABORT] Time: 991ms, Drone: 14
[P1_ATTEMPT] Time: 991ms, Drone: 14
[P1_ABORT] Time: 991ms, Drone: 2
[P1_ATTEMPT] Time: 991ms, Drone: 2
[P1_SUCCESS] Time: 991ms, Drone: 17
[P1_RX] Time: 991ms, Receiver: 18, Sender: 17, RSSI: -86
[P1_RX] Time: 991ms, Receiver: 21, Sender: 17, RSSI: -91
[P1_RX] Time: 991ms, Receiver: 16, Sender: 17, RSSI: -91
[P1_RX] Time: 991ms, Receiver: 1, Sender: 17, RSSI: -99
[P1_RX] Time: 991ms, Receiver: 11, Sender: 17, RSSI: -99
[P1_RX] Time: 991ms, Receiver: 32, Sender: 17, RSSI: -99
[P1_RX] Time: 991ms, Receiver: 3, Sender: 17, RSSI: -100
[P1_RX] Time: 991ms, Receiver: 47, Sender: 17, RSSI: -100
[P1_RX] Time: 991ms, Receiver: 49, Sender: 17, RSSI: -102
[P1_RX] Time: 991ms, Receiver: 15, Sender: 17, RSSI: -102
[P1_RX] Time: 991ms, Receiver: 43, Sender: 17, RSSI: -102
[P1_RX] Time: 991ms, Receiver: 38, Sender: 17, RSSI: -103
[P1_RX] Time: 991ms, Receiver: 40, Sender: 17, RSSI: -102
[P1_RX] Time: 991ms, Receiver: 41, Sender: 17, RSSI: -104
[P1_ABORT] Time: 991ms, Drone: 42
[P1_ATTEMPT] Time: 991ms, Drone: 42
[P1_SUCCESS] Time: 991ms, Drone: 44
[P1_RX] Time: 991ms, Receiver: 28, Sender: 44, RSSI: -99
[P1_RX] Time: 991ms, Receiver: 46, Sender: 44, RSSI: -100
[P1_RX] Time: 991ms, Receiver: 34, Sender: 44, RSSI: -101
[P1_RX] Time: 991ms, Receiver: 20, Sender: 44, RSSI: -103
[P1_ATTEMPT] Time: 991ms, Drone: 29
[P1_SUCCESS] Time: 992ms, Drone: 7
[P1_RX] Time: 992ms, Receiver: 30, Sender: 7, RSSI: -92
[P1_RX] Time: 992ms, Receiver: 12, Sender: 7, RSSI: -101
[P1_SUCCESS] Time: 992ms, Drone: 14
[P1_RX] Time: 992ms, Receiver: 23, Sender: 14, RSSI: -88
[P1_RX] Time: 992ms, Receiver: 0, Sender: 14, RSSI: -93
[P1_SUCCESS] Time: 992ms, Drone: 2
[P1_RX] Time: 992ms, Receiver: 24, Sender: 2, RSSI: -88
[P1_RX] Time: 992ms, Receiver: 13, Sender: 2, RSSI: -96
[P1_RX] Time: 992ms, Receiver: 48, Sender: 2, RSSI: -96
[P1_RX] Time: 992ms, Receiver: 45, Sender: 2, RSSI: -98
[P1_RX] Time: 992ms, Receiver: 4, Sender: 2, RSSI: -99
[P1_RX] Time: 992ms, Receiver: 31, Sender: 2, RSSI: -99
[P1_RX] Time: 992ms, Receiver: 1, Sender: 2, RSSI: -102
[P1_RX] Time: 992ms, Receiver: 32, Sender: 2, RSSI: -102
[P1_RX] Time: 992ms, Receiver: 27, Sender: 2, RSSI: -103
[P1_SUCCESS] Time: 992ms, Drone: 42
[P1_RX] Time: 992ms, Receiver: 26, Sender: 42, RSSI: -92
[P1_RX] Time: 992ms, Receiver: 6, Sender: 42, RSSI: -96
[P1_RX] Time: 992ms, Receiver: 39, Sender: 42, RSSI: -101
[P1_RX] Time: 992ms, Receiver: 35, Sender: 42, RSSI: -102
[P1_RX] Time: 992ms, Receiver: 5, Sender: 42, RSSI: -103
[P1_RX] Time: 992ms, Receiver: 9, Sender: 42, RSSI: -103
[P1_SUCCESS] Time: 992ms, Drone: 29
[P1_RX] Time: 992ms, Receiver: 33, Sender: 29, RSSI: -89
[P1_RX] Time: 992ms, Receiver: 37, Sender: 29, RSSI: -89
[P1_RX] Time: 992ms, Receiver: 25, Sender: 29, RSSI: -93
[P1_RX] Time: 992ms, Receiver: 20, Sender: 29, RSSI: -103
[P1_RX] Time: 992ms, Receiver: 4, Sender: 29, RSSI: -103
[P1_RX] Time: 992ms, Receiver: 31, Sender: 29, RSSI: -105
[P1_RX] Time: 992ms, Receiver: 34, Sender: 29, RSSI: -105
[P1_RX] Time: 992ms, Receiver: 13, Sender: 29, RSSI: -105
[P1_RX] Time: 992ms, Receiver: 28, Sender: 29, RSSI: -106
[P1_RX] Time: 992ms, Receiver: 15, Sender: 29, RSSI: -106
[P1_RX] Time: 992ms, Receiver: 48, Sender: 29, RSSI: -106
[P1_RX] Time: 992ms, Receiver: 45, Sender: 29, RSSI: -107
[P1_RX] Time: 992ms, Receiver: 46, Sender: 29, RSSI: -107

=== Drone  0 Metrics Report (Top 5 within 100m) ===
Target (Dist)  | Disc. Ratio | Bcn Ratio | Avg Disc. IAT | Max Disc. IAT | Mean Bcn AoI | Max Bcn AoI
-----------------------------------------------------------------------------------------------------
Drone 23 ( 26m) |        90.0 |      45.0 |          52.9 |          87.0 |         96.8 |       364.5
Drone 14 ( 49m) |        65.0 |       5.0 |          76.6 |         311.0 |        224.0 |       471.5
Drone 42 ( 54m) |        75.0 |       0.0 |          61.6 |         113.0 |        459.0 |       918.0
Drone  2 ( 54m) |        75.0 |       0.0 |          64.1 |         169.0 |        459.0 |       918.0
Drone  6 ( 56m) |        75.0 |      15.0 |          65.4 |         167.0 |        126.9 |       372.5
--> Monitor Member List Match Ratio: 21.0%

=== Drone 25 Metrics Report (Top 5 within 100.0m) ===
Target (Dist)  | Disc. Ratio | Bcn Ratio | Avg Disc. IAT | Max Disc. IAT | Mean Bcn AoI | Max Bcn AoI
-----------------------------------------------------------------------------------------------------
Drone 29 ( 35m) |        80.0 |      40.0 |          65.7 |         110.0 |         63.1 |       173.5
Drone 37 ( 43m) |        70.0 |      40.0 |          70.8 |         161.0 |        102.6 |       362.5
Drone 33 ( 55m) |        80.0 |       5.0 |          59.9 |         110.0 |        414.0 |       870.5
Drone 34 ( 77m) |        65.0 |       0.0 |          76.3 |         163.0 |        459.0 |       918.0
Drone 20 ( 87m) |        60.0 |      10.0 |          84.0 |         148.0 |        220.3 |       561.0
--> Monitor Member List Match Ratio: 30.0%

=== Drone 49 Metrics Report (Top 5 within 100.0m) ===
Target (Dist)  | Disc. Ratio | Bcn Ratio | Avg Disc. IAT | Max Disc. IAT | Mean Bcn AoI | Max Bcn AoI
-----------------------------------------------------------------------------------------------------
Drone  3 ( 13m) |        80.0 |      60.0 |          61.6 |         110.0 |         47.0 |       211.5
Drone 18 ( 62m) |        65.0 |      20.0 |          68.9 |         116.0 |        113.9 |       357.0
Drone 21 ( 63m) |        75.0 |       5.0 |          64.8 |         153.0 |        261.6 |       629.5
Drone 16 ( 72m) |        75.0 |       5.0 |          66.6 |         113.0 |        253.6 |       612.0
Drone  1 ( 73m) |        75.0 |      15.0 |          65.8 |         205.0 |        150.5 |       413.5
--> Monitor Member List Match Ratio: 16.0%

=================================================
          GLOBAL NETWORK METRICS (1.0s)          
=================================================
Phase 1 TX Attempts             : 2557 times
Phase 1 TX Aborts (CSMA Busy)   : 1566 times
Phase 1 TX Success (Sent)       : 991 times
Phase 1 RX Success (Total Rcvd) : 8896 packets
-------------------------------------------------
Total 50B Data Packets Delivered: 1269
Total Network Slots Elapsed     : 190 slots
Spatial Reuse Factor (SRF)      : 6.68 packets/slot
Discovery Message Reception Ratio: 75.8%
Beacon Packet Reception Ratio   : 17.6%
Monitor Member List Match Ratio : 24.4%
Avg Discovery Msg IAT (Top-K)   : 65.9 ms
Max Discovery Msg IAT (Top-K)   : 311.0 ms
Mean Beacon Packet AoI (Top-K)  : 235.7 ms
Max Beacon Packet AoI (Top-K)   : 930.5 ms
=================================================

