[0/2] Re-checking globbed directories...
[1/2] Building CXX object scratch/CMakeFiles/scratch_lr-wpan-swarm.dir/lr-wpan-swarm.cc.o
/home/ubuntu/ns-3-dev/scratch/lr-wpan-swarm.cc: In constructor ‘SwarmSchedulerApp::SwarmSchedulerApp()’:
/home/ubuntu/ns-3-dev/scratch/lr-wpan-swarm.cc:130:9: warning: ‘SwarmSchedulerApp::m_topologyCheckCount’ will be initialized after [-Wreorder]
  130 |     int m_topologyCheckCount;
      |         ^~~~~~~~~~~~~~~~~~~~
/home/ubuntu/ns-3-dev/scratch/lr-wpan-swarm.cc:107:12: warning:   ‘double SwarmSchedulerApp::m_epochStartTime’ [-Wreorder]
  107 |     double m_epochStartTime;
      |            ^~~~~~~~~~~~~~~~
/home/ubuntu/ns-3-dev/scratch/lr-wpan-swarm.cc:71:5: warning:   when initialized here [-Wreorder]
   71 |     SwarmSchedulerApp() : m_epoch(0), m_myClaimedSlot(0), m_myClaimedChannel(0), m_topologyMatchCount(0), m_topologyCheckCount(0), m_epochStartTime(0) {}
      |     ^~~~~~~~~~~~~~~~~
[2/2] Linking CXX executable /home/ubuntu/ns-3-dev/build/scratch/ns3.48-lr-wpan-swarm-default
Starting Simulation for 1.0s...
All 50 Drones StartApplication called! Running for 1.0s...
[P1_ATTEMPT] Time: 0ms, Drone: 12
[P1_SUCCESS] Time: 1ms, Drone: 12
[P1_RX] Time: 1ms, Receiver: 30, Sender: 12, RSSI: -98
[P1_RX] Time: 1ms, Receiver: 7, Sender: 12, RSSI: -103
[P1_RX] Time: 1ms, Receiver: 13, Sender: 12, RSSI: -105
[P1_RX] Time: 1ms, Receiver: 14, Sender: 12, RSSI: -106
[P1_RX] Time: 1ms, Receiver: 48, Sender: 12, RSSI: -106
[P1_RX] Time: 1ms, Receiver: 31, Sender: 12, RSSI: -107
[P1_RX] Time: 1ms, Receiver: 24, Sender: 12, RSSI: -108
[P1_ATTEMPT] Time: 2ms, Drone: 35
[P1_ATTEMPT] Time: 2ms, Drone: 3
[P1_ATTEMPT] Time: 2ms, Drone: 31
[P1_ATTEMPT] Time: 2ms, Drone: 13
[P1_ATTEMPT] Time: 2ms, Drone: 5
[P1_ABORT] Time: 3ms, Drone: 5
[P1_ATTEMPT] Time: 3ms, Drone: 5
[P1_ATTEMPT] Time: 3ms, Drone: 44
[P1_SUCCESS] Time: 3ms, Drone: 35
[P1_RX] Time: 3ms, Receiver: 5, Sender: 35, RSSI: -75
[P1_RX] Time: 3ms, Receiver: 39, Sender: 35, RSSI: -97
[P1_RX] Time: 3ms, Receiver: 19, Sender: 35, RSSI: -98
[P1_RX] Time: 3ms, Receiver: 40, Sender: 35, RSSI: -99
[P1_RX] Time: 3ms, Receiver: 9, Sender: 35, RSSI: -100
[P1_RX] Time: 3ms, Receiver: 41, Sender: 35, RSSI: -102
[P1_RX] Time: 3ms, Receiver: 36, Sender: 35, RSSI: -102
[P1_RX] Time: 3ms, Receiver: 47, Sender: 35, RSSI: -102
[P1_RX] Time: 3ms, Receiver: 6, Sender: 35, RSSI: -103
[P1_RX] Time: 3ms, Receiver: 22, Sender: 35, RSSI: -104
[P1_ABORT] Time: 3ms, Drone: 5
[P1_ATTEMPT] Time: 3ms, Drone: 5
[P1_ABORT] Time: 3ms, Drone: 44
[P1_ATTEMPT] Time: 3ms, Drone: 44
[P1_ABORT] Time: 3ms, Drone: 44
[P1_ATTEMPT] Time: 3ms, Drone: 44
[P1_ABORT] Time: 3ms, Drone: 44
[P1_ATTEMPT] Time: 3ms, Drone: 44
[P1_SUCCESS] Time: 3ms, Drone: 3
[P1_RX] Time: 3ms, Receiver: 49, Sender: 3, RSSI: -80
[P1_RX] Time: 3ms, Receiver: 18, Sender: 3, RSSI: -97
[P1_RX] Time: 3ms, Receiver: 21, Sender: 3, RSSI: -97
[P1_RX] Time: 3ms, Receiver: 15, Sender: 3, RSSI: -100
[P1_RX] Time: 3ms, Receiver: 8, Sender: 3, RSSI: -103
[P1_RX] Time: 3ms, Receiver: 43, Sender: 3, RSSI: -102
[P1_RX] Time: 3ms, Receiver: 38, Sender: 3, RSSI: -103
[P1_RX] Time: 3ms, Receiver: 11, Sender: 3, RSSI: -104
[P1_RX] Time: 3ms, Receiver: 10, Sender: 3, RSSI: -106
[P1_SUCCESS] Time: 3ms, Drone: 31
[P1_RX] Time: 3ms, Receiver: 33, Sender: 31, RSSI: -100
[P1_SUCCESS] Time: 3ms, Drone: 13
[P1_RX] Time: 3ms, Receiver: 48, Sender: 13, RSSI: -92
[P1_RX] Time: 3ms, Receiver: 4, Sender: 13, RSSI: -95
[P1_RX] Time: 3ms, Receiver: 30, Sender: 13, RSSI: -102
[P1_RX] Time: 3ms, Receiver: 7, Sender: 13, RSSI: -106
[P1_SUCCESS] Time: 4ms, Drone: 5
[P1_RX] Time: 4ms, Receiver: 35, Sender: 5, RSSI: -75
[P1_RX] Time: 4ms, Receiver: 40, Sender: 5, RSSI: -98
[P1_RX] Time: 4ms, Receiver: 39, Sender: 5, RSSI: -98
[P1_RX] Time: 4ms, Receiver: 19, Sender: 5, RSSI: -98
[P1_RX] Time: 4ms, Receiver: 36, Sender: 5, RSSI: -100
[P1_RX] Time: 4ms, Receiver: 41, Sender: 5, RSSI: -100
[P1_RX] Time: 4ms, Receiver: 9, Sender: 5, RSSI: -101
[P1_RX] Time: 4ms, Receiver: 47, Sender: 5, RSSI: -101
[P1_RX] Time: 4ms, Receiver: 22, Sender: 5, RSSI: -103
[P1_RX] Time: 4ms, Receiver: 27, Sender: 5, RSSI: -103
[P1_RX] Time: 4ms, Receiver: 6, Sender: 5, RSSI: -104
[P1_RX] Time: 4ms, Receiver: 42, Sender: 5, RSSI: -103
[P1_SUCCESS] Time: 4ms, Drone: 44
[P1_RX] Time: 4ms, Receiver: 28, Sender: 44, RSSI: -99
[P1_RX] Time: 4ms, Receiver: 46, Sender: 44, RSSI: -100
[P1_RX] Time: 4ms, Receiver: 34, Sender: 44, RSSI: -101
[P1_RX] Time: 4ms, Receiver: 20, Sender: 44, RSSI: -103
[P1_RX] Time: 4ms, Receiver: 29, Sender: 44, RSSI: -108
[P1_ATTEMPT] Time: 4ms, Drone: 8
[P1_ATTEMPT] Time: 5ms, Drone: 32
[P1_ATTEMPT] Time: 5ms, Drone: 19
[P1_ABORT] Time: 5ms, Drone: 32
[P1_ATTEMPT] Time: 5ms, Drone: 32
[P1_ABORT] Time: 5ms, Drone: 32
[P1_ATTEMPT] Time: 5ms, Drone: 32
[P1_ATTEMPT] Time: 5ms, Drone: 17
[P1_ATTEMPT] Time: 5ms, Drone: 29
[P1_ABORT] Time: 5ms, Drone: 32
[P1_ATTEMPT] Time: 5ms, Drone: 32
[P1_ATTEMPT] Time: 5ms, Drone: 16
[P1_ATTEMPT] Time: 5ms, Drone: 10
[P1_ABORT] Time: 5ms, Drone: 17
[P1_ATTEMPT] Time: 5ms, Drone: 17
[P1_ABORT] Time: 5ms, Drone: 32
[P1_ATTEMPT] Time: 5ms, Drone: 32
[P1_SUCCESS] Time: 5ms, Drone: 8
[P1_RX] Time: 5ms, Receiver: 10, Sender: 8, RSSI: -101
[P1_RX] Time: 5ms, Receiver: 38, Sender: 8, RSSI: -103
[P1_RX] Time: 5ms, Receiver: 3, Sender: 8, RSSI: -103
[P1_RX] Time: 5ms, Receiver: 49, Sender: 8, RSSI: -104
[P1_RX] Time: 5ms, Receiver: 21, Sender: 8, RSSI: -105
[P1_ABORT] Time: 5ms, Drone: 16
[P1_ATTEMPT] Time: 5ms, Drone: 16
[P1_ABORT] Time: 5ms, Drone: 10
[P1_ATTEMPT] Time: 5ms, Drone: 10
[P1_ABORT] Time: 5ms, Drone: 17
[P1_ATTEMPT] Time: 5ms, Drone: 17
[P1_ABORT] Time: 5ms, Drone: 32
[P1_ATTEMPT] Time: 5ms, Drone: 32
[P1_ABORT] Time: 5ms, Drone: 16
[P1_ATTEMPT] Time: 5ms, Drone: 16
[P1_ABORT] Time: 5ms, Drone: 17
[P1_ATTEMPT] Time: 5ms, Drone: 17
[P1_ABORT] Time: 5ms, Drone: 32
[P1_ATTEMPT] Time: 5ms, Drone: 32
[P1_ABORT] Time: 5ms, Drone: 16
[P1_ATTEMPT] Time: 5ms, Drone: 16
[P1_ABORT] Time: 6ms, Drone: 17
[P1_ATTEMPT] Time: 6ms, Drone: 17
[P1_ABORT] Time: 6ms, Drone: 32
[P1_ATTEMPT] Time: 6ms, Drone: 32
[P1_ABORT] Time: 6ms, Drone: 16
[P1_ATTEMPT] Time: 6ms, Drone: 16
[P1_ABORT] Time: 6ms, Drone: 17
[P1_ATTEMPT] Time: 6ms, Drone: 17
[P1_SUCCESS] Time: 6ms, Drone: 19
[P1_RX] Time: 6ms, Receiver: 40, Sender: 19, RSSI: -92
[P1_RX] Time: 6ms, Receiver: 47, Sender: 19, RSSI: -92
[P1_RX] Time: 6ms, Receiver: 27, Sender: 19, RSSI: -98
[P1_RX] Time: 6ms, Receiver: 35, Sender: 19, RSSI: -98
[P1_RX] Time: 6ms, Receiver: 5, Sender: 19, RSSI: -99
[P1_RX] Time: 6ms, Receiver: 41, Sender: 19, RSSI: -101
[P1_RX] Time: 6ms, Receiver: 42, Sender: 19, RSSI: -102
[P1_RX] Time: 6ms, Receiver: 2, Sender: 19, RSSI: -102
[P1_RX] Time: 6ms, Receiver: 39, Sender: 19, RSSI: -104
[P1_RX] Time: 6ms, Receiver: 9, Sender: 19, RSSI: -104
[P1_RX] Time: 6ms, Receiver: 0, Sender: 19, RSSI: -105
[P1_RX] Time: 6ms, Receiver: 6, Sender: 19, RSSI: -105
[P1_RX] Time: 6ms, Receiver: 24, Sender: 19, RSSI: -106
[P1_RX] Time: 6ms, Receiver: 23, Sender: 19, RSSI: -107
[P1_RX] Time: 6ms, Receiver: 36, Sender: 19, RSSI: -107
[P1_ABORT] Time: 6ms, Drone: 32
[P1_ATTEMPT] Time: 6ms, Drone: 32
[P1_ABORT] Time: 6ms, Drone: 16
[P1_ATTEMPT] Time: 6ms, Drone: 16
[P1_ABORT] Time: 6ms, Drone: 17
[P1_ATTEMPT] Time: 6ms, Drone: 17
[P1_SUCCESS] Time: 6ms, Drone: 29
[P1_RX] Time: 6ms, Receiver: 33, Sender: 29, RSSI: -89
[P1_RX] Time: 6ms, Receiver: 37, Sender: 29, RSSI: -89
[P1_RX] Time: 6ms, Receiver: 25, Sender: 29, RSSI: -93
[P1_RX] Time: 6ms, Receiver: 20, Sender: 29, RSSI: -102
[P1_RX] Time: 6ms, Receiver: 34, Sender: 29, RSSI: -105
[P1_RX] Time: 6ms, Receiver: 28, Sender: 29, RSSI: -106
[P1_ATTEMPT] Time: 6ms, Drone: 30
[P1_ATTEMPT] Time: 6ms, Drone: 1
[P1_SUCCESS] Time: 6ms, Drone: 10
[P1_RX] Time: 6ms, Receiver: 38, Sender: 10, RSSI: -98
[P1_RX] Time: 6ms, Receiver: 8, Sender: 10, RSSI: -101
[P1_ABORT] Time: 6ms, Drone: 1
[P1_ATTEMPT] Time: 6ms, Drone: 1
[P1_ABORT] Time: 6ms, Drone: 1
[P1_ATTEMPT] Time: 6ms, Drone: 1
[P1_ABORT] Time: 7ms, Drone: 1
[P1_ATTEMPT] Time: 7ms, Drone: 1
[P1_SUCCESS] Time: 7ms, Drone: 32
[P1_RX] Time: 7ms, Receiver: 1, Sender: 32, RSSI: -82
[P1_RX] Time: 7ms, Receiver: 15, Sender: 32, RSSI: -94
[P1_RX] Time: 7ms, Receiver: 27, Sender: 32, RSSI: -97
[P1_RX] Time: 7ms, Receiver: 45, Sender: 32, RSSI: -99
[P1_RX] Time: 7ms, Receiver: 43, Sender: 32, RSSI: -97
[P1_RX] Time: 7ms, Receiver: 4, Sender: 32, RSSI: -100
[P1_RX] Time: 7ms, Receiver: 31, Sender: 32, RSSI: -102
[P1_ABORT] Time: 7ms, Drone: 1
[P1_ATTEMPT] Time: 7ms, Drone: 1
[P1_SUCCESS] Time: 7ms, Drone: 16
[P1_RX] Time: 7ms, Receiver: 40, Sender: 16, RSSI: -98
[P1_SUCCESS] Time: 7ms, Drone: 17
[P1_ABORT] Time: 7ms, Drone: 1
[P1_ATTEMPT] Time: 7ms, Drone: 1
[P1_SUCCESS] Time: 7ms, Drone: 30
[P1_RX] Time: 7ms, Receiver: 7, Sender: 30, RSSI: -94
[P1_RX] Time: 7ms, Receiver: 14, Sender: 30, RSSI: -97
[P1_RX] Time: 7ms, Receiver: 12, Sender: 30, RSSI: -98
[P1_RX] Time: 7ms, Receiver: 23, Sender: 30, RSSI: -101
[P1_RX] Time: 7ms, Receiver: 26, Sender: 30, RSSI: -104
[P1_ATTEMPT] Time: 7ms, Drone: 46
[P1_SUCCESS] Time: 8ms, Drone: 1
[P1_RX] Time: 8ms, Receiver: 32, Sender: 1, RSSI: -82
[P1_RX] Time: 8ms, Receiver: 16, Sender: 1, RSSI: -89
[P1_RX] Time: 8ms, Receiver: 15, Sender: 1, RSSI: -98
[P1_RX] Time: 8ms, Receiver: 17, Sender: 1, RSSI: -99
[P1_RX] Time: 8ms, Receiver: 18, Sender: 1, RSSI: -99
[P1_RX] Time: 8ms, Receiver: 47, Sender: 1, RSSI: -99
[P1_RX] Time: 8ms, Receiver: 4, Sender: 1, RSSI: -101
[P1_RX] Time: 8ms, Receiver: 21, Sender: 1, RSSI: -101
[P1_RX] Time: 8ms, Receiver: 19, Sender: 1, RSSI: -102
[P1_RX] Time: 8ms, Receiver: 3, Sender: 1, RSSI: -102
[P1_RX] Time: 8ms, Receiver: 49, Sender: 1, RSSI: -102
[P1_RX] Time: 8ms, Receiver: 45, Sender: 1, RSSI: -102
[P1_RX] Time: 8ms, Receiver: 27, Sender: 1, RSSI: -102
[P1_RX] Time: 8ms, Receiver: 40, Sender: 1, RSSI: -103
[P1_RX] Time: 8ms, Receiver: 43, Sender: 1, RSSI: -103
[P1_RX] Time: 8ms, Receiver: 2, Sender: 1, RSSI: -105
[P1_RX] Time: 8ms, Receiver: 13, Sender: 1, RSSI: -105
[P1_RX] Time: 8ms, Receiver: 31, Sender: 1, RSSI: -105
[P1_RX] Time: 8ms, Receiver: 48, Sender: 1, RSSI: -106
[P1_RX] Time: 8ms, Receiver: 11, Sender: 1, RSSI: -106
[P1_RX] Time: 8ms, Receiver: 24, Sender: 1, RSSI: -107
[P1_RX] Time: 8ms, Receiver: 38, Sender: 1, RSSI: -107
[P1_SUCCESS] Time: 8ms, Drone: 46
[P1_RX] Time: 8ms, Receiver: 28, Sender: 46, RSSI: -82
[P1_RX] Time: 8ms, Receiver: 34, Sender: 46, RSSI: -87
[P1_RX] Time: 8ms, Receiver: 44, Sender: 46, RSSI: -100
[P1_RX] Time: 8ms, Receiver: 25, Sender: 46, RSSI: -105
[P1_ATTEMPT] Time: 8ms, Drone: 37
[P1_ATTEMPT] Time: 9ms, Drone: 6
[P1_ATTEMPT] Time: 9ms, Drone: 25
[P1_ABORT] Time: 9ms, Drone: 25
[P1_ATTEMPT] Time: 9ms, Drone: 25
[P1_SUCCESS] Time: 9ms, Drone: 37
[P1_RX] Time: 9ms, Receiver: 29, Sender: 37, RSSI: -89
[P1_RX] Time: 9ms, Receiver: 33, Sender: 37, RSSI: -90
[P1_RX] Time: 9ms, Receiver: 25, Sender: 37, RSSI: -95
[P1_RX] Time: 9ms, Receiver: 34, Sender: 37, RSSI: -102
[P1_RX] Time: 9ms, Receiver: 20, Sender: 37, RSSI: -103
[P1_RX] Time: 9ms, Receiver: 28, Sender: 37, RSSI: -104
[P1_RX] Time: 9ms, Receiver: 46, Sender: 37, RSSI: -105
[P1_RX] Time: 9ms, Receiver: 15, Sender: 37, RSSI: -105
[P1_RX] Time: 9ms, Receiver: 4, Sender: 37, RSSI: -106
[P1_RX] Time: 9ms, Receiver: 31, Sender: 37, RSSI: -106
[P1_RX] Time: 9ms, Receiver: 44, Sender: 37, RSSI: -107
[P1_RX] Time: 9ms, Receiver: 49, Sender: 37, RSSI: -109
[P1_RX] Time: 9ms, Receiver: 10, Sender: 37, RSSI: -110
[P1_ABORT] Time: 9ms, Drone: 25
[P1_ATTEMPT] Time: 9ms, Drone: 25
[P1_SUCCESS] Time: 9ms, Drone: 6
[P1_RX] Time: 9ms, Receiver: 39, Sender: 6, RSSI: -95
[P1_RX] Time: 9ms, Receiver: 42, Sender: 6, RSSI: -98
[P1_RX] Time: 9ms, Receiver: 0, Sender: 6, RSSI: -99
[P1_RX] Time: 9ms, Receiver: 23, Sender: 6, RSSI: -100
[P1_RX] Time: 9ms, Receiver: 9, Sender: 6, RSSI: -101
[P1_RX] Time: 9ms, Receiver: 26, Sender: 6, RSSI: -102
[P1_RX] Time: 9ms, Receiver: 35, Sender: 6, RSSI: -103
[P1_RX] Time: 9ms, Receiver: 14, Sender: 6, RSSI: -104
[P1_RX] Time: 9ms, Receiver: 2, Sender: 6, RSSI: -104
[P1_RX] Time: 9ms, Receiver: 5, Sender: 6, RSSI: -105
[P1_RX] Time: 9ms, Receiver: 19, Sender: 6, RSSI: -105
[P1_RX] Time: 9ms, Receiver: 24, Sender: 6, RSSI: -105
[P1_RX] Time: 9ms, Receiver: 27, Sender: 6, RSSI: -107
[P1_RX] Time: 9ms, Receiver: 40, Sender: 6, RSSI: -108
[P1_RX] Time: 9ms, Receiver: 47, Sender: 6, RSSI: -108
[P1_ATTEMPT] Time: 10ms, Drone: 26
[P1_ATTEMPT] Time: 10ms, Drone: 20
[P1_SUCCESS] Time: 10ms, Drone: 25
[P1_RX] Time: 10ms, Receiver: 29, Sender: 25, RSSI: -93
[P1_RX] Time: 10ms, Receiver: 37, Sender: 25, RSSI: -95
[P1_RX] Time: 10ms, Receiver: 33, Sender: 25, RSSI: -99
[P1_RX] Time: 10ms, Receiver: 34, Sender: 25, RSSI: -103
[P1_RX] Time: 10ms, Receiver: 20, Sender: 25, RSSI: -104
[P1_RX] Time: 10ms, Receiver: 28, Sender: 25, RSSI: -104
[P1_RX] Time: 10ms, Receiver: 46, Sender: 25, RSSI: -106
[P1_ABORT] Time: 10ms, Drone: 20
[P1_ATTEMPT] Time: 10ms, Drone: 20
[P1_SUCCESS] Time: 11ms, Drone: 26
[P1_RX] Time: 11ms, Receiver: 42, Sender: 26, RSSI: -94
[P1_RX] Time: 11ms, Receiver: 23, Sender: 26, RSSI: -97
[P1_RX] Time: 11ms, Receiver: 14, Sender: 26, RSSI: -99
[P1_RX] Time: 11ms, Receiver: 24, Sender: 26, RSSI: -99
[P1_RX] Time: 11ms, Receiver: 2, Sender: 26, RSSI: -101
[P1_RX] Time: 11ms, Receiver: 0, Sender: 26, RSSI: -101
[P1_RX] Time: 11ms, Receiver: 6, Sender: 26, RSSI: -102
[P1_RX] Time: 11ms, Receiver: 30, Sender: 26, RSSI: -105
[P1_RX] Time: 11ms, Receiver: 7, Sender: 26, RSSI: -106
[P1_RX] Time: 11ms, Receiver: 39, Sender: 26, RSSI: -107
[P1_RX] Time: 11ms, Receiver: 19, Sender: 26, RSSI: -108
[P1_ATTEMPT] Time: 11ms, Drone: 48
[P1_ABORT] Time: 11ms, Drone: 48
[P1_ATTEMPT] Time: 11ms, Drone: 48
[P1_ATTEMPT] Time: 11ms, Drone: 28
[P1_ATTEMPT] Time: 11ms, Drone: 42
[P1_ABORT] Time: 11ms, Drone: 48
[P1_ATTEMPT] Time: 11ms, Drone: 48
[P1_ABORT] Time: 11ms, Drone: 28
[P1_ATTEMPT] Time: 11ms, Drone: 28
[P1_ABORT] Time: 11ms, Drone: 48
[P1_ATTEMPT] Time: 11ms, Drone: 48
[P1_ABORT] Time: 11ms, Drone: 28
[P1_ATTEMPT] Time: 11ms, Drone: 28
[P1_ABORT] Time: 11ms, Drone: 48
[P1_ATTEMPT] Time: 11ms, Drone: 48
[P1_SUCCESS] Time: 11ms, Drone: 20
[P1_RX] Time: 11ms, Receiver: 29, Sender: 20, RSSI: -103
[P1_RX] Time: 11ms, Receiver: 44, Sender: 20, RSSI: -103
[P1_RX] Time: 11ms, Receiver: 37, Sender: 20, RSSI: -103
[P1_RX] Time: 11ms, Receiver: 25, Sender: 20, RSSI: -104
[P1_RX] Time: 11ms, Receiver: 34, Sender: 20, RSSI: -105
[P1_RX] Time: 11ms, Receiver: 28, Sender: 20, RSSI: -105
[P1_RX] Time: 11ms, Receiver: 33, Sender: 20, RSSI: -105
[P1_RX] Time: 11ms, Receiver: 4, Sender: 20, RSSI: -106
[P1_RX] Time: 11ms, Receiver: 46, Sender: 20, RSSI: -107
[P1_RX] Time: 11ms, Receiver: 49, Sender: 20, RSSI: -107
[P1_ABORT] Time: 11ms, Drone: 28
[P1_ATTEMPT] Time: 11ms, Drone: 28
[P1_ABORT] Time: 11ms, Drone: 48
[P1_ATTEMPT] Time: 11ms, Drone: 48
[P1_ATTEMPT] Time: 11ms, Drone: 38
[P1_ABORT] Time: 11ms, Drone: 48
[P1_ATTEMPT] Time: 11ms, Drone: 48
[P1_ATTEMPT] Time: 12ms, Drone: 21
[P1_ABORT] Time: 12ms, Drone: 48
[P1_ATTEMPT] Time: 12ms, Drone: 48
[P1_ABORT] Time: 12ms, Drone: 48
[P1_ATTEMPT] Time: 12ms, Drone: 48
[P1_SUCCESS] Time: 12ms, Drone: 42
[P1_RX] Time: 12ms, Receiver: 26, Sender: 42, RSSI: -94
[P1_RX] Time: 12ms, Receiver: 2, Sender: 42, RSSI: -96
[P1_RX] Time: 12ms, Receiver: 23, Sender: 42, RSSI: -97
[P1_RX] Time: 12ms, Receiver: 24, Sender: 42, RSSI: -98
[P1_RX] Time: 12ms, Receiver: 0, Sender: 42, RSSI: -98
[P1_RX] Time: 12ms, Receiver: 6, Sender: 42, RSSI: -98
[P1_RX] Time: 12ms, Receiver: 14, Sender: 42, RSSI: -102
[P1_RX] Time: 12ms, Receiver: 19, Sender: 42, RSSI: -103
[P1_RX] Time: 12ms, Receiver: 39, Sender: 42, RSSI: -103
[P1_RX] Time: 12ms, Receiver: 35, Sender: 42, RSSI: -105
[P1_RX] Time: 12ms, Receiver: 5, Sender: 42, RSSI: -106
[P1_RX] Time: 12ms, Receiver: 9, Sender: 42, RSSI: -107
[P1_RX] Time: 12ms, Receiver: 40, Sender: 42, RSSI: -107
[P1_RX] Time: 12ms, Receiver: 30, Sender: 42, RSSI: -108
[P1_ABORT] Time: 12ms, Drone: 48
[P1_ATTEMPT] Time: 12ms, Drone: 48
[P1_ATTEMPT] Time: 12ms, Drone: 4
[P1_ABORT] Time: 12ms, Drone: 4
[P1_ATTEMPT] Time: 12ms, Drone: 4
[P1_SUCCESS] Time: 12ms, Drone: 28
[P1_RX] Time: 12ms, Receiver: 34, Sender: 28, RSSI: -78
[P1_RX] Time: 12ms, Receiver: 46, Sender: 28, RSSI: -82
[P1_RX] Time: 12ms, Receiver: 44, Sender: 28, RSSI: -99
[P1_RX] Time: 12ms, Receiver: 37, Sender: 28, RSSI: -103
[P1_RX] Time: 12ms, Receiver: 25, Sender: 28, RSSI: -104
[P1_RX] Time: 12ms, Receiver: 20, Sender: 28, RSSI: -104
[P1_ABORT] Time: 12ms, Drone: 4
[P1_ATTEMPT] Time: 12ms, Drone: 4
[P1_SUCCESS] Time: 12ms, Drone: 38
[P1_RX] Time: 12ms, Receiver: 11, Sender: 38, RSSI: -94
[P1_RX] Time: 12ms, Receiver: 43, Sender: 38, RSSI: -96
[P1_RX] Time: 12ms, Receiver: 8, Sender: 38, RSSI: -103
[P1_ATTEMPT] Time: 12ms, Drone: 43
[P1_ABORT] Time: 12ms, Drone: 4
[P1_ATTEMPT] Time: 12ms, Drone: 4
[P1_SUCCESS] Time: 12ms, Drone: 21
[P1_RX] Time: 12ms, Receiver: 16, Sender: 21, RSSI: -96
[P1_RX] Time: 12ms, Receiver: 47, Sender: 21, RSSI: -103
[P1_RX] Time: 12ms, Receiver: 40, Sender: 21, RSSI: -106
[P1_RX] Time: 12ms, Receiver: 41, Sender: 21, RSSI: -106
[P1_ABORT] Time: 13ms, Drone: 43
[P1_ATTEMPT] Time: 13ms, Drone: 43
[P1_ABORT] Time: 13ms, Drone: 4
[P1_ATTEMPT] Time: 13ms, Drone: 4
[P1_ABORT] Time: 13ms, Drone: 4
[P1_ATTEMPT] Time: 13ms, Drone: 4
[P1_SUCCESS] Time: 13ms, Drone: 48
[P1_RX] Time: 13ms, Receiver: 13, Sender: 48, RSSI: -93
[P1_RX] Time: 13ms, Receiver: 24, Sender: 48, RSSI: -95
[P1_RX] Time: 13ms, Receiver: 2, Sender: 48, RSSI: -98
[P1_RX] Time: 13ms, Receiver: 31, Sender: 48, RSSI: -101
[P1_RX] Time: 13ms, Receiver: 14, Sender: 48, RSSI: -104
[P1_RX] Time: 13ms, Receiver: 30, Sender: 48, RSSI: -104
[P1_RX] Time: 13ms, Receiver: 23, Sender: 48, RSSI: -104
[P1_RX] Time: 13ms, Receiver: 42, Sender: 48, RSSI: -104
[P1_RX] Time: 13ms, Receiver: 26, Sender: 48, RSSI: -105
[P1_RX] Time: 13ms, Receiver: 0, Sender: 48, RSSI: -105
[P1_RX] Time: 13ms, Receiver: 12, Sender: 48, RSSI: -106
[P1_ABORT] Time: 13ms, Drone: 4
[P1_ATTEMPT] Time: 13ms, Drone: 4
[P1_ATTEMPT] Time: 13ms, Drone: 49
[P1_ABORT] Time: 13ms, Drone: 49
[P1_ATTEMPT] Time: 13ms, Drone: 49
[P1_ABORT] Time: 13ms, Drone: 49
[P1_ATTEMPT] Time: 13ms, Drone: 49
[P1_ATTEMPT] Time: 13ms, Drone: 11
[P1_SUCCESS] Time: 13ms, Drone: 43
[P1_RX] Time: 13ms, Receiver: 15, Sender: 43, RSSI: -93
[P1_RX] Time: 13ms, Receiver: 38, Sender: 43, RSSI: -96
[P1_RX] Time: 13ms, Receiver: 21, Sender: 43, RSSI: -99
[P1_RX] Time: 13ms, Receiver: 18, Sender: 43, RSSI: -99
[P1_RX] Time: 13ms, Receiver: 11, Sender: 43, RSSI: -100
[P1_RX] Time: 13ms, Receiver: 32, Sender: 43, RSSI: -101
[P1_RX] Time: 13ms, Receiver: 10, Sender: 43, RSSI: -102
[P1_RX] Time: 13ms, Receiver: 17, Sender: 43, RSSI: -103
[P1_RX] Time: 13ms, Receiver: 16, Sender: 43, RSSI: -103
[P1_RX] Time: 13ms, Receiver: 3, Sender: 43, RSSI: -104
[P1_RX] Time: 13ms, Receiver: 49, Sender: 43, RSSI: -105
[P1_RX] Time: 13ms, Receiver: 27, Sender: 43, RSSI: -106
[P1_RX] Time: 13ms, Receiver: 8, Sender: 43, RSSI: -107
[P1_ABORT] Time: 13ms, Drone: 49
[P1_ATTEMPT] Time: 13ms, Drone: 49
[P1_ATTEMPT] Time: 13ms, Drone: 18
[P1_ABORT] Time: 14ms, Drone: 11
[P1_ATTEMPT] Time: 14ms, Drone: 11
[P1_SUCCESS] Time: 14ms, Drone: 4
[P1_RX] Time: 14ms, Receiver: 48, Sender: 4, RSSI: -94
[P1_RX] Time: 14ms, Receiver: 2, Sender: 4, RSSI: -101
[P1_RX] Time: 14ms, Receiver: 24, Sender: 4, RSSI: -102
[P1_RX] Time: 14ms, Receiver: 20, Sender: 4, RSSI: -105
[P1_RX] Time: 14ms, Receiver: 42, Sender: 4, RSSI: -107
[P1_RX] Time: 14ms, Receiver: 25, Sender: 4, RSSI: -106
[P1_RX] Time: 14ms, Receiver: 23, Sender: 4, RSSI: -107
[P1_RX] Time: 14ms, Receiver: 0, Sender: 4, RSSI: -107
[P1_RX] Time: 14ms, Receiver: 14, Sender: 4, RSSI: -108
[P1_SUCCESS] Time: 14ms, Drone: 49
[P1_RX] Time: 14ms, Receiver: 3, Sender: 49, RSSI: -80
[P1_RX] Time: 14ms, Receiver: 8, Sender: 49, RSSI: -101
[P1_RX] Time: 14ms, Receiver: 20, Sender: 49, RSSI: -105
[P1_SUCCESS] Time: 14ms, Drone: 18
[P1_RX] Time: 14ms, Receiver: 21, Sender: 18, RSSI: -78
[P1_RX] Time: 14ms, Receiver: 17, Sender: 18, RSSI: -86
[P1_RX] Time: 14ms, Receiver: 16, Sender: 18, RSSI: -93
[P1_RX] Time: 14ms, Receiver: 32, Sender: 18, RSSI: -97
[P1_RX] Time: 14ms, Receiver: 43, Sender: 18, RSSI: -96
[P1_RX] Time: 14ms, Receiver: 47, Sender: 18, RSSI: -101
[P1_RX] Time: 14ms, Receiver: 40, Sender: 18, RSSI: -103
[P1_RX] Time: 14ms, Receiver: 19, Sender: 18, RSSI: -104
[P1_SUCCESS] Time: 14ms, Drone: 11
[P1_RX] Time: 14ms, Receiver: 38, Sender: 11, RSSI: -93
[P1_RX] Time: 14ms, Receiver: 10, Sender: 11, RSSI: -102
[P1_ATTEMPT] Time: 15ms, Drone: 34
[P1_ATTEMPT] Time: 15ms, Drone: 47
[P1_ATTEMPT] Time: 15ms, Drone: 40
[P1_ABORT] Time: 16ms, Drone: 40
[P1_ATTEMPT] Time: 16ms, Drone: 40
[P1_ABORT] Time: 16ms, Drone: 40
[P1_ATTEMPT] Time: 16ms, Drone: 40
[P1_SUCCESS] Time: 16ms, Drone: 34
[P1_RX] Time: 16ms, Receiver: 28, Sender: 34, RSSI: -78
[P1_RX] Time: 16ms, Receiver: 46, Sender: 34, RSSI: -87
[P1_RX] Time: 16ms, Receiver: 44, Sender: 34, RSSI: -101
[P1_RX] Time: 16ms, Receiver: 37, Sender: 34, RSSI: -102
[P1_RX] Time: 16ms, Receiver: 25, Sender: 34, RSSI: -103
[P1_RX] Time: 16ms, Receiver: 20, Sender: 34, RSSI: -104
[P1_RX] Time: 16ms, Receiver: 29, Sender: 34, RSSI: -104
[P1_RX] Time: 16ms, Receiver: 33, Sender: 34, RSSI: -106
[P1_SUCCESS] Time: 16ms, Drone: 47
[P1_RX] Time: 16ms, Receiver: 40, Sender: 47, RSSI: -91
[P1_RX] Time: 16ms, Receiver: 19, Sender: 47, RSSI: -92
[P1_RX] Time: 16ms, Receiver: 27, Sender: 47, RSSI: -95
[P1_RX] Time: 16ms, Receiver: 41, Sender: 47, RSSI: -97
[P1_RX] Time: 16ms, Receiver: 16, Sender: 47, RSSI: -97
[P1_RX] Time: 16ms, Receiver: 32, Sender: 47, RSSI: -99
[P1_RX] Time: 16ms, Receiver: 1, Sender: 47, RSSI: -99
[P1_RX] Time: 16ms, Receiver: 17, Sender: 47, RSSI: -101
[P1_RX] Time: 16ms, Receiver: 5, Sender: 47, RSSI: -102
[P1_RX] Time: 16ms, Receiver: 35, Sender: 47, RSSI: -102
[P1_RX] Time: 16ms, Receiver: 18, Sender: 47, RSSI: -103
[P1_RX] Time: 16ms, Receiver: 21, Sender: 47, RSSI: -104
[P1_RX] Time: 16ms, Receiver: 45, Sender: 47, RSSI: -105
[P1_RX] Time: 16ms, Receiver: 15, Sender: 47, RSSI: -105
[P1_RX] Time: 16ms, Receiver: 2, Sender: 47, RSSI: -106
[P1_RX] Time: 16ms, Receiver: 11, Sender: 47, RSSI: -106
[P1_RX] Time: 16ms, Receiver: 43, Sender: 47, RSSI: -106
[P1_RX] Time: 16ms, Receiver: 9, Sender: 47, RSSI: -107
[P1_RX] Time: 16ms, Receiver: 36, Sender: 47, RSSI: -107
[P1_RX] Time: 16ms, Receiver: 42, Sender: 47, RSSI: -107
[P1_RX] Time: 16ms, Receiver: 39, Sender: 47, RSSI: -108
[P1_RX] Time: 16ms, Receiver: 3, Sender: 47, RSSI: -107
[P1_RX] Time: 16ms, Receiver: 22, Sender: 47, RSSI: -108
[P1_RX] Time: 16ms, Receiver: 13, Sender: 47, RSSI: -108
[P1_RX] Time: 16ms, Receiver: 6, Sender: 47, RSSI: -109
[P1_ABORT] Time: 16ms, Drone: 40
[P1_ATTEMPT] Time: 16ms, Drone: 40
[P1_ATTEMPT] Time: 16ms, Drone: 41
[P1_ATTEMPT] Time: 16ms, Drone: 24
[P1_ABORT] Time: 16ms, Drone: 41
[P1_ATTEMPT] Time: 16ms, Drone: 41
[P1_ABORT] Time: 16ms, Drone: 24
[P1_ATTEMPT] Time: 16ms, Drone: 24
[P1_ABORT] Time: 17ms, Drone: 41
[P1_ATTEMPT] Time: 17ms, Drone: 41
[P1_ABORT] Time: 17ms, Drone: 24
[P1_ATTEMPT] Time: 17ms, Drone: 24
[P1_ABORT] Time: 17ms, Drone: 41
[P1_ATTEMPT] Time: 17ms, Drone: 41
[P1_SUCCESS] Time: 17ms, Drone: 40
[P1_RX] Time: 17ms, Receiver: 47, Sender: 40, RSSI: -91
[P1_RX] Time: 17ms, Receiver: 19, Sender: 40, RSSI: -92
[P1_RX] Time: 17ms, Receiver: 41, Sender: 40, RSSI: -95
[P1_RX] Time: 17ms, Receiver: 5, Sender: 40, RSSI: -98
[P1_RX] Time: 17ms, Receiver: 35, Sender: 40, RSSI: -99
[P1_RX] Time: 17ms, Receiver: 27, Sender: 40, RSSI: -101
[P1_RX] Time: 17ms, Receiver: 16, Sender: 40, RSSI: -102
[P1_RX] Time: 17ms, Receiver: 1, Sender: 40, RSSI: -103
[P1_RX] Time: 17ms, Receiver: 17, Sender: 40, RSSI: -104
[P1_RX] Time: 17ms, Receiver: 32, Sender: 40, RSSI: -104
[P1_RX] Time: 17ms, Receiver: 36, Sender: 40, RSSI: -104
[P1_RX] Time: 17ms, Receiver: 18, Sender: 40, RSSI: -106
[P1_RX] Time: 17ms, Receiver: 39, Sender: 40, RSSI: -106
[P1_RX] Time: 17ms, Receiver: 9, Sender: 40, RSSI: -107
[P1_RX] Time: 17ms, Receiver: 42, Sender: 40, RSSI: -107
[P1_RX] Time: 17ms, Receiver: 2, Sender: 40, RSSI: -107
[P1_RX] Time: 17ms, Receiver: 22, Sender: 40, RSSI: -107
[P1_RX] Time: 17ms, Receiver: 21, Sender: 40, RSSI: -107
[P1_RX] Time: 17ms, Receiver: 45, Sender: 40, RSSI: -108
[P1_RX] Time: 17ms, Receiver: 11, Sender: 40, RSSI: -109
[P1_RX] Time: 17ms, Receiver: 0, Sender: 40, RSSI: -109
[P1_ABORT] Time: 17ms, Drone: 41
[P1_ATTEMPT] Time: 17ms, Drone: 41
[P1_ATTEMPT] Time: 17ms, Drone: 39
[P1_ABORT] Time: 17ms, Drone: 39
[P1_ATTEMPT] Time: 17ms, Drone: 39
[P1_SUCCESS] Time: 18ms, Drone: 24
[P1_RX] Time: 18ms, Receiver: 2, Sender: 24, RSSI: -89
[P1_RX] Time: 18ms, Receiver: 48, Sender: 24, RSSI: -95
[P1_RX] Time: 18ms, Receiver: 13, Sender: 24, RSSI: -98
[P1_RX] Time: 18ms, Receiver: 42, Sender: 24, RSSI: -98
[P1_RX] Time: 18ms, Receiver: 23, Sender: 24, RSSI: -98
[P1_RX] Time: 18ms, Receiver: 26, Sender: 24, RSSI: -99
[P1_RX] Time: 18ms, Receiver: 14, Sender: 24, RSSI: -99
[P1_RX] Time: 18ms, Receiver: 0, Sender: 24, RSSI: -101
[P1_RX] Time: 18ms, Receiver: 4, Sender: 24, RSSI: -102
[P1_RX] Time: 18ms, Receiver: 45, Sender: 24, RSSI: -103
[P1_RX] Time: 18ms, Receiver: 30, Sender: 24, RSSI: -103
[P1_RX] Time: 18ms, Receiver: 31, Sender: 24, RSSI: -104
[P1_RX] Time: 18ms, Receiver: 6, Sender: 24, RSSI: -106
[P1_RX] Time: 18ms, Receiver: 12, Sender: 24, RSSI: -108
[P1_ABORT] Time: 18ms, Drone: 39
[P1_ATTEMPT] Time: 18ms, Drone: 39
[P1_ATTEMPT] Time: 18ms, Drone: 15
[P1_ATTEMPT] Time: 18ms, Drone: 22
[P1_SUCCESS] Time: 18ms, Drone: 41
[P1_RX] Time: 18ms, Receiver: 36, Sender: 41, RSSI: -101
[P1_RX] Time: 18ms, Receiver: 22, Sender: 41, RSSI: -103
[P1_RX] Time: 18ms, Receiver: 17, Sender: 41, RSSI: -104
[P1_RX] Time: 18ms, Receiver: 18, Sender: 41, RSSI: -106
[P1_RX] Time: 18ms, Receiver: 11, Sender: 41, RSSI: -107
[P1_RX] Time: 18ms, Receiver: 21, Sender: 41, RSSI: -107
[P1_ABORT] Time: 18ms, Drone: 22
[P1_ATTEMPT] Time: 18ms, Drone: 22
[P1_ATTEMPT] Time: 18ms, Drone: 45
[P1_ABORT] Time: 18ms, Drone: 45
[P1_ATTEMPT] Time: 18ms, Drone: 45
[P1_ATTEMPT] Time: 18ms, Drone: 27
[P1_ABORT] Time: 18ms, Drone: 45
[P1_ATTEMPT] Time: 18ms, Drone: 45
[P1_SUCCESS] Time: 18ms, Drone: 39
[P1_RX] Time: 18ms, Receiver: 6, Sender: 39, RSSI: -95
[P1_RX] Time: 18ms, Receiver: 35, Sender: 39, RSSI: -97
[P1_RX] Time: 18ms, Receiver: 9, Sender: 39, RSSI: -97
[P1_RX] Time: 18ms, Receiver: 5, Sender: 39, RSSI: -99
[P1_RX] Time: 18ms, Receiver: 42, Sender: 39, RSSI: -103
[P1_RX] Time: 18ms, Receiver: 19, Sender: 39, RSSI: -104
[P1_RX] Time: 18ms, Receiver: 0, Sender: 39, RSSI: -105
[P1_RX] Time: 18ms, Receiver: 23, Sender: 39, RSSI: -107
[P1_RX] Time: 18ms, Receiver: 26, Sender: 39, RSSI: -107
[P1_ABORT] Time: 19ms, Drone: 27
[P1_ATTEMPT] Time: 19ms, Drone: 27
[P1_ABORT] Time: 19ms, Drone: 45
[P1_ATTEMPT] Time: 19ms, Drone: 45
[P1_SUCCESS] Time: 19ms, Drone: 15
[P1_RX] Time: 19ms, Receiver: 43, Sender: 15, RSSI: -93
[P1_RX] Time: 19ms, Receiver: 32, Sender: 15, RSSI: -95
[P1_RX] Time: 19ms, Receiver: 1, Sender: 15, RSSI: -98
[P1_RX] Time: 19ms, Receiver: 18, Sender: 15, RSSI: -100
[P1_RX] Time: 19ms, Receiver: 16, Sender: 15, RSSI: -100
[P1_RX] Time: 19ms, Receiver: 21, Sender: 15, RSSI: -100
[P1_RX] Time: 19ms, Receiver: 3, Sender: 15, RSSI: -102
[P1_RX] Time: 19ms, Receiver: 17, Sender: 15, RSSI: -102
[P1_RX] Time: 19ms, Receiver: 49, Sender: 15, RSSI: -103
[P1_RX] Time: 19ms, Receiver: 38, Sender: 15, RSSI: -103
[P1_RX] Time: 19ms, Receiver: 33, Sender: 15, RSSI: -103
[P1_RX] Time: 19ms, Receiver: 4, Sender: 15, RSSI: -103
[P1_RX] Time: 19ms, Receiver: 31, Sender: 15, RSSI: -104
[P1_RX] Time: 19ms, Receiver: 11, Sender: 15, RSSI: -104
[P1_RX] Time: 19ms, Receiver: 37, Sender: 15, RSSI: -105
[P1_RX] Time: 19ms, Receiver: 10, Sender: 15, RSSI: -106
[P1_RX] Time: 19ms, Receiver: 29, Sender: 15, RSSI: -106
[P1_RX] Time: 19ms, Receiver: 13, Sender: 15, RSSI: -105
[P1_RX] Time: 19ms, Receiver: 48, Sender: 15, RSSI: -107
[P1_RX] Time: 19ms, Receiver: 8, Sender: 15, RSSI: -108
[P1_ABORT] Time: 19ms, Drone: 27
[P1_ATTEMPT] Time: 19ms, Drone: 27
[P1_ABORT] Time: 19ms, Drone: 45
[P1_ATTEMPT] Time: 19ms, Drone: 45
[P1_SUCCESS] Time: 19ms, Drone: 22
[P1_RX] Time: 19ms, Receiver: 41, Sender: 22, RSSI: -101
[P1_ATTEMPT] Time: 19ms, Drone: 33
[P1_ABORT] Time: 19ms, Drone: 33
[P1_ATTEMPT] Time: 19ms, Drone: 33
[P1_ABORT] Time: 19ms, Drone: 33
[P1_ATTEMPT] Time: 19ms, Drone: 33
[P1_ABORT] Time: 19ms, Drone: 33
[P1_ATTEMPT] Time: 19ms, Drone: 33
[P1_ATTEMPT] Time: 19ms, Drone: 36
[P1_ATTEMPT] Time: 19ms, Drone: 7
[P1_ABORT] Time: 19ms, Drone: 33
[P1_ATTEMPT] Time: 19ms, Drone: 33
[P1_ABORT] Time: 19ms, Drone: 36
[P1_ATTEMPT] Time: 19ms, Drone: 36
[P1_SUCCESS] Time: 20ms, Drone: 27
[P1_RX] Time: 20ms, Receiver: 47, Sender: 27, RSSI: -95
[P1_RX] Time: 20ms, Receiver: 19, Sender: 27, RSSI: -97
[P1_RX] Time: 20ms, Receiver: 41, Sender: 27, RSSI: -100
[P1_RX] Time: 20ms, Receiver: 40, Sender: 27, RSSI: -100
[P1_RX] Time: 20ms, Receiver: 16, Sender: 27, RSSI: -101
[P1_RX] Time: 20ms, Receiver: 5, Sender: 27, RSSI: -103
[P1_RX] Time: 20ms, Receiver: 17, Sender: 27, RSSI: -103
[P1_RX] Time: 20ms, Receiver: 9, Sender: 27, RSSI: -104
[P1_RX] Time: 20ms, Receiver: 18, Sender: 27, RSSI: -104
[P1_RX] Time: 20ms, Receiver: 43, Sender: 27, RSSI: -103
[P1_ABORT] Time: 20ms, Drone: 33
[P1_ATTEMPT] Time: 20ms, Drone: 33
[P1_SUCCESS] Time: 20ms, Drone: 45
[P1_RX] Time: 20ms, Receiver: 31, Sender: 45, RSSI: -90
[P1_RX] Time: 20ms, Receiver: 13, Sender: 45, RSSI: -96
[P1_RX] Time: 20ms, Receiver: 2, Sender: 45, RSSI: -99
[P1_RX] Time: 20ms, Receiver: 4, Sender: 45, RSSI: -100
[P1_RX] Time: 20ms, Receiver: 0, Sender: 45, RSSI: -101
[P1_RX] Time: 20ms, Receiver: 48, Sender: 45, RSSI: -102
[P1_RX] Time: 20ms, Receiver: 24, Sender: 45, RSSI: -102
[P1_RX] Time: 20ms, Receiver: 23, Sender: 45, RSSI: -103
[P1_RX] Time: 20ms, Receiver: 33, Sender: 45, RSSI: -104
[P1_RX] Time: 20ms, Receiver: 14, Sender: 45, RSSI: -105
[P1_RX] Time: 20ms, Receiver: 29, Sender: 45, RSSI: -106
[P1_RX] Time: 20ms, Receiver: 30, Sender: 45, RSSI: -107
[P1_RX] Time: 20ms, Receiver: 37, Sender: 45, RSSI: -107
[P1_RX] Time: 20ms, Receiver: 12, Sender: 45, RSSI: -108
[P1_ABORT] Time: 20ms, Drone: 33
[P1_ATTEMPT] Time: 20ms, Drone: 33
[P1_ATTEMPT] Time: 20ms, Drone: 9
[P1_ATTEMPT] Time: 20ms, Drone: 23
[P1_ABORT] Time: 20ms, Drone: 23
[P1_ATTEMPT] Time: 20ms, Drone: 23
[P1_ABORT] Time: 20ms, Drone: 23
[P1_ATTEMPT] Time: 20ms, Drone: 23
[P1_ABORT] Time: 20ms, Drone: 23
[P1_ATTEMPT] Time: 20ms, Drone: 23
[P1_SUCCESS] Time: 20ms, Drone: 7
[P1_RX] Time: 20ms, Receiver: 30, Sender: 7, RSSI: -94
[P1_RX] Time: 20ms, Receiver: 14, Sender: 7, RSSI: -101
[P1_RX] Time: 20ms, Receiver: 12, Sender: 7, RSSI: -103
[P1_RX] Time: 20ms, Receiver: 23, Sender: 7, RSSI: -105
[P1_RX] Time: 20ms, Receiver: 26, Sender: 7, RSSI: -106
[P1_RX] Time: 20ms, Receiver: 24, Sender: 7, RSSI: -106
[P1_SUCCESS] Time: 20ms, Drone: 36
[P1_RX] Time: 20ms, Receiver: 22, Sender: 36, RSSI: -99
[P1_RX] Time: 20ms, Receiver: 5, Sender: 36, RSSI: -100
[P1_RX] Time: 20ms, Receiver: 41, Sender: 36, RSSI: -101
[P1_RX] Time: 20ms, Receiver: 40, Sender: 36, RSSI: -104
[P1_ABORT] Time: 20ms, Drone: 23
[P1_ATTEMPT] Time: 20ms, Drone: 23
[P1_SUCCESS] Time: 21ms, Drone: 33
[P1_RX] Time: 21ms, Receiver: 29, Sender: 33, RSSI: -89
[P1_RX] Time: 21ms, Receiver: 37, Sender: 33, RSSI: -90
[P1_RX] Time: 21ms, Receiver: 25, Sender: 33, RSSI: -98
[P1_RX] Time: 21ms, Receiver: 4, Sender: 33, RSSI: -102
[P1_RX] Time: 21ms, Receiver: 15, Sender: 33, RSSI: -103
[P1_RX] Time: 21ms, Receiver: 45, Sender: 33, RSSI: -103
[P1_RX] Time: 21ms, Receiver: 20, Sender: 33, RSSI: -105
[P1_RX] Time: 21ms, Receiver: 43, Sender: 33, RSSI: -105
[P1_RX] Time: 21ms, Receiver: 28, Sender: 33, RSSI: -107
[P1_RX] Time: 21ms, Receiver: 1, Sender: 33, RSSI: -105
[P1_SUCCESS] Time: 21ms, Drone: 9
[P1_RX] Time: 21ms, Receiver: 6, Sender: 9, RSSI: -100
[P1_ATTEMPT] Time: 21ms, Drone: 2
[P1_ABORT] Time: 21ms, Drone: 2
[P1_ATTEMPT] Time: 21ms, Drone: 2
[P1_ABORT] Time: 21ms, Drone: 2
[P1_ATTEMPT] Time: 21ms, Drone: 2
[P1_ABORT] Time: 21ms, Drone: 2
[P1_ATTEMPT] Time: 21ms, Drone: 2
[P1_ABORT] Time: 21ms, Drone: 2
[P1_ATTEMPT] Time: 21ms, Drone: 2
[P1_SUCCESS] Time: 21ms, Drone: 23
[P1_RX] Time: 21ms, Receiver: 14, Sender: 23, RSSI: -89
[P1_RX] Time: 21ms, Receiver: 0, Sender: 23, RSSI: -89
[P1_RX] Time: 21ms, Receiver: 26, Sender: 23, RSSI: -97
[P1_RX] Time: 21ms, Receiver: 42, Sender: 23, RSSI: -97
[P1_RX] Time: 21ms, Receiver: 2, Sender: 23, RSSI: -98
[P1_RX] Time: 21ms, Receiver: 24, Sender: 23, RSSI: -98
[P1_RX] Time: 21ms, Receiver: 6, Sender: 23, RSSI: -100
[P1_RX] Time: 21ms, Receiver: 30, Sender: 23, RSSI: -102
[P1_RX] Time: 21ms, Receiver: 13, Sender: 23, RSSI: -103
[P1_RX] Time: 21ms, Receiver: 45, Sender: 23, RSSI: -105
[P1_RX] Time: 21ms, Receiver: 48, Sender: 23, RSSI: -105
[P1_RX] Time: 21ms, Receiver: 7, Sender: 23, RSSI: -105
[P1_RX] Time: 21ms, Receiver: 31, Sender: 23, RSSI: -106
[P1_RX] Time: 21ms, Receiver: 39, Sender: 23, RSSI: -107
[P1_RX] Time: 21ms, Receiver: 19, Sender: 23, RSSI: -107
[P1_RX] Time: 21ms, Receiver: 4, Sender: 23, RSSI: -108
[P1_RX] Time: 21ms, Receiver: 12, Sender: 23, RSSI: -108
[P1_ABORT] Time: 21ms, Drone: 2
[P1_ATTEMPT] Time: 21ms, Drone: 2
[P1_ATTEMPT] Time: 22ms, Drone: 0
[P1_ATTEMPT] Time: 22ms, Drone: 14
[P1_ABORT] Time: 22ms, Drone: 0
[P1_ATTEMPT] Time: 22ms, Drone: 0
[P1_ABORT] Time: 22ms, Drone: 14
[P1_ATTEMPT] Time: 22ms, Drone: 14
[P1_ABORT] Time: 22ms, Drone: 0
[P1_ATTEMPT] Time: 22ms, Drone: 0
[P1_ABORT] Time: 22ms, Drone: 14
[P1_ATTEMPT] Time: 22ms, Drone: 14
[P1_SUCCESS] Time: 22ms, Drone: 2
[P1_ABORT] Time: 22ms, Drone: 0
[P1_ATTEMPT] Time: 22ms, Drone: 0
[P1_RX] Time: 22ms, Receiver: 24, Sender: 2, RSSI: -89
[P1_RX] Time: 22ms, Receiver: 42, Sender: 2, RSSI: -96
[P1_RX] Time: 22ms, Receiver: 13, Sender: 2, RSSI: -97
[P1_RX] Time: 22ms, Receiver: 23, Sender: 2, RSSI: -98
[P1_RX] Time: 22ms, Receiver: 48, Sender: 2, RSSI: -98
[P1_RX] Time: 22ms, Receiver: 0, Sender: 2, RSSI: -98
[P1_RX] Time: 22ms, Receiver: 45, Sender: 2, RSSI: -99
[P1_RX] Time: 22ms, Receiver: 14, Sender: 2, RSSI: -101
[P1_RX] Time: 22ms, Receiver: 26, Sender: 2, RSSI: -101
[P1_RX] Time: 22ms, Receiver: 4, Sender: 2, RSSI: -102
[P1_RX] Time: 22ms, Receiver: 31, Sender: 2, RSSI: -102
[P1_RX] Time: 22ms, Receiver: 19, Sender: 2, RSSI: -103
[P1_RX] Time: 22ms, Receiver: 1, Sender: 2, RSSI: -105
[P1_RX] Time: 22ms, Receiver: 6, Sender: 2, RSSI: -105
[P1_RX] Time: 22ms, Receiver: 32, Sender: 2, RSSI: -105
[P1_RX] Time: 22ms, Receiver: 30, Sender: 2, RSSI: -106
[P1_RX] Time: 22ms, Receiver: 27, Sender: 2, RSSI: -106
[P1_RX] Time: 22ms, Receiver: 47, Sender: 2, RSSI: -106
[P1_RX] Time: 22ms, Receiver: 40, Sender: 2, RSSI: -107
[P1_RX] Time: 22ms, Receiver: 16, Sender: 2, RSSI: -108
[P1_RX] Time: 22ms, Receiver: 35, Sender: 2, RSSI: -108
[P1_RX] Time: 22ms, Receiver: 39, Sender: 2, RSSI: -108
[P1_RX] Time: 22ms, Receiver: 15, Sender: 2, RSSI: -109
[P1_ABORT] Time: 22ms, Drone: 14
[P1_ATTEMPT] Time: 22ms, Drone: 14
[P1_ABORT] Time: 22ms, Drone: 0
[P1_ATTEMPT] Time: 22ms, Drone: 0
[P1_SUCCESS] Time: 23ms, Drone: 14
[P1_RX] Time: 23ms, Receiver: 23, Sender: 14, RSSI: -86
[P1_RX] Time: 23ms, Receiver: 30, Sender: 14, RSSI: -97
[P1_RX] Time: 23ms, Receiver: 26, Sender: 14, RSSI: -97
[P1_RX] Time: 23ms, Receiver: 24, Sender: 14, RSSI: -97
[P1_RX] Time: 23ms, Receiver: 7, Sender: 14, RSSI: -100
[P1_RX] Time: 23ms, Receiver: 12, Sender: 14, RSSI: -104
[P1_SUCCESS] Time: 23ms, Drone: 0
[P1_RX] Time: 23ms, Receiver: 6, Sender: 0, RSSI: -98
[P1_RX] Time: 23ms, Receiver: 45, Sender: 0, RSSI: -101
[P1_RX] Time: 23ms, Receiver: 9, Sender: 0, RSSI: -104
[P1_RX] Time: 23ms, Receiver: 39, Sender: 0, RSSI: -104
[P1_RX] Time: 23ms, Receiver: 19, Sender: 0, RSSI: -104
[P1_RX] Time: 23ms, Receiver: 27, Sender: 0, RSSI: -105
[P1_RX] Time: 23ms, Receiver: 35, Sender: 0, RSSI: -106
[P1_RX] Time: 23ms, Receiver: 5, Sender: 0, RSSI: -107
[P1_RX] Time: 23ms, Receiver: 1, Sender: 0, RSSI: -107
[P2_ATTEMPT] Time: 26ms, Drone: 6, Slot: 0, Channel: 22
[P2_ATTEMPT] Time: 26ms, Drone: 27, Slot: 0, Channel: 17
[P2_ATTEMPT] Time: 26ms, Drone: 33, Slot: 0, Channel: 14
[P2_ATTEMPT] Time: 26ms, Drone: 40, Slot: 0, Channel: 16
[P2_ATTEMPT] Time: 26ms, Drone: 42, Slot: 0, Channel: 24
[P2_ATTEMPT] Time: 26ms, Drone: 43, Slot: 0, Channel: 24
[P2_ATTEMPT] Time: 26ms, Drone: 48, Slot: 0, Channel: 20
[P2_ATTEMPT] Time: 26ms, Drone: 49, Slot: 0, Channel: 21
[P2_ATTEMPT] Time: 28ms, Drone: 1, Slot: 1, Channel: 22
[P2_ATTEMPT] Time: 28ms, Drone: 8, Slot: 1, Channel: 21
[P2_ATTEMPT] Time: 28ms, Drone: 17, Slot: 1, Channel: 16
[P2_ATTEMPT] Time: 28ms, Drone: 21, Slot: 1, Channel: 25
[P2_ATTEMPT] Time: 28ms, Drone: 38, Slot: 1, Channel: 25
[P2_ATTEMPT] Time: 28ms, Drone: 46, Slot: 1, Channel: 15
[P2_SUCCESS] Time: 28ms, Drone: 6
[P2_SUCCESS] Time: 28ms, Drone: 27
[P2_SUCCESS] Time: 28ms, Drone: 33
[P2_SUCCESS] Time: 28ms, Drone: 40
[P2_SUCCESS] Time: 28ms, Drone: 42
[P2_SUCCESS] Time: 28ms, Drone: 43
[P2_SUCCESS] Time: 28ms, Drone: 48
[P2_SUCCESS] Time: 28ms, Drone: 49
[P2_ATTEMPT] Time: 31ms, Drone: 2, Slot: 2, Channel: 15
[P2_ATTEMPT] Time: 31ms, Drone: 9, Slot: 2, Channel: 16
[P2_ATTEMPT] Time: 31ms, Drone: 15, Slot: 2, Channel: 19
[P2_ATTEMPT] Time: 31ms, Drone: 29, Slot: 2, Channel: 13
[P2_ATTEMPT] Time: 31ms, Drone: 34, Slot: 2, Channel: 25
[P2_ATTEMPT] Time: 31ms, Drone: 44, Slot: 2, Channel: 15
[P2_ATTEMPT] Time: 31ms, Drone: 45, Slot: 2, Channel: 22
[P2_SUCCESS] Time: 31ms, Drone: 1
[P2_SUCCESS] Time: 31ms, Drone: 8
[P2_SUCCESS] Time: 31ms, Drone: 17
[P2_SUCCESS] Time: 31ms, Drone: 21
[P2_SUCCESS] Time: 31ms, Drone: 38
[P2_SUCCESS] Time: 31ms, Drone: 46
[P2_RX] Time: 31ms, Receiver: 16, Sender: 1, RSSI: -89
[P2_RX] Time: 31ms, Receiver: 11, Sender: 38, RSSI: -92
[P2_RX] Time: 31ms, Receiver: 40, Sender: 17, RSSI: -104
[P2_RX] Time: 31ms, Receiver: 49, Sender: 8, RSSI: -104
[P2_ATTEMPT] Time: 33ms, Drone: 4, Slot: 3, Channel: 21
[P2_ATTEMPT] Time: 33ms, Drone: 47, Slot: 3, Channel: 25
[P2_SUCCESS] Time: 33ms, Drone: 2
[P2_SUCCESS] Time: 33ms, Drone: 9
[P2_SUCCESS] Time: 33ms, Drone: 15
[P2_SUCCESS] Time: 33ms, Drone: 29
[P2_SUCCESS] Time: 33ms, Drone: 34
[P2_SUCCESS] Time: 33ms, Drone: 44
[P2_SUCCESS] Time: 33ms, Drone: 45
[P2_RX] Time: 33ms, Receiver: 28, Sender: 34, RSSI: -78
[P2_RX] Time: 33ms, Receiver: 46, Sender: 34, RSSI: -87
[P2_RX] Time: 33ms, Receiver: 33, Sender: 29, RSSI: -89
[P2_RX] Time: 33ms, Receiver: 31, Sender: 45, RSSI: -90
[P2_RX] Time: 33ms, Receiver: 25, Sender: 29, RSSI: -93
[P2_RX] Time: 33ms, Receiver: 43, Sender: 15, RSSI: -93
[P2_RX] Time: 33ms, Receiver: 32, Sender: 15, RSSI: -95
[P2_RX] Time: 33ms, Receiver: 1, Sender: 45, RSSI: -102
[P2_RX] Time: 33ms, Receiver: 16, Sender: 45, RSSI: -106
[P2_ATTEMPT] Time: 36ms, Drone: 5, Slot: 4, Channel: 16
[P2_ATTEMPT] Time: 36ms, Drone: 7, Slot: 4, Channel: 17
[P2_ATTEMPT] Time: 36ms, Drone: 12, Slot: 4, Channel: 14
[P2_ATTEMPT] Time: 36ms, Drone: 24, Slot: 4, Channel: 23
[P2_SUCCESS] Time: 36ms, Drone: 4
[P2_SUCCESS] Time: 36ms, Drone: 47
[P2_RX] Time: 36ms, Receiver: 40, Sender: 47, RSSI: -91
[P2_RX] Time: 36ms, Receiver: 27, Sender: 47, RSSI: -95
[P2_RX] Time: 36ms, Receiver: 21, Sender: 47, RSSI: -105
[P2_RX] Time: 36ms, Receiver: 49, Sender: 4, RSSI: -106
[P2_RX] Time: 36ms, Receiver: 11, Sender: 47, RSSI: -106
[P2_ATTEMPT] Time: 38ms, Drone: 11, Slot: 5, Channel: 21
[P2_ATTEMPT] Time: 38ms, Drone: 13, Slot: 5, Channel: 20
[P2_ATTEMPT] Time: 38ms, Drone: 14, Slot: 5, Channel: 15
[P2_ATTEMPT] Time: 38ms, Drone: 19, Slot: 5, Channel: 25
[P2_ATTEMPT] Time: 38ms, Drone: 31, Slot: 5, Channel: 12
[P2_ATTEMPT] Time: 38ms, Drone: 32, Slot: 5, Channel: 13
[P2_ATTEMPT] Time: 38ms, Drone: 36, Slot: 5, Channel: 14
[P2_SUCCESS] Time: 38ms, Drone: 5
[P2_SUCCESS] Time: 38ms, Drone: 7
[P2_SUCCESS] Time: 38ms, Drone: 12
[P2_SUCCESS] Time: 38ms, Drone: 24
[P2_RX] Time: 38ms, Receiver: 35, Sender: 5, RSSI: -75
[P2_RX] Time: 38ms, Receiver: 2, Sender: 24, RSSI: -89
[P2_RX] Time: 38ms, Receiver: 30, Sender: 7, RSSI: -94
[P2_RX] Time: 38ms, Receiver: 9, Sender: 5, RSSI: -101
[P2_ATTEMPT] Time: 41ms, Drone: 30, Slot: 6, Channel: 12
[P2_ATTEMPT] Time: 41ms, Drone: 39, Slot: 6, Channel: 18
[P2_SUCCESS] Time: 41ms, Drone: 11
[P2_SUCCESS] Time: 41ms, Drone: 13
[P2_SUCCESS] Time: 41ms, Drone: 14
[P2_SUCCESS] Time: 41ms, Drone: 19
[P2_SUCCESS] Time: 41ms, Drone: 31
[P2_SUCCESS] Time: 41ms, Drone: 32
[P2_SUCCESS] Time: 41ms, Drone: 36
[P2_RX] Time: 41ms, Receiver: 1, Sender: 32, RSSI: -82
[P2_RX] Time: 41ms, Receiver: 23, Sender: 14, RSSI: -89
[P2_RX] Time: 41ms, Receiver: 40, Sender: 19, RSSI: -92
[P2_RX] Time: 41ms, Receiver: 47, Sender: 19, RSSI: -92
[P2_RX] Time: 41ms, Receiver: 48, Sender: 13, RSSI: -93
[P2_RX] Time: 41ms, Receiver: 38, Sender: 11, RSSI: -94
[P2_RX] Time: 41ms, Receiver: 15, Sender: 32, RSSI: -95
[P2_RX] Time: 41ms, Receiver: 4, Sender: 13, RSSI: -96
[P2_RX] Time: 41ms, Receiver: 27, Sender: 19, RSSI: -98
[P2_RX] Time: 41ms, Receiver: 33, Sender: 32, RSSI: -107
[P2_RX] Time: 41ms, Receiver: 49, Sender: 11, RSSI: -107
[P2_ATTEMPT] Time: 43ms, Drone: 16, Slot: 7, Channel: 14
[P2_ATTEMPT] Time: 43ms, Drone: 20, Slot: 7, Channel: 13
[P2_ATTEMPT] Time: 43ms, Drone: 22, Slot: 7, Channel: 25
[P2_ATTEMPT] Time: 43ms, Drone: 23, Slot: 7, Channel: 22
[P2_ATTEMPT] Time: 43ms, Drone: 26, Slot: 7, Channel: 12
[P2_ATTEMPT] Time: 43ms, Drone: 28, Slot: 7, Channel: 18
[P2_ATTEMPT] Time: 43ms, Drone: 35, Slot: 7, Channel: 16
[P2_ATTEMPT] Time: 43ms, Drone: 37, Slot: 7, Channel: 25
[P2_ATTEMPT] Time: 43ms, Drone: 41, Slot: 7, Channel: 18
[P2_SUCCESS] Time: 43ms, Drone: 30
[P2_SUCCESS] Time: 43ms, Drone: 39
[P2_RX] Time: 43ms, Receiver: 7, Sender: 30, RSSI: -94
[P2_RX] Time: 43ms, Receiver: 6, Sender: 39, RSSI: -95
[P2_SUCCESS] Time: 45ms, Drone: 35
[P2_RX] Time: 45ms, Receiver: 5, Sender: 35, RSSI: -75
[P2_RX] Time: 45ms, Receiver: 9, Sender: 35, RSSI: -100
[P2_ATTEMPT] Time: 46ms, Drone: 0, Slot: 8, Channel: 24
[P2_ATTEMPT] Time: 46ms, Drone: 3, Slot: 8, Channel: 13
[P2_SUCCESS] Time: 46ms, Drone: 16
[P2_SUCCESS] Time: 46ms, Drone: 20
[P2_SUCCESS] Time: 46ms, Drone: 22
[P2_SUCCESS] Time: 46ms, Drone: 23
[P2_SUCCESS] Time: 46ms, Drone: 26
[P2_SUCCESS] Time: 46ms, Drone: 28
[P2_SUCCESS] Time: 46ms, Drone: 37
[P2_SUCCESS] Time: 46ms, Drone: 41
[P2_RX] Time: 46ms, Receiver: 34, Sender: 28, RSSI: -78
[P2_RX] Time: 46ms, Receiver: 46, Sender: 28, RSSI: -82
[P2_RX] Time: 46ms, Receiver: 14, Sender: 23, RSSI: -89
[P2_RX] Time: 46ms, Receiver: 29, Sender: 37, RSSI: -89
[P2_RX] Time: 46ms, Receiver: 33, Sender: 37, RSSI: -90
[P2_RX] Time: 46ms, Receiver: 42, Sender: 26, RSSI: -94
[P2_RX] Time: 46ms, Receiver: 25, Sender: 37, RSSI: -95
[P2_RX] Time: 46ms, Receiver: 45, Sender: 23, RSSI: -105
[P2_RX] Time: 46ms, Receiver: 30, Sender: 26, RSSI: -106
[P2_RX] Time: 46ms, Receiver: 7, Sender: 26, RSSI: -106
[P2_ATTEMPT] Time: 48ms, Drone: 10, Slot: 9, Channel: 18
[P2_ATTEMPT] Time: 48ms, Drone: 18, Slot: 9, Channel: 22
[P2_ATTEMPT] Time: 48ms, Drone: 25, Slot: 9, Channel: 23
[P2_SUCCESS] Time: 48ms, Drone: 0
[P2_SUCCESS] Time: 48ms, Drone: 3
[P2_RX] Time: 48ms, Receiver: 49, Sender: 3, RSSI: -80
[P2_RX] Time: 48ms, Receiver: 1, Sender: 3, RSSI: -102
[P2_RX] Time: 48ms, Receiver: 15, Sender: 3, RSSI: -103
[P2_RX] Time: 48ms, Receiver: 32, Sender: 3, RSSI: -103
[P2_SUCCESS] Time: 51ms, Drone: 10
[P2_SUCCESS] Time: 51ms, Drone: 18
[P2_SUCCESS] Time: 51ms, Drone: 25
[P1_ATTEMPT] Time: 51ms, Drone: 16
[P1_SUCCESS] Time: 52ms, Drone: 16
[P1_RX] Time: 52ms, Receiver: 1, Sender: 16, RSSI: -89
[P1_RX] Time: 52ms, Receiver: 32, Sender: 16, RSSI: -91
[P1_RX] Time: 52ms, Receiver: 17, Sender: 16, RSSI: -91
[P1_RX] Time: 52ms, Receiver: 18, Sender: 16, RSSI: -94
[P1_RX] Time: 52ms, Receiver: 21, Sender: 16, RSSI: -97
[P1_RX] Time: 52ms, Receiver: 47, Sender: 16, RSSI: -97
[P1_RX] Time: 52ms, Receiver: 15, Sender: 16, RSSI: -100
[P1_RX] Time: 52ms, Receiver: 3, Sender: 16, RSSI: -101
[P1_RX] Time: 52ms, Receiver: 40, Sender: 16, RSSI: -102
[P1_RX] Time: 52ms, Receiver: 49, Sender: 16, RSSI: -102
[P1_RX] Time: 52ms, Receiver: 19, Sender: 16, RSSI: -102
[P1_RX] Time: 52ms, Receiver: 27, Sender: 16, RSSI: -102
[P1_RX] Time: 52ms, Receiver: 43, Sender: 16, RSSI: -103
[P1_RX] Time: 52ms, Receiver: 11, Sender: 16, RSSI: -103
[P1_RX] Time: 52ms, Receiver: 41, Sender: 16, RSSI: -105
[P1_RX] Time: 52ms, Receiver: 38, Sender: 16, RSSI: -105
[P1_RX] Time: 52ms, Receiver: 4, Sender: 16, RSSI: -106
[P1_RX] Time: 52ms, Receiver: 45, Sender: 16, RSSI: -106
[P1_RX] Time: 52ms, Receiver: 2, Sender: 16, RSSI: -108
[P1_RX] Time: 52ms, Receiver: 13, Sender: 16, RSSI: -108
[P1_RX] Time: 52ms, Receiver: 5, Sender: 16, RSSI: -109
[P1_RX] Time: 52ms, Receiver: 48, Sender: 16, RSSI: -109
[P1_ATTEMPT] Time: 52ms, Drone: 33
[P1_SUCCESS] Time: 53ms, Drone: 33
[P1_RX] Time: 53ms, Receiver: 29, Sender: 33, RSSI: -89
[P1_RX] Time: 53ms, Receiver: 37, Sender: 33, RSSI: -90
[P1_RX] Time: 53ms, Receiver: 25, Sender: 33, RSSI: -99
[P1_RX] Time: 53ms, Receiver: 31, Sender: 33, RSSI: -102
[P1_RX] Time: 53ms, Receiver: 4, Sender: 33, RSSI: -103
[P1_RX] Time: 53ms, Receiver: 15, Sender: 33, RSSI: -103
[P1_RX] Time: 53ms, Receiver: 13, Sender: 33, RSSI: -104
[P1_RX] Time: 53ms, Receiver: 45, Sender: 33, RSSI: -105
[P1_RX] Time: 53ms, Receiver: 20, Sender: 33, RSSI: -105
[P1_RX] Time: 53ms, Receiver: 34, Sender: 33, RSSI: -107
[P1_RX] Time: 53ms, Receiver: 48, Sender: 33, RSSI: -107
[P1_RX] Time: 53ms, Receiver: 43, Sender: 33, RSSI: -107
[P1_RX] Time: 53ms, Receiver: 32, Sender: 33, RSSI: -107
[P1_RX] Time: 53ms, Receiver: 28, Sender: 33, RSSI: -107
[P1_RX] Time: 53ms, Receiver: 46, Sender: 33, RSSI: -109
[P1_RX] Time: 53ms, Receiver: 3, Sender: 33, RSSI: -110
[P1_ATTEMPT] Time: 53ms, Drone: 42
[P1_ATTEMPT] Time: 54ms, Drone: 18
[P1_ATTEMPT] Time: 54ms, Drone: 31
[P1_ABORT] Time: 54ms, Drone: 31
[P1_ATTEMPT] Time: 54ms, Drone: 31
[P1_SUCCESS] Time: 54ms, Drone: 42
[P1_RX] Time: 54ms, Receiver: 26, Sender: 42, RSSI: -94
[P1_RX] Time: 54ms, Receiver: 2, Sender: 42, RSSI: -96
[P1_RX] Time: 54ms, Receiver: 23, Sender: 42, RSSI: -97
[P1_RX] Time: 54ms, Receiver: 24, Sender: 42, RSSI: -98
[P1_RX] Time: 54ms, Receiver: 0, Sender: 42, RSSI: -98
[P1_RX] Time: 54ms, Receiver: 6, Sender: 42, RSSI: -98
[P1_RX] Time: 54ms, Receiver: 14, Sender: 42, RSSI: -102
[P1_RX] Time: 54ms, Receiver: 19, Sender: 42, RSSI: -103
[P1_RX] Time: 54ms, Receiver: 39, Sender: 42, RSSI: -103
[P1_RX] Time: 54ms, Receiver: 35, Sender: 42, RSSI: -105
[P1_RX] Time: 54ms, Receiver: 48, Sender: 42, RSSI: -105
[P1_RX] Time: 54ms, Receiver: 13, Sender: 42, RSSI: -105
[P1_RX] Time: 54ms, Receiver: 45, Sender: 42, RSSI: -106
[P1_RX] Time: 54ms, Receiver: 5, Sender: 42, RSSI: -106
[P1_RX] Time: 54ms, Receiver: 9, Sender: 42, RSSI: -107
[P1_RX] Time: 54ms, Receiver: 30, Sender: 42, RSSI: -108
[P1_ABORT] Time: 54ms, Drone: 31
[P1_ATTEMPT] Time: 54ms, Drone: 31
[P1_SUCCESS] Time: 55ms, Drone: 18
[P1_RX] Time: 55ms, Receiver: 21, Sender: 18, RSSI: -78
[P1_RX] Time: 55ms, Receiver: 17, Sender: 18, RSSI: -86
[P1_RX] Time: 55ms, Receiver: 3, Sender: 18, RSSI: -97
[P1_RX] Time: 55ms, Receiver: 11, Sender: 18, RSSI: -98
[P1_RX] Time: 55ms, Receiver: 43, Sender: 18, RSSI: -99
[P1_RX] Time: 55ms, Receiver: 38, Sender: 18, RSSI: -100
[P1_RX] Time: 55ms, Receiver: 15, Sender: 18, RSSI: -100
[P1_RX] Time: 55ms, Receiver: 49, Sender: 18, RSSI: -100
[P1_RX] Time: 55ms, Receiver: 8, Sender: 18, RSSI: -106
[P1_RX] Time: 55ms, Receiver: 10, Sender: 18, RSSI: -106
[P1_SUCCESS] Time: 55ms, Drone: 31
[P1_RX] Time: 55ms, Receiver: 45, Sender: 31, RSSI: -90
[P1_RX] Time: 55ms, Receiver: 13, Sender: 31, RSSI: -92
[P1_RX] Time: 55ms, Receiver: 4, Sender: 31, RSSI: -101
[P1_RX] Time: 55ms, Receiver: 48, Sender: 31, RSSI: -101
[P1_RX] Time: 55ms, Receiver: 2, Sender: 31, RSSI: -102
[P1_RX] Time: 55ms, Receiver: 33, Sender: 31, RSSI: -102
[P1_RX] Time: 55ms, Receiver: 24, Sender: 31, RSSI: -104
[P1_RX] Time: 55ms, Receiver: 32, Sender: 31, RSSI: -104
[P1_RX] Time: 55ms, Receiver: 15, Sender: 31, RSSI: -104
[P1_RX] Time: 55ms, Receiver: 0, Sender: 31, RSSI: -104
[P1_RX] Time: 55ms, Receiver: 29, Sender: 31, RSSI: -105
[P1_RX] Time: 55ms, Receiver: 1, Sender: 31, RSSI: -105
[P1_RX] Time: 55ms, Receiver: 23, Sender: 31, RSSI: -106
[P1_RX] Time: 55ms, Receiver: 27, Sender: 31, RSSI: -106
[P1_RX] Time: 55ms, Receiver: 14, Sender: 31, RSSI: -106
[P1_RX] Time: 55ms, Receiver: 37, Sender: 31, RSSI: -106
[P1_RX] Time: 55ms, Receiver: 12, Sender: 31, RSSI: -107
[P1_RX] Time: 55ms, Receiver: 30, Sender: 31, RSSI: -107
[P1_RX] Time: 55ms, Receiver: 42, Sender: 31, RSSI: -108
[P1_RX] Time: 55ms, Receiver: 19, Sender: 31, RSSI: -108
[P1_RX] Time: 55ms, Receiver: 16, Sender: 31, RSSI: -108
[P1_RX] Time: 55ms, Receiver: 25, Sender: 31, RSSI: -108
[P1_RX] Time: 55ms, Receiver: 47, Sender: 31, RSSI: -108
[P1_ATTEMPT] Time: 56ms, Drone: 0
[P1_ATTEMPT] Time: 56ms, Drone: 45
[P1_ABORT] Time: 56ms, Drone: 45
[P1_ATTEMPT] Time: 56ms, Drone: 45
[P1_ATTEMPT] Time: 56ms, Drone: 9
[P1_ABORT] Time: 56ms, Drone: 45
[P1_ATTEMPT] Time: 56ms, Drone: 45
[P1_ABORT] Time: 57ms, Drone: 9
[P1_ABORT] Time: 57ms, Drone: 45
[P1_ATTEMPT] Time: 57ms, Drone: 9
[P1_ATTEMPT] Time: 57ms, Drone: 45
[P1_ABORT] Time: 57ms, Drone: 9
[P1_ABORT] Time: 57ms, Drone: 45
[P1_ATTEMPT] Time: 57ms, Drone: 9
[P1_ATTEMPT] Time: 57ms, Drone: 45
[P1_SUCCESS] Time: 57ms, Drone: 0
[P1_RX] Time: 57ms, Receiver: 23, Sender: 0, RSSI: -89
[P1_RX] Time: 57ms, Receiver: 14, Sender: 0, RSSI: -97
[P1_RX] Time: 57ms, Receiver: 42, Sender: 0, RSSI: -98
[P1_RX] Time: 57ms, Receiver: 2, Sender: 0, RSSI: -98
[P1_RX] Time: 57ms, Receiver: 6, Sender: 0, RSSI: -99
[P1_RX] Time: 57ms, Receiver: 24, Sender: 0, RSSI: -101
[P1_RX] Time: 57ms, Receiver: 26, Sender: 0, RSSI: -102
[P1_RX] Time: 57ms, Receiver: 45, Sender: 0, RSSI: -103
[P1_RX] Time: 57ms, Receiver: 13, Sender: 0, RSSI: -104
[P1_RX] Time: 57ms, Receiver: 31, Sender: 0, RSSI: -104
[P1_RX] Time: 57ms, Receiver: 9, Sender: 0, RSSI: -105
[P1_RX] Time: 57ms, Receiver: 39, Sender: 0, RSSI: -105
[P1_RX] Time: 57ms, Receiver: 30, Sender: 0, RSSI: -105
[P1_RX] Time: 57ms, Receiver: 19, Sender: 0, RSSI: -105
[P1_RX] Time: 57ms, Receiver: 48, Sender: 0, RSSI: -106
[P1_RX] Time: 57ms, Receiver: 27, Sender: 0, RSSI: -107
[P1_RX] Time: 57ms, Receiver: 35, Sender: 0, RSSI: -107
[P1_RX] Time: 57ms, Receiver: 5, Sender: 0, RSSI: -108
[P1_RX] Time: 57ms, Receiver: 4, Sender: 0, RSSI: -108
[P1_RX] Time: 57ms, Receiver: 32, Sender: 0, RSSI: -109
[P1_ABORT] Time: 57ms, Drone: 9
[P1_ABORT] Time: 57ms, Drone: 45
[P1_ATTEMPT] Time: 57ms, Drone: 9
[P1_ATTEMPT] Time: 57ms, Drone: 45
[P1_ATTEMPT] Time: 57ms, Drone: 23
[P1_ATTEMPT] Time: 57ms, Drone: 28
[P1_ATTEMPT] Time: 57ms, Drone: 19
[P1_ATTEMPT] Time: 57ms, Drone: 6
[P1_ABORT] Time: 57ms, Drone: 6
[P1_ATTEMPT] Time: 57ms, Drone: 6
[P1_ABORT] Time: 57ms, Drone: 6
[P1_ATTEMPT] Time: 57ms, Drone: 6
[P1_ATTEMPT] Time: 58ms, Drone: 29
[P1_ABORT] Time: 58ms, Drone: 6
[P1_ATTEMPT] Time: 58ms, Drone: 6
[P1_ABORT] Time: 58ms, Drone: 29
[P1_ABORT] Time: 58ms, Drone: 6
[P1_ATTEMPT] Time: 58ms, Drone: 29
[P1_ATTEMPT] Time: 58ms, Drone: 6
[P1_SUCCESS] Time: 58ms, Drone: 9
[P1_SUCCESS] Time: 58ms, Drone: 45
[P1_RX] Time: 58ms, Receiver: 31, Sender: 45, RSSI: -90
[P1_RX] Time: 58ms, Receiver: 13, Sender: 45, RSSI: -95
[P1_RX] Time: 58ms, Receiver: 39, Sender: 9, RSSI: -96
[P1_RX] Time: 58ms, Receiver: 32, Sender: 45, RSSI: -98
[P1_RX] Time: 58ms, Receiver: 4, Sender: 45, RSSI: -99
[P1_RX] Time: 58ms, Receiver: 48, Sender: 45, RSSI: -99
[P1_RX] Time: 58ms, Receiver: 22, Sender: 9, RSSI: -101
[P1_RX] Time: 58ms, Receiver: 15, Sender: 45, RSSI: -101
[P1_RX] Time: 58ms, Receiver: 33, Sender: 45, RSSI: -102
[P1_SUCCESS] Time: 58ms, Drone: 23
[P1_RX] Time: 58ms, Receiver: 14, Sender: 23, RSSI: -88
[P1_RX] Time: 58ms, Receiver: 0, Sender: 23, RSSI: -89
[P1_RX] Time: 58ms, Receiver: 26, Sender: 23, RSSI: -96
[P1_RX] Time: 58ms, Receiver: 42, Sender: 23, RSSI: -95
[P1_RX] Time: 58ms, Receiver: 24, Sender: 23, RSSI: -96
[P1_RX] Time: 58ms, Receiver: 30, Sender: 23, RSSI: -101
[P1_RX] Time: 58ms, Receiver: 7, Sender: 23, RSSI: -103
[P1_SUCCESS] Time: 58ms, Drone: 28
[P1_RX] Time: 58ms, Receiver: 34, Sender: 28, RSSI: -78
[P1_RX] Time: 58ms, Receiver: 46, Sender: 28, RSSI: -82
[P1_RX] Time: 58ms, Receiver: 44, Sender: 28, RSSI: -99
[P1_RX] Time: 58ms, Receiver: 37, Sender: 28, RSSI: -102
[P1_RX] Time: 58ms, Receiver: 25, Sender: 28, RSSI: -103
[P1_RX] Time: 58ms, Receiver: 20, Sender: 28, RSSI: -103
[P1_ABORT] Time: 58ms, Drone: 29
[P1_ABORT] Time: 58ms, Drone: 6
[P1_ATTEMPT] Time: 58ms, Drone: 29
[P1_ATTEMPT] Time: 58ms, Drone: 6
[P1_SUCCESS] Time: 58ms, Drone: 19
[P1_RX] Time: 58ms, Receiver: 40, Sender: 19, RSSI: -92
[P1_RX] Time: 58ms, Receiver: 47, Sender: 19, RSSI: -92
[P1_RX] Time: 58ms, Receiver: 27, Sender: 19, RSSI: -96
[P1_RX] Time: 58ms, Receiver: 41, Sender: 19, RSSI: -99
[P1_RX] Time: 58ms, Receiver: 16, Sender: 19, RSSI: -100
[P1_RX] Time: 58ms, Receiver: 17, Sender: 19, RSSI: -103
[P1_RX] Time: 58ms, Receiver: 18, Sender: 19, RSSI: -104
[P1_RX] Time: 58ms, Receiver: 21, Sender: 19, RSSI: -105
[P1_ABORT] Time: 58ms, Drone: 6
[P1_ATTEMPT] Time: 58ms, Drone: 6
[P1_ATTEMPT] Time: 58ms, Drone: 26
[P1_ATTEMPT] Time: 59ms, Drone: 11
[P1_SUCCESS] Time: 59ms, Drone: 29
[P1_RX] Time: 59ms, Receiver: 33, Sender: 29, RSSI: -89
[P1_RX] Time: 59ms, Receiver: 37, Sender: 29, RSSI: -89
[P1_RX] Time: 59ms, Receiver: 25, Sender: 29, RSSI: -93
[P1_RX] Time: 59ms, Receiver: 20, Sender: 29, RSSI: -103
[P1_RX] Time: 59ms, Receiver: 4, Sender: 29, RSSI: -103
[P1_RX] Time: 59ms, Receiver: 31, Sender: 29, RSSI: -105
[P1_RX] Time: 59ms, Receiver: 34, Sender: 29, RSSI: -105
[P1_RX] Time: 59ms, Receiver: 13, Sender: 29, RSSI: -105
[P1_RX] Time: 59ms, Receiver: 28, Sender: 29, RSSI: -106
[P1_RX] Time: 59ms, Receiver: 15, Sender: 29, RSSI: -106
[P1_ATTEMPT] Time: 59ms, Drone: 3
[P1_SUCCESS] Time: 59ms, Drone: 6
[P1_RX] Time: 59ms, Receiver: 39, Sender: 6, RSSI: -95
[P1_RX] Time: 59ms, Receiver: 0, Sender: 6, RSSI: -99
[P1_RX] Time: 59ms, Receiver: 9, Sender: 6, RSSI: -101
[P1_RX] Time: 59ms, Receiver: 35, Sender: 6, RSSI: -103
[P1_RX] Time: 59ms, Receiver: 5, Sender: 6, RSSI: -105
[P1_SUCCESS] Time: 59ms, Drone: 26
[P1_RX] Time: 59ms, Receiver: 7, Sender: 26, RSSI: -104
[P1_ATTEMPT] Time: 59ms, Drone: 24
[P1_ATTEMPT] Time: 59ms, Drone: 43
[P1_ABORT] Time: 59ms, Drone: 43
[P1_ATTEMPT] Time: 59ms, Drone: 43
[P1_ABORT] Time: 60ms, Drone: 43
[P1_ATTEMPT] Time: 60ms, Drone: 43
[P1_SUCCESS] Time: 60ms, Drone: 11
[P1_RX] Time: 60ms, Receiver: 38, Sender: 11, RSSI: -94
[P1_RX] Time: 60ms, Receiver: 21, Sender: 11, RSSI: -96
[P1_RX] Time: 60ms, Receiver: 17, Sender: 11, RSSI: -99
[P1_RX] Time: 60ms, Receiver: 43, Sender: 11, RSSI: -100
[P1_RX] Time: 60ms, Receiver: 10, Sender: 11, RSSI: -106
[P1_RX] Time: 60ms, Receiver: 41, Sender: 11, RSSI: -107
[P1_ABORT] Time: 60ms, Drone: 43
[P1_ATTEMPT] Time: 60ms, Drone: 43
[P1_SUCCESS] Time: 60ms, Drone: 3
[P1_ABORT] Time: 60ms, Drone: 43
[P1_ATTEMPT] Time: 60ms, Drone: 43
[P1_SUCCESS] Time: 60ms, Drone: 24
[P1_RX] Time: 60ms, Receiver: 2, Sender: 24, RSSI: -89
[P1_RX] Time: 60ms, Receiver: 48, Sender: 24, RSSI: -95
[P1_RX] Time: 60ms, Receiver: 13, Sender: 24, RSSI: -98
[P1_RX] Time: 60ms, Receiver: 42, Sender: 24, RSSI: -98
[P1_RX] Time: 60ms, Receiver: 23, Sender: 24, RSSI: -98
[P1_RX] Time: 60ms, Receiver: 26, Sender: 24, RSSI: -99
[P1_RX] Time: 60ms, Receiver: 14, Sender: 24, RSSI: -99
[P1_RX] Time: 60ms, Receiver: 0, Sender: 24, RSSI: -101
[P1_RX] Time: 60ms, Receiver: 30, Sender: 24, RSSI: -103
[P1_RX] Time: 60ms, Receiver: 31, Sender: 24, RSSI: -103
[P1_RX] Time: 60ms, Receiver: 6, Sender: 24, RSSI: -106
[P1_RX] Time: 60ms, Receiver: 7, Sender: 24, RSSI: -106
[P1_RX] Time: 60ms, Receiver: 12, Sender: 24, RSSI: -107
[P1_SUCCESS] Time: 61ms, Drone: 43
[P1_RX] Time: 61ms, Receiver: 15, Sender: 43, RSSI: -93
[P1_RX] Time: 61ms, Receiver: 38, Sender: 43, RSSI: -96
[P1_RX] Time: 61ms, Receiver: 21, Sender: 43, RSSI: -99
[P1_RX] Time: 61ms, Receiver: 18, Sender: 43, RSSI: -99
[P1_RX] Time: 61ms, Receiver: 11, Sender: 43, RSSI: -100
[P1_RX] Time: 61ms, Receiver: 32, Sender: 43, RSSI: -101
[P1_RX] Time: 61ms, Receiver: 10, Sender: 43, RSSI: -102
[P1_RX] Time: 61ms, Receiver: 17, Sender: 43, RSSI: -103
[P1_RX] Time: 61ms, Receiver: 16, Sender: 43, RSSI: -103
[P1_RX] Time: 61ms, Receiver: 1, Sender: 43, RSSI: -103
[P1_RX] Time: 61ms, Receiver: 3, Sender: 43, RSSI: -104
[P1_RX] Time: 61ms, Receiver: 49, Sender: 43, RSSI: -105
[P1_RX] Time: 61ms, Receiver: 27, Sender: 43, RSSI: -106
[P1_RX] Time: 61ms, Receiver: 33, Sender: 43, RSSI: -107
[P1_RX] Time: 61ms, Receiver: 47, Sender: 43, RSSI: -107
[P1_RX] Time: 61ms, Receiver: 45, Sender: 43, RSSI: -107
[P1_RX] Time: 61ms, Receiver: 8, Sender: 43, RSSI: -107
[P1_RX] Time: 61ms, Receiver: 37, Sender: 43, RSSI: -108
[P1_ATTEMPT] Time: 61ms, Drone: 17
[P1_ATTEMPT] Time: 62ms, Drone: 20
[P1_SUCCESS] Time: 62ms, Drone: 17
[P1_RX] Time: 62ms, Receiver: 18, Sender: 17, RSSI: -86
[P1_RX] Time: 62ms, Receiver: 21, Sender: 17, RSSI: -91
[P1_RX] Time: 62ms, Receiver: 16, Sender: 17, RSSI: -91
[P1_RX] Time: 62ms, Receiver: 1, Sender: 17, RSSI: -99
[P1_RX] Time: 62ms, Receiver: 11, Sender: 17, RSSI: -99
[P1_RX] Time: 62ms, Receiver: 32, Sender: 17, RSSI: -99
[P1_RX] Time: 62ms, Receiver: 3, Sender: 17, RSSI: -100
[P1_RX] Time: 62ms, Receiver: 47, Sender: 17, RSSI: -101
[P1_RX] Time: 62ms, Receiver: 49, Sender: 17, RSSI: -103
[P1_RX] Time: 62ms, Receiver: 15, Sender: 17, RSSI: -103
[P1_RX] Time: 62ms, Receiver: 43, Sender: 17, RSSI: -103
[P1_RX] Time: 62ms, Receiver: 38, Sender: 17, RSSI: -103
[P1_RX] Time: 62ms, Receiver: 40, Sender: 17, RSSI: -104
[P1_RX] Time: 62ms, Receiver: 41, Sender: 17, RSSI: -105
[P1_RX] Time: 62ms, Receiver: 27, Sender: 17, RSSI: -105
[P1_RX] Time: 62ms, Receiver: 19, Sender: 17, RSSI: -106
[P1_ATTEMPT] Time: 62ms, Drone: 48
[P1_ABORT] Time: 62ms, Drone: 48
[P1_ATTEMPT] Time: 62ms, Drone: 48
[P1_ABORT] Time: 62ms, Drone: 48
[P1_ATTEMPT] Time: 62ms, Drone: 48
[P1_ABORT] Time: 62ms, Drone: 48
[P1_ATTEMPT] Time: 62ms, Drone: 48
[P1_SUCCESS] Time: 63ms, Drone: 20
[P1_RX] Time: 63ms, Receiver: 29, Sender: 20, RSSI: -103
[P1_RX] Time: 63ms, Receiver: 44, Sender: 20, RSSI: -103
[P1_RX] Time: 63ms, Receiver: 37, Sender: 20, RSSI: -103
[P1_RX] Time: 63ms, Receiver: 25, Sender: 20, RSSI: -104
[P1_RX] Time: 63ms, Receiver: 34, Sender: 20, RSSI: -105
[P1_RX] Time: 63ms, Receiver: 28, Sender: 20, RSSI: -105
[P1_RX] Time: 63ms, Receiver: 33, Sender: 20, RSSI: -105
[P1_RX] Time: 63ms, Receiver: 46, Sender: 20, RSSI: -107
[P1_ATTEMPT] Time: 63ms, Drone: 38
[P1_SUCCESS] Time: 63ms, Drone: 48
[P1_RX] Time: 63ms, Receiver: 13, Sender: 48, RSSI: -93
[P1_RX] Time: 63ms, Receiver: 4, Sender: 48, RSSI: -94
[P1_RX] Time: 63ms, Receiver: 24, Sender: 48, RSSI: -95
[P1_RX] Time: 63ms, Receiver: 2, Sender: 48, RSSI: -98
[P1_RX] Time: 63ms, Receiver: 31, Sender: 48, RSSI: -101
[P1_RX] Time: 63ms, Receiver: 45, Sender: 48, RSSI: -103
[P1_RX] Time: 63ms, Receiver: 14, Sender: 48, RSSI: -105
[P1_RX] Time: 63ms, Receiver: 30, Sender: 48, RSSI: -105
[P1_RX] Time: 63ms, Receiver: 23, Sender: 48, RSSI: -105
[P1_RX] Time: 63ms, Receiver: 42, Sender: 48, RSSI: -105
[P1_RX] Time: 63ms, Receiver: 1, Sender: 48, RSSI: -106
[P1_RX] Time: 63ms, Receiver: 26, Sender: 48, RSSI: -106
[P1_RX] Time: 63ms, Receiver: 0, Sender: 48, RSSI: -106
[P1_RX] Time: 63ms, Receiver: 29, Sender: 48, RSSI: -106
[P1_RX] Time: 63ms, Receiver: 12, Sender: 48, RSSI: -106
[P1_RX] Time: 63ms, Receiver: 33, Sender: 48, RSSI: -107
[P1_RX] Time: 63ms, Receiver: 7, Sender: 48, RSSI: -109
[P1_SUCCESS] Time: 64ms, Drone: 38
[P1_RX] Time: 64ms, Receiver: 11, Sender: 38, RSSI: -94
[P1_RX] Time: 64ms, Receiver: 43, Sender: 38, RSSI: -96
[P1_RX] Time: 64ms, Receiver: 21, Sender: 38, RSSI: -97
[P1_RX] Time: 64ms, Receiver: 10, Sender: 38, RSSI: -98
[P1_RX] Time: 64ms, Receiver: 18, Sender: 38, RSSI: -99
[P1_RX] Time: 64ms, Receiver: 17, Sender: 38, RSSI: -102
[P1_RX] Time: 64ms, Receiver: 8, Sender: 38, RSSI: -103
[P1_ATTEMPT] Time: 64ms, Drone: 1
[P1_ATTEMPT] Time: 64ms, Drone: 36
[P1_ATTEMPT] Time: 64ms, Drone: 46
[P1_SUCCESS] Time: 65ms, Drone: 1
[P1_RX] Time: 65ms, Receiver: 32, Sender: 1, RSSI: -82
[P1_RX] Time: 65ms, Receiver: 16, Sender: 1, RSSI: -89
[P1_RX] Time: 65ms, Receiver: 15, Sender: 1, RSSI: -98
[P1_RX] Time: 65ms, Receiver: 17, Sender: 1, RSSI: -99
[P1_RX] Time: 65ms, Receiver: 18, Sender: 1, RSSI: -99
[P1_RX] Time: 65ms, Receiver: 47, Sender: 1, RSSI: -99
[P1_RX] Time: 65ms, Receiver: 4, Sender: 1, RSSI: -101
[P1_RX] Time: 65ms, Receiver: 21, Sender: 1, RSSI: -101
[P1_RX] Time: 65ms, Receiver: 19, Sender: 1, RSSI: -102
[P1_RX] Time: 65ms, Receiver: 3, Sender: 1, RSSI: -102
[P1_RX] Time: 65ms, Receiver: 49, Sender: 1, RSSI: -102
[P1_RX] Time: 65ms, Receiver: 45, Sender: 1, RSSI: -102
[P1_RX] Time: 65ms, Receiver: 27, Sender: 1, RSSI: -102
[P1_RX] Time: 65ms, Receiver: 40, Sender: 1, RSSI: -103
[P1_RX] Time: 65ms, Receiver: 43, Sender: 1, RSSI: -103
[P1_RX] Time: 65ms, Receiver: 2, Sender: 1, RSSI: -105
[P1_RX] Time: 65ms, Receiver: 13, Sender: 1, RSSI: -105
[P1_RX] Time: 65ms, Receiver: 31, Sender: 1, RSSI: -105
[P1_RX] Time: 65ms, Receiver: 48, Sender: 1, RSSI: -106
[P1_RX] Time: 65ms, Receiver: 11, Sender: 1, RSSI: -106
[P1_RX] Time: 65ms, Receiver: 24, Sender: 1, RSSI: -107
[P1_RX] Time: 65ms, Receiver: 38, Sender: 1, RSSI: -107
[P1_RX] Time: 65ms, Receiver: 20, Sender: 1, RSSI: -110
[P1_SUCCESS] Time: 65ms, Drone: 36
[P1_RX] Time: 65ms, Receiver: 22, Sender: 36, RSSI: -99
[P1_RX] Time: 65ms, Receiver: 9, Sender: 36, RSSI: -106
[P1_RX] Time: 65ms, Receiver: 39, Sender: 36, RSSI: -106
[P1_SUCCESS] Time: 65ms, Drone: 46
[P1_RX] Time: 65ms, Receiver: 28, Sender: 46, RSSI: -82
[P1_RX] Time: 65ms, Receiver: 34, Sender: 46, RSSI: -87
[P1_RX] Time: 65ms, Receiver: 44, Sender: 46, RSSI: -100
[P1_RX] Time: 65ms, Receiver: 37, Sender: 46, RSSI: -105
[P1_RX] Time: 65ms, Receiver: 25, Sender: 46, RSSI: -106
[P1_RX] Time: 65ms, Receiver: 20, Sender: 46, RSSI: -107
[P1_RX] Time: 65ms, Receiver: 29, Sender: 46, RSSI: -107
[P1_ATTEMPT] Time: 65ms, Drone: 22
[P1_ATTEMPT] Time: 66ms, Drone: 40
[P1_ABORT] Time: 66ms, Drone: 40
[P1_ATTEMPT] Time: 66ms, Drone: 40
[P1_ABORT] Time: 66ms, Drone: 40
[P1_ATTEMPT] Time: 66ms, Drone: 40
[P1_ABORT] Time: 66ms, Drone: 40
[P1_ATTEMPT] Time: 66ms, Drone: 40
[P1_ABORT] Time: 66ms, Drone: 40
[P1_ATTEMPT] Time: 66ms, Drone: 40
[P1_SUCCESS] Time: 66ms, Drone: 22
[P1_RX] Time: 66ms, Receiver: 36, Sender: 22, RSSI: -100
[P1_RX] Time: 66ms, Receiver: 9, Sender: 22, RSSI: -103
[P1_RX] Time: 66ms, Receiver: 5, Sender: 22, RSSI: -103
[P1_RX] Time: 66ms, Receiver: 41, Sender: 22, RSSI: -103
[P1_RX] Time: 66ms, Receiver: 35, Sender: 22, RSSI: -104
[P1_RX] Time: 66ms, Receiver: 39, Sender: 22, RSSI: -107
[P1_RX] Time: 66ms, Receiver: 27, Sender: 22, RSSI: -108
[P1_RX] Time: 66ms, Receiver: 47, Sender: 22, RSSI: -108
[P1_ATTEMPT] Time: 67ms, Drone: 49
[P1_ABORT] Time: 67ms, Drone: 49
[P1_ATTEMPT] Time: 67ms, Drone: 49
[P1_SUCCESS] Time: 67ms, Drone: 40
[P1_RX] Time: 67ms, Receiver: 47, Sender: 40, RSSI: -91
[P1_RX] Time: 67ms, Receiver: 19, Sender: 40, RSSI: -92
[P1_RX] Time: 67ms, Receiver: 41, Sender: 40, RSSI: -95
[P1_RX] Time: 67ms, Receiver: 5, Sender: 40, RSSI: -98
[P1_RX] Time: 67ms, Receiver: 35, Sender: 40, RSSI: -99
[P1_RX] Time: 67ms, Receiver: 27, Sender: 40, RSSI: -101
[P1_RX] Time: 67ms, Receiver: 16, Sender: 40, RSSI: -102
[P1_RX] Time: 67ms, Receiver: 1, Sender: 40, RSSI: -103
[P1_RX] Time: 67ms, Receiver: 17, Sender: 40, RSSI: -104
[P1_RX] Time: 67ms, Receiver: 32, Sender: 40, RSSI: -104
[P1_RX] Time: 67ms, Receiver: 36, Sender: 40, RSSI: -104
[P1_RX] Time: 67ms, Receiver: 18, Sender: 40, RSSI: -106
[P1_RX] Time: 67ms, Receiver: 39, Sender: 40, RSSI: -106
[P1_RX] Time: 67ms, Receiver: 9, Sender: 40, RSSI: -107
[P1_RX] Time: 67ms, Receiver: 42, Sender: 40, RSSI: -107
[P1_RX] Time: 67ms, Receiver: 2, Sender: 40, RSSI: -107
[P1_RX] Time: 67ms, Receiver: 22, Sender: 40, RSSI: -107
[P1_RX] Time: 67ms, Receiver: 21, Sender: 40, RSSI: -107
[P1_RX] Time: 67ms, Receiver: 45, Sender: 40, RSSI: -108
[P1_RX] Time: 67ms, Receiver: 11, Sender: 40, RSSI: -109
[P1_ATTEMPT] Time: 67ms, Drone: 4
[P1_ATTEMPT] Time: 68ms, Drone: 25
[P1_ABORT] Time: 68ms, Drone: 25
[P1_ATTEMPT] Time: 68ms, Drone: 25
[P1_ABORT] Time: 68ms, Drone: 25
[P1_ATTEMPT] Time: 68ms, Drone: 25
[P1_ABORT] Time: 68ms, Drone: 25
[P1_ATTEMPT] Time: 68ms, Drone: 25
[P1_SUCCESS] Time: 68ms, Drone: 49
[P1_RX] Time: 68ms, Receiver: 3, Sender: 49, RSSI: -80
[P1_RX] Time: 68ms, Receiver: 18, Sender: 49, RSSI: -100
[P1_RX] Time: 68ms, Receiver: 21, Sender: 49, RSSI: -100
[P1_RX] Time: 68ms, Receiver: 16, Sender: 49, RSSI: -100
[P1_RX] Time: 68ms, Receiver: 1, Sender: 49, RSSI: -99
[P1_RX] Time: 68ms, Receiver: 17, Sender: 49, RSSI: -102
[P1_RX] Time: 68ms, Receiver: 15, Sender: 49, RSSI: -100
[P1_RX] Time: 68ms, Receiver: 8, Sender: 49, RSSI: -104
[P1_RX] Time: 68ms, Receiver: 43, Sender: 49, RSSI: -103
[P1_RX] Time: 68ms, Receiver: 38, Sender: 49, RSSI: -105
[P1_ABORT] Time: 68ms, Drone: 25
[P1_ATTEMPT] Time: 68ms, Drone: 25
[P1_SUCCESS] Time: 68ms, Drone: 4
[P1_RX] Time: 68ms, Receiver: 48, Sender: 4, RSSI: -94
[P1_RX] Time: 68ms, Receiver: 13, Sender: 4, RSSI: -96
[P1_RX] Time: 68ms, Receiver: 31, Sender: 4, RSSI: -100
[P1_RX] Time: 68ms, Receiver: 45, Sender: 4, RSSI: -101
[P1_RX] Time: 68ms, Receiver: 2, Sender: 4, RSSI: -101
[P1_RX] Time: 68ms, Receiver: 24, Sender: 4, RSSI: -102
[P1_RX] Time: 68ms, Receiver: 33, Sender: 4, RSSI: -102
[P1_RX] Time: 68ms, Receiver: 29, Sender: 4, RSSI: -102
[P1_RX] Time: 68ms, Receiver: 37, Sender: 4, RSSI: -104
[P1_RX] Time: 68ms, Receiver: 42, Sender: 4, RSSI: -107
[P1_RX] Time: 68ms, Receiver: 19, Sender: 4, RSSI: -106
[P1_RX] Time: 68ms, Receiver: 25, Sender: 4, RSSI: -106
[P1_RX] Time: 68ms, Receiver: 23, Sender: 4, RSSI: -107
[P1_RX] Time: 68ms, Receiver: 0, Sender: 4, RSSI: -107
[P1_RX] Time: 68ms, Receiver: 30, Sender: 4, RSSI: -108
[P1_RX] Time: 68ms, Receiver: 26, Sender: 4, RSSI: -109
[P1_ATTEMPT] Time: 68ms, Drone: 13
[P1_ATTEMPT] Time: 68ms, Drone: 37
[P1_ABORT] Time: 68ms, Drone: 37
[P1_ATTEMPT] Time: 68ms, Drone: 37
[P1_ABORT] Time: 69ms, Drone: 37
[P1_ATTEMPT] Time: 69ms, Drone: 37
[P1_ABORT] Time: 69ms, Drone: 37
[P1_ATTEMPT] Time: 69ms, Drone: 37
[P1_ABORT] Time: 69ms, Drone: 37
[P1_ATTEMPT] Time: 69ms, Drone: 37
[P1_ATTEMPT] Time: 69ms, Drone: 5
[P1_ABORT] Time: 69ms, Drone: 37
[P1_ATTEMPT] Time: 69ms, Drone: 37
[P1_ATTEMPT] Time: 69ms, Drone: 39
[P1_SUCCESS] Time: 69ms, Drone: 25
[P1_RX] Time: 69ms, Receiver: 29, Sender: 25, RSSI: -93
[P1_RX] Time: 69ms, Receiver: 37, Sender: 25, RSSI: -95
[P1_RX] Time: 69ms, Receiver: 33, Sender: 25, RSSI: -97
[P1_RX] Time: 69ms, Receiver: 34, Sender: 25, RSSI: -102
[P1_RX] Time: 69ms, Receiver: 20, Sender: 25, RSSI: -103
[P1_RX] Time: 69ms, Receiver: 28, Sender: 25, RSSI: -104
[P1_RX] Time: 69ms, Receiver: 46, Sender: 25, RSSI: -106
[P1_ATTEMPT] Time: 69ms, Drone: 2
[P1_ABORT] Time: 69ms, Drone: 37
[P1_ATTEMPT] Time: 69ms, Drone: 37
[P1_SUCCESS] Time: 69ms, Drone: 13
[P1_RX] Time: 69ms, Receiver: 31, Sender: 13, RSSI: -92
[P1_RX] Time: 69ms, Receiver: 48, Sender: 13, RSSI: -93
[P1_RX] Time: 69ms, Receiver: 45, Sender: 13, RSSI: -96
[P1_RX] Time: 69ms, Receiver: 4, Sender: 13, RSSI: -96
[P1_RX] Time: 69ms, Receiver: 2, Sender: 13, RSSI: -97
[P1_RX] Time: 69ms, Receiver: 24, Sender: 13, RSSI: -98
[P1_RX] Time: 69ms, Receiver: 23, Sender: 13, RSSI: -103
[P1_RX] Time: 69ms, Receiver: 0, Sender: 13, RSSI: -103
[P1_RX] Time: 69ms, Receiver: 14, Sender: 13, RSSI: -103
[P1_RX] Time: 69ms, Receiver: 30, Sender: 13, RSSI: -104
[P1_RX] Time: 69ms, Receiver: 32, Sender: 13, RSSI: -104
[P1_RX] Time: 69ms, Receiver: 1, Sender: 13, RSSI: -104
[P1_RX] Time: 69ms, Receiver: 12, Sender: 13, RSSI: -104
[P1_RX] Time: 69ms, Receiver: 42, Sender: 13, RSSI: -105
[P1_RX] Time: 69ms, Receiver: 15, Sender: 13, RSSI: -105
[P1_RX] Time: 69ms, Receiver: 26, Sender: 13, RSSI: -107
[P1_RX] Time: 69ms, Receiver: 19, Sender: 13, RSSI: -107
[P1_RX] Time: 69ms, Receiver: 27, Sender: 13, RSSI: -107
[P1_RX] Time: 69ms, Receiver: 16, Sender: 13, RSSI: -107
[P1_RX] Time: 69ms, Receiver: 47, Sender: 13, RSSI: -108
[P1_ABORT] Time: 69ms, Drone: 2
[P1_ATTEMPT] Time: 69ms, Drone: 2
[P1_ATTEMPT] Time: 70ms, Drone: 35
[P1_ABORT] Time: 70ms, Drone: 35
[P1_ATTEMPT] Time: 70ms, Drone: 35
[P1_SUCCESS] Time: 70ms, Drone: 5
[P1_RX] Time: 70ms, Receiver: 35, Sender: 5, RSSI: -75
[P1_RX] Time: 70ms, Receiver: 40, Sender: 5, RSSI: -97
[P1_RX] Time: 70ms, Receiver: 19, Sender: 5, RSSI: -98
[P1_RX] Time: 70ms, Receiver: 36, Sender: 5, RSSI: -99
[P1_RX] Time: 70ms, Receiver: 41, Sender: 5, RSSI: -100
[P1_RX] Time: 70ms, Receiver: 47, Sender: 5, RSSI: -101
[P1_RX] Time: 70ms, Receiver: 22, Sender: 5, RSSI: -102
[P1_ABORT] Time: 70ms, Drone: 35
[P1_ATTEMPT] Time: 70ms, Drone: 35
[P1_ATTEMPT] Time: 70ms, Drone: 41
[P1_SUCCESS] Time: 70ms, Drone: 39
[P1_RX] Time: 70ms, Receiver: 6, Sender: 39, RSSI: -95
[P1_ABORT] Time: 70ms, Drone: 35
[P1_ATTEMPT] Time: 70ms, Drone: 35
[P1_SUCCESS] Time: 70ms, Drone: 37
[P1_RX] Time: 70ms, Receiver: 29, Sender: 37, RSSI: -89
[P1_RX] Time: 70ms, Receiver: 33, Sender: 37, RSSI: -90
[P1_RX] Time: 70ms, Receiver: 25, Sender: 37, RSSI: -95
[P1_RX] Time: 70ms, Receiver: 34, Sender: 37, RSSI: -102
[P1_RX] Time: 70ms, Receiver: 20, Sender: 37, RSSI: -103
[P1_RX] Time: 70ms, Receiver: 28, Sender: 37, RSSI: -103
[P1_RX] Time: 70ms, Receiver: 46, Sender: 37, RSSI: -105
[P1_RX] Time: 70ms, Receiver: 15, Sender: 37, RSSI: -103
[P1_RX] Time: 70ms, Receiver: 44, Sender: 37, RSSI: -107
[P1_RX] Time: 70ms, Receiver: 43, Sender: 37, RSSI: -105
[P1_ABORT] Time: 70ms, Drone: 41
[P1_ATTEMPT] Time: 70ms, Drone: 41
[P1_SUCCESS] Time: 70ms, Drone: 2
[P1_RX] Time: 70ms, Receiver: 24, Sender: 2, RSSI: -89
[P1_RX] Time: 70ms, Receiver: 13, Sender: 2, RSSI: -97
[P1_RX] Time: 70ms, Receiver: 48, Sender: 2, RSSI: -97
[P1_RX] Time: 70ms, Receiver: 45, Sender: 2, RSSI: -98
[P1_RX] Time: 70ms, Receiver: 4, Sender: 2, RSSI: -100
[P1_RX] Time: 70ms, Receiver: 31, Sender: 2, RSSI: -100
[P1_RX] Time: 70ms, Receiver: 30, Sender: 2, RSSI: -104
[P1_ATTEMPT] Time: 71ms, Drone: 8
[P1_ATTEMPT] Time: 71ms, Drone: 27
[P1_SUCCESS] Time: 71ms, Drone: 35
[P1_RX] Time: 71ms, Receiver: 5, Sender: 35, RSSI: -75
[P1_RX] Time: 71ms, Receiver: 39, Sender: 35, RSSI: -96
[P1_RX] Time: 71ms, Receiver: 19, Sender: 35, RSSI: -96
[P1_RX] Time: 71ms, Receiver: 9, Sender: 35, RSSI: -99
[P1_RX] Time: 71ms, Receiver: 6, Sender: 35, RSSI: -103
[P1_RX] Time: 71ms, Receiver: 42, Sender: 35, RSSI: -104
[P1_ATTEMPT] Time: 71ms, Drone: 21
[P1_SUCCESS] Time: 71ms, Drone: 41
[P1_RX] Time: 71ms, Receiver: 47, Sender: 41, RSSI: -96
[P1_RX] Time: 71ms, Receiver: 17, Sender: 41, RSSI: -104
[P1_RX] Time: 71ms, Receiver: 16, Sender: 41, RSSI: -103
[P1_RX] Time: 71ms, Receiver: 32, Sender: 41, RSSI: -105
[P1_RX] Time: 71ms, Receiver: 1, Sender: 41, RSSI: -105
[P1_ABORT] Time: 71ms, Drone: 27
[P1_ATTEMPT] Time: 71ms, Drone: 27
[P1_ABORT] Time: 71ms, Drone: 21
[P1_ATTEMPT] Time: 71ms, Drone: 21
[P1_ABORT] Time: 71ms, Drone: 21
[P1_ATTEMPT] Time: 71ms, Drone: 21
[P1_ABORT] Time: 71ms, Drone: 21
[P1_ATTEMPT] Time: 71ms, Drone: 21
[P1_ABORT] Time: 71ms, Drone: 21
[P1_ATTEMPT] Time: 71ms, Drone: 21
[P1_SUCCESS] Time: 72ms, Drone: 8
[P1_RX] Time: 72ms, Receiver: 10, Sender: 8, RSSI: -101
[P1_RX] Time: 72ms, Receiver: 38, Sender: 8, RSSI: -103
[P1_RX] Time: 72ms, Receiver: 3, Sender: 8, RSSI: -103
[P1_RX] Time: 72ms, Receiver: 49, Sender: 8, RSSI: -104
[P1_ABORT] Time: 72ms, Drone: 21
[P1_ATTEMPT] Time: 72ms, Drone: 21
[P1_ABORT] Time: 72ms, Drone: 21
[P1_ATTEMPT] Time: 72ms, Drone: 21
[P1_ABORT] Time: 72ms, Drone: 21
[P1_ATTEMPT] Time: 72ms, Drone: 21
[P1_SUCCESS] Time: 72ms, Drone: 27
[P1_RX] Time: 72ms, Receiver: 47, Sender: 27, RSSI: -95
[P1_RX] Time: 72ms, Receiver: 19, Sender: 27, RSSI: -98
[P1_RX] Time: 72ms, Receiver: 32, Sender: 27, RSSI: -100
[P1_RX] Time: 72ms, Receiver: 41, Sender: 27, RSSI: -101
[P1_RX] Time: 72ms, Receiver: 40, Sender: 27, RSSI: -101
[P1_RX] Time: 72ms, Receiver: 45, Sender: 27, RSSI: -102
[P1_RX] Time: 72ms, Receiver: 1, Sender: 27, RSSI: -102
[P1_RX] Time: 72ms, Receiver: 16, Sender: 27, RSSI: -102
[P1_RX] Time: 72ms, Receiver: 35, Sender: 27, RSSI: -104
[P1_RX] Time: 72ms, Receiver: 5, Sender: 27, RSSI: -104
[P1_RX] Time: 72ms, Receiver: 15, Sender: 27, RSSI: -103
[P1_RX] Time: 72ms, Receiver: 17, Sender: 27, RSSI: -103
[P1_RX] Time: 72ms, Receiver: 9, Sender: 27, RSSI: -105
[P1_RX] Time: 72ms, Receiver: 18, Sender: 27, RSSI: -103
[P1_RX] Time: 72ms, Receiver: 43, Sender: 27, RSSI: -103
[P1_RX] Time: 72ms, Receiver: 31, Sender: 27, RSSI: -106
[P1_RX] Time: 72ms, Receiver: 2, Sender: 27, RSSI: -106
[P1_RX] Time: 72ms, Receiver: 0, Sender: 27, RSSI: -106
[P1_RX] Time: 72ms, Receiver: 11, Sender: 27, RSSI: -104
[P1_RX] Time: 72ms, Receiver: 21, Sender: 27, RSSI: -103
[P1_RX] Time: 72ms, Receiver: 22, Sender: 27, RSSI: -107
[P1_RX] Time: 72ms, Receiver: 13, Sender: 27, RSSI: -107
[P1_RX] Time: 72ms, Receiver: 42, Sender: 27, RSSI: -107
[P1_RX] Time: 72ms, Receiver: 39, Sender: 27, RSSI: -108
[P1_ATTEMPT] Time: 72ms, Drone: 10
[P1_ATTEMPT] Time: 72ms, Drone: 47
[P1_ABORT] Time: 72ms, Drone: 10
[P1_ATTEMPT] Time: 72ms, Drone: 10
[P1_ABORT] Time: 72ms, Drone: 47
[P1_ATTEMPT] Time: 72ms, Drone: 47
[P1_ATTEMPT] Time: 72ms, Drone: 14
[P1_ABORT] Time: 72ms, Drone: 10
[P1_ATTEMPT] Time: 72ms, Drone: 10
[P1_ABORT] Time: 72ms, Drone: 47
[P1_ATTEMPT] Time: 72ms, Drone: 47
[P1_ATTEMPT] Time: 73ms, Drone: 44
[P1_ABORT] Time: 73ms, Drone: 10
[P1_ATTEMPT] Time: 73ms, Drone: 10
[P1_ABORT] Time: 73ms, Drone: 47
[P1_ATTEMPT] Time: 73ms, Drone: 47
[P1_ABORT] Time: 73ms, Drone: 10
[P1_ATTEMPT] Time: 73ms, Drone: 10
[P1_ABORT] Time: 73ms, Drone: 47
[P1_ATTEMPT] Time: 73ms, Drone: 47
[P1_SUCCESS] Time: 73ms, Drone: 21
[P1_RX] Time: 73ms, Receiver: 18, Sender: 21, RSSI: -78
[P1_RX] Time: 73ms, Receiver: 17, Sender: 21, RSSI: -91
[P1_RX] Time: 73ms, Receiver: 11, Sender: 21, RSSI: -96
[P1_RX] Time: 73ms, Receiver: 16, Sender: 21, RSSI: -97
[P1_RX] Time: 73ms, Receiver: 38, Sender: 21, RSSI: -97
[P1_RX] Time: 73ms, Receiver: 3, Sender: 21, RSSI: -98
[P1_RX] Time: 73ms, Receiver: 43, Sender: 21, RSSI: -99
[P1_RX] Time: 73ms, Receiver: 49, Sender: 21, RSSI: -100
[P1_RX] Time: 73ms, Receiver: 15, Sender: 21, RSSI: -101
[P1_RX] Time: 73ms, Receiver: 32, Sender: 21, RSSI: -101
[P1_RX] Time: 73ms, Receiver: 1, Sender: 21, RSSI: -101
[P1_RX] Time: 73ms, Receiver: 8, Sender: 21, RSSI: -105
[P1_RX] Time: 73ms, Receiver: 47, Sender: 21, RSSI: -105
[P1_RX] Time: 73ms, Receiver: 10, Sender: 21, RSSI: -105
[P1_RX] Time: 73ms, Receiver: 27, Sender: 21, RSSI: -107
[P1_RX] Time: 73ms, Receiver: 40, Sender: 21, RSSI: -107
[P1_RX] Time: 73ms, Receiver: 41, Sender: 21, RSSI: -108
[P1_ABORT] Time: 73ms, Drone: 10
[P1_ATTEMPT] Time: 73ms, Drone: 10
[P1_ABORT] Time: 73ms, Drone: 47
[P1_ATTEMPT] Time: 73ms, Drone: 47
[P1_ATTEMPT] Time: 73ms, Drone: 32
[P1_ATTEMPT] Time: 73ms, Drone: 15
[P1_ABORT] Time: 73ms, Drone: 32
[P1_ATTEMPT] Time: 73ms, Drone: 32
[P1_ATTEMPT] Time: 73ms, Drone: 7
[P1_ABORT] Time: 73ms, Drone: 15
[P1_ATTEMPT] Time: 73ms, Drone: 15
[P1_SUCCESS] Time: 73ms, Drone: 14
[P1_RX] Time: 73ms, Receiver: 23, Sender: 14, RSSI: -89
[P1_RX] Time: 73ms, Receiver: 0, Sender: 14, RSSI: -97
[P1_RX] Time: 73ms, Receiver: 30, Sender: 14, RSSI: -97
[P1_RX] Time: 73ms, Receiver: 26, Sender: 14, RSSI: -99
[P1_RX] Time: 73ms, Receiver: 24, Sender: 14, RSSI: -99
[P1_RX] Time: 73ms, Receiver: 7, Sender: 14, RSSI: -101
[P1_RX] Time: 73ms, Receiver: 2, Sender: 14, RSSI: -101
[P1_RX] Time: 73ms, Receiver: 42, Sender: 14, RSSI: -102
[P1_RX] Time: 73ms, Receiver: 13, Sender: 14, RSSI: -104
[P1_RX] Time: 73ms, Receiver: 6, Sender: 14, RSSI: -104
[P1_RX] Time: 73ms, Receiver: 48, Sender: 14, RSSI: -105
[P1_RX] Time: 73ms, Receiver: 12, Sender: 14, RSSI: -106
[P1_ABORT] Time: 73ms, Drone: 32
[P1_ATTEMPT] Time: 73ms, Drone: 32
[P1_ABORT] Time: 73ms, Drone: 7
[P1_ATTEMPT] Time: 73ms, Drone: 7
[P1_ATTEMPT] Time: 73ms, Drone: 34
[P1_ABORT] Time: 73ms, Drone: 15
[P1_ATTEMPT] Time: 73ms, Drone: 15
[P1_ABORT] Time: 73ms, Drone: 32
[P1_ATTEMPT] Time: 73ms, Drone: 32
[P1_SUCCESS] Time: 73ms, Drone: 44
[P1_RX] Time: 73ms, Receiver: 28, Sender: 44, RSSI: -99
[P1_RX] Time: 73ms, Receiver: 46, Sender: 44, RSSI: -100
[P1_RX] Time: 73ms, Receiver: 34, Sender: 44, RSSI: -101
[P1_RX] Time: 73ms, Receiver: 20, Sender: 44, RSSI: -103
[P1_ATTEMPT] Time: 73ms, Drone: 12
[P1_ATTEMPT] Time: 73ms, Drone: 30
[P1_ABORT] Time: 74ms, Drone: 34
[P1_ABORT] Time: 74ms, Drone: 15
[P1_ABORT] Time: 74ms, Drone: 32
[P1_SUCCESS] Time: 74ms, Drone: 10
[P1_RX] Time: 74ms, Receiver: 38, Sender: 10, RSSI: -98
[P1_RX] Time: 74ms, Receiver: 43, Sender: 10, RSSI: -100
[P1_RX] Time: 74ms, Receiver: 11, Sender: 10, RSSI: -103
[P1_SUCCESS] Time: 74ms, Drone: 47
[P1_RX] Time: 74ms, Receiver: 40, Sender: 47, RSSI: -91
[P1_RX] Time: 74ms, Receiver: 19, Sender: 47, RSSI: -92
[P1_RX] Time: 74ms, Receiver: 27, Sender: 47, RSSI: -95
[P1_RX] Time: 74ms, Receiver: 41, Sender: 47, RSSI: -96
[P1_RX] Time: 74ms, Receiver: 16, Sender: 47, RSSI: -97
[P1_RX] Time: 74ms, Receiver: 32, Sender: 47, RSSI: -98
[P1_RX] Time: 74ms, Receiver: 1, Sender: 47, RSSI: -99
[P1_RX] Time: 74ms, Receiver: 17, Sender: 47, RSSI: -100
[P1_RX] Time: 74ms, Receiver: 5, Sender: 47, RSSI: -102
[P1_RX] Time: 74ms, Receiver: 18, Sender: 47, RSSI: -101
[P1_RX] Time: 74ms, Receiver: 45, Sender: 47, RSSI: -102
[P1_RX] Time: 74ms, Receiver: 36, Sender: 47, RSSI: -106
[P1_RX] Time: 74ms, Receiver: 22, Sender: 47, RSSI: -107
[P1_SUCCESS] Time: 74ms, Drone: 7
[P1_SUCCESS] Time: 74ms, Drone: 12
[P1_SUCCESS] Time: 74ms, Drone: 30
[P1_RX] Time: 74ms, Receiver: 24, Sender: 30, RSSI: -101
[P1_RX] Time: 74ms, Receiver: 0, Sender: 30, RSSI: -102
[P1_RX] Time: 74ms, Receiver: 2, Sender: 30, RSSI: -103
[P1_RX] Time: 74ms, Receiver: 42, Sender: 30, RSSI: -105
[P2_ATTEMPT] Time: 77ms, Drone: 9, Slot: 0, Channel: 22
[P2_ATTEMPT] Time: 77ms, Drone: 15, Slot: 0, Channel: 25
[P2_ATTEMPT] Time: 77ms, Drone: 19, Slot: 0, Channel: 21
[P2_ATTEMPT] Time: 77ms, Drone: 21, Slot: 0, Channel: 24
[P2_ATTEMPT] Time: 77ms, Drone: 23, Slot: 0, Channel: 22
[P2_ATTEMPT] Time: 77ms, Drone: 25, Slot: 0, Channel: 23
[P2_ATTEMPT] Time: 79ms, Drone: 2, Slot: 1, Channel: 19
[P2_ATTEMPT] Time: 79ms, Drone: 14, Slot: 1, Channel: 19
[P2_ATTEMPT] Time: 79ms, Drone: 28, Slot: 1, Channel: 23
[P2_ATTEMPT] Time: 79ms, Drone: 41, Slot: 1, Channel: 20
[P2_ATTEMPT] Time: 79ms, Drone: 42, Slot: 1, Channel: 14
[P2_ATTEMPT] Time: 79ms, Drone: 48, Slot: 1, Channel: 23
[P2_SUCCESS] Time: 79ms, Drone: 9
[P2_SUCCESS] Time: 79ms, Drone: 15
[P2_SUCCESS] Time: 79ms, Drone: 19
[P2_SUCCESS] Time: 79ms, Drone: 21
[P2_SUCCESS] Time: 79ms, Drone: 23
[P2_SUCCESS] Time: 79ms, Drone: 25
[P2_ATTEMPT] Time: 82ms, Drone: 10, Slot: 2, Channel: 14
[P2_ATTEMPT] Time: 82ms, Drone: 24, Slot: 2, Channel: 21
[P2_SUCCESS] Time: 82ms, Drone: 2
[P2_SUCCESS] Time: 82ms, Drone: 14
[P2_SUCCESS] Time: 82ms, Drone: 28
[P2_SUCCESS] Time: 82ms, Drone: 41
[P2_SUCCESS] Time: 82ms, Drone: 42
[P2_SUCCESS] Time: 82ms, Drone: 48
[P2_RX] Time: 82ms, Receiver: 34, Sender: 28, RSSI: -78
[P2_RX] Time: 82ms, Receiver: 46, Sender: 28, RSSI: -82
[P2_RX] Time: 82ms, Receiver: 23, Sender: 14, RSSI: -88
[P2_RX] Time: 82ms, Receiver: 13, Sender: 48, RSSI: -93
[P2_RX] Time: 82ms, Receiver: 4, Sender: 48, RSSI: -94
[P2_RX] Time: 82ms, Receiver: 26, Sender: 42, RSSI: -94
[P2_RX] Time: 82ms, Receiver: 25, Sender: 28, RSSI: -103
[P2_ATTEMPT] Time: 84ms, Drone: 4, Slot: 3, Channel: 26
[P2_ATTEMPT] Time: 84ms, Drone: 6, Slot: 3, Channel: 26
[P2_ATTEMPT] Time: 84ms, Drone: 17, Slot: 3, Channel: 23
[P2_ATTEMPT] Time: 84ms, Drone: 36, Slot: 3, Channel: 26
[P2_ATTEMPT] Time: 84ms, Drone: 38, Slot: 3, Channel: 17
[P2_ATTEMPT] Time: 84ms, Drone: 40, Slot: 3, Channel: 13
[P2_ATTEMPT] Time: 84ms, Drone: 44, Slot: 3, Channel: 21
[P2_SUCCESS] Time: 84ms, Drone: 10
[P2_SUCCESS] Time: 84ms, Drone: 24
[P2_RX] Time: 84ms, Receiver: 2, Sender: 24, RSSI: -89
[P2_ATTEMPT] Time: 87ms, Drone: 3, Slot: 4, Channel: 16
[P2_SUCCESS] Time: 87ms, Drone: 4
[P2_SUCCESS] Time: 87ms, Drone: 6
[P2_SUCCESS] Time: 87ms, Drone: 17
[P2_SUCCESS] Time: 87ms, Drone: 36
[P2_SUCCESS] Time: 87ms, Drone: 38
[P2_SUCCESS] Time: 87ms, Drone: 40
[P2_SUCCESS] Time: 87ms, Drone: 44
[P2_RX] Time: 87ms, Receiver: 21, Sender: 17, RSSI: -91
[P2_RX] Time: 87ms, Receiver: 16, Sender: 17, RSSI: -91
[P2_RX] Time: 87ms, Receiver: 19, Sender: 40, RSSI: -92
[P2_RX] Time: 87ms, Receiver: 48, Sender: 4, RSSI: -94
[P2_RX] Time: 87ms, Receiver: 11, Sender: 38, RSSI: -94
[P2_RX] Time: 87ms, Receiver: 39, Sender: 6, RSSI: -95
[P2_RX] Time: 87ms, Receiver: 41, Sender: 40, RSSI: -95
[P2_ATTEMPT] Time: 89ms, Drone: 0, Slot: 5, Channel: 15
[P2_ATTEMPT] Time: 89ms, Drone: 1, Slot: 5, Channel: 13
[P2_ATTEMPT] Time: 89ms, Drone: 8, Slot: 5, Channel: 21
[P2_ATTEMPT] Time: 89ms, Drone: 11, Slot: 5, Channel: 23
[P2_ATTEMPT] Time: 89ms, Drone: 18, Slot: 5, Channel: 17
[P2_ATTEMPT] Time: 89ms, Drone: 34, Slot: 5, Channel: 13
[P2_ATTEMPT] Time: 89ms, Drone: 35, Slot: 5, Channel: 21
[P2_ATTEMPT] Time: 89ms, Drone: 45, Slot: 5, Channel: 14
[P2_SUCCESS] Time: 89ms, Drone: 3
[P2_ATTEMPT] Time: 92ms, Drone: 7, Slot: 6, Channel: 18
[P2_ATTEMPT] Time: 92ms, Drone: 13, Slot: 6, Channel: 19
[P2_ATTEMPT] Time: 92ms, Drone: 22, Slot: 6, Channel: 13
[P2_ATTEMPT] Time: 92ms, Drone: 29, Slot: 6, Channel: 25
[P2_ATTEMPT] Time: 92ms, Drone: 32, Slot: 6, Channel: 12
[P2_SUCCESS] Time: 92ms, Drone: 0
[P2_SUCCESS] Time: 92ms, Drone: 1
[P2_SUCCESS] Time: 92ms, Drone: 8
[P2_SUCCESS] Time: 92ms, Drone: 11
[P2_SUCCESS] Time: 92ms, Drone: 18
[P2_SUCCESS] Time: 92ms, Drone: 34
[P2_SUCCESS] Time: 92ms, Drone: 35
[P2_SUCCESS] Time: 92ms, Drone: 45
[P2_RX] Time: 92ms, Receiver: 5, Sender: 35, RSSI: -75
[P2_RX] Time: 92ms, Receiver: 21, Sender: 18, RSSI: -78
[P2_RX] Time: 92ms, Receiver: 17, Sender: 18, RSSI: -86
[P2_RX] Time: 92ms, Receiver: 23, Sender: 0, RSSI: -89
[P2_RX] Time: 92ms, Receiver: 16, Sender: 1, RSSI: -89
[P2_RX] Time: 92ms, Receiver: 38, Sender: 11, RSSI: -94
[P2_RX] Time: 92ms, Receiver: 19, Sender: 1, RSSI: -102
[P2_RX] Time: 92ms, Receiver: 40, Sender: 1, RSSI: -103
[P2_RX] Time: 92ms, Receiver: 42, Sender: 45, RSSI: -106
[P2_RX] Time: 92ms, Receiver: 41, Sender: 1, RSSI: -107
[P2_RX] Time: 92ms, Receiver: 2, Sender: 35, RSSI: -107
[P2_ATTEMPT] Time: 94ms, Drone: 5, Slot: 7, Channel: 25
[P2_ATTEMPT] Time: 94ms, Drone: 16, Slot: 7, Channel: 22
[P2_ATTEMPT] Time: 94ms, Drone: 20, Slot: 7, Channel: 13
[P2_ATTEMPT] Time: 94ms, Drone: 26, Slot: 7, Channel: 12
[P2_ATTEMPT] Time: 94ms, Drone: 27, Slot: 7, Channel: 18
[P2_ATTEMPT] Time: 94ms, Drone: 37, Slot: 7, Channel: 23
[P2_SUCCESS] Time: 94ms, Drone: 7
[P2_SUCCESS] Time: 94ms, Drone: 13
[P2_SUCCESS] Time: 94ms, Drone: 22
[P2_SUCCESS] Time: 94ms, Drone: 29
[P2_SUCCESS] Time: 94ms, Drone: 32
[P2_RX] Time: 94ms, Receiver: 31, Sender: 13, RSSI: -92
[P2_RX] Time: 94ms, Receiver: 48, Sender: 13, RSSI: -93
[P2_RX] Time: 94ms, Receiver: 41, Sender: 22, RSSI: -103
[P2_RX] Time: 94ms, Receiver: 14, Sender: 13, RSSI: -104
[P2_RX] Time: 94ms, Receiver: 15, Sender: 29, RSSI: -106
[P2_RX] Time: 94ms, Receiver: 40, Sender: 22, RSSI: -107
[P2_ATTEMPT] Time: 97ms, Drone: 12, Slot: 8, Channel: 24
[P2_ATTEMPT] Time: 97ms, Drone: 31, Slot: 8, Channel: 22
[P2_ATTEMPT] Time: 97ms, Drone: 39, Slot: 8, Channel: 24
[P2_SUCCESS] Time: 97ms, Drone: 5
[P2_SUCCESS] Time: 97ms, Drone: 16
[P2_SUCCESS] Time: 97ms, Drone: 20
[P2_SUCCESS] Time: 97ms, Drone: 26
[P2_SUCCESS] Time: 97ms, Drone: 27
[P2_SUCCESS] Time: 97ms, Drone: 37
[P2_RX] Time: 97ms, Receiver: 35, Sender: 5, RSSI: -75
[P2_RX] Time: 97ms, Receiver: 29, Sender: 37, RSSI: -89
[P2_RX] Time: 97ms, Receiver: 1, Sender: 16, RSSI: -89
[P2_RX] Time: 97ms, Receiver: 33, Sender: 37, RSSI: -90
[P2_RX] Time: 97ms, Receiver: 32, Sender: 16, RSSI: -91
[P2_RX] Time: 97ms, Receiver: 17, Sender: 16, RSSI: -91
[P2_RX] Time: 97ms, Receiver: 18, Sender: 16, RSSI: -94
[P2_RX] Time: 97ms, Receiver: 25, Sender: 37, RSSI: -95
[P2_RX] Time: 97ms, Receiver: 28, Sender: 37, RSSI: -104
[P2_RX] Time: 97ms, Receiver: 34, Sender: 20, RSSI: -105
[P2_RX] Time: 97ms, Receiver: 46, Sender: 37, RSSI: -105
[P2_ATTEMPT] Time: 99ms, Drone: 30, Slot: 9, Channel: 21
[P2_ATTEMPT] Time: 99ms, Drone: 33, Slot: 9, Channel: 22
[P2_ATTEMPT] Time: 99ms, Drone: 43, Slot: 9, Channel: 25
[P2_ATTEMPT] Time: 99ms, Drone: 46, Slot: 9, Channel: 19
[P2_ATTEMPT] Time: 99ms, Drone: 47, Slot: 9, Channel: 24
[P2_ATTEMPT] Time: 99ms, Drone: 49, Slot: 9, Channel: 23
[P2_SUCCESS] Time: 99ms, Drone: 12
[P2_SUCCESS] Time: 99ms, Drone: 31
[P2_SUCCESS] Time: 99ms, Drone: 39
[P2_RX] Time: 99ms, Receiver: 45, Sender: 31, RSSI: -90
[P2_RX] Time: 99ms, Receiver: 13, Sender: 31, RSSI: -92
[P2_RX] Time: 99ms, Receiver: 6, Sender: 39, RSSI: -95
[P2_RX] Time: 99ms, Receiver: 32, Sender: 31, RSSI: -104
[P2_RX] Time: 99ms, Receiver: 1, Sender: 31, RSSI: -105
[P2_RX] Time: 99ms, Receiver: 16, Sender: 31, RSSI: -108
[P2_SUCCESS] Time: 102ms, Drone: 30
[P2_SUCCESS] Time: 102ms, Drone: 33
[P2_SUCCESS] Time: 102ms, Drone: 43
[P2_SUCCESS] Time: 102ms, Drone: 46
[P2_SUCCESS] Time: 102ms, Drone: 47
[P2_SUCCESS] Time: 102ms, Drone: 49
[P1_ATTEMPT] Time: 102ms, Drone: 49
[P1_ATTEMPT] Time: 102ms, Drone: 2
[P1_SUCCESS] Time: 103ms, Drone: 2
[P1_RX] Time: 103ms, Receiver: 24, Sender: 2, RSSI: -89
[P1_RX] Time: 103ms, Receiver: 42, Sender: 2, RSSI: -95
[P1_RX] Time: 103ms, Receiver: 13, Sender: 2, RSSI: -97
[P1_RX] Time: 103ms, Receiver: 23, Sender: 2, RSSI: -98
[P1_RX] Time: 103ms, Receiver: 48, Sender: 2, RSSI: -98
[P1_RX] Time: 103ms, Receiver: 0, Sender: 2, RSSI: -98
[P1_RX] Time: 103ms, Receiver: 45, Sender: 2, RSSI: -99
[P1_RX] Time: 103ms, Receiver: 14, Sender: 2, RSSI: -101
[P1_RX] Time: 103ms, Receiver: 26, Sender: 2, RSSI: -101
[P1_RX] Time: 103ms, Receiver: 4, Sender: 2, RSSI: -100
[P1_RX] Time: 103ms, Receiver: 31, Sender: 2, RSSI: -101
[P1_RX] Time: 103ms, Receiver: 19, Sender: 2, RSSI: -102
[P1_RX] Time: 103ms, Receiver: 6, Sender: 2, RSSI: -104
[P1_RX] Time: 103ms, Receiver: 30, Sender: 2, RSSI: -105
[P1_RX] Time: 103ms, Receiver: 27, Sender: 2, RSSI: -105
[P1_RX] Time: 103ms, Receiver: 40, Sender: 2, RSSI: -106
[P1_RX] Time: 103ms, Receiver: 35, Sender: 2, RSSI: -107
[P1_RX] Time: 103ms, Receiver: 39, Sender: 2, RSSI: -107
[P1_RX] Time: 103ms, Receiver: 7, Sender: 2, RSSI: -108
[P1_SUCCESS] Time: 103ms, Drone: 49
[P1_RX] Time: 103ms, Receiver: 3, Sender: 49, RSSI: -80
[P1_RX] Time: 103ms, Receiver: 18, Sender: 49, RSSI: -100
[P1_RX] Time: 103ms, Receiver: 21, Sender: 49, RSSI: -100
[P1_RX] Time: 103ms, Receiver: 16, Sender: 49, RSSI: -101
[P1_RX] Time: 103ms, Receiver: 17, Sender: 49, RSSI: -102
[P1_RX] Time: 103ms, Receiver: 15, Sender: 49, RSSI: -102
[P1_RX] Time: 103ms, Receiver: 8, Sender: 49, RSSI: -104
[P1_RX] Time: 103ms, Receiver: 43, Sender: 49, RSSI: -104
[P1_RX] Time: 103ms, Receiver: 38, Sender: 49, RSSI: -105
[P1_RX] Time: 103ms, Receiver: 20, Sender: 49, RSSI: -106
[P1_RX] Time: 103ms, Receiver: 11, Sender: 49, RSSI: -107
[P1_RX] Time: 103ms, Receiver: 10, Sender: 49, RSSI: -107
[P1_RX] Time: 103ms, Receiver: 37, Sender: 49, RSSI: -107
[P1_ATTEMPT] Time: 103ms, Drone: 42
[P1_ATTEMPT] Time: 104ms, Drone: 32
[P1_SUCCESS] Time: 104ms, Drone: 42
[P1_RX] Time: 104ms, Receiver: 26, Sender: 42, RSSI: -94
[P1_RX] Time: 104ms, Receiver: 2, Sender: 42, RSSI: -96
[P1_RX] Time: 104ms, Receiver: 23, Sender: 42, RSSI: -97
[P1_RX] Time: 104ms, Receiver: 24, Sender: 42, RSSI: -98
[P1_RX] Time: 104ms, Receiver: 0, Sender: 42, RSSI: -98
[P1_RX] Time: 104ms, Receiver: 6, Sender: 42, RSSI: -98
[P1_RX] Time: 104ms, Receiver: 14, Sender: 42, RSSI: -102
[P1_RX] Time: 104ms, Receiver: 19, Sender: 42, RSSI: -103
[P1_RX] Time: 104ms, Receiver: 39, Sender: 42, RSSI: -103
[P1_RX] Time: 104ms, Receiver: 35, Sender: 42, RSSI: -105
[P1_RX] Time: 104ms, Receiver: 48, Sender: 42, RSSI: -105
[P1_RX] Time: 104ms, Receiver: 13, Sender: 42, RSSI: -105
[P1_RX] Time: 104ms, Receiver: 45, Sender: 42, RSSI: -106
[P1_RX] Time: 104ms, Receiver: 5, Sender: 42, RSSI: -106
[P1_RX] Time: 104ms, Receiver: 9, Sender: 42, RSSI: -107
[P1_RX] Time: 104ms, Receiver: 40, Sender: 42, RSSI: -107
[P1_RX] Time: 104ms, Receiver: 47, Sender: 42, RSSI: -107
[P1_RX] Time: 104ms, Receiver: 4, Sender: 42, RSSI: -108
[P1_RX] Time: 104ms, Receiver: 31, Sender: 42, RSSI: -108
[P1_RX] Time: 104ms, Receiver: 27, Sender: 42, RSSI: -108
[P1_RX] Time: 104ms, Receiver: 30, Sender: 42, RSSI: -108
[P1_ATTEMPT] Time: 104ms, Drone: 17
[P1_ATTEMPT] Time: 105ms, Drone: 15
[P1_ABORT] Time: 105ms, Drone: 15
[P1_ATTEMPT] Time: 105ms, Drone: 15
[P1_ABORT] Time: 105ms, Drone: 15
[P1_ATTEMPT] Time: 105ms, Drone: 15
[P1_ABORT] Time: 105ms, Drone: 15
[P1_ATTEMPT] Time: 105ms, Drone: 15
[P1_ATTEMPT] Time: 105ms, Drone: 18
[P1_ABORT] Time: 105ms, Drone: 15
[P1_ATTEMPT] Time: 105ms, Drone: 15
[P1_ABORT] Time: 105ms, Drone: 18
[P1_ATTEMPT] Time: 105ms, Drone: 18
[P1_SUCCESS] Time: 105ms, Drone: 32
[P1_RX] Time: 105ms, Receiver: 1, Sender: 32, RSSI: -82
[P1_RX] Time: 105ms, Receiver: 16, Sender: 32, RSSI: -91
[P1_RX] Time: 105ms, Receiver: 15, Sender: 32, RSSI: -95
[P1_RX] Time: 105ms, Receiver: 47, Sender: 32, RSSI: -99
[P1_RX] Time: 105ms, Receiver: 27, Sender: 32, RSSI: -100
[P1_RX] Time: 105ms, Receiver: 45, Sender: 32, RSSI: -101
[P1_RX] Time: 105ms, Receiver: 43, Sender: 32, RSSI: -101
[P1_RX] Time: 105ms, Receiver: 4, Sender: 32, RSSI: -102
[P1_RX] Time: 105ms, Receiver: 19, Sender: 32, RSSI: -102
[P1_RX] Time: 105ms, Receiver: 49, Sender: 32, RSSI: -103
[P1_RX] Time: 105ms, Receiver: 40, Sender: 32, RSSI: -104
[P1_RX] Time: 105ms, Receiver: 31, Sender: 32, RSSI: -104
[P1_RX] Time: 105ms, Receiver: 13, Sender: 32, RSSI: -105
[P1_RX] Time: 105ms, Receiver: 2, Sender: 32, RSSI: -105
[P1_RX] Time: 105ms, Receiver: 48, Sender: 32, RSSI: -106
[P1_RX] Time: 105ms, Receiver: 33, Sender: 32, RSSI: -107
[P1_ABORT] Time: 105ms, Drone: 15
[P1_ATTEMPT] Time: 105ms, Drone: 15
[P1_ATTEMPT] Time: 105ms, Drone: 41
[P1_ABORT] Time: 105ms, Drone: 18
[P1_ATTEMPT] Time: 105ms, Drone: 18
[P1_SUCCESS] Time: 105ms, Drone: 17
[P1_ABORT] Time: 105ms, Drone: 15
[P1_ATTEMPT] Time: 105ms, Drone: 15
[P1_ABORT] Time: 105ms, Drone: 41
[P1_ATTEMPT] Time: 105ms, Drone: 41
[P1_ABORT] Time: 105ms, Drone: 18
[P1_ATTEMPT] Time: 105ms, Drone: 18
[P1_ATTEMPT] Time: 106ms, Drone: 24
[P1_ATTEMPT] Time: 106ms, Drone: 38
[P1_SUCCESS] Time: 106ms, Drone: 15
[P1_RX] Time: 106ms, Receiver: 43, Sender: 15, RSSI: -92
[P1_RX] Time: 106ms, Receiver: 32, Sender: 15, RSSI: -94
[P1_RX] Time: 106ms, Receiver: 1, Sender: 15, RSSI: -95
[P1_RX] Time: 106ms, Receiver: 33, Sender: 15, RSSI: -102
[P1_RX] Time: 106ms, Receiver: 37, Sender: 15, RSSI: -104
[P1_RX] Time: 106ms, Receiver: 10, Sender: 15, RSSI: -103
[P1_ABORT] Time: 106ms, Drone: 38
[P1_ATTEMPT] Time: 106ms, Drone: 38
[P1_SUCCESS] Time: 106ms, Drone: 41
[P1_RX] Time: 106ms, Receiver: 40, Sender: 41, RSSI: -95
[P1_RX] Time: 106ms, Receiver: 47, Sender: 41, RSSI: -95
[P1_RX] Time: 106ms, Receiver: 5, Sender: 41, RSSI: -100
[P1_RX] Time: 106ms, Receiver: 27, Sender: 41, RSSI: -99
[P1_RX] Time: 106ms, Receiver: 19, Sender: 41, RSSI: -99
[P1_RX] Time: 106ms, Receiver: 36, Sender: 41, RSSI: -101
[P1_RX] Time: 106ms, Receiver: 35, Sender: 41, RSSI: -101
[P1_RX] Time: 106ms, Receiver: 22, Sender: 41, RSSI: -103
[P1_ATTEMPT] Time: 106ms, Drone: 21
[P1_SUCCESS] Time: 106ms, Drone: 18
[P1_RX] Time: 106ms, Receiver: 21, Sender: 18, RSSI: -78
[P1_RX] Time: 106ms, Receiver: 17, Sender: 18, RSSI: -86
[P1_RX] Time: 106ms, Receiver: 16, Sender: 18, RSSI: -93
[P1_RX] Time: 106ms, Receiver: 3, Sender: 18, RSSI: -96
[P1_RX] Time: 106ms, Receiver: 11, Sender: 18, RSSI: -97
[P1_RX] Time: 106ms, Receiver: 8, Sender: 18, RSSI: -104
[P1_ABORT] Time: 106ms, Drone: 38
[P1_ATTEMPT] Time: 106ms, Drone: 38
[P1_ABORT] Time: 106ms, Drone: 21
[P1_ATTEMPT] Time: 106ms, Drone: 21
[P1_SUCCESS] Time: 107ms, Drone: 24
[P1_RX] Time: 107ms, Receiver: 42, Sender: 24, RSSI: -97
[P1_RX] Time: 107ms, Receiver: 23, Sender: 24, RSSI: -98
[P1_RX] Time: 107ms, Receiver: 26, Sender: 24, RSSI: -99
[P1_RX] Time: 107ms, Receiver: 14, Sender: 24, RSSI: -99
[P1_RX] Time: 107ms, Receiver: 0, Sender: 24, RSSI: -100
[P1_RX] Time: 107ms, Receiver: 30, Sender: 24, RSSI: -103
[P1_RX] Time: 107ms, Receiver: 6, Sender: 24, RSSI: -104
[P1_RX] Time: 107ms, Receiver: 7, Sender: 24, RSSI: -106
[P1_RX] Time: 107ms, Receiver: 12, Sender: 24, RSSI: -106
[P1_ATTEMPT] Time: 107ms, Drone: 25
[P1_SUCCESS] Time: 107ms, Drone: 38
[P1_RX] Time: 107ms, Receiver: 11, Sender: 38, RSSI: -92
[P1_RX] Time: 107ms, Receiver: 43, Sender: 38, RSSI: -94
[P1_RX] Time: 107ms, Receiver: 10, Sender: 38, RSSI: -98
[P1_RX] Time: 107ms, Receiver: 8, Sender: 38, RSSI: -101
[P1_SUCCESS] Time: 107ms, Drone: 21
[P1_RX] Time: 107ms, Receiver: 18, Sender: 21, RSSI: -78
[P1_RX] Time: 107ms, Receiver: 17, Sender: 21, RSSI: -91
[P1_RX] Time: 107ms, Receiver: 16, Sender: 21, RSSI: -96
[P1_RX] Time: 107ms, Receiver: 3, Sender: 21, RSSI: -97
[P1_RX] Time: 107ms, Receiver: 49, Sender: 21, RSSI: -99
[P1_RX] Time: 107ms, Receiver: 32, Sender: 21, RSSI: -100
[P1_RX] Time: 107ms, Receiver: 1, Sender: 21, RSSI: -100
[P1_RX] Time: 107ms, Receiver: 47, Sender: 21, RSSI: -103
[P1_RX] Time: 107ms, Receiver: 41, Sender: 21, RSSI: -106
[P1_SUCCESS] Time: 107ms, Drone: 25
[P1_RX] Time: 107ms, Receiver: 29, Sender: 25, RSSI: -93
[P1_RX] Time: 107ms, Receiver: 37, Sender: 25, RSSI: -95
[P1_RX] Time: 107ms, Receiver: 33, Sender: 25, RSSI: -98
[P1_RX] Time: 107ms, Receiver: 34, Sender: 25, RSSI: -102
[P1_RX] Time: 107ms, Receiver: 20, Sender: 25, RSSI: -103
[P1_RX] Time: 107ms, Receiver: 28, Sender: 25, RSSI: -104
[P1_RX] Time: 107ms, Receiver: 46, Sender: 25, RSSI: -105
[P1_RX] Time: 107ms, Receiver: 31, Sender: 25, RSSI: -105
[P1_RX] Time: 107ms, Receiver: 13, Sender: 25, RSSI: -106
[P1_RX] Time: 107ms, Receiver: 48, Sender: 25, RSSI: -107
[P1_ATTEMPT] Time: 109ms, Drone: 13
[P1_ATTEMPT] Time: 109ms, Drone: 0
[P1_ABORT] Time: 109ms, Drone: 0
[P1_ATTEMPT] Time: 109ms, Drone: 0
[P1_ATTEMPT] Time: 109ms, Drone: 16
[P1_ABORT] Time: 109ms, Drone: 0
[P1_ATTEMPT] Time: 109ms, Drone: 0
[P1_ABORT] Time: 109ms, Drone: 16
[P1_ATTEMPT] Time: 109ms, Drone: 16
[P1_ABORT] Time: 109ms, Drone: 0
[P1_ATTEMPT] Time: 109ms, Drone: 0
[P1_ABORT] Time: 109ms, Drone: 16
[P1_ATTEMPT] Time: 109ms, Drone: 16
[P1_ATTEMPT] Time: 109ms, Drone: 34
[P1_ABORT] Time: 109ms, Drone: 0
[P1_ATTEMPT] Time: 109ms, Drone: 0
[P1_ABORT] Time: 109ms, Drone: 16
[P1_ATTEMPT] Time: 109ms, Drone: 16
[P1_ABORT] Time: 109ms, Drone: 0
[P1_ATTEMPT] Time: 109ms, Drone: 0
[P1_ABORT] Time: 110ms, Drone: 16
[P1_ATTEMPT] Time: 110ms, Drone: 16
[P1_SUCCESS] Time: 110ms, Drone: 13
[P1_RX] Time: 110ms, Receiver: 31, Sender: 13, RSSI: -92
[P1_RX] Time: 110ms, Receiver: 48, Sender: 13, RSSI: -93
[P1_RX] Time: 110ms, Receiver: 45, Sender: 13, RSSI: -96
[P1_RX] Time: 110ms, Receiver: 4, Sender: 13, RSSI: -96
[P1_RX] Time: 110ms, Receiver: 2, Sender: 13, RSSI: -97
[P1_RX] Time: 110ms, Receiver: 24, Sender: 13, RSSI: -98
[P1_RX] Time: 110ms, Receiver: 23, Sender: 13, RSSI: -103
[P1_RX] Time: 110ms, Receiver: 0, Sender: 13, RSSI: -104
[P1_RX] Time: 110ms, Receiver: 14, Sender: 13, RSSI: -104
[P1_RX] Time: 110ms, Receiver: 33, Sender: 13, RSSI: -104
[P1_RX] Time: 110ms, Receiver: 30, Sender: 13, RSSI: -104
[P1_RX] Time: 110ms, Receiver: 32, Sender: 13, RSSI: -105
[P1_RX] Time: 110ms, Receiver: 29, Sender: 13, RSSI: -105
[P1_RX] Time: 110ms, Receiver: 1, Sender: 13, RSSI: -105
[P1_RX] Time: 110ms, Receiver: 12, Sender: 13, RSSI: -105
[P1_RX] Time: 110ms, Receiver: 42, Sender: 13, RSSI: -105
[P1_RX] Time: 110ms, Receiver: 15, Sender: 13, RSSI: -106
[P1_RX] Time: 110ms, Receiver: 26, Sender: 13, RSSI: -107
[P1_RX] Time: 110ms, Receiver: 37, Sender: 13, RSSI: -108
[P1_RX] Time: 110ms, Receiver: 19, Sender: 13, RSSI: -108
[P1_RX] Time: 110ms, Receiver: 27, Sender: 13, RSSI: -108
[P1_RX] Time: 110ms, Receiver: 16, Sender: 13, RSSI: -108
[P1_RX] Time: 110ms, Receiver: 25, Sender: 13, RSSI: -108
[P1_RX] Time: 110ms, Receiver: 47, Sender: 13, RSSI: -109
[P1_ABORT] Time: 110ms, Drone: 0
[P1_ATTEMPT] Time: 110ms, Drone: 0
[P1_ATTEMPT] Time: 110ms, Drone: 1
[P1_ABORT] Time: 110ms, Drone: 1
[P1_ATTEMPT] Time: 110ms, Drone: 1
[P1_ABORT] Time: 110ms, Drone: 1
[P1_ATTEMPT] Time: 110ms, Drone: 1
[P1_ABORT] Time: 110ms, Drone: 1
[P1_ATTEMPT] Time: 110ms, Drone: 1
[P1_SUCCESS] Time: 110ms, Drone: 34
[P1_RX] Time: 110ms, Receiver: 28, Sender: 34, RSSI: -78
[P1_RX] Time: 110ms, Receiver: 46, Sender: 34, RSSI: -87
[P1_RX] Time: 110ms, Receiver: 44, Sender: 34, RSSI: -101
[P1_RX] Time: 110ms, Receiver: 37, Sender: 34, RSSI: -102
[P1_RX] Time: 110ms, Receiver: 25, Sender: 34, RSSI: -103
[P1_RX] Time: 110ms, Receiver: 20, Sender: 34, RSSI: -105
[P1_RX] Time: 110ms, Receiver: 29, Sender: 34, RSSI: -105
[P1_ABORT] Time: 110ms, Drone: 1
[P1_ATTEMPT] Time: 110ms, Drone: 1
[P1_ABORT] Time: 110ms, Drone: 1
[P1_ATTEMPT] Time: 110ms, Drone: 1
[P1_SUCCESS] Time: 110ms, Drone: 16
[P1_RX] Time: 110ms, Receiver: 1, Sender: 16, RSSI: -89
[P1_RX] Time: 110ms, Receiver: 32, Sender: 16, RSSI: -91
[P1_RX] Time: 110ms, Receiver: 17, Sender: 16, RSSI: -91
[P1_RX] Time: 110ms, Receiver: 18, Sender: 16, RSSI: -94
[P1_RX] Time: 110ms, Receiver: 21, Sender: 16, RSSI: -97
[P1_RX] Time: 110ms, Receiver: 47, Sender: 16, RSSI: -97
[P1_RX] Time: 110ms, Receiver: 15, Sender: 16, RSSI: -100
[P1_RX] Time: 110ms, Receiver: 3, Sender: 16, RSSI: -100
[P1_RX] Time: 110ms, Receiver: 40, Sender: 16, RSSI: -101
[P1_RX] Time: 110ms, Receiver: 49, Sender: 16, RSSI: -101
[P1_RX] Time: 110ms, Receiver: 19, Sender: 16, RSSI: -100
[P1_RX] Time: 110ms, Receiver: 27, Sender: 16, RSSI: -101
[P1_RX] Time: 110ms, Receiver: 43, Sender: 16, RSSI: -102
[P1_RX] Time: 110ms, Receiver: 11, Sender: 16, RSSI: -103
[P1_RX] Time: 110ms, Receiver: 41, Sender: 16, RSSI: -104
[P1_RX] Time: 110ms, Receiver: 38, Sender: 16, RSSI: -105
[P1_RX] Time: 110ms, Receiver: 4, Sender: 16, RSSI: -103
[P1_ATTEMPT] Time: 111ms, Drone: 3
[P1_SUCCESS] Time: 111ms, Drone: 0
[P1_RX] Time: 111ms, Receiver: 23, Sender: 0, RSSI: -89
[P1_RX] Time: 111ms, Receiver: 14, Sender: 0, RSSI: -97
[P1_RX] Time: 111ms, Receiver: 42, Sender: 0, RSSI: -98
[P1_RX] Time: 111ms, Receiver: 2, Sender: 0, RSSI: -98
[P1_RX] Time: 111ms, Receiver: 6, Sender: 0, RSSI: -99
[P1_RX] Time: 111ms, Receiver: 24, Sender: 0, RSSI: -100
[P1_RX] Time: 111ms, Receiver: 26, Sender: 0, RSSI: -101
[P1_RX] Time: 111ms, Receiver: 13, Sender: 0, RSSI: -102
[P1_RX] Time: 111ms, Receiver: 31, Sender: 0, RSSI: -103
[P1_RX] Time: 111ms, Receiver: 9, Sender: 0, RSSI: -104
[P1_RX] Time: 111ms, Receiver: 39, Sender: 0, RSSI: -104
[P1_RX] Time: 111ms, Receiver: 30, Sender: 0, RSSI: -105
[P1_RX] Time: 111ms, Receiver: 48, Sender: 0, RSSI: -104
[P1_RX] Time: 111ms, Receiver: 35, Sender: 0, RSSI: -105
[P1_ABORT] Time: 111ms, Drone: 1
[P1_ATTEMPT] Time: 111ms, Drone: 1
[P1_ATTEMPT] Time: 111ms, Drone: 9
[P1_ATTEMPT] Time: 111ms, Drone: 30
[P1_ATTEMPT] Time: 111ms, Drone: 10
[P1_ABORT] Time: 111ms, Drone: 10
[P1_ATTEMPT] Time: 111ms, Drone: 10
[P1_SUCCESS] Time: 111ms, Drone: 3
[P1_RX] Time: 111ms, Receiver: 49, Sender: 3, RSSI: -80
[P1_RX] Time: 111ms, Receiver: 18, Sender: 3, RSSI: -95
[P1_RX] Time: 111ms, Receiver: 21, Sender: 3, RSSI: -96
[P1_RX] Time: 111ms, Receiver: 17, Sender: 3, RSSI: -97
[P1_RX] Time: 111ms, Receiver: 8, Sender: 3, RSSI: -103
[P1_RX] Time: 111ms, Receiver: 38, Sender: 3, RSSI: -103
[P1_ABORT] Time: 111ms, Drone: 10
[P1_ATTEMPT] Time: 111ms, Drone: 10
[P1_SUCCESS] Time: 111ms, Drone: 1
[P1_RX] Time: 111ms, Receiver: 32, Sender: 1, RSSI: -82
[P1_RX] Time: 111ms, Receiver: 16, Sender: 1, RSSI: -89
[P1_RX] Time: 111ms, Receiver: 47, Sender: 1, RSSI: -99
[P1_RX] Time: 111ms, Receiver: 4, Sender: 1, RSSI: -100
[P1_RX] Time: 111ms, Receiver: 19, Sender: 1, RSSI: -101
[P1_RX] Time: 111ms, Receiver: 45, Sender: 1, RSSI: -102
[P1_RX] Time: 111ms, Receiver: 27, Sender: 1, RSSI: -102
[P1_RX] Time: 111ms, Receiver: 40, Sender: 1, RSSI: -102
[P1_RX] Time: 111ms, Receiver: 37, Sender: 1, RSSI: -107
[P1_ATTEMPT] Time: 112ms, Drone: 46
[P1_ATTEMPT] Time: 112ms, Drone: 11
[P1_ABORT] Time: 112ms, Drone: 11
[P1_ATTEMPT] Time: 112ms, Drone: 11
[P1_SUCCESS] Time: 112ms, Drone: 9
[P1_RX] Time: 112ms, Receiver: 39, Sender: 9, RSSI: -97
[P1_RX] Time: 112ms, Receiver: 6, Sender: 9, RSSI: -101
[P1_RX] Time: 112ms, Receiver: 22, Sender: 9, RSSI: -102
[P1_RX] Time: 112ms, Receiver: 36, Sender: 9, RSSI: -105
[P1_ABORT] Time: 112ms, Drone: 11
[P1_ATTEMPT] Time: 112ms, Drone: 11
[P1_ATTEMPT] Time: 112ms, Drone: 27
[P1_SUCCESS] Time: 112ms, Drone: 30
[P1_RX] Time: 112ms, Receiver: 7, Sender: 30, RSSI: -94
[P1_RX] Time: 112ms, Receiver: 14, Sender: 30, RSSI: -97
[P1_RX] Time: 112ms, Receiver: 12, Sender: 30, RSSI: -98
[P1_RX] Time: 112ms, Receiver: 26, Sender: 30, RSSI: -104
[P1_ABORT] Time: 112ms, Drone: 11
[P1_ATTEMPT] Time: 112ms, Drone: 11
[P1_ATTEMPT] Time: 112ms, Drone: 39
[P1_ABORT] Time: 112ms, Drone: 11
[P1_ATTEMPT] Time: 112ms, Drone: 11
[P1_ATTEMPT] Time: 112ms, Drone: 28
[P1_ABORT] Time: 112ms, Drone: 11
[P1_ATTEMPT] Time: 112ms, Drone: 11
[P1_ABORT] Time: 112ms, Drone: 28
[P1_ATTEMPT] Time: 112ms, Drone: 28
[P1_SUCCESS] Time: 112ms, Drone: 10
[P1_RX] Time: 112ms, Receiver: 38, Sender: 10, RSSI: -99
[P1_RX] Time: 112ms, Receiver: 8, Sender: 10, RSSI: -101
[P1_RX] Time: 112ms, Receiver: 43, Sender: 10, RSSI: -102
[P1_RX] Time: 112ms, Receiver: 11, Sender: 10, RSSI: -105
[P1_ABORT] Time: 112ms, Drone: 11
[P1_ATTEMPT] Time: 112ms, Drone: 11
[P1_ABORT] Time: 113ms, Drone: 28
[P1_ATTEMPT] Time: 113ms, Drone: 28
[P1_SUCCESS] Time: 113ms, Drone: 46
[P1_RX] Time: 113ms, Receiver: 25, Sender: 46, RSSI: -105
[P1_RX] Time: 113ms, Receiver: 20, Sender: 46, RSSI: -106
[P1_RX] Time: 113ms, Receiver: 29, Sender: 46, RSSI: -106
[P1_ABORT] Time: 113ms, Drone: 11
[P1_ATTEMPT] Time: 113ms, Drone: 11
[P1_ABORT] Time: 113ms, Drone: 28
[P1_ATTEMPT] Time: 113ms, Drone: 28
[P1_SUCCESS] Time: 113ms, Drone: 27
[P1_RX] Time: 113ms, Receiver: 47, Sender: 27, RSSI: -95
[P1_RX] Time: 113ms, Receiver: 19, Sender: 27, RSSI: -98
[P1_RX] Time: 113ms, Receiver: 41, Sender: 27, RSSI: -101
[P1_RX] Time: 113ms, Receiver: 40, Sender: 27, RSSI: -101
[P1_RX] Time: 113ms, Receiver: 45, Sender: 27, RSSI: -102
[P1_RX] Time: 113ms, Receiver: 1, Sender: 27, RSSI: -102
[P1_RX] Time: 113ms, Receiver: 31, Sender: 27, RSSI: -105
[P1_SUCCESS] Time: 113ms, Drone: 39
[P1_RX] Time: 113ms, Receiver: 26, Sender: 39, RSSI: -106
[P1_SUCCESS] Time: 114ms, Drone: 11
[P1_RX] Time: 114ms, Receiver: 38, Sender: 11, RSSI: -94
[P1_RX] Time: 114ms, Receiver: 21, Sender: 11, RSSI: -96
[P1_RX] Time: 114ms, Receiver: 18, Sender: 11, RSSI: -98
[P1_RX] Time: 114ms, Receiver: 17, Sender: 11, RSSI: -99
[P1_RX] Time: 114ms, Receiver: 43, Sender: 11, RSSI: -99
[P1_RX] Time: 114ms, Receiver: 16, Sender: 11, RSSI: -103
[P1_RX] Time: 114ms, Receiver: 15, Sender: 11, RSSI: -103
[P1_RX] Time: 114ms, Receiver: 32, Sender: 11, RSSI: -104
[P1_RX] Time: 114ms, Receiver: 10, Sender: 11, RSSI: -104
[P1_RX] Time: 114ms, Receiver: 3, Sender: 11, RSSI: -105
[P1_RX] Time: 114ms, Receiver: 8, Sender: 11, RSSI: -106
[P1_SUCCESS] Time: 114ms, Drone: 28
[P1_RX] Time: 114ms, Receiver: 34, Sender: 28, RSSI: -78
[P1_RX] Time: 114ms, Receiver: 46, Sender: 28, RSSI: -82
[P1_RX] Time: 114ms, Receiver: 44, Sender: 28, RSSI: -99
[P1_RX] Time: 114ms, Receiver: 37, Sender: 28, RSSI: -103
[P1_RX] Time: 114ms, Receiver: 25, Sender: 28, RSSI: -104
[P1_RX] Time: 114ms, Receiver: 20, Sender: 28, RSSI: -104
[P1_RX] Time: 114ms, Receiver: 29, Sender: 28, RSSI: -105
[P1_RX] Time: 114ms, Receiver: 33, Sender: 28, RSSI: -106
[P1_ATTEMPT] Time: 114ms, Drone: 8
[P1_ATTEMPT] Time: 114ms, Drone: 43
[P1_ABORT] Time: 114ms, Drone: 43
[P1_ATTEMPT] Time: 114ms, Drone: 43
[P1_ABORT] Time: 115ms, Drone: 43
[P1_ATTEMPT] Time: 115ms, Drone: 43
[P1_ATTEMPT] Time: 115ms, Drone: 40
[P1_SUCCESS] Time: 115ms, Drone: 8
[P1_RX] Time: 115ms, Receiver: 10, Sender: 8, RSSI: -101
[P1_RX] Time: 115ms, Receiver: 38, Sender: 8, RSSI: -103
[P1_RX] Time: 115ms, Receiver: 3, Sender: 8, RSSI: -103
[P1_RX] Time: 115ms, Receiver: 49, Sender: 8, RSSI: -104
[P1_RX] Time: 115ms, Receiver: 21, Sender: 8, RSSI: -105
[P1_RX] Time: 115ms, Receiver: 18, Sender: 8, RSSI: -106
[P1_RX] Time: 115ms, Receiver: 43, Sender: 8, RSSI: -107
[P1_RX] Time: 115ms, Receiver: 11, Sender: 8, RSSI: -107
[P1_RX] Time: 115ms, Receiver: 17, Sender: 8, RSSI: -108
[P1_RX] Time: 115ms, Receiver: 15, Sender: 8, RSSI: -109
[P1_ATTEMPT] Time: 115ms, Drone: 6
[P1_ATTEMPT] Time: 115ms, Drone: 45
[P1_SUCCESS] Time: 116ms, Drone: 43
[P1_RX] Time: 116ms, Receiver: 15, Sender: 43, RSSI: -93
[P1_RX] Time: 116ms, Receiver: 38, Sender: 43, RSSI: -96
[P1_RX] Time: 116ms, Receiver: 21, Sender: 43, RSSI: -98
[P1_RX] Time: 116ms, Receiver: 18, Sender: 43, RSSI: -99
[P1_RX] Time: 116ms, Receiver: 11, Sender: 43, RSSI: -99
[P1_RX] Time: 116ms, Receiver: 32, Sender: 43, RSSI: -99
[P1_RX] Time: 116ms, Receiver: 10, Sender: 43, RSSI: -102
[P1_RX] Time: 116ms, Receiver: 17, Sender: 43, RSSI: -100
[P1_RX] Time: 116ms, Receiver: 1, Sender: 43, RSSI: -100
[P1_RX] Time: 116ms, Receiver: 3, Sender: 43, RSSI: -103
[P1_RX] Time: 116ms, Receiver: 49, Sender: 43, RSSI: -104
[P1_RX] Time: 116ms, Receiver: 8, Sender: 43, RSSI: -106
[P1_SUCCESS] Time: 116ms, Drone: 40
[P1_RX] Time: 116ms, Receiver: 47, Sender: 40, RSSI: -91
[P1_RX] Time: 116ms, Receiver: 19, Sender: 40, RSSI: -92
[P1_RX] Time: 116ms, Receiver: 41, Sender: 40, RSSI: -95
[P1_RX] Time: 116ms, Receiver: 5, Sender: 40, RSSI: -97
[P1_RX] Time: 116ms, Receiver: 35, Sender: 40, RSSI: -97
[P1_RX] Time: 116ms, Receiver: 27, Sender: 40, RSSI: -99
[P1_RX] Time: 116ms, Receiver: 36, Sender: 40, RSSI: -103
[P1_RX] Time: 116ms, Receiver: 22, Sender: 40, RSSI: -105
[P1_ABORT] Time: 116ms, Drone: 45
[P1_ATTEMPT] Time: 116ms, Drone: 45
[P1_SUCCESS] Time: 116ms, Drone: 6
[P1_RX] Time: 116ms, Receiver: 39, Sender: 6, RSSI: -95
[P1_RX] Time: 116ms, Receiver: 42, Sender: 6, RSSI: -98
[P1_RX] Time: 116ms, Receiver: 0, Sender: 6, RSSI: -98
[P1_RX] Time: 116ms, Receiver: 23, Sender: 6, RSSI: -100
[P1_RX] Time: 116ms, Receiver: 9, Sender: 6, RSSI: -100
[P1_RX] Time: 116ms, Receiver: 26, Sender: 6, RSSI: -101
[P1_RX] Time: 116ms, Receiver: 14, Sender: 6, RSSI: -103
[P1_RX] Time: 116ms, Receiver: 2, Sender: 6, RSSI: -102
[P1_RX] Time: 116ms, Receiver: 24, Sender: 6, RSSI: -104
[P1_SUCCESS] Time: 116ms, Drone: 45
[P1_RX] Time: 116ms, Receiver: 31, Sender: 45, RSSI: -90
[P1_RX] Time: 116ms, Receiver: 13, Sender: 45, RSSI: -96
[P1_RX] Time: 116ms, Receiver: 2, Sender: 45, RSSI: -99
[P1_RX] Time: 116ms, Receiver: 32, Sender: 45, RSSI: -101
[P1_RX] Time: 116ms, Receiver: 4, Sender: 45, RSSI: -101
[P1_RX] Time: 116ms, Receiver: 27, Sender: 45, RSSI: -102
[P1_RX] Time: 116ms, Receiver: 1, Sender: 45, RSSI: -102
[P1_RX] Time: 116ms, Receiver: 0, Sender: 45, RSSI: -103
[P1_RX] Time: 116ms, Receiver: 48, Sender: 45, RSSI: -103
[P1_RX] Time: 116ms, Receiver: 24, Sender: 45, RSSI: -103
[P1_RX] Time: 116ms, Receiver: 15, Sender: 45, RSSI: -103
[P1_RX] Time: 116ms, Receiver: 19, Sender: 45, RSSI: -104
[P1_RX] Time: 116ms, Receiver: 23, Sender: 45, RSSI: -105
[P1_RX] Time: 116ms, Receiver: 47, Sender: 45, RSSI: -105
[P1_RX] Time: 116ms, Receiver: 33, Sender: 45, RSSI: -105
[P1_RX] Time: 116ms, Receiver: 16, Sender: 45, RSSI: -106
[P1_RX] Time: 116ms, Receiver: 42, Sender: 45, RSSI: -106
[P1_RX] Time: 116ms, Receiver: 14, Sender: 45, RSSI: -106
[P1_RX] Time: 116ms, Receiver: 43, Sender: 45, RSSI: -107
[P1_RX] Time: 116ms, Receiver: 29, Sender: 45, RSSI: -107
[P1_RX] Time: 116ms, Receiver: 40, Sender: 45, RSSI: -108
[P1_RX] Time: 116ms, Receiver: 18, Sender: 45, RSSI: -109
[P1_RX] Time: 116ms, Receiver: 21, Sender: 45, RSSI: -110
[P1_RX] Time: 116ms, Receiver: 41, Sender: 45, RSSI: -110
[P1_ATTEMPT] Time: 118ms, Drone: 35
[P1_ATTEMPT] Time: 118ms, Drone: 44
[P1_ATTEMPT] Time: 118ms, Drone: 5
[P1_SUCCESS] Time: 119ms, Drone: 35
[P1_RX] Time: 119ms, Receiver: 39, Sender: 35, RSSI: -97
[P1_RX] Time: 119ms, Receiver: 19, Sender: 35, RSSI: -98
[P1_RX] Time: 119ms, Receiver: 40, Sender: 35, RSSI: -99
[P1_RX] Time: 119ms, Receiver: 9, Sender: 35, RSSI: -100
[P1_RX] Time: 119ms, Receiver: 6, Sender: 35, RSSI: -103
[P1_SUCCESS] Time: 119ms, Drone: 44
[P1_RX] Time: 119ms, Receiver: 28, Sender: 44, RSSI: -99
[P1_RX] Time: 119ms, Receiver: 46, Sender: 44, RSSI: -100
[P1_RX] Time: 119ms, Receiver: 34, Sender: 44, RSSI: -101
[P1_RX] Time: 119ms, Receiver: 20, Sender: 44, RSSI: -103
[P1_RX] Time: 119ms, Receiver: 37, Sender: 44, RSSI: -107
[P1_RX] Time: 119ms, Receiver: 49, Sender: 44, RSSI: -107
[P1_SUCCESS] Time: 119ms, Drone: 5
[P1_ATTEMPT] Time: 119ms, Drone: 29
[P1_ATTEMPT] Time: 120ms, Drone: 22
[P1_ATTEMPT] Time: 120ms, Drone: 7
[P1_SUCCESS] Time: 120ms, Drone: 29
[P1_RX] Time: 120ms, Receiver: 33, Sender: 29, RSSI: -89
[P1_RX] Time: 120ms, Receiver: 37, Sender: 29, RSSI: -89
[P1_RX] Time: 120ms, Receiver: 25, Sender: 29, RSSI: -93
[P1_RX] Time: 120ms, Receiver: 20, Sender: 29, RSSI: -103
[P1_RX] Time: 120ms, Receiver: 4, Sender: 29, RSSI: -103
[P1_RX] Time: 120ms, Receiver: 31, Sender: 29, RSSI: -105
[P1_RX] Time: 120ms, Receiver: 34, Sender: 29, RSSI: -105
[P1_RX] Time: 120ms, Receiver: 13, Sender: 29, RSSI: -105
[P1_RX] Time: 120ms, Receiver: 28, Sender: 29, RSSI: -106
[P1_RX] Time: 120ms, Receiver: 15, Sender: 29, RSSI: -106
[P1_RX] Time: 120ms, Receiver: 48, Sender: 29, RSSI: -106
[P1_RX] Time: 120ms, Receiver: 45, Sender: 29, RSSI: -107
[P1_RX] Time: 120ms, Receiver: 46, Sender: 29, RSSI: -107
[P1_RX] Time: 120ms, Receiver: 12, Sender: 29, RSSI: -109
[P1_RX] Time: 120ms, Receiver: 44, Sender: 29, RSSI: -109
[P1_RX] Time: 120ms, Receiver: 49, Sender: 29, RSSI: -110
[P1_ATTEMPT] Time: 120ms, Drone: 33
[P1_ATTEMPT] Time: 120ms, Drone: 4
[P1_ATTEMPT] Time: 120ms, Drone: 31
[P1_ATTEMPT] Time: 120ms, Drone: 26
[P1_ATTEMPT] Time: 121ms, Drone: 14
[P1_ABORT] Time: 121ms, Drone: 26
[P1_ATTEMPT] Time: 121ms, Drone: 26
[P1_ABORT] Time: 121ms, Drone: 14
[P1_ATTEMPT] Time: 121ms, Drone: 14
[P1_ABORT] Time: 121ms, Drone: 26
[P1_ATTEMPT] Time: 121ms, Drone: 26
[P1_ATTEMPT] Time: 121ms, Drone: 48
[P1_ATTEMPT] Time: 121ms, Drone: 20
[P1_ABORT] Time: 121ms, Drone: 14
[P1_ATTEMPT] Time: 121ms, Drone: 14
[P1_ABORT] Time: 121ms, Drone: 26
[P1_ATTEMPT] Time: 121ms, Drone: 26
[P1_ATTEMPT] Time: 121ms, Drone: 47
[P1_ABORT] Time: 121ms, Drone: 48
[P1_ATTEMPT] Time: 121ms, Drone: 48
[P1_ABORT] Time: 121ms, Drone: 20
[P1_ATTEMPT] Time: 121ms, Drone: 20
[P1_ABORT] Time: 121ms, Drone: 14
[P1_ATTEMPT] Time: 121ms, Drone: 14
[P1_ABORT] Time: 121ms, Drone: 26
[P1_ATTEMPT] Time: 121ms, Drone: 26
[P1_ABORT] Time: 121ms, Drone: 47
[P1_ATTEMPT] Time: 121ms, Drone: 47
[P1_ABORT] Time: 121ms, Drone: 48
[P1_ATTEMPT] Time: 121ms, Drone: 48
[P1_ABORT] Time: 121ms, Drone: 20
[P1_ATTEMPT] Time: 121ms, Drone: 20
[P1_ABORT] Time: 121ms, Drone: 14
[P1_ATTEMPT] Time: 121ms, Drone: 14
[P1_ABORT] Time: 121ms, Drone: 26
[P1_ATTEMPT] Time: 121ms, Drone: 26
[P1_SUCCESS] Time: 121ms, Drone: 22
[P1_RX] Time: 121ms, Receiver: 36, Sender: 22, RSSI: -99
[P1_RX] Time: 121ms, Receiver: 9, Sender: 22, RSSI: -102
[P1_RX] Time: 121ms, Receiver: 5, Sender: 22, RSSI: -103
[P1_RX] Time: 121ms, Receiver: 41, Sender: 22, RSSI: -103
[P1_RX] Time: 121ms, Receiver: 35, Sender: 22, RSSI: -103
[P1_ABORT] Time: 121ms, Drone: 47
[P1_ATTEMPT] Time: 121ms, Drone: 47
[P1_ABORT] Time: 121ms, Drone: 48
[P1_ATTEMPT] Time: 121ms, Drone: 48
[P1_ABORT] Time: 121ms, Drone: 20
[P1_ATTEMPT] Time: 121ms, Drone: 20
[P1_SUCCESS] Time: 121ms, Drone: 7
[P1_RX] Time: 121ms, Receiver: 30, Sender: 7, RSSI: -94
[P1_RX] Time: 121ms, Receiver: 14, Sender: 7, RSSI: -100
[P1_RX] Time: 121ms, Receiver: 12, Sender: 7, RSSI: -101
[P1_SUCCESS] Time: 121ms, Drone: 33
[P1_RX] Time: 121ms, Receiver: 29, Sender: 33, RSSI: -89
[P1_RX] Time: 121ms, Receiver: 37, Sender: 33, RSSI: -90
[P1_RX] Time: 121ms, Receiver: 25, Sender: 33, RSSI: -98
[P1_RX] Time: 121ms, Receiver: 34, Sender: 33, RSSI: -105
[P1_ABORT] Time: 121ms, Drone: 14
[P1_ATTEMPT] Time: 121ms, Drone: 14
[P1_ABORT] Time: 121ms, Drone: 26
[P1_ATTEMPT] Time: 121ms, Drone: 26
[P1_SUCCESS] Time: 121ms, Drone: 4
[P1_RX] Time: 121ms, Receiver: 48, Sender: 4, RSSI: -93
[P1_RX] Time: 121ms, Receiver: 1, Sender: 4, RSSI: -99
[P1_RX] Time: 121ms, Receiver: 24, Sender: 4, RSSI: -98
[P1_RX] Time: 121ms, Receiver: 32, Sender: 4, RSSI: -99
[P1_RX] Time: 121ms, Receiver: 16, Sender: 4, RSSI: -102
[P1_RX] Time: 121ms, Receiver: 3, Sender: 4, RSSI: -104
[P1_ABORT] Time: 121ms, Drone: 47
[P1_ATTEMPT] Time: 121ms, Drone: 47
[P1_ABORT] Time: 121ms, Drone: 48
[P1_ATTEMPT] Time: 121ms, Drone: 48
[P1_ABORT] Time: 121ms, Drone: 20
[P1_ATTEMPT] Time: 121ms, Drone: 20
[P1_ABORT] Time: 121ms, Drone: 14
[P1_ATTEMPT] Time: 121ms, Drone: 14
[P1_SUCCESS] Time: 121ms, Drone: 31
[P1_RX] Time: 121ms, Receiver: 45, Sender: 31, RSSI: -89
[P1_ATTEMPT] Time: 121ms, Drone: 12
[P1_ABORT] Time: 121ms, Drone: 48
[P1_ATTEMPT] Time: 121ms, Drone: 48
[P1_SUCCESS] Time: 122ms, Drone: 26
[P1_RX] Time: 122ms, Receiver: 42, Sender: 26, RSSI: -94
[P1_RX] Time: 122ms, Receiver: 6, Sender: 26, RSSI: -99
[P1_SUCCESS] Time: 122ms, Drone: 47
[P1_RX] Time: 122ms, Receiver: 40, Sender: 47, RSSI: -91
[P1_RX] Time: 122ms, Receiver: 19, Sender: 47, RSSI: -92
[P1_RX] Time: 122ms, Receiver: 27, Sender: 47, RSSI: -95
[P1_RX] Time: 122ms, Receiver: 41, Sender: 47, RSSI: -96
[P1_RX] Time: 122ms, Receiver: 16, Sender: 47, RSSI: -97
[P1_RX] Time: 122ms, Receiver: 32, Sender: 47, RSSI: -98
[P1_RX] Time: 122ms, Receiver: 1, Sender: 47, RSSI: -99
[P1_RX] Time: 122ms, Receiver: 17, Sender: 47, RSSI: -100
[P1_RX] Time: 122ms, Receiver: 5, Sender: 47, RSSI: -101
[P1_RX] Time: 122ms, Receiver: 35, Sender: 47, RSSI: -101
[P1_RX] Time: 122ms, Receiver: 18, Sender: 47, RSSI: -102
[P1_RX] Time: 122ms, Receiver: 21, Sender: 47, RSSI: -104
[P1_RX] Time: 122ms, Receiver: 11, Sender: 47, RSSI: -105
[P1_SUCCESS] Time: 122ms, Drone: 20
[P1_RX] Time: 122ms, Receiver: 29, Sender: 20, RSSI: -100
[P1_RX] Time: 122ms, Receiver: 44, Sender: 20, RSSI: -102
[P1_RX] Time: 122ms, Receiver: 37, Sender: 20, RSSI: -101
[P1_RX] Time: 122ms, Receiver: 34, Sender: 20, RSSI: -103
[P1_RX] Time: 122ms, Receiver: 46, Sender: 20, RSSI: -105
[P1_SUCCESS] Time: 122ms, Drone: 14
[P1_RX] Time: 122ms, Receiver: 23, Sender: 14, RSSI: -88
[P1_RX] Time: 122ms, Receiver: 0, Sender: 14, RSSI: -95
[P1_RX] Time: 122ms, Receiver: 30, Sender: 14, RSSI: -94
[P1_RX] Time: 122ms, Receiver: 7, Sender: 14, RSSI: -97
[P1_SUCCESS] Time: 122ms, Drone: 12
[P1_SUCCESS] Time: 122ms, Drone: 48
[P1_RX] Time: 122ms, Receiver: 13, Sender: 48, RSSI: -92
[P1_RX] Time: 122ms, Receiver: 4, Sender: 48, RSSI: -93
[P1_RX] Time: 122ms, Receiver: 31, Sender: 48, RSSI: -98
[P1_ATTEMPT] Time: 123ms, Drone: 23
[P1_ATTEMPT] Time: 124ms, Drone: 37
[P1_SUCCESS] Time: 124ms, Drone: 23
[P1_RX] Time: 124ms, Receiver: 14, Sender: 23, RSSI: -89
[P1_RX] Time: 124ms, Receiver: 0, Sender: 23, RSSI: -89
[P1_RX] Time: 124ms, Receiver: 26, Sender: 23, RSSI: -97
[P1_RX] Time: 124ms, Receiver: 42, Sender: 23, RSSI: -97
[P1_RX] Time: 124ms, Receiver: 2, Sender: 23, RSSI: -98
[P1_RX] Time: 124ms, Receiver: 24, Sender: 23, RSSI: -98
[P1_RX] Time: 124ms, Receiver: 6, Sender: 23, RSSI: -100
[P1_RX] Time: 124ms, Receiver: 30, Sender: 23, RSSI: -102
[P1_RX] Time: 124ms, Receiver: 13, Sender: 23, RSSI: -103
[P1_RX] Time: 124ms, Receiver: 45, Sender: 23, RSSI: -105
[P1_RX] Time: 124ms, Receiver: 48, Sender: 23, RSSI: -105
[P1_RX] Time: 124ms, Receiver: 7, Sender: 23, RSSI: -105
[P1_RX] Time: 124ms, Receiver: 31, Sender: 23, RSSI: -106
[P1_RX] Time: 124ms, Receiver: 39, Sender: 23, RSSI: -107
[P1_RX] Time: 124ms, Receiver: 19, Sender: 23, RSSI: -107
[P1_RX] Time: 124ms, Receiver: 4, Sender: 23, RSSI: -108
[P1_RX] Time: 124ms, Receiver: 12, Sender: 23, RSSI: -108
[P1_ATTEMPT] Time: 124ms, Drone: 36
[P1_ATTEMPT] Time: 124ms, Drone: 19
[P1_ABORT] Time: 124ms, Drone: 19
[P1_ATTEMPT] Time: 124ms, Drone: 19
[P1_ABORT] Time: 124ms, Drone: 19
[P1_ATTEMPT] Time: 124ms, Drone: 19
[P1_ABORT] Time: 125ms, Drone: 19
[P1_SUCCESS] Time: 125ms, Drone: 37
[P1_RX] Time: 125ms, Receiver: 29, Sender: 37, RSSI: -89
[P1_RX] Time: 125ms, Receiver: 33, Sender: 37, RSSI: -90
[P1_RX] Time: 125ms, Receiver: 25, Sender: 37, RSSI: -95
[P1_RX] Time: 125ms, Receiver: 34, Sender: 37, RSSI: -102
[P1_RX] Time: 125ms, Receiver: 20, Sender: 37, RSSI: -103
[P1_RX] Time: 125ms, Receiver: 28, Sender: 37, RSSI: -104
[P1_RX] Time: 125ms, Receiver: 46, Sender: 37, RSSI: -105
[P1_RX] Time: 125ms, Receiver: 15, Sender: 37, RSSI: -105
[P1_RX] Time: 125ms, Receiver: 4, Sender: 37, RSSI: -106
[P1_RX] Time: 125ms, Receiver: 31, Sender: 37, RSSI: -106
[P1_RX] Time: 125ms, Receiver: 44, Sender: 37, RSSI: -107
[P1_RX] Time: 125ms, Receiver: 13, Sender: 37, RSSI: -108
[P1_RX] Time: 125ms, Receiver: 45, Sender: 37, RSSI: -109
[P1_SUCCESS] Time: 125ms, Drone: 36
[P1_RX] Time: 125ms, Receiver: 22, Sender: 36, RSSI: -99
[P1_RX] Time: 125ms, Receiver: 5, Sender: 36, RSSI: -100
[P1_RX] Time: 125ms, Receiver: 41, Sender: 36, RSSI: -101
[P1_RX] Time: 125ms, Receiver: 35, Sender: 36, RSSI: -102
[P1_RX] Time: 125ms, Receiver: 40, Sender: 36, RSSI: -104
[P1_RX] Time: 125ms, Receiver: 9, Sender: 36, RSSI: -107
[P1_RX] Time: 125ms, Receiver: 39, Sender: 36, RSSI: -107
[P1_RX] Time: 125ms, Receiver: 47, Sender: 36, RSSI: -106
[P1_RX] Time: 125ms, Receiver: 19, Sender: 36, RSSI: -107
[P2_ATTEMPT] Time: 128ms, Drone: 31, Slot: 0, Channel: 12
[P2_ATTEMPT] Time: 128ms, Drone: 48, Slot: 0, Channel: 19
[P2_ATTEMPT] Time: 130ms, Drone: 2, Slot: 1, Channel: 14
[P2_ATTEMPT] Time: 130ms, Drone: 6, Slot: 1, Channel: 25
[P2_ATTEMPT] Time: 130ms, Drone: 8, Slot: 1, Channel: 19
[P2_ATTEMPT] Time: 130ms, Drone: 28, Slot: 1, Channel: 21
[P2_ATTEMPT] Time: 130ms, Drone: 37, Slot: 1, Channel: 25
[P2_SUCCESS] Time: 130ms, Drone: 31
[P2_SUCCESS] Time: 130ms, Drone: 48
[P2_ATTEMPT] Time: 133ms, Drone: 20, Slot: 2, Channel: 20
[P2_ATTEMPT] Time: 133ms, Drone: 35, Slot: 2, Channel: 25
[P2_ATTEMPT] Time: 133ms, Drone: 40, Slot: 2, Channel: 21
[P2_SUCCESS] Time: 133ms, Drone: 2
[P2_SUCCESS] Time: 133ms, Drone: 6
[P2_SUCCESS] Time: 133ms, Drone: 8
[P2_SUCCESS] Time: 133ms, Drone: 28
[P2_SUCCESS] Time: 133ms, Drone: 37
[P2_RX] Time: 133ms, Receiver: 34, Sender: 28, RSSI: -78
[P2_RX] Time: 133ms, Receiver: 46, Sender: 28, RSSI: -82
[P2_RX] Time: 133ms, Receiver: 29, Sender: 37, RSSI: -89
[P2_RX] Time: 133ms, Receiver: 24, Sender: 2, RSSI: -89
[P2_RX] Time: 133ms, Receiver: 33, Sender: 37, RSSI: -90
[P2_RX] Time: 133ms, Receiver: 39, Sender: 6, RSSI: -95
[P2_RX] Time: 133ms, Receiver: 25, Sender: 37, RSSI: -95
[P2_RX] Time: 133ms, Receiver: 42, Sender: 2, RSSI: -96
[P2_ATTEMPT] Time: 135ms, Drone: 0, Slot: 3, Channel: 13
[P2_ATTEMPT] Time: 135ms, Drone: 3, Slot: 3, Channel: 25
[P2_ATTEMPT] Time: 135ms, Drone: 7, Slot: 3, Channel: 24
[P2_ATTEMPT] Time: 135ms, Drone: 18, Slot: 3, Channel: 18
[P2_ATTEMPT] Time: 135ms, Drone: 33, Slot: 3, Channel: 21
[P2_ATTEMPT] Time: 135ms, Drone: 39, Slot: 3, Channel: 16
[P2_SUCCESS] Time: 135ms, Drone: 20
[P2_SUCCESS] Time: 135ms, Drone: 35
[P2_SUCCESS] Time: 135ms, Drone: 40
[P2_RX] Time: 135ms, Receiver: 47, Sender: 40, RSSI: -91
[P2_RX] Time: 135ms, Receiver: 19, Sender: 40, RSSI: -92
[P2_RX] Time: 135ms, Receiver: 41, Sender: 40, RSSI: -95
[P2_RX] Time: 135ms, Receiver: 6, Sender: 35, RSSI: -103
[P2_ATTEMPT] Time: 138ms, Drone: 9, Slot: 4, Channel: 17
[P2_ATTEMPT] Time: 138ms, Drone: 15, Slot: 4, Channel: 21
[P2_ATTEMPT] Time: 138ms, Drone: 22, Slot: 4, Channel: 25
[P2_ATTEMPT] Time: 138ms, Drone: 30, Slot: 4, Channel: 16
[P2_ATTEMPT] Time: 138ms, Drone: 34, Slot: 4, Channel: 20
[P2_SUCCESS] Time: 138ms, Drone: 0
[P2_SUCCESS] Time: 138ms, Drone: 3
[P2_SUCCESS] Time: 138ms, Drone: 7
[P2_SUCCESS] Time: 138ms, Drone: 18
[P2_SUCCESS] Time: 138ms, Drone: 33
[P2_SUCCESS] Time: 138ms, Drone: 39
[P2_RX] Time: 138ms, Receiver: 21, Sender: 18, RSSI: -78
[P2_RX] Time: 138ms, Receiver: 49, Sender: 3, RSSI: -80
[P2_RX] Time: 138ms, Receiver: 17, Sender: 18, RSSI: -86
[P2_RX] Time: 138ms, Receiver: 29, Sender: 33, RSSI: -89
[P2_RX] Time: 138ms, Receiver: 23, Sender: 0, RSSI: -89
[P2_RX] Time: 138ms, Receiver: 37, Sender: 33, RSSI: -90
[P2_RX] Time: 138ms, Receiver: 16, Sender: 18, RSSI: -94
[P2_ATTEMPT] Time: 140ms, Drone: 11, Slot: 5, Channel: 17
[P2_ATTEMPT] Time: 140ms, Drone: 12, Slot: 5, Channel: 14
[P2_ATTEMPT] Time: 140ms, Drone: 16, Slot: 5, Channel: 20
[P2_ATTEMPT] Time: 140ms, Drone: 41, Slot: 5, Channel: 23
[P2_SUCCESS] Time: 140ms, Drone: 9
[P2_SUCCESS] Time: 140ms, Drone: 15
[P2_SUCCESS] Time: 140ms, Drone: 22
[P2_SUCCESS] Time: 140ms, Drone: 30
[P2_SUCCESS] Time: 140ms, Drone: 34
[P2_RX] Time: 140ms, Receiver: 28, Sender: 34, RSSI: -78
[P2_RX] Time: 140ms, Receiver: 46, Sender: 34, RSSI: -87
[P2_RX] Time: 140ms, Receiver: 43, Sender: 15, RSSI: -93
[P2_RX] Time: 140ms, Receiver: 7, Sender: 30, RSSI: -94
[P2_RX] Time: 140ms, Receiver: 33, Sender: 15, RSSI: -103
[P2_RX] Time: 140ms, Receiver: 35, Sender: 22, RSSI: -104
[P2_RX] Time: 140ms, Receiver: 20, Sender: 34, RSSI: -105
[P2_RX] Time: 140ms, Receiver: 37, Sender: 15, RSSI: -105
[P2_RX] Time: 140ms, Receiver: 29, Sender: 15, RSSI: -106
[P2_ATTEMPT] Time: 143ms, Drone: 4, Slot: 6, Channel: 25
[P2_ATTEMPT] Time: 143ms, Drone: 5, Slot: 6, Channel: 25
[P2_ATTEMPT] Time: 143ms, Drone: 13, Slot: 6, Channel: 16
[P2_ATTEMPT] Time: 143ms, Drone: 23, Slot: 6, Channel: 15
[P2_ATTEMPT] Time: 143ms, Drone: 24, Slot: 6, Channel: 16
[P2_ATTEMPT] Time: 143ms, Drone: 25, Slot: 6, Channel: 18
[P2_ATTEMPT] Time: 143ms, Drone: 42, Slot: 6, Channel: 18
[P2_ATTEMPT] Time: 143ms, Drone: 43, Slot: 6, Channel: 16
[P2_ATTEMPT] Time: 143ms, Drone: 44, Slot: 6, Channel: 14
[P2_ATTEMPT] Time: 143ms, Drone: 47, Slot: 6, Channel: 24
[P2_SUCCESS] Time: 143ms, Drone: 11
[P2_SUCCESS] Time: 143ms, Drone: 12
[P2_SUCCESS] Time: 143ms, Drone: 16
[P2_SUCCESS] Time: 143ms, Drone: 41
[P2_RX] Time: 143ms, Receiver: 1, Sender: 16, RSSI: -89
[P2_RX] Time: 143ms, Receiver: 32, Sender: 16, RSSI: -91
[P2_RX] Time: 143ms, Receiver: 17, Sender: 16, RSSI: -91
[P2_RX] Time: 143ms, Receiver: 18, Sender: 16, RSSI: -94
[P2_RX] Time: 143ms, Receiver: 38, Sender: 11, RSSI: -94
[P2_ATTEMPT] Time: 145ms, Drone: 1, Slot: 7, Channel: 15
[P2_ATTEMPT] Time: 145ms, Drone: 14, Slot: 7, Channel: 12
[P2_ATTEMPT] Time: 145ms, Drone: 27, Slot: 7, Channel: 24
[P2_ATTEMPT] Time: 145ms, Drone: 36, Slot: 7, Channel: 26
[P2_ATTEMPT] Time: 145ms, Drone: 46, Slot: 7, Channel: 14
[P2_ATTEMPT] Time: 145ms, Drone: 49, Slot: 7, Channel: 24
[P2_ABORT] Time: 145ms, Drone: 27
[P2_SUCCESS] Time: 145ms, Drone: 4
[P2_SUCCESS] Time: 145ms, Drone: 5
[P2_SUCCESS] Time: 145ms, Drone: 13
[P2_SUCCESS] Time: 145ms, Drone: 23
[P2_SUCCESS] Time: 145ms, Drone: 24
[P2_SUCCESS] Time: 145ms, Drone: 25
[P2_SUCCESS] Time: 145ms, Drone: 42
[P2_SUCCESS] Time: 145ms, Drone: 43
[P2_SUCCESS] Time: 145ms, Drone: 44
[P2_SUCCESS] Time: 145ms, Drone: 47
[P2_RX] Time: 145ms, Receiver: 35, Sender: 5, RSSI: -75
[P2_RX] Time: 145ms, Receiver: 40, Sender: 47, RSSI: -91
[P2_RX] Time: 145ms, Receiver: 31, Sender: 13, RSSI: -92
[P2_RX] Time: 145ms, Receiver: 19, Sender: 47, RSSI: -92
[P2_RX] Time: 145ms, Receiver: 48, Sender: 13, RSSI: -91
[P2_RX] Time: 145ms, Receiver: 29, Sender: 25, RSSI: -93
[P2_RX] Time: 145ms, Receiver: 15, Sender: 43, RSSI: -93
[P2_RX] Time: 145ms, Receiver: 26, Sender: 42, RSSI: -94
[P2_RX] Time: 145ms, Receiver: 27, Sender: 47, RSSI: -95
[P2_RX] Time: 145ms, Receiver: 37, Sender: 25, RSSI: -95
[P2_RX] Time: 145ms, Receiver: 22, Sender: 5, RSSI: -103
[P2_RX] Time: 145ms, Receiver: 6, Sender: 5, RSSI: -104
[P2_ATTEMPT] Time: 148ms, Drone: 10, Slot: 8, Channel: 12
[P2_ATTEMPT] Time: 148ms, Drone: 21, Slot: 8, Channel: 17
[P2_ATTEMPT] Time: 148ms, Drone: 26, Slot: 8, Channel: 21
[P2_ATTEMPT] Time: 148ms, Drone: 32, Slot: 8, Channel: 19
[P2_ATTEMPT] Time: 148ms, Drone: 45, Slot: 8, Channel: 23
[P2_SUCCESS] Time: 148ms, Drone: 1
[P2_SUCCESS] Time: 148ms, Drone: 14
[P2_SUCCESS] Time: 148ms, Drone: 36
[P2_SUCCESS] Time: 148ms, Drone: 46
[P2_SUCCESS] Time: 148ms, Drone: 49
[P2_RX] Time: 148ms, Receiver: 3, Sender: 49, RSSI: -80
[P2_RX] Time: 148ms, Receiver: 23, Sender: 14, RSSI: -89
[P2_RX] Time: 148ms, Receiver: 0, Sender: 14, RSSI: -97
[P2_RX] Time: 148ms, Receiver: 30, Sender: 14, RSSI: -97
[P2_RX] Time: 148ms, Receiver: 44, Sender: 46, RSSI: -100
[P2_RX] Time: 148ms, Receiver: 47, Sender: 49, RSSI: -109
[P2_ATTEMPT] Time: 150ms, Drone: 17, Slot: 9, Channel: 13
[P2_ATTEMPT] Time: 150ms, Drone: 19, Slot: 9, Channel: 22
[P2_ATTEMPT] Time: 150ms, Drone: 29, Slot: 9, Channel: 26
[P2_ATTEMPT] Time: 150ms, Drone: 38, Slot: 9, Channel: 23
[P2_SUCCESS] Time: 150ms, Drone: 10
[P2_SUCCESS] Time: 150ms, Drone: 21
[P2_SUCCESS] Time: 150ms, Drone: 26
[P2_SUCCESS] Time: 150ms, Drone: 32
[P2_SUCCESS] Time: 150ms, Drone: 45
[P2_RX] Time: 150ms, Receiver: 18, Sender: 21, RSSI: -78
[P2_RX] Time: 150ms, Receiver: 1, Sender: 32, RSSI: -82
[P2_RX] Time: 150ms, Receiver: 31, Sender: 45, RSSI: -90
[P2_RX] Time: 150ms, Receiver: 16, Sender: 32, RSSI: -91
[P2_RX] Time: 150ms, Receiver: 42, Sender: 26, RSSI: -94
[P2_RX] Time: 150ms, Receiver: 15, Sender: 32, RSSI: -95
[P2_SUCCESS] Time: 153ms, Drone: 17
[P2_SUCCESS] Time: 153ms, Drone: 19
[P2_SUCCESS] Time: 153ms, Drone: 29
[P2_SUCCESS] Time: 153ms, Drone: 38
[P1_ATTEMPT] Time: 153ms, Drone: 47
[P1_ATTEMPT] Time: 153ms, Drone: 43
[P1_ABORT] Time: 154ms, Drone: 43
[P1_ATTEMPT] Time: 154ms, Drone: 43
[P1_ABORT] Time: 154ms, Drone: 43
[P1_ATTEMPT] Time: 154ms, Drone: 43
[P1_ABORT] Time: 154ms, Drone: 43
[P1_ATTEMPT] Time: 154ms, Drone: 43
[P1_ABORT] Time: 154ms, Drone: 43
[P1_ATTEMPT] Time: 154ms, Drone: 43
[P1_SUCCESS] Time: 154ms, Drone: 47
[P1_RX] Time: 154ms, Receiver: 40, Sender: 47, RSSI: -91
[P1_RX] Time: 154ms, Receiver: 19, Sender: 47, RSSI: -92
[P1_RX] Time: 154ms, Receiver: 27, Sender: 47, RSSI: -95
[P1_RX] Time: 154ms, Receiver: 41, Sender: 47, RSSI: -97
[P1_RX] Time: 154ms, Receiver: 16, Sender: 47, RSSI: -97
[P1_RX] Time: 154ms, Receiver: 32, Sender: 47, RSSI: -99
[P1_RX] Time: 154ms, Receiver: 1, Sender: 47, RSSI: -99
[P1_RX] Time: 154ms, Receiver: 17, Sender: 47, RSSI: -101
[P1_RX] Time: 154ms, Receiver: 5, Sender: 47, RSSI: -102
[P1_RX] Time: 154ms, Receiver: 35, Sender: 47, RSSI: -102
[P1_RX] Time: 154ms, Receiver: 18, Sender: 47, RSSI: -103
[P1_RX] Time: 154ms, Receiver: 21, Sender: 47, RSSI: -105
[P1_RX] Time: 154ms, Receiver: 45, Sender: 47, RSSI: -105
[P1_RX] Time: 154ms, Receiver: 15, Sender: 47, RSSI: -106
[P1_RX] Time: 154ms, Receiver: 2, Sender: 47, RSSI: -106
[P1_RX] Time: 154ms, Receiver: 11, Sender: 47, RSSI: -106
[P1_RX] Time: 154ms, Receiver: 43, Sender: 47, RSSI: -107
[P1_RX] Time: 154ms, Receiver: 9, Sender: 47, RSSI: -107
[P1_RX] Time: 154ms, Receiver: 36, Sender: 47, RSSI: -107
[P1_RX] Time: 154ms, Receiver: 42, Sender: 47, RSSI: -107
[P1_RX] Time: 154ms, Receiver: 39, Sender: 47, RSSI: -108
[P1_RX] Time: 154ms, Receiver: 3, Sender: 47, RSSI: -108
[P1_RX] Time: 154ms, Receiver: 22, Sender: 47, RSSI: -108
[P1_RX] Time: 154ms, Receiver: 4, Sender: 47, RSSI: -108
[P1_RX] Time: 154ms, Receiver: 31, Sender: 47, RSSI: -108
[P1_RX] Time: 154ms, Receiver: 0, Sender: 47, RSSI: -109
[P1_RX] Time: 154ms, Receiver: 13, Sender: 47, RSSI: -109
[P1_ATTEMPT] Time: 154ms, Drone: 5
[P1_ATTEMPT] Time: 154ms, Drone: 36
[P1_SUCCESS] Time: 155ms, Drone: 43
[P1_RX] Time: 155ms, Receiver: 15, Sender: 43, RSSI: -93
[P1_RX] Time: 155ms, Receiver: 38, Sender: 43, RSSI: -96
[P1_RX] Time: 155ms, Receiver: 21, Sender: 43, RSSI: -99
[P1_RX] Time: 155ms, Receiver: 18, Sender: 43, RSSI: -99
[P1_RX] Time: 155ms, Receiver: 11, Sender: 43, RSSI: -100
[P1_RX] Time: 155ms, Receiver: 32, Sender: 43, RSSI: -101
[P1_RX] Time: 155ms, Receiver: 10, Sender: 43, RSSI: -102
[P1_RX] Time: 155ms, Receiver: 17, Sender: 43, RSSI: -103
[P1_RX] Time: 155ms, Receiver: 16, Sender: 43, RSSI: -103
[P1_RX] Time: 155ms, Receiver: 1, Sender: 43, RSSI: -103
[P1_RX] Time: 155ms, Receiver: 3, Sender: 43, RSSI: -104
[P1_RX] Time: 155ms, Receiver: 49, Sender: 43, RSSI: -105
[P1_RX] Time: 155ms, Receiver: 45, Sender: 43, RSSI: -107
[P1_RX] Time: 155ms, Receiver: 8, Sender: 43, RSSI: -107
[P1_RX] Time: 155ms, Receiver: 31, Sender: 43, RSSI: -108
[P1_SUCCESS] Time: 155ms, Drone: 5
[P1_RX] Time: 155ms, Receiver: 35, Sender: 5, RSSI: -75
[P1_RX] Time: 155ms, Receiver: 39, Sender: 5, RSSI: -98
[P1_RX] Time: 155ms, Receiver: 9, Sender: 5, RSSI: -100
[P1_RX] Time: 155ms, Receiver: 6, Sender: 5, RSSI: -104
[P1_RX] Time: 155ms, Receiver: 42, Sender: 5, RSSI: -105
[P1_SUCCESS] Time: 155ms, Drone: 36
[P1_ATTEMPT] Time: 156ms, Drone: 46
[P1_ATTEMPT] Time: 156ms, Drone: 38
[P1_ATTEMPT] Time: 157ms, Drone: 6
[P1_SUCCESS] Time: 157ms, Drone: 46
[P1_RX] Time: 157ms, Receiver: 28, Sender: 46, RSSI: -82
[P1_RX] Time: 157ms, Receiver: 34, Sender: 46, RSSI: -87
[P1_RX] Time: 157ms, Receiver: 44, Sender: 46, RSSI: -100
[P1_RX] Time: 157ms, Receiver: 37, Sender: 46, RSSI: -105
[P1_RX] Time: 157ms, Receiver: 25, Sender: 46, RSSI: -106
[P1_RX] Time: 157ms, Receiver: 20, Sender: 46, RSSI: -107
[P1_RX] Time: 157ms, Receiver: 29, Sender: 46, RSSI: -107
[P1_ATTEMPT] Time: 157ms, Drone: 2
[P1_ABORT] Time: 157ms, Drone: 2
[P1_ATTEMPT] Time: 157ms, Drone: 2
[P1_SUCCESS] Time: 157ms, Drone: 38
[P1_RX] Time: 157ms, Receiver: 11, Sender: 38, RSSI: -94
[P1_RX] Time: 157ms, Receiver: 43, Sender: 38, RSSI: -96
[P1_RX] Time: 157ms, Receiver: 21, Sender: 38, RSSI: -97
[P1_RX] Time: 157ms, Receiver: 18, Sender: 38, RSSI: -100
[P1_RX] Time: 157ms, Receiver: 17, Sender: 38, RSSI: -103
[P1_RX] Time: 157ms, Receiver: 15, Sender: 38, RSSI: -102
[P1_RX] Time: 157ms, Receiver: 8, Sender: 38, RSSI: -102
[P1_RX] Time: 157ms, Receiver: 3, Sender: 38, RSSI: -104
[P1_RX] Time: 157ms, Receiver: 16, Sender: 38, RSSI: -105
[P1_RX] Time: 157ms, Receiver: 49, Sender: 38, RSSI: -105
[P1_RX] Time: 157ms, Receiver: 32, Sender: 38, RSSI: -106
[P1_ABORT] Time: 157ms, Drone: 2
[P1_ATTEMPT] Time: 157ms, Drone: 2
[P1_ABORT] Time: 157ms, Drone: 2
[P1_ATTEMPT] Time: 157ms, Drone: 2
[P1_SUCCESS] Time: 158ms, Drone: 6
[P1_RX] Time: 158ms, Receiver: 39, Sender: 6, RSSI: -95
[P1_RX] Time: 158ms, Receiver: 42, Sender: 6, RSSI: -98
[P1_RX] Time: 158ms, Receiver: 0, Sender: 6, RSSI: -99
[P1_RX] Time: 158ms, Receiver: 23, Sender: 6, RSSI: -100
[P1_RX] Time: 158ms, Receiver: 9, Sender: 6, RSSI: -101
[P1_RX] Time: 158ms, Receiver: 26, Sender: 6, RSSI: -102
[P1_RX] Time: 158ms, Receiver: 35, Sender: 6, RSSI: -103
[P1_RX] Time: 158ms, Receiver: 14, Sender: 6, RSSI: -104
[P1_RX] Time: 158ms, Receiver: 2, Sender: 6, RSSI: -104
[P1_RX] Time: 158ms, Receiver: 5, Sender: 6, RSSI: -104
[P1_RX] Time: 158ms, Receiver: 19, Sender: 6, RSSI: -105
[P1_RX] Time: 158ms, Receiver: 24, Sender: 6, RSSI: -106
[P1_RX] Time: 158ms, Receiver: 40, Sender: 6, RSSI: -107
[P1_ABORT] Time: 158ms, Drone: 2
[P1_ATTEMPT] Time: 158ms, Drone: 2
[P1_ATTEMPT] Time: 158ms, Drone: 31
[P1_ABORT] Time: 158ms, Drone: 31
[P1_ATTEMPT] Time: 158ms, Drone: 31
[P1_SUCCESS] Time: 159ms, Drone: 2
[P1_RX] Time: 159ms, Receiver: 24, Sender: 2, RSSI: -89
[P1_RX] Time: 159ms, Receiver: 42, Sender: 2, RSSI: -96
[P1_RX] Time: 159ms, Receiver: 13, Sender: 2, RSSI: -97
[P1_RX] Time: 159ms, Receiver: 23, Sender: 2, RSSI: -98
[P1_RX] Time: 159ms, Receiver: 48, Sender: 2, RSSI: -98
[P1_RX] Time: 159ms, Receiver: 0, Sender: 2, RSSI: -98
[P1_RX] Time: 159ms, Receiver: 45, Sender: 2, RSSI: -99
[P1_RX] Time: 159ms, Receiver: 14, Sender: 2, RSSI: -101
[P1_RX] Time: 159ms, Receiver: 26, Sender: 2, RSSI: -101
[P1_RX] Time: 159ms, Receiver: 4, Sender: 2, RSSI: -102
[P1_RX] Time: 159ms, Receiver: 31, Sender: 2, RSSI: -102
[P1_RX] Time: 159ms, Receiver: 19, Sender: 2, RSSI: -103
[P1_RX] Time: 159ms, Receiver: 1, Sender: 2, RSSI: -105
[P1_RX] Time: 159ms, Receiver: 6, Sender: 2, RSSI: -105
[P1_RX] Time: 159ms, Receiver: 32, Sender: 2, RSSI: -105
[P1_RX] Time: 159ms, Receiver: 30, Sender: 2, RSSI: -106
[P1_RX] Time: 159ms, Receiver: 27, Sender: 2, RSSI: -106
[P1_RX] Time: 159ms, Receiver: 47, Sender: 2, RSSI: -106
[P1_RX] Time: 159ms, Receiver: 40, Sender: 2, RSSI: -107
[P1_RX] Time: 159ms, Receiver: 35, Sender: 2, RSSI: -108
[P1_RX] Time: 159ms, Receiver: 39, Sender: 2, RSSI: -108
[P1_ABORT] Time: 159ms, Drone: 31
[P1_ATTEMPT] Time: 159ms, Drone: 31
[P1_ATTEMPT] Time: 159ms, Drone: 30
[P1_ATTEMPT] Time: 159ms, Drone: 19
[P1_ABORT] Time: 159ms, Drone: 19
[P1_ATTEMPT] Time: 159ms, Drone: 19
[P1_ABORT] Time: 159ms, Drone: 19
[P1_ATTEMPT] Time: 159ms, Drone: 19
[P1_ATTEMPT] Time: 159ms, Drone: 12
[P1_ABORT] Time: 159ms, Drone: 19
[P1_ATTEMPT] Time: 159ms, Drone: 19
[P1_ABORT] Time: 159ms, Drone: 12
[P1_ATTEMPT] Time: 159ms, Drone: 12
[P1_ATTEMPT] Time: 159ms, Drone: 16
[P1_SUCCESS] Time: 160ms, Drone: 31
[P1_RX] Time: 160ms, Receiver: 45, Sender: 31, RSSI: -90
[P1_RX] Time: 160ms, Receiver: 13, Sender: 31, RSSI: -92
[P1_RX] Time: 160ms, Receiver: 4, Sender: 31, RSSI: -101
[P1_RX] Time: 160ms, Receiver: 48, Sender: 31, RSSI: -101
[P1_RX] Time: 160ms, Receiver: 2, Sender: 31, RSSI: -102
[P1_RX] Time: 160ms, Receiver: 33, Sender: 31, RSSI: -102
[P1_RX] Time: 160ms, Receiver: 32, Sender: 31, RSSI: -104
[P1_RX] Time: 160ms, Receiver: 15, Sender: 31, RSSI: -104
[P1_RX] Time: 160ms, Receiver: 0, Sender: 31, RSSI: -104
[P1_RX] Time: 160ms, Receiver: 29, Sender: 31, RSSI: -105
[P1_RX] Time: 160ms, Receiver: 1, Sender: 31, RSSI: -105
[P1_RX] Time: 160ms, Receiver: 27, Sender: 31, RSSI: -106
[P1_RX] Time: 160ms, Receiver: 37, Sender: 31, RSSI: -106
[P1_RX] Time: 160ms, Receiver: 19, Sender: 31, RSSI: -108
[P1_RX] Time: 160ms, Receiver: 43, Sender: 31, RSSI: -108
[P1_RX] Time: 160ms, Receiver: 16, Sender: 31, RSSI: -108
[P1_ABORT] Time: 160ms, Drone: 12
[P1_ATTEMPT] Time: 160ms, Drone: 12
[P1_SUCCESS] Time: 160ms, Drone: 30
[P1_ABORT] Time: 160ms, Drone: 12
[P1_ATTEMPT] Time: 160ms, Drone: 12
[P1_ATTEMPT] Time: 160ms, Drone: 35
[P1_ABORT] Time: 160ms, Drone: 35
[P1_ATTEMPT] Time: 160ms, Drone: 35
[P1_ABORT] Time: 160ms, Drone: 35
[P1_ATTEMPT] Time: 160ms, Drone: 35
[P1_ABORT] Time: 160ms, Drone: 35
[P1_ATTEMPT] Time: 160ms, Drone: 35
[P1_SUCCESS] Time: 160ms, Drone: 19
[P1_RX] Time: 160ms, Receiver: 40, Sender: 19, RSSI: -92
[P1_RX] Time: 160ms, Receiver: 47, Sender: 19, RSSI: -91
[P1_RX] Time: 160ms, Receiver: 27, Sender: 19, RSSI: -97
[P1_RX] Time: 160ms, Receiver: 35, Sender: 19, RSSI: -98
[P1_RX] Time: 160ms, Receiver: 5, Sender: 19, RSSI: -98
[P1_RX] Time: 160ms, Receiver: 41, Sender: 19, RSSI: -99
[P1_RX] Time: 160ms, Receiver: 42, Sender: 19, RSSI: -102
[P1_RX] Time: 160ms, Receiver: 2, Sender: 19, RSSI: -101
[P1_RX] Time: 160ms, Receiver: 39, Sender: 19, RSSI: -104
[P1_RX] Time: 160ms, Receiver: 45, Sender: 19, RSSI: -102
[P1_RX] Time: 160ms, Receiver: 9, Sender: 19, RSSI: -104
[P1_RX] Time: 160ms, Receiver: 0, Sender: 19, RSSI: -104
[P1_RX] Time: 160ms, Receiver: 6, Sender: 19, RSSI: -105
[P1_RX] Time: 160ms, Receiver: 22, Sender: 19, RSSI: -107
[P1_SUCCESS] Time: 160ms, Drone: 16
[P1_RX] Time: 160ms, Receiver: 1, Sender: 16, RSSI: -89
[P1_RX] Time: 160ms, Receiver: 32, Sender: 16, RSSI: -91
[P1_RX] Time: 160ms, Receiver: 17, Sender: 16, RSSI: -91
[P1_RX] Time: 160ms, Receiver: 18, Sender: 16, RSSI: -93
[P1_RX] Time: 160ms, Receiver: 21, Sender: 16, RSSI: -97
[P1_RX] Time: 160ms, Receiver: 15, Sender: 16, RSSI: -99
[P1_RX] Time: 160ms, Receiver: 3, Sender: 16, RSSI: -100
[P1_RX] Time: 160ms, Receiver: 49, Sender: 16, RSSI: -101
[P1_RX] Time: 160ms, Receiver: 43, Sender: 16, RSSI: -102
[P1_RX] Time: 160ms, Receiver: 11, Sender: 16, RSSI: -103
[P1_RX] Time: 160ms, Receiver: 38, Sender: 16, RSSI: -105
[P1_ABORT] Time: 160ms, Drone: 35
[P1_ATTEMPT] Time: 160ms, Drone: 35
[P1_ATTEMPT] Time: 160ms, Drone: 25
[P1_ABORT] Time: 161ms, Drone: 25
[P1_ATTEMPT] Time: 161ms, Drone: 25
[P1_SUCCESS] Time: 161ms, Drone: 12
[P1_RX] Time: 161ms, Receiver: 30, Sender: 12, RSSI: -98
[P1_RX] Time: 161ms, Receiver: 7, Sender: 12, RSSI: -103
[P1_RX] Time: 161ms, Receiver: 29, Sender: 12, RSSI: -106
[P1_RX] Time: 161ms, Receiver: 25, Sender: 12, RSSI: -107
[P1_ATTEMPT] Time: 161ms, Drone: 21
[P1_ATTEMPT] Time: 161ms, Drone: 22
[P1_ATTEMPT] Time: 161ms, Drone: 11
[P1_ABORT] Time: 161ms, Drone: 22
[P1_ATTEMPT] Time: 161ms, Drone: 22
[P1_ABORT] Time: 161ms, Drone: 22
[P1_ATTEMPT] Time: 161ms, Drone: 22
[P1_ABORT] Time: 161ms, Drone: 22
[P1_ATTEMPT] Time: 161ms, Drone: 22
[P1_ABORT] Time: 161ms, Drone: 22
[P1_ATTEMPT] Time: 161ms, Drone: 22
[P1_SUCCESS] Time: 161ms, Drone: 35
[P1_RX] Time: 161ms, Receiver: 5, Sender: 35, RSSI: -75
[P1_RX] Time: 161ms, Receiver: 39, Sender: 35, RSSI: -97
[P1_RX] Time: 161ms, Receiver: 19, Sender: 35, RSSI: -98
[P1_RX] Time: 161ms, Receiver: 40, Sender: 35, RSSI: -99
[P1_RX] Time: 161ms, Receiver: 9, Sender: 35, RSSI: -100
[P1_RX] Time: 161ms, Receiver: 41, Sender: 35, RSSI: -102
[P1_RX] Time: 161ms, Receiver: 36, Sender: 35, RSSI: -102
[P1_RX] Time: 161ms, Receiver: 6, Sender: 35, RSSI: -103
[P1_RX] Time: 161ms, Receiver: 22, Sender: 35, RSSI: -104
[P1_RX] Time: 161ms, Receiver: 42, Sender: 35, RSSI: -105
[P1_RX] Time: 161ms, Receiver: 0, Sender: 35, RSSI: -107
[P1_ABORT] Time: 161ms, Drone: 22
[P1_ATTEMPT] Time: 161ms, Drone: 22
[P1_SUCCESS] Time: 162ms, Drone: 25
[P1_RX] Time: 162ms, Receiver: 29, Sender: 25, RSSI: -93
[P1_RX] Time: 162ms, Receiver: 37, Sender: 25, RSSI: -95
[P1_RX] Time: 162ms, Receiver: 33, Sender: 25, RSSI: -98
[P1_RX] Time: 162ms, Receiver: 34, Sender: 25, RSSI: -102
[P1_RX] Time: 162ms, Receiver: 20, Sender: 25, RSSI: -104
[P1_RX] Time: 162ms, Receiver: 28, Sender: 25, RSSI: -104
[P1_RX] Time: 162ms, Receiver: 46, Sender: 25, RSSI: -105
[P1_RX] Time: 162ms, Receiver: 31, Sender: 25, RSSI: -105
[P1_ATTEMPT] Time: 162ms, Drone: 37
[P1_SUCCESS] Time: 162ms, Drone: 21
[P1_RX] Time: 162ms, Receiver: 18, Sender: 21, RSSI: -78
[P1_RX] Time: 162ms, Receiver: 3, Sender: 21, RSSI: -97
[P1_RX] Time: 162ms, Receiver: 43, Sender: 21, RSSI: -96
[P1_RX] Time: 162ms, Receiver: 49, Sender: 21, RSSI: -99
[P1_RX] Time: 162ms, Receiver: 15, Sender: 21, RSSI: -99
[P1_RX] Time: 162ms, Receiver: 8, Sender: 21, RSSI: -102
[P1_RX] Time: 162ms, Receiver: 10, Sender: 21, RSSI: -102
[P1_SUCCESS] Time: 162ms, Drone: 11
[P1_ATTEMPT] Time: 162ms, Drone: 9
[P1_ATTEMPT] Time: 162ms, Drone: 49
[P1_ATTEMPT] Time: 162ms, Drone: 7
[P1_ABORT] Time: 162ms, Drone: 9
[P1_ATTEMPT] Time: 162ms, Drone: 9
[P1_ABORT] Time: 162ms, Drone: 9
[P1_ATTEMPT] Time: 162ms, Drone: 9
[P1_ATTEMPT] Time: 162ms, Drone: 18
[P1_ABORT] Time: 162ms, Drone: 9
[P1_ATTEMPT] Time: 162ms, Drone: 9
[P1_ABORT] Time: 162ms, Drone: 18
[P1_ATTEMPT] Time: 162ms, Drone: 18
[P1_ABORT] Time: 162ms, Drone: 9
[P1_ATTEMPT] Time: 162ms, Drone: 9
[P1_ABORT] Time: 162ms, Drone: 18
[P1_ATTEMPT] Time: 162ms, Drone: 18
[P1_SUCCESS] Time: 162ms, Drone: 22
[P1_RX] Time: 162ms, Receiver: 36, Sender: 22, RSSI: -100
[P1_RX] Time: 162ms, Receiver: 9, Sender: 22, RSSI: -103
[P1_RX] Time: 162ms, Receiver: 5, Sender: 22, RSSI: -103
[P1_RX] Time: 162ms, Receiver: 41, Sender: 22, RSSI: -103
[P1_RX] Time: 162ms, Receiver: 35, Sender: 22, RSSI: -104
[P1_RX] Time: 162ms, Receiver: 40, Sender: 22, RSSI: -107
[P1_ABORT] Time: 162ms, Drone: 9
[P1_ATTEMPT] Time: 162ms, Drone: 9
[P1_ATTEMPT] Time: 162ms, Drone: 41
[P1_ABORT] Time: 162ms, Drone: 18
[P1_ATTEMPT] Time: 162ms, Drone: 18
[P1_SUCCESS] Time: 163ms, Drone: 37
[P1_RX] Time: 163ms, Receiver: 29, Sender: 37, RSSI: -89
[P1_RX] Time: 163ms, Receiver: 33, Sender: 37, RSSI: -90
[P1_RX] Time: 163ms, Receiver: 25, Sender: 37, RSSI: -95
[P1_RX] Time: 163ms, Receiver: 34, Sender: 37, RSSI: -102
[P1_RX] Time: 163ms, Receiver: 20, Sender: 37, RSSI: -103
[P1_RX] Time: 163ms, Receiver: 28, Sender: 37, RSSI: -104
[P1_RX] Time: 163ms, Receiver: 46, Sender: 37, RSSI: -105
[P1_ABORT] Time: 163ms, Drone: 18
[P1_ATTEMPT] Time: 163ms, Drone: 18
[P1_ABORT] Time: 163ms, Drone: 18
[P1_ATTEMPT] Time: 163ms, Drone: 18
[P1_SUCCESS] Time: 163ms, Drone: 49
[P1_RX] Time: 163ms, Receiver: 18, Sender: 49, RSSI: -100
[P1_RX] Time: 163ms, Receiver: 21, Sender: 49, RSSI: -100
[P1_RX] Time: 163ms, Receiver: 16, Sender: 49, RSSI: -101
[P1_RX] Time: 163ms, Receiver: 17, Sender: 49, RSSI: -102
[P1_RX] Time: 163ms, Receiver: 8, Sender: 49, RSSI: -103
[P1_RX] Time: 163ms, Receiver: 38, Sender: 49, RSSI: -104
[P1_RX] Time: 163ms, Receiver: 11, Sender: 49, RSSI: -105
[P1_SUCCESS] Time: 163ms, Drone: 7
[P1_RX] Time: 163ms, Receiver: 30, Sender: 7, RSSI: -94
[P1_RX] Time: 163ms, Receiver: 14, Sender: 7, RSSI: -100
[P1_RX] Time: 163ms, Receiver: 23, Sender: 7, RSSI: -104
[P1_RX] Time: 163ms, Receiver: 26, Sender: 7, RSSI: -105
[P1_RX] Time: 163ms, Receiver: 24, Sender: 7, RSSI: -104
[P1_ABORT] Time: 163ms, Drone: 18
[P1_ATTEMPT] Time: 163ms, Drone: 18
[P1_ATTEMPT] Time: 163ms, Drone: 40
[P1_ABORT] Time: 163ms, Drone: 18
[P1_ATTEMPT] Time: 163ms, Drone: 18
[P1_ABORT] Time: 163ms, Drone: 40
[P1_ATTEMPT] Time: 163ms, Drone: 40
[P1_ABORT] Time: 163ms, Drone: 18
[P1_ATTEMPT] Time: 163ms, Drone: 18
[P1_ABORT] Time: 163ms, Drone: 40
[P1_ATTEMPT] Time: 163ms, Drone: 40
[P1_ABORT] Time: 163ms, Drone: 18
[P1_ATTEMPT] Time: 163ms, Drone: 18
[P1_SUCCESS] Time: 163ms, Drone: 9
[P1_RX] Time: 163ms, Receiver: 39, Sender: 9, RSSI: -97
[P1_RX] Time: 163ms, Receiver: 35, Sender: 9, RSSI: -98
[P1_RX] Time: 163ms, Receiver: 5, Sender: 9, RSSI: -98
[P1_RX] Time: 163ms, Receiver: 6, Sender: 9, RSSI: -101
[P1_RX] Time: 163ms, Receiver: 22, Sender: 9, RSSI: -100
[P1_ABORT] Time: 163ms, Drone: 40
[P1_ATTEMPT] Time: 163ms, Drone: 40
[P1_ABORT] Time: 163ms, Drone: 18
[P1_ATTEMPT] Time: 163ms, Drone: 18
[P1_SUCCESS] Time: 163ms, Drone: 41
[P1_RX] Time: 163ms, Receiver: 40, Sender: 41, RSSI: -95
[P1_RX] Time: 163ms, Receiver: 47, Sender: 41, RSSI: -96
[P1_RX] Time: 163ms, Receiver: 27, Sender: 41, RSSI: -100
[P1_RX] Time: 163ms, Receiver: 36, Sender: 41, RSSI: -100
[P1_RX] Time: 163ms, Receiver: 17, Sender: 41, RSSI: -104
[P1_RX] Time: 163ms, Receiver: 16, Sender: 41, RSSI: -104
[P1_RX] Time: 163ms, Receiver: 32, Sender: 41, RSSI: -105
[P1_RX] Time: 163ms, Receiver: 1, Sender: 41, RSSI: -106
[P1_RX] Time: 163ms, Receiver: 18, Sender: 41, RSSI: -106
[P1_RX] Time: 163ms, Receiver: 11, Sender: 41, RSSI: -107
[P1_RX] Time: 163ms, Receiver: 21, Sender: 41, RSSI: -107
[P1_ATTEMPT] Time: 163ms, Drone: 23
[P1_ABORT] Time: 163ms, Drone: 40
[P1_ATTEMPT] Time: 163ms, Drone: 40
[P1_ATTEMPT] Time: 163ms, Drone: 33
[P1_ATTEMPT] Time: 164ms, Drone: 44
[P1_ATTEMPT] Time: 164ms, Drone: 17
[P1_ATTEMPT] Time: 164ms, Drone: 24
[P1_ABORT] Time: 164ms, Drone: 17
[P1_ATTEMPT] Time: 164ms, Drone: 17
[P1_ABORT] Time: 164ms, Drone: 24
[P1_ATTEMPT] Time: 164ms, Drone: 24
[P1_SUCCESS] Time: 164ms, Drone: 18
[P1_RX] Time: 164ms, Receiver: 21, Sender: 18, RSSI: -78
[P1_RX] Time: 164ms, Receiver: 17, Sender: 18, RSSI: -86
[P1_RX] Time: 164ms, Receiver: 16, Sender: 18, RSSI: -93
[P1_RX] Time: 164ms, Receiver: 3, Sender: 18, RSSI: -97
[P1_RX] Time: 164ms, Receiver: 11, Sender: 18, RSSI: -97
[P1_RX] Time: 164ms, Receiver: 32, Sender: 18, RSSI: -97
[P1_RX] Time: 164ms, Receiver: 1, Sender: 18, RSSI: -97
[P1_RX] Time: 164ms, Receiver: 43, Sender: 18, RSSI: -98
[P1_RX] Time: 164ms, Receiver: 38, Sender: 18, RSSI: -99
[P1_RX] Time: 164ms, Receiver: 15, Sender: 18, RSSI: -98
[P1_RX] Time: 164ms, Receiver: 49, Sender: 18, RSSI: -99
[P1_ABORT] Time: 164ms, Drone: 17
[P1_ATTEMPT] Time: 164ms, Drone: 17
[P1_ABORT] Time: 164ms, Drone: 24
[P1_ATTEMPT] Time: 164ms, Drone: 24
[P1_SUCCESS] Time: 164ms, Drone: 23
[P1_RX] Time: 164ms, Receiver: 14, Sender: 23, RSSI: -89
[P1_RX] Time: 164ms, Receiver: 0, Sender: 23, RSSI: -89
[P1_RX] Time: 164ms, Receiver: 26, Sender: 23, RSSI: -97
[P1_RX] Time: 164ms, Receiver: 42, Sender: 23, RSSI: -96
[P1_RX] Time: 164ms, Receiver: 2, Sender: 23, RSSI: -97
[P1_RX] Time: 164ms, Receiver: 24, Sender: 23, RSSI: -97
[P1_RX] Time: 164ms, Receiver: 6, Sender: 23, RSSI: -99
[P1_RX] Time: 164ms, Receiver: 30, Sender: 23, RSSI: -101
[P1_RX] Time: 164ms, Receiver: 7, Sender: 23, RSSI: -104
[P1_ATTEMPT] Time: 164ms, Drone: 3
[P1_SUCCESS] Time: 164ms, Drone: 40
[P1_RX] Time: 164ms, Receiver: 47, Sender: 40, RSSI: -90
[P1_RX] Time: 164ms, Receiver: 19, Sender: 40, RSSI: -92
[P1_RX] Time: 164ms, Receiver: 41, Sender: 40, RSSI: -95
[P1_RX] Time: 164ms, Receiver: 5, Sender: 40, RSSI: -97
[P1_RX] Time: 164ms, Receiver: 35, Sender: 40, RSSI: -98
[P1_RX] Time: 164ms, Receiver: 27, Sender: 40, RSSI: -99
[P1_RX] Time: 164ms, Receiver: 36, Sender: 40, RSSI: -103
[P1_RX] Time: 164ms, Receiver: 22, Sender: 40, RSSI: -106
[P1_SUCCESS] Time: 164ms, Drone: 33
[P1_RX] Time: 164ms, Receiver: 29, Sender: 33, RSSI: -89
[P1_RX] Time: 164ms, Receiver: 37, Sender: 33, RSSI: -90
[P1_RX] Time: 164ms, Receiver: 25, Sender: 33, RSSI: -98
[P1_RX] Time: 164ms, Receiver: 31, Sender: 33, RSSI: -100
[P1_RX] Time: 164ms, Receiver: 4, Sender: 33, RSSI: -100
[P1_ABORT] Time: 164ms, Drone: 17
[P1_ATTEMPT] Time: 164ms, Drone: 17
[P1_ATTEMPT] Time: 164ms, Drone: 39
[P1_SUCCESS] Time: 164ms, Drone: 44
[P1_RX] Time: 164ms, Receiver: 28, Sender: 44, RSSI: -98
[P1_RX] Time: 164ms, Receiver: 46, Sender: 44, RSSI: -99
[P1_RX] Time: 164ms, Receiver: 34, Sender: 44, RSSI: -100
[P1_ABORT] Time: 164ms, Drone: 24
[P1_ATTEMPT] Time: 164ms, Drone: 24
[P1_ABORT] Time: 164ms, Drone: 3
[P1_ATTEMPT] Time: 164ms, Drone: 3
[P1_SUCCESS] Time: 165ms, Drone: 17
[P1_RX] Time: 165ms, Receiver: 18, Sender: 17, RSSI: -86
[P1_RX] Time: 165ms, Receiver: 21, Sender: 17, RSSI: -90
[P1_RX] Time: 165ms, Receiver: 16, Sender: 17, RSSI: -91
[P1_RX] Time: 165ms, Receiver: 1, Sender: 17, RSSI: -97
[P1_RX] Time: 165ms, Receiver: 11, Sender: 17, RSSI: -98
[P1_RX] Time: 165ms, Receiver: 32, Sender: 17, RSSI: -97
[P1_RX] Time: 165ms, Receiver: 47, Sender: 17, RSSI: -99
[P1_RX] Time: 165ms, Receiver: 15, Sender: 17, RSSI: -99
[P1_RX] Time: 165ms, Receiver: 38, Sender: 17, RSSI: -100
[P1_RX] Time: 165ms, Receiver: 40, Sender: 17, RSSI: -101
[P1_RX] Time: 165ms, Receiver: 41, Sender: 17, RSSI: -102
[P1_SUCCESS] Time: 165ms, Drone: 39
[P1_RX] Time: 165ms, Receiver: 6, Sender: 39, RSSI: -95
[P1_RX] Time: 165ms, Receiver: 35, Sender: 39, RSSI: -96
[P1_RX] Time: 165ms, Receiver: 9, Sender: 39, RSSI: -97
[P1_RX] Time: 165ms, Receiver: 5, Sender: 39, RSSI: -98
[P1_RX] Time: 165ms, Receiver: 19, Sender: 39, RSSI: -100
[P1_RX] Time: 165ms, Receiver: 22, Sender: 39, RSSI: -105
[P1_RX] Time: 165ms, Receiver: 36, Sender: 39, RSSI: -105
[P1_SUCCESS] Time: 165ms, Drone: 24
[P1_RX] Time: 165ms, Receiver: 2, Sender: 24, RSSI: -89
[P1_RX] Time: 165ms, Receiver: 48, Sender: 24, RSSI: -94
[P1_RX] Time: 165ms, Receiver: 13, Sender: 24, RSSI: -97
[P1_RX] Time: 165ms, Receiver: 42, Sender: 24, RSSI: -97
[P1_RX] Time: 165ms, Receiver: 23, Sender: 24, RSSI: -97
[P1_RX] Time: 165ms, Receiver: 26, Sender: 24, RSSI: -98
[P1_RX] Time: 165ms, Receiver: 14, Sender: 24, RSSI: -99
[P1_RX] Time: 165ms, Receiver: 0, Sender: 24, RSSI: -99
[P1_RX] Time: 165ms, Receiver: 4, Sender: 24, RSSI: -100
[P1_RX] Time: 165ms, Receiver: 45, Sender: 24, RSSI: -101
[P1_RX] Time: 165ms, Receiver: 30, Sender: 24, RSSI: -102
[P1_RX] Time: 165ms, Receiver: 31, Sender: 24, RSSI: -102
[P1_RX] Time: 165ms, Receiver: 7, Sender: 24, RSSI: -106
[P1_RX] Time: 165ms, Receiver: 12, Sender: 24, RSSI: -106
[P1_SUCCESS] Time: 165ms, Drone: 3
[P1_RX] Time: 165ms, Receiver: 49, Sender: 3, RSSI: -80
[P1_RX] Time: 165ms, Receiver: 8, Sender: 3, RSSI: -102
[P1_RX] Time: 165ms, Receiver: 20, Sender: 3, RSSI: -106
[P1_ATTEMPT] Time: 167ms, Drone: 29
[P1_ATTEMPT] Time: 167ms, Drone: 32
[P1_ABORT] Time: 167ms, Drone: 32
[P1_ATTEMPT] Time: 167ms, Drone: 32
[P1_ABORT] Time: 167ms, Drone: 32
[P1_ATTEMPT] Time: 167ms, Drone: 32
[P1_ATTEMPT] Time: 167ms, Drone: 42
[P1_SUCCESS] Time: 167ms, Drone: 29
[P1_ABORT] Time: 167ms, Drone: 32
[P1_ATTEMPT] Time: 167ms, Drone: 32
[P1_RX] Time: 167ms, Receiver: 33, Sender: 29, RSSI: -89
[P1_RX] Time: 167ms, Receiver: 37, Sender: 29, RSSI: -89
[P1_RX] Time: 167ms, Receiver: 25, Sender: 29, RSSI: -93
[P1_RX] Time: 167ms, Receiver: 20, Sender: 29, RSSI: -103
[P1_RX] Time: 167ms, Receiver: 4, Sender: 29, RSSI: -103
[P1_RX] Time: 167ms, Receiver: 31, Sender: 29, RSSI: -105
[P1_RX] Time: 167ms, Receiver: 34, Sender: 29, RSSI: -105
[P1_RX] Time: 167ms, Receiver: 13, Sender: 29, RSSI: -105
[P1_RX] Time: 167ms, Receiver: 28, Sender: 29, RSSI: -106
[P1_RX] Time: 167ms, Receiver: 15, Sender: 29, RSSI: -106
[P1_RX] Time: 167ms, Receiver: 48, Sender: 29, RSSI: -106
[P1_RX] Time: 167ms, Receiver: 45, Sender: 29, RSSI: -107
[P1_RX] Time: 167ms, Receiver: 46, Sender: 29, RSSI: -107
[P1_RX] Time: 167ms, Receiver: 32, Sender: 29, RSSI: -109
[P1_RX] Time: 167ms, Receiver: 44, Sender: 29, RSSI: -109
[P1_SUCCESS] Time: 168ms, Drone: 42
[P1_RX] Time: 168ms, Receiver: 26, Sender: 42, RSSI: -94
[P1_RX] Time: 168ms, Receiver: 2, Sender: 42, RSSI: -95
[P1_RX] Time: 168ms, Receiver: 23, Sender: 42, RSSI: -97
[P1_RX] Time: 168ms, Receiver: 24, Sender: 42, RSSI: -97
[P1_RX] Time: 168ms, Receiver: 0, Sender: 42, RSSI: -98
[P1_RX] Time: 168ms, Receiver: 6, Sender: 42, RSSI: -98
[P1_RX] Time: 168ms, Receiver: 14, Sender: 42, RSSI: -101
[P1_RX] Time: 168ms, Receiver: 39, Sender: 42, RSSI: -103
[P1_RX] Time: 168ms, Receiver: 35, Sender: 42, RSSI: -103
[P1_RX] Time: 168ms, Receiver: 48, Sender: 42, RSSI: -103
[P1_RX] Time: 168ms, Receiver: 5, Sender: 42, RSSI: -104
[P1_RX] Time: 168ms, Receiver: 30, Sender: 42, RSSI: -107
[P1_SUCCESS] Time: 168ms, Drone: 32
[P1_RX] Time: 168ms, Receiver: 1, Sender: 32, RSSI: -82
[P1_RX] Time: 168ms, Receiver: 16, Sender: 32, RSSI: -91
[P1_RX] Time: 168ms, Receiver: 15, Sender: 32, RSSI: -95
[P1_RX] Time: 168ms, Receiver: 18, Sender: 32, RSSI: -99
[P1_RX] Time: 168ms, Receiver: 47, Sender: 32, RSSI: -98
[P1_RX] Time: 168ms, Receiver: 17, Sender: 32, RSSI: -99
[P1_RX] Time: 168ms, Receiver: 27, Sender: 32, RSSI: -100
[P1_RX] Time: 168ms, Receiver: 45, Sender: 32, RSSI: -100
[P1_RX] Time: 168ms, Receiver: 21, Sender: 32, RSSI: -101
[P1_RX] Time: 168ms, Receiver: 43, Sender: 32, RSSI: -101
[P1_RX] Time: 168ms, Receiver: 4, Sender: 32, RSSI: -101
[P1_RX] Time: 168ms, Receiver: 3, Sender: 32, RSSI: -103
[P1_RX] Time: 168ms, Receiver: 49, Sender: 32, RSSI: -103
[P1_RX] Time: 168ms, Receiver: 40, Sender: 32, RSSI: -102
[P1_RX] Time: 168ms, Receiver: 31, Sender: 32, RSSI: -102
[P1_RX] Time: 168ms, Receiver: 11, Sender: 32, RSSI: -105
[P1_RX] Time: 168ms, Receiver: 38, Sender: 32, RSSI: -106
[P1_RX] Time: 168ms, Receiver: 41, Sender: 32, RSSI: -105
[P1_RX] Time: 168ms, Receiver: 33, Sender: 32, RSSI: -106
[P1_ATTEMPT] Time: 169ms, Drone: 4
[P1_ATTEMPT] Time: 169ms, Drone: 48
[P1_ATTEMPT] Time: 169ms, Drone: 34
[P1_ATTEMPT] Time: 169ms, Drone: 0
[P1_ABORT] Time: 169ms, Drone: 0
[P1_ATTEMPT] Time: 169ms, Drone: 0
[P1_ABORT] Time: 169ms, Drone: 0
[P1_ATTEMPT] Time: 169ms, Drone: 0
[P1_ABORT] Time: 169ms, Drone: 0
[P1_ATTEMPT] Time: 169ms, Drone: 0
[P1_SUCCESS] Time: 170ms, Drone: 4
[P1_SUCCESS] Time: 170ms, Drone: 48
[P1_RX] Time: 170ms, Receiver: 13, Sender: 48, RSSI: -91
[P1_RX] Time: 170ms, Receiver: 24, Sender: 48, RSSI: -94
[P1_RX] Time: 170ms, Receiver: 2, Sender: 48, RSSI: -96
[P1_RX] Time: 170ms, Receiver: 31, Sender: 4, RSSI: -98
[P1_RX] Time: 170ms, Receiver: 1, Sender: 4, RSSI: -100
[P1_RX] Time: 170ms, Receiver: 45, Sender: 4, RSSI: -99
[P1_RX] Time: 170ms, Receiver: 32, Sender: 4, RSSI: -100
[P1_RX] Time: 170ms, Receiver: 33, Sender: 4, RSSI: -100
[P1_RX] Time: 170ms, Receiver: 15, Sender: 4, RSSI: -102
[P1_RX] Time: 170ms, Receiver: 14, Sender: 48, RSSI: -103
[P1_RX] Time: 170ms, Receiver: 30, Sender: 48, RSSI: -103
[P1_RX] Time: 170ms, Receiver: 23, Sender: 48, RSSI: -103
[P1_RX] Time: 170ms, Receiver: 42, Sender: 48, RSSI: -103
[P1_RX] Time: 170ms, Receiver: 26, Sender: 48, RSSI: -104
[P1_RX] Time: 170ms, Receiver: 49, Sender: 4, RSSI: -104
[P1_RX] Time: 170ms, Receiver: 12, Sender: 48, RSSI: -104
[P1_ABORT] Time: 170ms, Drone: 0
[P1_ATTEMPT] Time: 170ms, Drone: 0
[P1_SUCCESS] Time: 170ms, Drone: 34
[P1_RX] Time: 170ms, Receiver: 28, Sender: 34, RSSI: -78
[P1_RX] Time: 170ms, Receiver: 46, Sender: 34, RSSI: -87
[P1_RX] Time: 170ms, Receiver: 44, Sender: 34, RSSI: -100
[P1_RX] Time: 170ms, Receiver: 37, Sender: 34, RSSI: -100
[P1_RX] Time: 170ms, Receiver: 25, Sender: 34, RSSI: -101
[P1_ATTEMPT] Time: 170ms, Drone: 15
[P1_ATTEMPT] Time: 170ms, Drone: 13
[P1_ABORT] Time: 170ms, Drone: 13
[P1_ATTEMPT] Time: 170ms, Drone: 13
[P1_ABORT] Time: 170ms, Drone: 13
[P1_ATTEMPT] Time: 170ms, Drone: 13
[P1_ATTEMPT] Time: 170ms, Drone: 1
[P1_ABORT] Time: 170ms, Drone: 13
[P1_ATTEMPT] Time: 170ms, Drone: 13
[P1_ABORT] Time: 170ms, Drone: 1
[P1_ATTEMPT] Time: 170ms, Drone: 1
[P1_ABORT] Time: 170ms, Drone: 13
[P1_ATTEMPT] Time: 170ms, Drone: 13
[P1_ATTEMPT] Time: 170ms, Drone: 45
[P1_ABORT] Time: 170ms, Drone: 1
[P1_ATTEMPT] Time: 170ms, Drone: 1
[P1_SUCCESS] Time: 171ms, Drone: 0
[P1_RX] Time: 171ms, Receiver: 23, Sender: 0, RSSI: -89
[P1_RX] Time: 171ms, Receiver: 14, Sender: 0, RSSI: -97
[P1_RX] Time: 171ms, Receiver: 42, Sender: 0, RSSI: -98
[P1_RX] Time: 171ms, Receiver: 2, Sender: 0, RSSI: -98
[P1_RX] Time: 171ms, Receiver: 6, Sender: 0, RSSI: -99
[P1_RX] Time: 171ms, Receiver: 24, Sender: 0, RSSI: -101
[P1_RX] Time: 171ms, Receiver: 26, Sender: 0, RSSI: -102
[P1_RX] Time: 171ms, Receiver: 13, Sender: 0, RSSI: -104
[P1_RX] Time: 171ms, Receiver: 9, Sender: 0, RSSI: -105
[P1_RX] Time: 171ms, Receiver: 39, Sender: 0, RSSI: -105
[P1_RX] Time: 171ms, Receiver: 30, Sender: 0, RSSI: -105
[P1_RX] Time: 171ms, Receiver: 48, Sender: 0, RSSI: -106
[P1_RX] Time: 171ms, Receiver: 7, Sender: 0, RSSI: -108
[P1_ABORT] Time: 171ms, Drone: 13
[P1_ATTEMPT] Time: 171ms, Drone: 13
[P1_ABORT] Time: 171ms, Drone: 45
[P1_ATTEMPT] Time: 171ms, Drone: 45
[P1_ABORT] Time: 171ms, Drone: 1
[P1_ATTEMPT] Time: 171ms, Drone: 1
[P1_ATTEMPT] Time: 171ms, Drone: 14
[P1_ABORT] Time: 171ms, Drone: 45
[P1_ATTEMPT] Time: 171ms, Drone: 45
[P1_ABORT] Time: 171ms, Drone: 1
[P1_ATTEMPT] Time: 171ms, Drone: 1
[P1_ATTEMPT] Time: 171ms, Drone: 8
[P1_SUCCESS] Time: 171ms, Drone: 15
[P1_RX] Time: 171ms, Receiver: 43, Sender: 15, RSSI: -93
[P1_RX] Time: 171ms, Receiver: 18, Sender: 15, RSSI: -100
[P1_RX] Time: 171ms, Receiver: 21, Sender: 15, RSSI: -100
[P1_RX] Time: 171ms, Receiver: 3, Sender: 15, RSSI: -102
[P1_RX] Time: 171ms, Receiver: 17, Sender: 15, RSSI: -102
[P1_RX] Time: 171ms, Receiver: 49, Sender: 15, RSSI: -103
[P1_RX] Time: 171ms, Receiver: 38, Sender: 15, RSSI: -103
[P1_RX] Time: 171ms, Receiver: 33, Sender: 15, RSSI: -103
[P1_RX] Time: 171ms, Receiver: 11, Sender: 15, RSSI: -104
[P1_RX] Time: 171ms, Receiver: 37, Sender: 15, RSSI: -105
[P1_RX] Time: 171ms, Receiver: 10, Sender: 15, RSSI: -106
[P1_RX] Time: 171ms, Receiver: 29, Sender: 15, RSSI: -105
[P1_RX] Time: 171ms, Receiver: 8, Sender: 15, RSSI: -108
[P1_ABORT] Time: 171ms, Drone: 45
[P1_ATTEMPT] Time: 171ms, Drone: 45
[P1_ABORT] Time: 171ms, Drone: 1
[P1_ATTEMPT] Time: 171ms, Drone: 1
[P1_ABORT] Time: 171ms, Drone: 45
[P1_ATTEMPT] Time: 171ms, Drone: 45
[P1_ABORT] Time: 171ms, Drone: 1
[P1_ATTEMPT] Time: 171ms, Drone: 1
[P1_ABORT] Time: 171ms, Drone: 45
[P1_ATTEMPT] Time: 171ms, Drone: 45
[P1_ABORT] Time: 171ms, Drone: 1
[P1_ATTEMPT] Time: 171ms, Drone: 1
[P1_ABORT] Time: 171ms, Drone: 45
[P1_ATTEMPT] Time: 171ms, Drone: 45
[P1_ABORT] Time: 171ms, Drone: 1
[P1_ATTEMPT] Time: 171ms, Drone: 1
[P1_ABORT] Time: 171ms, Drone: 45
[P1_ATTEMPT] Time: 171ms, Drone: 45
[P1_ABORT] Time: 171ms, Drone: 1
[P1_ATTEMPT] Time: 171ms, Drone: 1
[P1_ABORT] Time: 171ms, Drone: 45
[P1_ATTEMPT] Time: 171ms, Drone: 45
[P1_SUCCESS] Time: 171ms, Drone: 13
[P1_RX] Time: 171ms, Receiver: 31, Sender: 13, RSSI: -92
[P1_RX] Time: 171ms, Receiver: 48, Sender: 13, RSSI: -93
[P1_RX] Time: 171ms, Receiver: 45, Sender: 13, RSSI: -95
[P1_RX] Time: 171ms, Receiver: 4, Sender: 13, RSSI: -96
[P1_RX] Time: 171ms, Receiver: 2, Sender: 13, RSSI: -96
[P1_RX] Time: 171ms, Receiver: 24, Sender: 13, RSSI: -95
[P1_RX] Time: 171ms, Receiver: 33, Sender: 13, RSSI: -104
[P1_RX] Time: 171ms, Receiver: 32, Sender: 13, RSSI: -104
[P1_ABORT] Time: 171ms, Drone: 1
[P1_ATTEMPT] Time: 171ms, Drone: 1
[P1_SUCCESS] Time: 172ms, Drone: 14
[P1_RX] Time: 172ms, Receiver: 23, Sender: 14, RSSI: -88
[P1_RX] Time: 172ms, Receiver: 0, Sender: 14, RSSI: -96
[P1_RX] Time: 172ms, Receiver: 30, Sender: 14, RSSI: -96
[P1_RX] Time: 172ms, Receiver: 26, Sender: 14, RSSI: -98
[P1_RX] Time: 172ms, Receiver: 7, Sender: 14, RSSI: -100
[P1_RX] Time: 172ms, Receiver: 6, Sender: 14, RSSI: -103
[P1_ABORT] Time: 172ms, Drone: 45
[P1_ATTEMPT] Time: 172ms, Drone: 45
[P1_SUCCESS] Time: 172ms, Drone: 8
[P1_RX] Time: 172ms, Receiver: 10, Sender: 8, RSSI: -101
[P1_RX] Time: 172ms, Receiver: 38, Sender: 8, RSSI: -103
[P1_RX] Time: 172ms, Receiver: 3, Sender: 8, RSSI: -103
[P1_RX] Time: 172ms, Receiver: 21, Sender: 8, RSSI: -104
[P1_RX] Time: 172ms, Receiver: 18, Sender: 8, RSSI: -104
[P1_RX] Time: 172ms, Receiver: 11, Sender: 8, RSSI: -106
[P1_RX] Time: 172ms, Receiver: 17, Sender: 8, RSSI: -106
[P1_RX] Time: 172ms, Receiver: 44, Sender: 8, RSSI: -108
[P1_ATTEMPT] Time: 172ms, Drone: 27
[P1_ABORT] Time: 172ms, Drone: 27
[P1_ATTEMPT] Time: 172ms, Drone: 27
[P1_ABORT] Time: 172ms, Drone: 27
[P1_ATTEMPT] Time: 172ms, Drone: 27
[P1_ABORT] Time: 172ms, Drone: 27
[P1_ATTEMPT] Time: 172ms, Drone: 27
[P1_ABORT] Time: 172ms, Drone: 27
[P1_ATTEMPT] Time: 172ms, Drone: 27
[P1_ABORT] Time: 172ms, Drone: 27
[P1_ATTEMPT] Time: 172ms, Drone: 27
[P1_SUCCESS] Time: 172ms, Drone: 1
[P1_RX] Time: 172ms, Receiver: 32, Sender: 1, RSSI: -82
[P1_RX] Time: 172ms, Receiver: 16, Sender: 1, RSSI: -89
[P1_RX] Time: 172ms, Receiver: 15, Sender: 1, RSSI: -97
[P1_RX] Time: 172ms, Receiver: 17, Sender: 1, RSSI: -99
[P1_RX] Time: 172ms, Receiver: 18, Sender: 1, RSSI: -99
[P1_RX] Time: 172ms, Receiver: 47, Sender: 1, RSSI: -98
[P1_RX] Time: 172ms, Receiver: 4, Sender: 1, RSSI: -98
[P1_RX] Time: 172ms, Receiver: 21, Sender: 1, RSSI: -101
[P1_RX] Time: 172ms, Receiver: 19, Sender: 1, RSSI: -100
[P1_RX] Time: 172ms, Receiver: 3, Sender: 1, RSSI: -101
[P1_RX] Time: 172ms, Receiver: 49, Sender: 1, RSSI: -102
[P1_RX] Time: 172ms, Receiver: 27, Sender: 1, RSSI: -99
[P1_RX] Time: 172ms, Receiver: 40, Sender: 1, RSSI: -102
[P1_RX] Time: 172ms, Receiver: 43, Sender: 1, RSSI: -102
[P1_RX] Time: 172ms, Receiver: 11, Sender: 1, RSSI: -105
[P1_SUCCESS] Time: 173ms, Drone: 45
[P1_RX] Time: 173ms, Receiver: 31, Sender: 45, RSSI: -90
[P1_RX] Time: 173ms, Receiver: 13, Sender: 45, RSSI: -95
[P1_RX] Time: 173ms, Receiver: 2, Sender: 45, RSSI: -98
[P1_RX] Time: 173ms, Receiver: 0, Sender: 45, RSSI: -102
[P1_RX] Time: 173ms, Receiver: 24, Sender: 45, RSSI: -102
[P1_RX] Time: 173ms, Receiver: 23, Sender: 45, RSSI: -104
[P1_RX] Time: 173ms, Receiver: 33, Sender: 45, RSSI: -103
[P1_RX] Time: 173ms, Receiver: 42, Sender: 45, RSSI: -104
[P1_RX] Time: 173ms, Receiver: 14, Sender: 45, RSSI: -105
[P1_RX] Time: 173ms, Receiver: 29, Sender: 45, RSSI: -105
[P1_RX] Time: 173ms, Receiver: 30, Sender: 45, RSSI: -107
[P1_RX] Time: 173ms, Receiver: 26, Sender: 45, RSSI: -107
[P1_ABORT] Time: 173ms, Drone: 27
[P1_ATTEMPT] Time: 173ms, Drone: 27
[P1_SUCCESS] Time: 173ms, Drone: 27
[P1_RX] Time: 173ms, Receiver: 47, Sender: 27, RSSI: -95
[P1_RX] Time: 173ms, Receiver: 19, Sender: 27, RSSI: -98
[P1_RX] Time: 173ms, Receiver: 32, Sender: 27, RSSI: -100
[P1_RX] Time: 173ms, Receiver: 41, Sender: 27, RSSI: -101
[P1_RX] Time: 173ms, Receiver: 40, Sender: 27, RSSI: -101
[P1_RX] Time: 173ms, Receiver: 45, Sender: 27, RSSI: -102
[P1_RX] Time: 173ms, Receiver: 1, Sender: 27, RSSI: -102
[P1_RX] Time: 173ms, Receiver: 16, Sender: 27, RSSI: -102
[P1_RX] Time: 173ms, Receiver: 35, Sender: 27, RSSI: -104
[P1_RX] Time: 173ms, Receiver: 5, Sender: 27, RSSI: -105
[P1_RX] Time: 173ms, Receiver: 15, Sender: 27, RSSI: -105
[P1_RX] Time: 173ms, Receiver: 17, Sender: 27, RSSI: -105
[P1_RX] Time: 173ms, Receiver: 9, Sender: 27, RSSI: -105
[P1_RX] Time: 173ms, Receiver: 18, Sender: 27, RSSI: -106
[P1_RX] Time: 173ms, Receiver: 43, Sender: 27, RSSI: -106
[P1_RX] Time: 173ms, Receiver: 31, Sender: 27, RSSI: -106
[P1_RX] Time: 173ms, Receiver: 2, Sender: 27, RSSI: -106
[P1_RX] Time: 173ms, Receiver: 0, Sender: 27, RSSI: -107
[P1_RX] Time: 173ms, Receiver: 11, Sender: 27, RSSI: -107
[P1_RX] Time: 173ms, Receiver: 21, Sender: 27, RSSI: -107
[P1_RX] Time: 173ms, Receiver: 13, Sender: 27, RSSI: -108
[P1_RX] Time: 173ms, Receiver: 42, Sender: 27, RSSI: -108
[P1_RX] Time: 173ms, Receiver: 39, Sender: 27, RSSI: -108
[P1_RX] Time: 173ms, Receiver: 4, Sender: 27, RSSI: -108
[P1_RX] Time: 173ms, Receiver: 6, Sender: 27, RSSI: -109
[P1_ATTEMPT] Time: 174ms, Drone: 10
[P1_ATTEMPT] Time: 174ms, Drone: 28
[P1_ATTEMPT] Time: 175ms, Drone: 26
[P1_SUCCESS] Time: 175ms, Drone: 10
[P1_RX] Time: 175ms, Receiver: 38, Sender: 10, RSSI: -99
[P1_RX] Time: 175ms, Receiver: 8, Sender: 10, RSSI: -101
[P1_RX] Time: 175ms, Receiver: 43, Sender: 10, RSSI: -102
[P1_RX] Time: 175ms, Receiver: 21, Sender: 10, RSSI: -105
[P1_RX] Time: 175ms, Receiver: 11, Sender: 10, RSSI: -106
[P1_RX] Time: 175ms, Receiver: 15, Sender: 10, RSSI: -106
[P1_RX] Time: 175ms, Receiver: 18, Sender: 10, RSSI: -107
[P1_RX] Time: 175ms, Receiver: 3, Sender: 10, RSSI: -107
[P1_SUCCESS] Time: 175ms, Drone: 28
[P1_RX] Time: 175ms, Receiver: 25, Sender: 28, RSSI: -104
[P1_RX] Time: 175ms, Receiver: 20, Sender: 28, RSSI: -104
[P1_RX] Time: 175ms, Receiver: 29, Sender: 28, RSSI: -105
[P1_ATTEMPT] Time: 175ms, Drone: 20
[P1_SUCCESS] Time: 176ms, Drone: 26
[P1_RX] Time: 176ms, Receiver: 42, Sender: 26, RSSI: -94
[P1_RX] Time: 176ms, Receiver: 23, Sender: 26, RSSI: -97
[P1_RX] Time: 176ms, Receiver: 14, Sender: 26, RSSI: -99
[P1_RX] Time: 176ms, Receiver: 24, Sender: 26, RSSI: -99
[P1_RX] Time: 176ms, Receiver: 2, Sender: 26, RSSI: -101
[P1_RX] Time: 176ms, Receiver: 0, Sender: 26, RSSI: -102
[P1_RX] Time: 176ms, Receiver: 6, Sender: 26, RSSI: -102
[P1_RX] Time: 176ms, Receiver: 30, Sender: 26, RSSI: -106
[P1_RX] Time: 176ms, Receiver: 7, Sender: 26, RSSI: -106
[P1_RX] Time: 176ms, Receiver: 39, Sender: 26, RSSI: -107
[P1_RX] Time: 176ms, Receiver: 13, Sender: 26, RSSI: -107
[P1_SUCCESS] Time: 176ms, Drone: 20
[P1_RX] Time: 176ms, Receiver: 29, Sender: 20, RSSI: -103
[P1_RX] Time: 176ms, Receiver: 44, Sender: 20, RSSI: -103
[P1_RX] Time: 176ms, Receiver: 37, Sender: 20, RSSI: -103
[P1_RX] Time: 176ms, Receiver: 25, Sender: 20, RSSI: -104
[P1_RX] Time: 176ms, Receiver: 34, Sender: 20, RSSI: -105
[P1_RX] Time: 176ms, Receiver: 28, Sender: 20, RSSI: -105
[P1_RX] Time: 176ms, Receiver: 33, Sender: 20, RSSI: -105
[P1_RX] Time: 176ms, Receiver: 15, Sender: 20, RSSI: -109
[P2_ATTEMPT] Time: 179ms, Drone: 5, Slot: 0, Channel: 17
[P2_ATTEMPT] Time: 179ms, Drone: 6, Slot: 0, Channel: 19
[P2_ATTEMPT] Time: 179ms, Drone: 7, Slot: 0, Channel: 26
[P2_ATTEMPT] Time: 179ms, Drone: 12, Slot: 0, Channel: 18
[P2_ATTEMPT] Time: 179ms, Drone: 15, Slot: 0, Channel: 22
[P2_ATTEMPT] Time: 179ms, Drone: 16, Slot: 0, Channel: 14
[P2_ATTEMPT] Time: 179ms, Drone: 20, Slot: 0, Channel: 17
[P2_ATTEMPT] Time: 179ms, Drone: 28, Slot: 0, Channel: 20
[P2_ATTEMPT] Time: 179ms, Drone: 37, Slot: 0, Channel: 24
[P2_ATTEMPT] Time: 179ms, Drone: 38, Slot: 0, Channel: 18
[P2_ATTEMPT] Time: 181ms, Drone: 18, Slot: 1, Channel: 12
[P2_ATTEMPT] Time: 181ms, Drone: 23, Slot: 1, Channel: 25
[P2_ATTEMPT] Time: 181ms, Drone: 26, Slot: 1, Channel: 13
[P2_ATTEMPT] Time: 181ms, Drone: 27, Slot: 1, Channel: 21
[P2_ATTEMPT] Time: 181ms, Drone: 33, Slot: 1, Channel: 16
[P2_ATTEMPT] Time: 181ms, Drone: 41, Slot: 1, Channel: 18
[P2_SUCCESS] Time: 181ms, Drone: 5
[P2_SUCCESS] Time: 181ms, Drone: 6
[P2_SUCCESS] Time: 181ms, Drone: 7
[P2_SUCCESS] Time: 181ms, Drone: 12
[P2_SUCCESS] Time: 181ms, Drone: 15
[P2_SUCCESS] Time: 181ms, Drone: 16
[P2_SUCCESS] Time: 181ms, Drone: 20
[P2_SUCCESS] Time: 181ms, Drone: 28
[P2_SUCCESS] Time: 181ms, Drone: 37
[P2_SUCCESS] Time: 181ms, Drone: 38
[P2_ATTEMPT] Time: 184ms, Drone: 3, Slot: 2, Channel: 23
[P2_ATTEMPT] Time: 184ms, Drone: 11, Slot: 2, Channel: 26
[P2_ATTEMPT] Time: 184ms, Drone: 42, Slot: 2, Channel: 12
[P2_SUCCESS] Time: 184ms, Drone: 18
[P2_SUCCESS] Time: 184ms, Drone: 23
[P2_SUCCESS] Time: 184ms, Drone: 26
[P2_SUCCESS] Time: 184ms, Drone: 27
[P2_SUCCESS] Time: 184ms, Drone: 33
[P2_SUCCESS] Time: 184ms, Drone: 41
[P2_RX] Time: 184ms, Receiver: 21, Sender: 18, RSSI: -78
[P2_RX] Time: 184ms, Receiver: 14, Sender: 23, RSSI: -89
[P2_RX] Time: 184ms, Receiver: 0, Sender: 23, RSSI: -89
[P2_RX] Time: 184ms, Receiver: 37, Sender: 33, RSSI: -90
[P2_RX] Time: 184ms, Receiver: 16, Sender: 18, RSSI: -94
[P2_RX] Time: 184ms, Receiver: 47, Sender: 27, RSSI: -95
[P2_RX] Time: 184ms, Receiver: 40, Sender: 41, RSSI: -95
[P2_ATTEMPT] Time: 186ms, Drone: 22, Slot: 3, Channel: 15
[P2_ATTEMPT] Time: 186ms, Drone: 32, Slot: 3, Channel: 16
[P2_ATTEMPT] Time: 186ms, Drone: 39, Slot: 3, Channel: 21
[P2_ATTEMPT] Time: 186ms, Drone: 48, Slot: 3, Channel: 24
[P2_SUCCESS] Time: 186ms, Drone: 3
[P2_SUCCESS] Time: 186ms, Drone: 11
[P2_SUCCESS] Time: 186ms, Drone: 42
[P2_RX] Time: 186ms, Receiver: 49, Sender: 3, RSSI: -80
[P2_RX] Time: 186ms, Receiver: 26, Sender: 42, RSSI: -94
[P2_RX] Time: 186ms, Receiver: 2, Sender: 42, RSSI: -96
[P2_ATTEMPT] Time: 189ms, Drone: 8, Slot: 4, Channel: 18
[P2_ATTEMPT] Time: 189ms, Drone: 31, Slot: 4, Channel: 22
[P2_ATTEMPT] Time: 189ms, Drone: 40, Slot: 4, Channel: 23
[P2_ATTEMPT] Time: 189ms, Drone: 46, Slot: 4, Channel: 22
[P2_SUCCESS] Time: 189ms, Drone: 22
[P2_SUCCESS] Time: 189ms, Drone: 32
[P2_SUCCESS] Time: 189ms, Drone: 39
[P2_SUCCESS] Time: 189ms, Drone: 48
[P2_RX] Time: 189ms, Receiver: 16, Sender: 32, RSSI: -91
[P2_RX] Time: 189ms, Receiver: 24, Sender: 48, RSSI: -95
[P2_RX] Time: 189ms, Receiver: 6, Sender: 39, RSSI: -95
[P2_RX] Time: 189ms, Receiver: 15, Sender: 32, RSSI: -95
[P2_RX] Time: 189ms, Receiver: 33, Sender: 32, RSSI: -107
[P2_RX] Time: 189ms, Receiver: 27, Sender: 39, RSSI: -108
[P2_ATTEMPT] Time: 191ms, Drone: 1, Slot: 5, Channel: 22
[P2_ATTEMPT] Time: 191ms, Drone: 13, Slot: 5, Channel: 13
[P2_ATTEMPT] Time: 191ms, Drone: 24, Slot: 5, Channel: 20
[P2_SUCCESS] Time: 191ms, Drone: 8
[P2_SUCCESS] Time: 191ms, Drone: 31
[P2_SUCCESS] Time: 191ms, Drone: 40
[P2_SUCCESS] Time: 191ms, Drone: 46
[P2_RX] Time: 191ms, Receiver: 28, Sender: 46, RSSI: -82
[P2_RX] Time: 191ms, Receiver: 34, Sender: 46, RSSI: -87
[P2_RX] Time: 191ms, Receiver: 47, Sender: 40, RSSI: -91
[P2_RX] Time: 191ms, Receiver: 19, Sender: 40, RSSI: -92
[P2_RX] Time: 191ms, Receiver: 41, Sender: 40, RSSI: -95
[P2_RX] Time: 191ms, Receiver: 38, Sender: 8, RSSI: -103
[P2_ATTEMPT] Time: 194ms, Drone: 0, Slot: 6, Channel: 25
[P2_ATTEMPT] Time: 194ms, Drone: 19, Slot: 6, Channel: 13
[P2_ATTEMPT] Time: 194ms, Drone: 25, Slot: 6, Channel: 20
[P2_ATTEMPT] Time: 194ms, Drone: 30, Slot: 6, Channel: 13
[P2_ATTEMPT] Time: 194ms, Drone: 35, Slot: 6, Channel: 26
[P2_ATTEMPT] Time: 194ms, Drone: 36, Slot: 6, Channel: 17
[P2_ATTEMPT] Time: 194ms, Drone: 43, Slot: 6, Channel: 26
[P2_ATTEMPT] Time: 194ms, Drone: 44, Slot: 6, Channel: 24
[P2_ATTEMPT] Time: 194ms, Drone: 49, Slot: 6, Channel: 16
[P2_SUCCESS] Time: 194ms, Drone: 1
[P2_SUCCESS] Time: 194ms, Drone: 13
[P2_SUCCESS] Time: 194ms, Drone: 24
[P2_RX] Time: 194ms, Receiver: 32, Sender: 1, RSSI: -82
[P2_RX] Time: 194ms, Receiver: 2, Sender: 24, RSSI: -89
[P2_RX] Time: 194ms, Receiver: 16, Sender: 1, RSSI: -89
[P2_RX] Time: 194ms, Receiver: 31, Sender: 13, RSSI: -92
[P2_RX] Time: 194ms, Receiver: 48, Sender: 13, RSSI: -93
[P2_RX] Time: 194ms, Receiver: 45, Sender: 13, RSSI: -96
[P2_SUCCESS] Time: 196ms, Drone: 0
[P2_RX] Time: 196ms, Receiver: 23, Sender: 0, RSSI: -89
[P2_RX] Time: 196ms, Receiver: 14, Sender: 0, RSSI: -97
[P2_ATTEMPT] Time: 196ms, Drone: 2, Slot: 7, Channel: 19
[P2_ATTEMPT] Time: 196ms, Drone: 10, Slot: 7, Channel: 26
[P2_ATTEMPT] Time: 196ms, Drone: 14, Slot: 7, Channel: 13
[P2_ATTEMPT] Time: 196ms, Drone: 17, Slot: 7, Channel: 20
[P2_ATTEMPT] Time: 196ms, Drone: 29, Slot: 7, Channel: 13
[P2_ATTEMPT] Time: 196ms, Drone: 45, Slot: 7, Channel: 24
[P2_SUCCESS] Time: 196ms, Drone: 19
[P2_SUCCESS] Time: 196ms, Drone: 25
[P2_SUCCESS] Time: 196ms, Drone: 30
[P2_SUCCESS] Time: 196ms, Drone: 35
[P2_SUCCESS] Time: 196ms, Drone: 36
[P2_SUCCESS] Time: 196ms, Drone: 43
[P2_SUCCESS] Time: 196ms, Drone: 44
[P2_SUCCESS] Time: 196ms, Drone: 49
[P2_RX] Time: 196ms, Receiver: 5, Sender: 35, RSSI: -75
[P2_RX] Time: 196ms, Receiver: 40, Sender: 19, RSSI: -92
[P2_RX] Time: 196ms, Receiver: 47, Sender: 19, RSSI: -92
[P2_RX] Time: 196ms, Receiver: 15, Sender: 43, RSSI: -93
[P2_RX] Time: 196ms, Receiver: 11, Sender: 43, RSSI: -100
[P2_RX] Time: 196ms, Receiver: 48, Sender: 30, RSSI: -103
[P2_ATTEMPT] Time: 199ms, Drone: 9, Slot: 8, Channel: 21
[P2_ATTEMPT] Time: 199ms, Drone: 34, Slot: 8, Channel: 23
[P2_ATTEMPT] Time: 199ms, Drone: 47, Slot: 8, Channel: 16
[P2_SUCCESS] Time: 199ms, Drone: 2
[P2_SUCCESS] Time: 199ms, Drone: 10
[P2_SUCCESS] Time: 199ms, Drone: 14
[P2_SUCCESS] Time: 199ms, Drone: 17
[P2_SUCCESS] Time: 199ms, Drone: 29
[P2_SUCCESS] Time: 199ms, Drone: 45
[P2_RX] Time: 199ms, Receiver: 18, Sender: 17, RSSI: -86
[P2_RX] Time: 199ms, Receiver: 33, Sender: 29, RSSI: -89
[P2_RX] Time: 199ms, Receiver: 37, Sender: 29, RSSI: -89
[P2_RX] Time: 199ms, Receiver: 24, Sender: 2, RSSI: -89
[P2_RX] Time: 199ms, Receiver: 31, Sender: 45, RSSI: -90
[P2_RX] Time: 199ms, Receiver: 21, Sender: 17, RSSI: -91
[P2_RX] Time: 199ms, Receiver: 16, Sender: 17, RSSI: -91
[P2_RX] Time: 199ms, Receiver: 25, Sender: 29, RSSI: -93
[P2_RX] Time: 199ms, Receiver: 13, Sender: 45, RSSI: -96
[P2_RX] Time: 199ms, Receiver: 30, Sender: 14, RSSI: -97
[P2_RX] Time: 199ms, Receiver: 43, Sender: 10, RSSI: -102
[P2_RX] Time: 199ms, Receiver: 11, Sender: 10, RSSI: -106
[P2_RX] Time: 199ms, Receiver: 15, Sender: 10, RSSI: -106
[P2_ATTEMPT] Time: 201ms, Drone: 4, Slot: 9, Channel: 16
[P2_ATTEMPT] Time: 201ms, Drone: 21, Slot: 9, Channel: 18
[P2_SUCCESS] Time: 201ms, Drone: 9
[P2_SUCCESS] Time: 201ms, Drone: 34
[P2_SUCCESS] Time: 201ms, Drone: 47
[P2_RX] Time: 201ms, Receiver: 28, Sender: 34, RSSI: -78
[P2_RX] Time: 201ms, Receiver: 46, Sender: 34, RSSI: -87
[P2_RX] Time: 201ms, Receiver: 40, Sender: 47, RSSI: -91
[P2_RX] Time: 201ms, Receiver: 19, Sender: 47, RSSI: -92
[P2_RX] Time: 201ms, Receiver: 27, Sender: 47, RSSI: -95
[P2_RX] Time: 201ms, Receiver: 39, Sender: 9, RSSI: -97
[P2_RX] Time: 201ms, Receiver: 6, Sender: 9, RSSI: -101
[P2_SUCCESS] Time: 204ms, Drone: 4
[P2_SUCCESS] Time: 204ms, Drone: 21
[P1_ATTEMPT] Time: 204ms, Drone: 49
[P1_ATTEMPT] Time: 204ms, Drone: 2
[P1_SUCCESS] Time: 205ms, Drone: 49
[P1_RX] Time: 205ms, Receiver: 3, Sender: 49, RSSI: -80
[P1_RX] Time: 205ms, Receiver: 18, Sender: 49, RSSI: -100
[P1_RX] Time: 205ms, Receiver: 21, Sender: 49, RSSI: -100
[P1_RX] Time: 205ms, Receiver: 16, Sender: 49, RSSI: -102
[P1_RX] Time: 205ms, Receiver: 1, Sender: 49, RSSI: -102
[P1_RX] Time: 205ms, Receiver: 17, Sender: 49, RSSI: -103
[P1_RX] Time: 205ms, Receiver: 15, Sender: 49, RSSI: -103
[P1_RX] Time: 205ms, Receiver: 32, Sender: 49, RSSI: -103
[P1_RX] Time: 205ms, Receiver: 8, Sender: 49, RSSI: -104
[P1_RX] Time: 205ms, Receiver: 43, Sender: 49, RSSI: -105
[P1_RX] Time: 205ms, Receiver: 38, Sender: 49, RSSI: -106
[P1_RX] Time: 205ms, Receiver: 20, Sender: 49, RSSI: -107
[P1_RX] Time: 205ms, Receiver: 11, Sender: 49, RSSI: -107
[P1_RX] Time: 205ms, Receiver: 44, Sender: 49, RSSI: -109
[P1_SUCCESS] Time: 205ms, Drone: 2
[P1_RX] Time: 205ms, Receiver: 24, Sender: 2, RSSI: -89
[P1_RX] Time: 205ms, Receiver: 42, Sender: 2, RSSI: -95
[P1_RX] Time: 205ms, Receiver: 0, Sender: 2, RSSI: -98
[P1_RX] Time: 205ms, Receiver: 14, Sender: 2, RSSI: -101
[P1_RX] Time: 205ms, Receiver: 26, Sender: 2, RSSI: -101
[P1_RX] Time: 205ms, Receiver: 6, Sender: 2, RSSI: -104
[P1_RX] Time: 205ms, Receiver: 30, Sender: 2, RSSI: -105
[P1_RX] Time: 205ms, Receiver: 39, Sender: 2, RSSI: -107
[P1_RX] Time: 205ms, Receiver: 9, Sender: 2, RSSI: -108
[P1_RX] Time: 205ms, Receiver: 7, Sender: 2, RSSI: -108
[P1_ATTEMPT] Time: 205ms, Drone: 9
[P1_ATTEMPT] Time: 205ms, Drone: 31
[P1_ATTEMPT] Time: 206ms, Drone: 24
[P1_ABORT] Time: 206ms, Drone: 24
[P1_ATTEMPT] Time: 206ms, Drone: 24
[P1_ABORT] Time: 206ms, Drone: 24
[P1_ATTEMPT] Time: 206ms, Drone: 24
[P1_ATTEMPT] Time: 206ms, Drone: 10
[P1_ATTEMPT] Time: 206ms, Drone: 25
[P1_ABORT] Time: 206ms, Drone: 24
[P1_ATTEMPT] Time: 206ms, Drone: 24
[P1_ATTEMPT] Time: 206ms, Drone: 45
[P1_ABORT] Time: 206ms, Drone: 25
[P1_ATTEMPT] Time: 206ms, Drone: 25
[P1_ABORT] Time: 206ms, Drone: 24
[P1_ATTEMPT] Time: 206ms, Drone: 24
[P1_SUCCESS] Time: 206ms, Drone: 9
[P1_RX] Time: 206ms, Receiver: 39, Sender: 9, RSSI: -97
[P1_RX] Time: 206ms, Receiver: 35, Sender: 9, RSSI: -100
[P1_RX] Time: 206ms, Receiver: 5, Sender: 9, RSSI: -101
[P1_RX] Time: 206ms, Receiver: 6, Sender: 9, RSSI: -101
[P1_RX] Time: 206ms, Receiver: 22, Sender: 9, RSSI: -103
[P1_RX] Time: 206ms, Receiver: 19, Sender: 9, RSSI: -105
[P1_RX] Time: 206ms, Receiver: 27, Sender: 9, RSSI: -105
[P1_RX] Time: 206ms, Receiver: 41, Sender: 9, RSSI: -106
[P1_RX] Time: 206ms, Receiver: 40, Sender: 9, RSSI: -107
[P1_RX] Time: 206ms, Receiver: 36, Sender: 9, RSSI: -107
[P1_ABORT] Time: 206ms, Drone: 45
[P1_ATTEMPT] Time: 206ms, Drone: 45
[P1_ABORT] Time: 206ms, Drone: 25
[P1_ATTEMPT] Time: 206ms, Drone: 25
[P1_ABORT] Time: 206ms, Drone: 24
[P1_ATTEMPT] Time: 206ms, Drone: 24
[P1_ABORT] Time: 206ms, Drone: 45
[P1_ATTEMPT] Time: 206ms, Drone: 45
[P1_ABORT] Time: 206ms, Drone: 25
[P1_ATTEMPT] Time: 206ms, Drone: 25
[P1_SUCCESS] Time: 206ms, Drone: 31
[P1_RX] Time: 206ms, Receiver: 13, Sender: 31, RSSI: -92
[P1_RX] Time: 206ms, Receiver: 4, Sender: 31, RSSI: -100
[P1_RX] Time: 206ms, Receiver: 48, Sender: 31, RSSI: -101
[P1_RX] Time: 206ms, Receiver: 33, Sender: 31, RSSI: -102
[P1_RX] Time: 206ms, Receiver: 15, Sender: 31, RSSI: -104
[P1_RX] Time: 206ms, Receiver: 29, Sender: 31, RSSI: -104
[P1_RX] Time: 206ms, Receiver: 1, Sender: 31, RSSI: -104
[P1_RX] Time: 206ms, Receiver: 37, Sender: 31, RSSI: -106
[P1_RX] Time: 206ms, Receiver: 12, Sender: 31, RSSI: -106
[P1_RX] Time: 206ms, Receiver: 30, Sender: 31, RSSI: -106
[P1_ATTEMPT] Time: 206ms, Drone: 29
[P1_ABORT] Time: 206ms, Drone: 24
[P1_ATTEMPT] Time: 206ms, Drone: 24
[P1_ABORT] Time: 206ms, Drone: 45
[P1_ATTEMPT] Time: 206ms, Drone: 45
[P1_ATTEMPT] Time: 207ms, Drone: 17
[P1_ABORT] Time: 207ms, Drone: 17
[P1_ATTEMPT] Time: 207ms, Drone: 17
[P1_SUCCESS] Time: 207ms, Drone: 10
[P1_RX] Time: 207ms, Receiver: 38, Sender: 10, RSSI: -99
[P1_RX] Time: 207ms, Receiver: 8, Sender: 10, RSSI: -101
[P1_RX] Time: 207ms, Receiver: 21, Sender: 10, RSSI: -105
[P1_RX] Time: 207ms, Receiver: 11, Sender: 10, RSSI: -106
[P1_ABORT] Time: 207ms, Drone: 17
[P1_ATTEMPT] Time: 207ms, Drone: 17
[P1_ATTEMPT] Time: 207ms, Drone: 26
[P1_ABORT] Time: 207ms, Drone: 17
[P1_ATTEMPT] Time: 207ms, Drone: 17
[P1_ABORT] Time: 207ms, Drone: 26
[P1_ATTEMPT] Time: 207ms, Drone: 26
[P1_ABORT] Time: 207ms, Drone: 17
[P1_ATTEMPT] Time: 207ms, Drone: 17
[P1_SUCCESS] Time: 207ms, Drone: 25
[P1_SUCCESS] Time: 207ms, Drone: 29
[P1_RX] Time: 207ms, Receiver: 33, Sender: 29, RSSI: -88
[P1_RX] Time: 207ms, Receiver: 37, Sender: 29, RSSI: -88
[P1_SUCCESS] Time: 207ms, Drone: 24
[P1_RX] Time: 207ms, Receiver: 2, Sender: 24, RSSI: -89
[P1_RX] Time: 207ms, Receiver: 48, Sender: 24, RSSI: -94
[P1_RX] Time: 207ms, Receiver: 13, Sender: 24, RSSI: -93
[P1_RX] Time: 207ms, Receiver: 42, Sender: 24, RSSI: -97
[P1_RX] Time: 207ms, Receiver: 26, Sender: 24, RSSI: -98
[P1_RX] Time: 207ms, Receiver: 14, Sender: 24, RSSI: -98
[P1_RX] Time: 207ms, Receiver: 0, Sender: 24, RSSI: -98
[P1_RX] Time: 207ms, Receiver: 30, Sender: 24, RSSI: -101
[P1_RX] Time: 207ms, Receiver: 6, Sender: 24, RSSI: -104
[P1_RX] Time: 207ms, Receiver: 7, Sender: 24, RSSI: -104
[P1_ABORT] Time: 207ms, Drone: 26
[P1_ATTEMPT] Time: 207ms, Drone: 26
[P1_ABORT] Time: 207ms, Drone: 17
[P1_ATTEMPT] Time: 207ms, Drone: 17
[P1_SUCCESS] Time: 207ms, Drone: 45
[P1_RX] Time: 207ms, Receiver: 31, Sender: 45, RSSI: -89
[P1_RX] Time: 207ms, Receiver: 27, Sender: 45, RSSI: -100
[P1_RX] Time: 207ms, Receiver: 1, Sender: 45, RSSI: -100
[P1_RX] Time: 207ms, Receiver: 15, Sender: 45, RSSI: -99
[P1_RX] Time: 207ms, Receiver: 47, Sender: 45, RSSI: -103
[P1_RX] Time: 207ms, Receiver: 16, Sender: 45, RSSI: -102
[P1_RX] Time: 207ms, Receiver: 40, Sender: 45, RSSI: -105
[P1_ATTEMPT] Time: 208ms, Drone: 4
[P1_ABORT] Time: 208ms, Drone: 4
[P1_ATTEMPT] Time: 208ms, Drone: 4
[P1_ABORT] Time: 208ms, Drone: 4
[P1_ATTEMPT] Time: 208ms, Drone: 4
[P1_ATTEMPT] Time: 208ms, Drone: 3
[P1_ABORT] Time: 208ms, Drone: 4
[P1_ATTEMPT] Time: 208ms, Drone: 4
[P1_ABORT] Time: 208ms, Drone: 3
[P1_ATTEMPT] Time: 208ms, Drone: 3
[P1_ABORT] Time: 208ms, Drone: 4
[P1_ATTEMPT] Time: 208ms, Drone: 4
[P1_SUCCESS] Time: 208ms, Drone: 26
[P1_RX] Time: 208ms, Receiver: 42, Sender: 26, RSSI: -94
[P1_RX] Time: 208ms, Receiver: 14, Sender: 26, RSSI: -99
[P1_RX] Time: 208ms, Receiver: 24, Sender: 26, RSSI: -99
[P1_RX] Time: 208ms, Receiver: 2, Sender: 26, RSSI: -101
[P1_RX] Time: 208ms, Receiver: 0, Sender: 26, RSSI: -101
[P1_RX] Time: 208ms, Receiver: 6, Sender: 26, RSSI: -101
[P1_RX] Time: 208ms, Receiver: 30, Sender: 26, RSSI: -105
[P1_RX] Time: 208ms, Receiver: 48, Sender: 26, RSSI: -105
[P1_RX] Time: 208ms, Receiver: 7, Sender: 26, RSSI: -106
[P1_RX] Time: 208ms, Receiver: 39, Sender: 26, RSSI: -106
[P1_RX] Time: 208ms, Receiver: 13, Sender: 26, RSSI: -106
[P1_ABORT] Time: 208ms, Drone: 3
[P1_ATTEMPT] Time: 208ms, Drone: 3
[P1_SUCCESS] Time: 208ms, Drone: 17
[P1_RX] Time: 208ms, Receiver: 18, Sender: 17, RSSI: -86
[P1_RX] Time: 208ms, Receiver: 21, Sender: 17, RSSI: -91
[P1_RX] Time: 208ms, Receiver: 16, Sender: 17, RSSI: -91
[P1_RX] Time: 208ms, Receiver: 1, Sender: 17, RSSI: -99
[P1_RX] Time: 208ms, Receiver: 11, Sender: 17, RSSI: -99
[P1_RX] Time: 208ms, Receiver: 32, Sender: 17, RSSI: -99
[P1_RX] Time: 208ms, Receiver: 3, Sender: 17, RSSI: -100
[P1_RX] Time: 208ms, Receiver: 47, Sender: 17, RSSI: -100
[P1_RX] Time: 208ms, Receiver: 49, Sender: 17, RSSI: -102
[P1_RX] Time: 208ms, Receiver: 15, Sender: 17, RSSI: -102
[P1_RX] Time: 208ms, Receiver: 43, Sender: 17, RSSI: -103
[P1_RX] Time: 208ms, Receiver: 38, Sender: 17, RSSI: -103
[P1_RX] Time: 208ms, Receiver: 40, Sender: 17, RSSI: -103
[P1_RX] Time: 208ms, Receiver: 41, Sender: 17, RSSI: -104
[P1_RX] Time: 208ms, Receiver: 27, Sender: 17, RSSI: -104
[P1_RX] Time: 208ms, Receiver: 19, Sender: 17, RSSI: -104
[P1_ABORT] Time: 208ms, Drone: 3
[P1_ATTEMPT] Time: 208ms, Drone: 3
[P1_ATTEMPT] Time: 209ms, Drone: 30
[P1_ABORT] Time: 209ms, Drone: 30
[P1_ATTEMPT] Time: 209ms, Drone: 30
[P1_ATTEMPT] Time: 209ms, Drone: 15
[P1_ABORT] Time: 209ms, Drone: 30
[P1_ATTEMPT] Time: 209ms, Drone: 30
[P1_ABORT] Time: 209ms, Drone: 15
[P1_ATTEMPT] Time: 209ms, Drone: 15
[P1_ABORT] Time: 209ms, Drone: 30
[P1_ATTEMPT] Time: 209ms, Drone: 30
[P1_ABORT] Time: 209ms, Drone: 15
[P1_ATTEMPT] Time: 209ms, Drone: 15
[P1_ABORT] Time: 209ms, Drone: 30
[P1_ATTEMPT] Time: 209ms, Drone: 30
[P1_SUCCESS] Time: 209ms, Drone: 4
[P1_RX] Time: 209ms, Receiver: 48, Sender: 4, RSSI: -94
[P1_RX] Time: 209ms, Receiver: 13, Sender: 4, RSSI: -96
[P1_RX] Time: 209ms, Receiver: 31, Sender: 4, RSSI: -101
[P1_RX] Time: 209ms, Receiver: 1, Sender: 4, RSSI: -101
[P1_RX] Time: 209ms, Receiver: 45, Sender: 4, RSSI: -101
[P1_RX] Time: 209ms, Receiver: 2, Sender: 4, RSSI: -102
[P1_RX] Time: 209ms, Receiver: 24, Sender: 4, RSSI: -102
[P1_RX] Time: 209ms, Receiver: 32, Sender: 4, RSSI: -102
[P1_RX] Time: 209ms, Receiver: 33, Sender: 4, RSSI: -103
[P1_RX] Time: 209ms, Receiver: 29, Sender: 4, RSSI: -103
[P1_RX] Time: 209ms, Receiver: 15, Sender: 4, RSSI: -104
[P1_RX] Time: 209ms, Receiver: 20, Sender: 4, RSSI: -106
[P1_RX] Time: 209ms, Receiver: 37, Sender: 4, RSSI: -106
[P1_RX] Time: 209ms, Receiver: 19, Sender: 4, RSSI: -108
[P1_RX] Time: 209ms, Receiver: 25, Sender: 4, RSSI: -108
[P1_RX] Time: 209ms, Receiver: 30, Sender: 4, RSSI: -109
[P1_ABORT] Time: 209ms, Drone: 15
[P1_ATTEMPT] Time: 209ms, Drone: 15
[P1_ABORT] Time: 209ms, Drone: 15
[P1_ATTEMPT] Time: 209ms, Drone: 15
[P1_ATTEMPT] Time: 209ms, Drone: 41
[P1_SUCCESS] Time: 209ms, Drone: 3
[P1_RX] Time: 209ms, Receiver: 8, Sender: 3, RSSI: -103
[P1_RX] Time: 209ms, Receiver: 38, Sender: 3, RSSI: -104
[P1_RX] Time: 209ms, Receiver: 11, Sender: 3, RSSI: -105
[P1_RX] Time: 209ms, Receiver: 10, Sender: 3, RSSI: -106
[P1_ABORT] Time: 209ms, Drone: 15
[P1_ATTEMPT] Time: 209ms, Drone: 15
[P1_ATTEMPT] Time: 210ms, Drone: 36
[P1_SUCCESS] Time: 210ms, Drone: 30
[P1_RX] Time: 210ms, Receiver: 7, Sender: 30, RSSI: -94
[P1_RX] Time: 210ms, Receiver: 14, Sender: 30, RSSI: -97
[P1_RX] Time: 210ms, Receiver: 12, Sender: 30, RSSI: -98
[P1_RX] Time: 210ms, Receiver: 24, Sender: 30, RSSI: -103
[P1_RX] Time: 210ms, Receiver: 13, Sender: 30, RSSI: -104
[P1_RX] Time: 210ms, Receiver: 48, Sender: 30, RSSI: -105
[P1_RX] Time: 210ms, Receiver: 0, Sender: 30, RSSI: -105
[P1_RX] Time: 210ms, Receiver: 26, Sender: 30, RSSI: -106
[P1_ABORT] Time: 210ms, Drone: 36
[P1_ATTEMPT] Time: 210ms, Drone: 36
[P1_ABORT] Time: 210ms, Drone: 36
[P1_ATTEMPT] Time: 210ms, Drone: 36
[P1_SUCCESS] Time: 210ms, Drone: 41
[P1_RX] Time: 210ms, Receiver: 40, Sender: 41, RSSI: -95
[P1_RX] Time: 210ms, Receiver: 47, Sender: 41, RSSI: -96
[P1_RX] Time: 210ms, Receiver: 5, Sender: 41, RSSI: -100
[P1_RX] Time: 210ms, Receiver: 27, Sender: 41, RSSI: -99
[P1_RX] Time: 210ms, Receiver: 19, Sender: 41, RSSI: -100
[P1_RX] Time: 210ms, Receiver: 36, Sender: 41, RSSI: -101
[P1_RX] Time: 210ms, Receiver: 35, Sender: 41, RSSI: -101
[P1_RX] Time: 210ms, Receiver: 22, Sender: 41, RSSI: -103
[P1_RX] Time: 210ms, Receiver: 9, Sender: 41, RSSI: -105
[P1_SUCCESS] Time: 210ms, Drone: 15
[P1_RX] Time: 210ms, Receiver: 43, Sender: 15, RSSI: -93
[P1_RX] Time: 210ms, Receiver: 32, Sender: 15, RSSI: -95
[P1_RX] Time: 210ms, Receiver: 1, Sender: 15, RSSI: -98
[P1_RX] Time: 210ms, Receiver: 18, Sender: 15, RSSI: -99
[P1_RX] Time: 210ms, Receiver: 16, Sender: 15, RSSI: -99
[P1_RX] Time: 210ms, Receiver: 21, Sender: 15, RSSI: -100
[P1_RX] Time: 210ms, Receiver: 3, Sender: 15, RSSI: -102
[P1_RX] Time: 210ms, Receiver: 49, Sender: 15, RSSI: -102
[P1_RX] Time: 210ms, Receiver: 38, Sender: 15, RSSI: -102
[P1_RX] Time: 210ms, Receiver: 33, Sender: 15, RSSI: -103
[P1_RX] Time: 210ms, Receiver: 11, Sender: 15, RSSI: -102
[P1_RX] Time: 210ms, Receiver: 37, Sender: 15, RSSI: -105
[P1_RX] Time: 210ms, Receiver: 10, Sender: 15, RSSI: -105
[P1_RX] Time: 210ms, Receiver: 29, Sender: 15, RSSI: -105
[P1_ABORT] Time: 210ms, Drone: 36
[P1_ATTEMPT] Time: 210ms, Drone: 36
[P1_ATTEMPT] Time: 211ms, Drone: 42
[P1_SUCCESS] Time: 211ms, Drone: 36
[P1_RX] Time: 211ms, Receiver: 22, Sender: 36, RSSI: -100
[P1_RX] Time: 211ms, Receiver: 5, Sender: 36, RSSI: -100
[P1_RX] Time: 211ms, Receiver: 41, Sender: 36, RSSI: -101
[P1_RX] Time: 211ms, Receiver: 35, Sender: 36, RSSI: -102
[P1_RX] Time: 211ms, Receiver: 40, Sender: 36, RSSI: -104
[P1_RX] Time: 211ms, Receiver: 9, Sender: 36, RSSI: -107
[P1_ATTEMPT] Time: 211ms, Drone: 14
[P1_SUCCESS] Time: 211ms, Drone: 42
[P1_RX] Time: 211ms, Receiver: 26, Sender: 42, RSSI: -94
[P1_RX] Time: 211ms, Receiver: 2, Sender: 42, RSSI: -95
[P1_RX] Time: 211ms, Receiver: 24, Sender: 42, RSSI: -98
[P1_RX] Time: 211ms, Receiver: 0, Sender: 42, RSSI: -98
[P1_RX] Time: 211ms, Receiver: 14, Sender: 42, RSSI: -101
[P1_RX] Time: 211ms, Receiver: 48, Sender: 42, RSSI: -105
[P1_RX] Time: 211ms, Receiver: 13, Sender: 42, RSSI: -105
[P1_RX] Time: 211ms, Receiver: 45, Sender: 42, RSSI: -105
[P1_RX] Time: 211ms, Receiver: 31, Sender: 42, RSSI: -107
[P1_RX] Time: 211ms, Receiver: 30, Sender: 42, RSSI: -108
[P1_RX] Time: 211ms, Receiver: 1, Sender: 42, RSSI: -107
[P1_ABORT] Time: 211ms, Drone: 14
[P1_ATTEMPT] Time: 211ms, Drone: 14
[P1_ATTEMPT] Time: 212ms, Drone: 7
[P1_ABORT] Time: 212ms, Drone: 7
[P1_ATTEMPT] Time: 212ms, Drone: 7
[P1_ABORT] Time: 212ms, Drone: 7
[P1_ATTEMPT] Time: 212ms, Drone: 7
[P1_ABORT] Time: 212ms, Drone: 7
[P1_ATTEMPT] Time: 212ms, Drone: 7
[P1_SUCCESS] Time: 212ms, Drone: 14
[P1_RX] Time: 212ms, Receiver: 0, Sender: 14, RSSI: -97
[P1_RX] Time: 212ms, Receiver: 30, Sender: 14, RSSI: -97
[P1_RX] Time: 212ms, Receiver: 26, Sender: 14, RSSI: -99
[P1_RX] Time: 212ms, Receiver: 24, Sender: 14, RSSI: -99
[P1_RX] Time: 212ms, Receiver: 7, Sender: 14, RSSI: -101
[P1_RX] Time: 212ms, Receiver: 2, Sender: 14, RSSI: -101
[P1_RX] Time: 212ms, Receiver: 42, Sender: 14, RSSI: -102
[P1_RX] Time: 212ms, Receiver: 13, Sender: 14, RSSI: -104
[P1_RX] Time: 212ms, Receiver: 6, Sender: 14, RSSI: -104
[P1_RX] Time: 212ms, Receiver: 48, Sender: 14, RSSI: -105
[P1_RX] Time: 212ms, Receiver: 12, Sender: 14, RSSI: -106
[P1_RX] Time: 212ms, Receiver: 31, Sender: 14, RSSI: -106
[P1_RX] Time: 212ms, Receiver: 45, Sender: 14, RSSI: -106
[P1_ABORT] Time: 212ms, Drone: 7
[P1_ATTEMPT] Time: 212ms, Drone: 7
[P1_ATTEMPT] Time: 213ms, Drone: 20
[P1_ATTEMPT] Time: 213ms, Drone: 28
[P1_ATTEMPT] Time: 213ms, Drone: 21
[P1_ABORT] Time: 213ms, Drone: 28
[P1_ATTEMPT] Time: 213ms, Drone: 28
[P1_ABORT] Time: 213ms, Drone: 28
[P1_ATTEMPT] Time: 213ms, Drone: 28
[P1_SUCCESS] Time: 213ms, Drone: 7
[P1_RX] Time: 213ms, Receiver: 30, Sender: 7, RSSI: -94
[P1_RX] Time: 213ms, Receiver: 14, Sender: 7, RSSI: -100
[P1_RX] Time: 213ms, Receiver: 12, Sender: 7, RSSI: -103
[P1_RX] Time: 213ms, Receiver: 26, Sender: 7, RSSI: -106
[P1_RX] Time: 213ms, Receiver: 24, Sender: 7, RSSI: -106
[P1_ABORT] Time: 213ms, Drone: 28
[P1_ATTEMPT] Time: 213ms, Drone: 28
[P1_SUCCESS] Time: 213ms, Drone: 20
[P1_RX] Time: 213ms, Receiver: 29, Sender: 20, RSSI: -102
[P1_RX] Time: 213ms, Receiver: 44, Sender: 20, RSSI: -103
[P1_RX] Time: 213ms, Receiver: 37, Sender: 20, RSSI: -103
[P1_RX] Time: 213ms, Receiver: 25, Sender: 20, RSSI: -104
[P1_RX] Time: 213ms, Receiver: 34, Sender: 20, RSSI: -104
[P1_RX] Time: 213ms, Receiver: 28, Sender: 20, RSSI: -105
[P1_RX] Time: 213ms, Receiver: 33, Sender: 20, RSSI: -105
[P1_RX] Time: 213ms, Receiver: 4, Sender: 20, RSSI: -105
[P1_RX] Time: 213ms, Receiver: 46, Sender: 20, RSSI: -107
[P1_RX] Time: 213ms, Receiver: 49, Sender: 20, RSSI: -107
[P1_ATTEMPT] Time: 214ms, Drone: 33
[P1_ABORT] Time: 214ms, Drone: 28
[P1_ATTEMPT] Time: 214ms, Drone: 28
[P1_ATTEMPT] Time: 214ms, Drone: 19
[P1_ABORT] Time: 214ms, Drone: 33
[P1_ATTEMPT] Time: 214ms, Drone: 33
[P1_ABORT] Time: 214ms, Drone: 19
[P1_ATTEMPT] Time: 214ms, Drone: 19
[P1_ABORT] Time: 214ms, Drone: 33
[P1_ATTEMPT] Time: 214ms, Drone: 33
[P1_ABORT] Time: 214ms, Drone: 19
[P1_ATTEMPT] Time: 214ms, Drone: 19
[P1_ABORT] Time: 214ms, Drone: 33
[P1_ATTEMPT] Time: 214ms, Drone: 33
[P1_ABORT] Time: 214ms, Drone: 19
[P1_ATTEMPT] Time: 214ms, Drone: 19
[P1_ABORT] Time: 214ms, Drone: 33
[P1_ATTEMPT] Time: 214ms, Drone: 33
[P1_SUCCESS] Time: 214ms, Drone: 21
[P1_RX] Time: 214ms, Receiver: 18, Sender: 21, RSSI: -78
[P1_RX] Time: 214ms, Receiver: 17, Sender: 21, RSSI: -91
[P1_RX] Time: 214ms, Receiver: 11, Sender: 21, RSSI: -96
[P1_RX] Time: 214ms, Receiver: 16, Sender: 21, RSSI: -97
[P1_RX] Time: 214ms, Receiver: 38, Sender: 21, RSSI: -97
[P1_RX] Time: 214ms, Receiver: 3, Sender: 21, RSSI: -98
[P1_RX] Time: 214ms, Receiver: 43, Sender: 21, RSSI: -99
[P1_RX] Time: 214ms, Receiver: 49, Sender: 21, RSSI: -100
[P1_RX] Time: 214ms, Receiver: 15, Sender: 21, RSSI: -101
[P1_RX] Time: 214ms, Receiver: 32, Sender: 21, RSSI: -101
[P1_RX] Time: 214ms, Receiver: 1, Sender: 21, RSSI: -101
[P1_RX] Time: 214ms, Receiver: 8, Sender: 21, RSSI: -105
[P1_RX] Time: 214ms, Receiver: 47, Sender: 21, RSSI: -105
[P1_RX] Time: 214ms, Receiver: 10, Sender: 21, RSSI: -105
[P1_RX] Time: 214ms, Receiver: 27, Sender: 21, RSSI: -107
[P1_RX] Time: 214ms, Receiver: 40, Sender: 21, RSSI: -107
[P1_RX] Time: 214ms, Receiver: 41, Sender: 21, RSSI: -108
[P1_RX] Time: 214ms, Receiver: 19, Sender: 21, RSSI: -109
[P1_ABORT] Time: 214ms, Drone: 33
[P1_ATTEMPT] Time: 214ms, Drone: 33
[P1_ATTEMPT] Time: 214ms, Drone: 35
[P1_ABORT] Time: 214ms, Drone: 35
[P1_ATTEMPT] Time: 214ms, Drone: 35
[P1_SUCCESS] Time: 215ms, Drone: 28
[P1_RX] Time: 215ms, Receiver: 34, Sender: 28, RSSI: -78
[P1_RX] Time: 215ms, Receiver: 46, Sender: 28, RSSI: -82
[P1_RX] Time: 215ms, Receiver: 44, Sender: 28, RSSI: -99
[P1_ABORT] Time: 215ms, Drone: 35
[P1_ATTEMPT] Time: 215ms, Drone: 35
[P1_ABORT] Time: 215ms, Drone: 35
[P1_ATTEMPT] Time: 215ms, Drone: 35
[P1_ATTEMPT] Time: 215ms, Drone: 27
[P1_ABORT] Time: 215ms, Drone: 35
[P1_ATTEMPT] Time: 215ms, Drone: 35
[P1_ABORT] Time: 215ms, Drone: 27
[P1_ATTEMPT] Time: 215ms, Drone: 27
[P1_SUCCESS] Time: 215ms, Drone: 19
[P1_RX] Time: 215ms, Receiver: 40, Sender: 19, RSSI: -92
[P1_RX] Time: 215ms, Receiver: 47, Sender: 19, RSSI: -92
[P1_RX] Time: 215ms, Receiver: 27, Sender: 19, RSSI: -98
[P1_RX] Time: 215ms, Receiver: 35, Sender: 19, RSSI: -98
[P1_RX] Time: 215ms, Receiver: 5, Sender: 19, RSSI: -99
[P1_RX] Time: 215ms, Receiver: 41, Sender: 19, RSSI: -101
[P1_RX] Time: 215ms, Receiver: 1, Sender: 19, RSSI: -101
[P1_RX] Time: 215ms, Receiver: 32, Sender: 19, RSSI: -102
[P1_RX] Time: 215ms, Receiver: 16, Sender: 19, RSSI: -102
[P1_RX] Time: 215ms, Receiver: 42, Sender: 19, RSSI: -102
[P1_RX] Time: 215ms, Receiver: 2, Sender: 19, RSSI: -102
[P1_RX] Time: 215ms, Receiver: 39, Sender: 19, RSSI: -104
[P1_RX] Time: 215ms, Receiver: 45, Sender: 19, RSSI: -104
[P1_RX] Time: 215ms, Receiver: 9, Sender: 19, RSSI: -105
[P1_RX] Time: 215ms, Receiver: 0, Sender: 19, RSSI: -105
[P1_RX] Time: 215ms, Receiver: 6, Sender: 19, RSSI: -105
[P1_RX] Time: 215ms, Receiver: 17, Sender: 19, RSSI: -105
[P1_RX] Time: 215ms, Receiver: 24, Sender: 19, RSSI: -106
[P1_RX] Time: 215ms, Receiver: 36, Sender: 19, RSSI: -107
[P1_RX] Time: 215ms, Receiver: 26, Sender: 19, RSSI: -108
[P1_ABORT] Time: 215ms, Drone: 35
[P1_ATTEMPT] Time: 215ms, Drone: 35
[P1_ABORT] Time: 215ms, Drone: 27
[P1_ATTEMPT] Time: 215ms, Drone: 27
[P1_SUCCESS] Time: 215ms, Drone: 33
[P1_RX] Time: 215ms, Receiver: 37, Sender: 33, RSSI: -90
[P1_ATTEMPT] Time: 215ms, Drone: 16
[P1_ABORT] Time: 216ms, Drone: 16
[P1_ATTEMPT] Time: 216ms, Drone: 16
[P1_ATTEMPT] Time: 216ms, Drone: 47
[P1_ABORT] Time: 216ms, Drone: 16
[P1_ATTEMPT] Time: 216ms, Drone: 16
[P1_ABORT] Time: 216ms, Drone: 47
[P1_ATTEMPT] Time: 216ms, Drone: 47
[P1_ABORT] Time: 216ms, Drone: 16
[P1_ATTEMPT] Time: 216ms, Drone: 16
[P1_ABORT] Time: 216ms, Drone: 47
[P1_ATTEMPT] Time: 216ms, Drone: 47
[P1_SUCCESS] Time: 216ms, Drone: 35
[P1_RX] Time: 216ms, Receiver: 5, Sender: 35, RSSI: -75
[P1_RX] Time: 216ms, Receiver: 39, Sender: 35, RSSI: -96
[P1_RX] Time: 216ms, Receiver: 40, Sender: 35, RSSI: -97
[P1_RX] Time: 216ms, Receiver: 9, Sender: 35, RSSI: -99
[P1_RX] Time: 216ms, Receiver: 36, Sender: 35, RSSI: -101
[P1_RX] Time: 216ms, Receiver: 6, Sender: 35, RSSI: -102
[P1_RX] Time: 216ms, Receiver: 22, Sender: 35, RSSI: -102
[P1_ATTEMPT] Time: 216ms, Drone: 40
[P1_SUCCESS] Time: 216ms, Drone: 27
[P1_RX] Time: 216ms, Receiver: 47, Sender: 27, RSSI: -94
[P1_RX] Time: 216ms, Receiver: 32, Sender: 27, RSSI: -100
[P1_RX] Time: 216ms, Receiver: 45, Sender: 27, RSSI: -101
[P1_RX] Time: 216ms, Receiver: 1, Sender: 27, RSSI: -101
[P1_RX] Time: 216ms, Receiver: 16, Sender: 27, RSSI: -101
[P1_RX] Time: 216ms, Receiver: 15, Sender: 27, RSSI: -104
[P1_RX] Time: 216ms, Receiver: 17, Sender: 27, RSSI: -104
[P1_RX] Time: 216ms, Receiver: 18, Sender: 27, RSSI: -105
[P1_RX] Time: 216ms, Receiver: 43, Sender: 27, RSSI: -105
[P1_RX] Time: 216ms, Receiver: 31, Sender: 27, RSSI: -105
[P1_RX] Time: 216ms, Receiver: 11, Sender: 27, RSSI: -106
[P1_RX] Time: 216ms, Receiver: 21, Sender: 27, RSSI: -106
[P1_RX] Time: 216ms, Receiver: 13, Sender: 27, RSSI: -106
[P1_ABORT] Time: 216ms, Drone: 16
[P1_ATTEMPT] Time: 216ms, Drone: 16
[P1_ABORT] Time: 216ms, Drone: 47
[P1_ATTEMPT] Time: 216ms, Drone: 47
[P1_ABORT] Time: 216ms, Drone: 40
[P1_ATTEMPT] Time: 216ms, Drone: 40
[P1_ATTEMPT] Time: 216ms, Drone: 22
[P1_SUCCESS] Time: 217ms, Drone: 16
[P1_RX] Time: 217ms, Receiver: 1, Sender: 16, RSSI: -89
[P1_RX] Time: 217ms, Receiver: 32, Sender: 16, RSSI: -90
[P1_RX] Time: 217ms, Receiver: 17, Sender: 16, RSSI: -90
[P1_RX] Time: 217ms, Receiver: 18, Sender: 16, RSSI: -93
[P1_RX] Time: 217ms, Receiver: 21, Sender: 16, RSSI: -96
[P1_RX] Time: 217ms, Receiver: 15, Sender: 16, RSSI: -99
[P1_RX] Time: 217ms, Receiver: 3, Sender: 16, RSSI: -99
[P1_RX] Time: 217ms, Receiver: 49, Sender: 16, RSSI: -101
[P1_RX] Time: 217ms, Receiver: 43, Sender: 16, RSSI: -101
[P1_RX] Time: 217ms, Receiver: 11, Sender: 16, RSSI: -101
[P1_RX] Time: 217ms, Receiver: 38, Sender: 16, RSSI: -103
[P1_RX] Time: 217ms, Receiver: 4, Sender: 16, RSSI: -103
[P1_SUCCESS] Time: 217ms, Drone: 47
[P1_RX] Time: 217ms, Receiver: 19, Sender: 47, RSSI: -89
[P1_RX] Time: 217ms, Receiver: 27, Sender: 47, RSSI: -93
[P1_SUCCESS] Time: 217ms, Drone: 40
[P1_RX] Time: 217ms, Receiver: 5, Sender: 40, RSSI: -96
[P1_SUCCESS] Time: 217ms, Drone: 22
[P1_ATTEMPT] Time: 217ms, Drone: 46
[P1_ATTEMPT] Time: 217ms, Drone: 38
[P1_ATTEMPT] Time: 218ms, Drone: 48
[P1_SUCCESS] Time: 218ms, Drone: 46
[P1_RX] Time: 218ms, Receiver: 28, Sender: 46, RSSI: -82
[P1_RX] Time: 218ms, Receiver: 34, Sender: 46, RSSI: -87
[P1_RX] Time: 218ms, Receiver: 44, Sender: 46, RSSI: -100
[P1_RX] Time: 218ms, Receiver: 37, Sender: 46, RSSI: -104
[P1_RX] Time: 218ms, Receiver: 25, Sender: 46, RSSI: -106
[P1_RX] Time: 218ms, Receiver: 29, Sender: 46, RSSI: -106
[P1_SUCCESS] Time: 218ms, Drone: 38
[P1_RX] Time: 218ms, Receiver: 11, Sender: 38, RSSI: -94
[P1_RX] Time: 218ms, Receiver: 43, Sender: 38, RSSI: -96
[P1_RX] Time: 218ms, Receiver: 21, Sender: 38, RSSI: -97
[P1_RX] Time: 218ms, Receiver: 10, Sender: 38, RSSI: -98
[P1_RX] Time: 218ms, Receiver: 18, Sender: 38, RSSI: -100
[P1_RX] Time: 218ms, Receiver: 17, Sender: 38, RSSI: -103
[P1_RX] Time: 218ms, Receiver: 15, Sender: 38, RSSI: -102
[P1_RX] Time: 218ms, Receiver: 8, Sender: 38, RSSI: -102
[P1_RX] Time: 218ms, Receiver: 3, Sender: 38, RSSI: -104
[P1_RX] Time: 218ms, Receiver: 16, Sender: 38, RSSI: -105
[P1_RX] Time: 218ms, Receiver: 49, Sender: 38, RSSI: -105
[P1_RX] Time: 218ms, Receiver: 32, Sender: 38, RSSI: -106
[P1_RX] Time: 218ms, Receiver: 1, Sender: 38, RSSI: -107
[P1_RX] Time: 218ms, Receiver: 27, Sender: 38, RSSI: -109
[P1_ATTEMPT] Time: 218ms, Drone: 6
[P1_ABORT] Time: 219ms, Drone: 6
[P1_ATTEMPT] Time: 219ms, Drone: 6
[P1_ABORT] Time: 219ms, Drone: 6
[P1_ATTEMPT] Time: 219ms, Drone: 6
[P1_ABORT] Time: 219ms, Drone: 6
[P1_ATTEMPT] Time: 219ms, Drone: 6
[P1_ATTEMPT] Time: 219ms, Drone: 32
[P1_ABORT] Time: 219ms, Drone: 6
[P1_ATTEMPT] Time: 219ms, Drone: 6
[P1_SUCCESS] Time: 219ms, Drone: 48
[P1_RX] Time: 219ms, Receiver: 13, Sender: 48, RSSI: -93
[P1_RX] Time: 219ms, Receiver: 4, Sender: 48, RSSI: -94
[P1_RX] Time: 219ms, Receiver: 24, Sender: 48, RSSI: -95
[P1_RX] Time: 219ms, Receiver: 2, Sender: 48, RSSI: -98
[P1_RX] Time: 219ms, Receiver: 31, Sender: 48, RSSI: -101
[P1_RX] Time: 219ms, Receiver: 45, Sender: 48, RSSI: -103
[P1_RX] Time: 219ms, Receiver: 14, Sender: 48, RSSI: -105
[P1_RX] Time: 219ms, Receiver: 30, Sender: 48, RSSI: -105
[P1_RX] Time: 219ms, Receiver: 42, Sender: 48, RSSI: -105
[P1_RX] Time: 219ms, Receiver: 1, Sender: 48, RSSI: -106
[P1_RX] Time: 219ms, Receiver: 26, Sender: 48, RSSI: -106
[P1_RX] Time: 219ms, Receiver: 0, Sender: 48, RSSI: -106
[P1_RX] Time: 219ms, Receiver: 29, Sender: 48, RSSI: -106
[P1_RX] Time: 219ms, Receiver: 12, Sender: 48, RSSI: -106
[P1_RX] Time: 219ms, Receiver: 32, Sender: 48, RSSI: -106
[P1_RX] Time: 219ms, Receiver: 33, Sender: 48, RSSI: -107
[P1_RX] Time: 219ms, Receiver: 20, Sender: 48, RSSI: -108
[P1_RX] Time: 219ms, Receiver: 7, Sender: 48, RSSI: -109
[P1_RX] Time: 219ms, Receiver: 37, Sender: 48, RSSI: -109
[P1_ATTEMPT] Time: 219ms, Drone: 18
[P1_ABORT] Time: 219ms, Drone: 18
[P1_ATTEMPT] Time: 219ms, Drone: 18
[P1_ABORT] Time: 220ms, Drone: 18
[P1_ATTEMPT] Time: 220ms, Drone: 18
[P1_ABORT] Time: 220ms, Drone: 18
[P1_ATTEMPT] Time: 220ms, Drone: 18
[P1_ABORT] Time: 220ms, Drone: 18
[P1_ATTEMPT] Time: 220ms, Drone: 18
[P1_SUCCESS] Time: 220ms, Drone: 32
[P1_RX] Time: 220ms, Receiver: 1, Sender: 32, RSSI: -82
[P1_RX] Time: 220ms, Receiver: 16, Sender: 32, RSSI: -91
[P1_RX] Time: 220ms, Receiver: 15, Sender: 32, RSSI: -95
[P1_RX] Time: 220ms, Receiver: 18, Sender: 32, RSSI: -99
[P1_RX] Time: 220ms, Receiver: 47, Sender: 32, RSSI: -99
[P1_RX] Time: 220ms, Receiver: 17, Sender: 32, RSSI: -99
[P1_RX] Time: 220ms, Receiver: 27, Sender: 32, RSSI: -100
[P1_RX] Time: 220ms, Receiver: 45, Sender: 32, RSSI: -100
[P1_RX] Time: 220ms, Receiver: 21, Sender: 32, RSSI: -101
[P1_RX] Time: 220ms, Receiver: 43, Sender: 32, RSSI: -101
[P1_RX] Time: 220ms, Receiver: 4, Sender: 32, RSSI: -102
[P1_RX] Time: 220ms, Receiver: 19, Sender: 32, RSSI: -100
[P1_RX] Time: 220ms, Receiver: 3, Sender: 32, RSSI: -103
[P1_RX] Time: 220ms, Receiver: 49, Sender: 32, RSSI: -103
[P1_RX] Time: 220ms, Receiver: 40, Sender: 32, RSSI: -103
[P1_RX] Time: 220ms, Receiver: 31, Sender: 32, RSSI: -103
[P1_RX] Time: 220ms, Receiver: 13, Sender: 32, RSSI: -104
[P1_RX] Time: 220ms, Receiver: 11, Sender: 32, RSSI: -105
[P1_RX] Time: 220ms, Receiver: 38, Sender: 32, RSSI: -106
[P1_RX] Time: 220ms, Receiver: 48, Sender: 32, RSSI: -105
[P1_RX] Time: 220ms, Receiver: 41, Sender: 32, RSSI: -105
[P1_RX] Time: 220ms, Receiver: 33, Sender: 32, RSSI: -107
[P1_SUCCESS] Time: 220ms, Drone: 6
[P1_RX] Time: 220ms, Receiver: 39, Sender: 6, RSSI: -95
[P1_RX] Time: 220ms, Receiver: 42, Sender: 6, RSSI: -98
[P1_RX] Time: 220ms, Receiver: 0, Sender: 6, RSSI: -98
[P1_RX] Time: 220ms, Receiver: 9, Sender: 6, RSSI: -101
[P1_RX] Time: 220ms, Receiver: 26, Sender: 6, RSSI: -101
[P1_RX] Time: 220ms, Receiver: 35, Sender: 6, RSSI: -102
[P1_RX] Time: 220ms, Receiver: 14, Sender: 6, RSSI: -104
[P1_RX] Time: 220ms, Receiver: 5, Sender: 6, RSSI: -103
[P1_ABORT] Time: 220ms, Drone: 18
[P1_ATTEMPT] Time: 220ms, Drone: 18
[P1_ATTEMPT] Time: 221ms, Drone: 23
[P1_SUCCESS] Time: 221ms, Drone: 18
[P1_RX] Time: 221ms, Receiver: 21, Sender: 18, RSSI: -78
[P1_RX] Time: 221ms, Receiver: 17, Sender: 18, RSSI: -86
[P1_RX] Time: 221ms, Receiver: 16, Sender: 18, RSSI: -94
[P1_RX] Time: 221ms, Receiver: 3, Sender: 18, RSSI: -97
[P1_RX] Time: 221ms, Receiver: 11, Sender: 18, RSSI: -98
[P1_RX] Time: 221ms, Receiver: 32, Sender: 18, RSSI: -99
[P1_RX] Time: 221ms, Receiver: 1, Sender: 18, RSSI: -99
[P1_RX] Time: 221ms, Receiver: 43, Sender: 18, RSSI: -99
[P1_RX] Time: 221ms, Receiver: 38, Sender: 18, RSSI: -100
[P1_RX] Time: 221ms, Receiver: 15, Sender: 18, RSSI: -100
[P1_RX] Time: 221ms, Receiver: 49, Sender: 18, RSSI: -100
[P1_RX] Time: 221ms, Receiver: 47, Sender: 18, RSSI: -103
[P1_RX] Time: 221ms, Receiver: 27, Sender: 18, RSSI: -106
[P1_RX] Time: 221ms, Receiver: 8, Sender: 18, RSSI: -106
[P1_RX] Time: 221ms, Receiver: 40, Sender: 18, RSSI: -106
[P1_RX] Time: 221ms, Receiver: 10, Sender: 18, RSSI: -107
[P1_RX] Time: 221ms, Receiver: 41, Sender: 18, RSSI: -107
[P1_RX] Time: 221ms, Receiver: 19, Sender: 18, RSSI: -107
[P1_RX] Time: 221ms, Receiver: 4, Sender: 18, RSSI: -108
[P1_RX] Time: 221ms, Receiver: 45, Sender: 18, RSSI: -109
[P1_SUCCESS] Time: 222ms, Drone: 23
[P1_RX] Time: 222ms, Receiver: 14, Sender: 23, RSSI: -89
[P1_RX] Time: 222ms, Receiver: 0, Sender: 23, RSSI: -89
[P1_RX] Time: 222ms, Receiver: 26, Sender: 23, RSSI: -97
[P1_RX] Time: 222ms, Receiver: 42, Sender: 23, RSSI: -97
[P1_RX] Time: 222ms, Receiver: 2, Sender: 23, RSSI: -98
[P1_RX] Time: 222ms, Receiver: 24, Sender: 23, RSSI: -98
[P1_RX] Time: 222ms, Receiver: 6, Sender: 23, RSSI: -100
[P1_RX] Time: 222ms, Receiver: 30, Sender: 23, RSSI: -102
[P1_RX] Time: 222ms, Receiver: 13, Sender: 23, RSSI: -103
[P1_RX] Time: 222ms, Receiver: 45, Sender: 23, RSSI: -105
[P1_RX] Time: 222ms, Receiver: 48, Sender: 23, RSSI: -105
[P1_RX] Time: 222ms, Receiver: 7, Sender: 23, RSSI: -105
[P1_RX] Time: 222ms, Receiver: 31, Sender: 23, RSSI: -106
[P1_RX] Time: 222ms, Receiver: 39, Sender: 23, RSSI: -107
[P1_RX] Time: 222ms, Receiver: 19, Sender: 23, RSSI: -107
[P1_RX] Time: 222ms, Receiver: 9, Sender: 23, RSSI: -108
[P1_RX] Time: 222ms, Receiver: 4, Sender: 23, RSSI: -108
[P1_RX] Time: 222ms, Receiver: 12, Sender: 23, RSSI: -108
[P1_RX] Time: 222ms, Receiver: 47, Sender: 23, RSSI: -110
[P1_ATTEMPT] Time: 222ms, Drone: 5
[P1_ATTEMPT] Time: 222ms, Drone: 34
[P1_ATTEMPT] Time: 222ms, Drone: 43
[P1_SUCCESS] Time: 223ms, Drone: 5
[P1_RX] Time: 223ms, Receiver: 35, Sender: 5, RSSI: -75
[P1_RX] Time: 223ms, Receiver: 40, Sender: 5, RSSI: -98
[P1_RX] Time: 223ms, Receiver: 39, Sender: 5, RSSI: -99
[P1_RX] Time: 223ms, Receiver: 19, Sender: 5, RSSI: -99
[P1_RX] Time: 223ms, Receiver: 36, Sender: 5, RSSI: -100
[P1_RX] Time: 223ms, Receiver: 41, Sender: 5, RSSI: -100
[P1_RX] Time: 223ms, Receiver: 9, Sender: 5, RSSI: -101
[P1_RX] Time: 223ms, Receiver: 47, Sender: 5, RSSI: -102
[P1_RX] Time: 223ms, Receiver: 22, Sender: 5, RSSI: -103
[P1_RX] Time: 223ms, Receiver: 27, Sender: 5, RSSI: -105
[P1_RX] Time: 223ms, Receiver: 6, Sender: 5, RSSI: -105
[P1_RX] Time: 223ms, Receiver: 42, Sender: 5, RSSI: -106
[P1_ATTEMPT] Time: 223ms, Drone: 8
[P1_ABORT] Time: 223ms, Drone: 8
[P1_ATTEMPT] Time: 223ms, Drone: 8
[P1_ABORT] Time: 223ms, Drone: 8
[P1_ATTEMPT] Time: 223ms, Drone: 8
[P1_SUCCESS] Time: 223ms, Drone: 34
[P1_RX] Time: 223ms, Receiver: 28, Sender: 34, RSSI: -78
[P1_RX] Time: 223ms, Receiver: 46, Sender: 34, RSSI: -87
[P1_RX] Time: 223ms, Receiver: 44, Sender: 34, RSSI: -101
[P1_RX] Time: 223ms, Receiver: 37, Sender: 34, RSSI: -101
[P1_RX] Time: 223ms, Receiver: 25, Sender: 34, RSSI: -102
[P1_RX] Time: 223ms, Receiver: 20, Sender: 34, RSSI: -104
[P1_RX] Time: 223ms, Receiver: 29, Sender: 34, RSSI: -103
[P1_SUCCESS] Time: 223ms, Drone: 43
[P1_RX] Time: 223ms, Receiver: 15, Sender: 43, RSSI: -93
[P1_RX] Time: 223ms, Receiver: 38, Sender: 43, RSSI: -96
[P1_RX] Time: 223ms, Receiver: 21, Sender: 43, RSSI: -99
[P1_RX] Time: 223ms, Receiver: 18, Sender: 43, RSSI: -99
[P1_RX] Time: 223ms, Receiver: 11, Sender: 43, RSSI: -100
[P1_RX] Time: 223ms, Receiver: 10, Sender: 43, RSSI: -101
[P1_RX] Time: 223ms, Receiver: 3, Sender: 43, RSSI: -103
[P1_RX] Time: 223ms, Receiver: 49, Sender: 43, RSSI: -104
[P1_RX] Time: 223ms, Receiver: 8, Sender: 43, RSSI: -106
[P1_RX] Time: 223ms, Receiver: 31, Sender: 43, RSSI: -106
[P1_RX] Time: 223ms, Receiver: 4, Sender: 43, RSSI: -106
[P1_ATTEMPT] Time: 224ms, Drone: 11
[P1_ATTEMPT] Time: 224ms, Drone: 1
[P1_ABORT] Time: 224ms, Drone: 11
[P1_ATTEMPT] Time: 224ms, Drone: 11
[P1_ATTEMPT] Time: 224ms, Drone: 0
[P1_ABORT] Time: 224ms, Drone: 1
[P1_ATTEMPT] Time: 224ms, Drone: 1
[P1_ABORT] Time: 224ms, Drone: 11
[P1_ATTEMPT] Time: 224ms, Drone: 11
[P1_SUCCESS] Time: 224ms, Drone: 8
[P1_RX] Time: 224ms, Receiver: 10, Sender: 8, RSSI: -101
[P1_RX] Time: 224ms, Receiver: 38, Sender: 8, RSSI: -103
[P1_RX] Time: 224ms, Receiver: 3, Sender: 8, RSSI: -103
[P1_RX] Time: 224ms, Receiver: 49, Sender: 8, RSSI: -104
[P1_RX] Time: 224ms, Receiver: 21, Sender: 8, RSSI: -105
[P1_RX] Time: 224ms, Receiver: 18, Sender: 8, RSSI: -106
[P1_RX] Time: 224ms, Receiver: 43, Sender: 8, RSSI: -107
[P1_RX] Time: 224ms, Receiver: 11, Sender: 8, RSSI: -107
[P1_ATTEMPT] Time: 224ms, Drone: 12
[P1_ABORT] Time: 225ms, Drone: 12
[P1_ATTEMPT] Time: 225ms, Drone: 12
[P1_ABORT] Time: 225ms, Drone: 12
[P1_ATTEMPT] Time: 225ms, Drone: 12
[P1_ABORT] Time: 225ms, Drone: 12
[P1_ATTEMPT] Time: 225ms, Drone: 12
[P1_SUCCESS] Time: 225ms, Drone: 0
[P1_RX] Time: 225ms, Receiver: 23, Sender: 0, RSSI: -89
[P1_RX] Time: 225ms, Receiver: 14, Sender: 0, RSSI: -97
[P1_RX] Time: 225ms, Receiver: 42, Sender: 0, RSSI: -98
[P1_RX] Time: 225ms, Receiver: 2, Sender: 0, RSSI: -97
[P1_RX] Time: 225ms, Receiver: 6, Sender: 0, RSSI: -99
[P1_RX] Time: 225ms, Receiver: 24, Sender: 0, RSSI: -100
[P1_RX] Time: 225ms, Receiver: 26, Sender: 0, RSSI: -101
[P1_RX] Time: 225ms, Receiver: 45, Sender: 0, RSSI: -99
[P1_RX] Time: 225ms, Receiver: 13, Sender: 0, RSSI: -101
[P1_RX] Time: 225ms, Receiver: 31, Sender: 0, RSSI: -101
[P1_RX] Time: 225ms, Receiver: 9, Sender: 0, RSSI: -104
[P1_RX] Time: 225ms, Receiver: 39, Sender: 0, RSSI: -104
[P1_RX] Time: 225ms, Receiver: 30, Sender: 0, RSSI: -105
[P1_ATTEMPT] Time: 225ms, Drone: 13
[P1_SUCCESS] Time: 225ms, Drone: 1
[P1_RX] Time: 225ms, Receiver: 32, Sender: 1, RSSI: -82
[P1_RX] Time: 225ms, Receiver: 16, Sender: 1, RSSI: -89
[P1_RX] Time: 225ms, Receiver: 15, Sender: 1, RSSI: -97
[P1_RX] Time: 225ms, Receiver: 17, Sender: 1, RSSI: -96
[P1_RX] Time: 225ms, Receiver: 18, Sender: 1, RSSI: -95
[P1_RX] Time: 225ms, Receiver: 47, Sender: 1, RSSI: -98
[P1_RX] Time: 225ms, Receiver: 4, Sender: 1, RSSI: -100
[P1_RX] Time: 225ms, Receiver: 19, Sender: 1, RSSI: -100
[P1_RX] Time: 225ms, Receiver: 3, Sender: 1, RSSI: -100
[P1_RX] Time: 225ms, Receiver: 49, Sender: 1, RSSI: -101
[P1_RX] Time: 225ms, Receiver: 27, Sender: 1, RSSI: -100
[P1_RX] Time: 225ms, Receiver: 40, Sender: 1, RSSI: -101
[P1_SUCCESS] Time: 225ms, Drone: 11
[P1_RX] Time: 225ms, Receiver: 38, Sender: 11, RSSI: -94
[P1_RX] Time: 225ms, Receiver: 21, Sender: 11, RSSI: -95
[P1_RX] Time: 225ms, Receiver: 10, Sender: 11, RSSI: -104
[P1_RX] Time: 225ms, Receiver: 8, Sender: 11, RSSI: -105
[P1_ABORT] Time: 225ms, Drone: 13
[P1_ATTEMPT] Time: 225ms, Drone: 13
[P1_ABORT] Time: 225ms, Drone: 13
[P1_ATTEMPT] Time: 225ms, Drone: 13
[P1_ABORT] Time: 225ms, Drone: 13
[P1_ATTEMPT] Time: 225ms, Drone: 13
[P1_ABORT] Time: 225ms, Drone: 13
[P1_ATTEMPT] Time: 225ms, Drone: 13
[P1_ATTEMPT] Time: 225ms, Drone: 44
[P1_ABORT] Time: 226ms, Drone: 13
[P1_ATTEMPT] Time: 226ms, Drone: 13
[P1_SUCCESS] Time: 226ms, Drone: 12
[P1_RX] Time: 226ms, Receiver: 30, Sender: 12, RSSI: -98
[P1_RX] Time: 226ms, Receiver: 7, Sender: 12, RSSI: -103
[P1_RX] Time: 226ms, Receiver: 13, Sender: 12, RSSI: -105
[P1_RX] Time: 226ms, Receiver: 14, Sender: 12, RSSI: -106
[P1_RX] Time: 226ms, Receiver: 48, Sender: 12, RSSI: -106
[P1_RX] Time: 226ms, Receiver: 31, Sender: 12, RSSI: -107
[P1_RX] Time: 226ms, Receiver: 23, Sender: 12, RSSI: -108
[P1_RX] Time: 226ms, Receiver: 4, Sender: 12, RSSI: -109
[P1_RX] Time: 226ms, Receiver: 0, Sender: 12, RSSI: -110
[P1_ABORT] Time: 226ms, Drone: 13
[P1_ATTEMPT] Time: 226ms, Drone: 13
[P1_ATTEMPT] Time: 226ms, Drone: 39
[P1_ATTEMPT] Time: 226ms, Drone: 37
[P1_ABORT] Time: 226ms, Drone: 37
[P1_ATTEMPT] Time: 226ms, Drone: 37
[P1_SUCCESS] Time: 226ms, Drone: 44
[P1_RX] Time: 226ms, Receiver: 28, Sender: 44, RSSI: -99
[P1_RX] Time: 226ms, Receiver: 46, Sender: 44, RSSI: -100
[P1_RX] Time: 226ms, Receiver: 34, Sender: 44, RSSI: -101
[P1_RX] Time: 226ms, Receiver: 20, Sender: 44, RSSI: -103
[P1_ABORT] Time: 226ms, Drone: 37
[P1_ATTEMPT] Time: 226ms, Drone: 37
[P1_SUCCESS] Time: 227ms, Drone: 13
[P1_RX] Time: 227ms, Receiver: 31, Sender: 13, RSSI: -92
[P1_RX] Time: 227ms, Receiver: 48, Sender: 13, RSSI: -93
[P1_RX] Time: 227ms, Receiver: 45, Sender: 13, RSSI: -96
[P1_RX] Time: 227ms, Receiver: 4, Sender: 13, RSSI: -96
[P1_RX] Time: 227ms, Receiver: 2, Sender: 13, RSSI: -97
[P1_RX] Time: 227ms, Receiver: 24, Sender: 13, RSSI: -98
[P1_RX] Time: 227ms, Receiver: 23, Sender: 13, RSSI: -103
[P1_RX] Time: 227ms, Receiver: 14, Sender: 13, RSSI: -104
[P1_RX] Time: 227ms, Receiver: 30, Sender: 13, RSSI: -104
[P1_RX] Time: 227ms, Receiver: 32, Sender: 13, RSSI: -104
[P1_RX] Time: 227ms, Receiver: 1, Sender: 13, RSSI: -105
[P1_RX] Time: 227ms, Receiver: 12, Sender: 13, RSSI: -105
[P1_RX] Time: 227ms, Receiver: 15, Sender: 13, RSSI: -105
[P1_SUCCESS] Time: 227ms, Drone: 39
[P1_RX] Time: 227ms, Receiver: 35, Sender: 39, RSSI: -96
[P1_RX] Time: 227ms, Receiver: 9, Sender: 39, RSSI: -97
[P1_RX] Time: 227ms, Receiver: 5, Sender: 39, RSSI: -98
[P1_RX] Time: 227ms, Receiver: 22, Sender: 39, RSSI: -106
[P1_RX] Time: 227ms, Receiver: 36, Sender: 39, RSSI: -106
[P1_SUCCESS] Time: 227ms, Drone: 37
[P1_RX] Time: 227ms, Receiver: 29, Sender: 37, RSSI: -89
[P1_RX] Time: 227ms, Receiver: 33, Sender: 37, RSSI: -90
[P1_RX] Time: 227ms, Receiver: 25, Sender: 37, RSSI: -95
[P1_RX] Time: 227ms, Receiver: 34, Sender: 37, RSSI: -102
[P1_RX] Time: 227ms, Receiver: 20, Sender: 37, RSSI: -103
[P1_RX] Time: 227ms, Receiver: 28, Sender: 37, RSSI: -104
[P1_RX] Time: 227ms, Receiver: 46, Sender: 37, RSSI: -105
[P1_RX] Time: 227ms, Receiver: 15, Sender: 37, RSSI: -105
[P1_RX] Time: 227ms, Receiver: 4, Sender: 37, RSSI: -105
[P1_RX] Time: 227ms, Receiver: 31, Sender: 37, RSSI: -105
[P1_RX] Time: 227ms, Receiver: 44, Sender: 37, RSSI: -107
[P1_RX] Time: 227ms, Receiver: 43, Sender: 37, RSSI: -107
[P2_ATTEMPT] Time: 230ms, Drone: 1, Slot: 0, Channel: 15
[P2_ATTEMPT] Time: 230ms, Drone: 2, Slot: 0, Channel: 23
[P2_ATTEMPT] Time: 230ms, Drone: 9, Slot: 0, Channel: 17
[P2_ATTEMPT] Time: 230ms, Drone: 38, Slot: 0, Channel: 12
[P2_ATTEMPT] Time: 230ms, Drone: 49, Slot: 0, Channel: 25
[P2_ATTEMPT] Time: 232ms, Drone: 4, Slot: 1, Channel: 22
[P2_ATTEMPT] Time: 232ms, Drone: 15, Slot: 1, Channel: 17
[P2_ATTEMPT] Time: 232ms, Drone: 17, Slot: 1, Channel: 19
[P2_ATTEMPT] Time: 232ms, Drone: 20, Slot: 1, Channel: 20
[P2_ATTEMPT] Time: 232ms, Drone: 31, Slot: 1, Channel: 16
[P2_ATTEMPT] Time: 232ms, Drone: 34, Slot: 1, Channel: 22
[P2_ATTEMPT] Time: 232ms, Drone: 36, Slot: 1, Channel: 20
[P2_ATTEMPT] Time: 232ms, Drone: 45, Slot: 1, Channel: 14
[P2_SUCCESS] Time: 232ms, Drone: 1
[P2_SUCCESS] Time: 232ms, Drone: 2
[P2_SUCCESS] Time: 232ms, Drone: 9
[P2_SUCCESS] Time: 232ms, Drone: 38
[P2_SUCCESS] Time: 232ms, Drone: 49
[P2_ATTEMPT] Time: 235ms, Drone: 10, Slot: 2, Channel: 18
[P2_ATTEMPT] Time: 235ms, Drone: 26, Slot: 2, Channel: 20
[P2_ATTEMPT] Time: 235ms, Drone: 46, Slot: 2, Channel: 23
[P2_SUCCESS] Time: 235ms, Drone: 4
[P2_SUCCESS] Time: 235ms, Drone: 15
[P2_SUCCESS] Time: 235ms, Drone: 17
[P2_SUCCESS] Time: 235ms, Drone: 20
[P2_SUCCESS] Time: 235ms, Drone: 31
[P2_SUCCESS] Time: 235ms, Drone: 34
[P2_SUCCESS] Time: 235ms, Drone: 36
[P2_SUCCESS] Time: 235ms, Drone: 45
[P2_RX] Time: 235ms, Receiver: 21, Sender: 17, RSSI: -91
[P2_RX] Time: 235ms, Receiver: 13, Sender: 31, RSSI: -92
[P2_RX] Time: 235ms, Receiver: 43, Sender: 15, RSSI: -93
[P2_RX] Time: 235ms, Receiver: 48, Sender: 4, RSSI: -94
[P2_ATTEMPT] Time: 237ms, Drone: 8, Slot: 3, Channel: 13
[P2_ATTEMPT] Time: 237ms, Drone: 14, Slot: 3, Channel: 23
[P2_ATTEMPT] Time: 237ms, Drone: 28, Slot: 3, Channel: 19
[P2_ATTEMPT] Time: 237ms, Drone: 29, Slot: 3, Channel: 24
[P2_SUCCESS] Time: 237ms, Drone: 10
[P2_SUCCESS] Time: 237ms, Drone: 26
[P2_SUCCESS] Time: 237ms, Drone: 46
[P2_ATTEMPT] Time: 240ms, Drone: 3, Slot: 4, Channel: 24
[P2_ATTEMPT] Time: 240ms, Drone: 5, Slot: 4, Channel: 18
[P2_ATTEMPT] Time: 240ms, Drone: 11, Slot: 4, Channel: 16
[P2_ATTEMPT] Time: 240ms, Drone: 12, Slot: 4, Channel: 20
[P2_ATTEMPT] Time: 240ms, Drone: 18, Slot: 4, Channel: 14
[P2_ATTEMPT] Time: 240ms, Drone: 24, Slot: 4, Channel: 18
[P2_ATTEMPT] Time: 240ms, Drone: 41, Slot: 4, Channel: 20
[P2_ATTEMPT] Time: 240ms, Drone: 42, Slot: 4, Channel: 15
[P2_ATTEMPT] Time: 240ms, Drone: 43, Slot: 4, Channel: 23
[P2_SUCCESS] Time: 240ms, Drone: 8
[P2_SUCCESS] Time: 240ms, Drone: 14
[P2_SUCCESS] Time: 240ms, Drone: 28
[P2_SUCCESS] Time: 240ms, Drone: 29
[P2_RX] Time: 240ms, Receiver: 34, Sender: 28, RSSI: -78
[P2_RX] Time: 240ms, Receiver: 46, Sender: 28, RSSI: -82
[P2_RX] Time: 240ms, Receiver: 33, Sender: 29, RSSI: -89
[P2_RX] Time: 240ms, Receiver: 37, Sender: 29, RSSI: -89
[P2_ATTEMPT] Time: 242ms, Drone: 0, Slot: 5, Channel: 20
[P2_ATTEMPT] Time: 242ms, Drone: 32, Slot: 5, Channel: 20
[P2_ATTEMPT] Time: 242ms, Drone: 37, Slot: 5, Channel: 22
[P2_SUCCESS] Time: 242ms, Drone: 3
[P2_SUCCESS] Time: 242ms, Drone: 5
[P2_SUCCESS] Time: 242ms, Drone: 11
[P2_SUCCESS] Time: 242ms, Drone: 12
[P2_SUCCESS] Time: 242ms, Drone: 18
[P2_SUCCESS] Time: 242ms, Drone: 24
[P2_SUCCESS] Time: 242ms, Drone: 41
[P2_SUCCESS] Time: 242ms, Drone: 42
[P2_SUCCESS] Time: 242ms, Drone: 43
[P2_RX] Time: 242ms, Receiver: 35, Sender: 5, RSSI: -75
[P2_RX] Time: 242ms, Receiver: 21, Sender: 18, RSSI: -78
[P2_RX] Time: 242ms, Receiver: 17, Sender: 18, RSSI: -86
[P2_RX] Time: 242ms, Receiver: 2, Sender: 24, RSSI: -89
[P2_RX] Time: 242ms, Receiver: 38, Sender: 11, RSSI: -94
[P2_RX] Time: 242ms, Receiver: 26, Sender: 42, RSSI: -94
[P2_RX] Time: 242ms, Receiver: 48, Sender: 24, RSSI: -95
[P2_RX] Time: 242ms, Receiver: 40, Sender: 41, RSSI: -95
[P2_RX] Time: 242ms, Receiver: 13, Sender: 24, RSSI: -98
[P2_RX] Time: 242ms, Receiver: 36, Sender: 41, RSSI: -101
[P2_ATTEMPT] Time: 245ms, Drone: 19, Slot: 6, Channel: 24
[P2_ATTEMPT] Time: 245ms, Drone: 22, Slot: 6, Channel: 18
[P2_ATTEMPT] Time: 245ms, Drone: 30, Slot: 6, Channel: 13
[P2_ATTEMPT] Time: 245ms, Drone: 35, Slot: 6, Channel: 25
[P2_SUCCESS] Time: 245ms, Drone: 0
[P2_SUCCESS] Time: 245ms, Drone: 32
[P2_SUCCESS] Time: 245ms, Drone: 37
[P2_RX] Time: 245ms, Receiver: 1, Sender: 32, RSSI: -82
[P2_RX] Time: 245ms, Receiver: 29, Sender: 37, RSSI: -89
[P2_RX] Time: 245ms, Receiver: 23, Sender: 0, RSSI: -89
[P2_RX] Time: 245ms, Receiver: 33, Sender: 37, RSSI: -90
[P2_RX] Time: 245ms, Receiver: 25, Sender: 37, RSSI: -95
[P2_RX] Time: 245ms, Receiver: 15, Sender: 32, RSSI: -95
[P2_RX] Time: 245ms, Receiver: 4, Sender: 37, RSSI: -106
[P2_ATTEMPT] Time: 247ms, Drone: 7, Slot: 7, Channel: 24
[P2_ATTEMPT] Time: 247ms, Drone: 27, Slot: 7, Channel: 19
[P2_ATTEMPT] Time: 247ms, Drone: 39, Slot: 7, Channel: 22
[P2_ATTEMPT] Time: 247ms, Drone: 40, Slot: 7, Channel: 12
[P2_ATTEMPT] Time: 247ms, Drone: 44, Slot: 7, Channel: 16
[P2_SUCCESS] Time: 247ms, Drone: 19
[P2_SUCCESS] Time: 247ms, Drone: 22
[P2_SUCCESS] Time: 247ms, Drone: 30
[P2_SUCCESS] Time: 247ms, Drone: 35
[P2_RX] Time: 247ms, Receiver: 5, Sender: 35, RSSI: -75
[P2_ATTEMPT] Time: 250ms, Drone: 13, Slot: 8, Channel: 12
[P2_ATTEMPT] Time: 250ms, Drone: 16, Slot: 8, Channel: 17
[P2_ATTEMPT] Time: 250ms, Drone: 21, Slot: 8, Channel: 15
[P2_ATTEMPT] Time: 250ms, Drone: 23, Slot: 8, Channel: 21
[P2_SUCCESS] Time: 250ms, Drone: 7
[P2_SUCCESS] Time: 250ms, Drone: 27
[P2_SUCCESS] Time: 250ms, Drone: 39
[P2_SUCCESS] Time: 250ms, Drone: 40
[P2_SUCCESS] Time: 250ms, Drone: 44
[P2_RX] Time: 250ms, Receiver: 30, Sender: 7, RSSI: -94
[P2_RX] Time: 250ms, Receiver: 47, Sender: 27, RSSI: -95
[P2_ATTEMPT] Time: 252ms, Drone: 6, Slot: 9, Channel: 15
[P2_ATTEMPT] Time: 252ms, Drone: 25, Slot: 9, Channel: 24
[P2_ATTEMPT] Time: 252ms, Drone: 33, Slot: 9, Channel: 17
[P2_ATTEMPT] Time: 252ms, Drone: 47, Slot: 9, Channel: 26
[P2_ATTEMPT] Time: 252ms, Drone: 48, Slot: 9, Channel: 22
[P2_SUCCESS] Time: 252ms, Drone: 13
[P2_SUCCESS] Time: 252ms, Drone: 16
[P2_SUCCESS] Time: 252ms, Drone: 21
[P2_SUCCESS] Time: 252ms, Drone: 23
[P2_RX] Time: 252ms, Receiver: 18, Sender: 21, RSSI: -78
[P2_RX] Time: 252ms, Receiver: 14, Sender: 23, RSSI: -89
[P2_RX] Time: 252ms, Receiver: 0, Sender: 23, RSSI: -89
[P2_RX] Time: 252ms, Receiver: 1, Sender: 16, RSSI: -89
[P2_RX] Time: 252ms, Receiver: 32, Sender: 16, RSSI: -91
[P2_RX] Time: 252ms, Receiver: 17, Sender: 16, RSSI: -91
[P2_RX] Time: 252ms, Receiver: 31, Sender: 13, RSSI: -92
[P2_SUCCESS] Time: 255ms, Drone: 6
[P2_SUCCESS] Time: 255ms, Drone: 25
[P2_SUCCESS] Time: 255ms, Drone: 33
[P2_SUCCESS] Time: 255ms, Drone: 47
[P2_SUCCESS] Time: 255ms, Drone: 48
[P1_ATTEMPT] Time: 256ms, Drone: 40
[P1_ATTEMPT] Time: 256ms, Drone: 38
[P1_ATTEMPT] Time: 256ms, Drone: 49
[P1_ABORT] Time: 256ms, Drone: 49
[P1_ATTEMPT] Time: 256ms, Drone: 49
[P1_ABORT] Time: 256ms, Drone: 49
[P1_ATTEMPT] Time: 256ms, Drone: 49
[P1_ABORT] Time: 257ms, Drone: 49
[P1_ATTEMPT] Time: 257ms, Drone: 49
[P1_ABORT] Time: 257ms, Drone: 49
[P1_ATTEMPT] Time: 257ms, Drone: 49
[P1_SUCCESS] Time: 257ms, Drone: 40
[P1_RX] Time: 257ms, Receiver: 47, Sender: 40, RSSI: -91
[P1_RX] Time: 257ms, Receiver: 19, Sender: 40, RSSI: -92
[P1_RX] Time: 257ms, Receiver: 41, Sender: 40, RSSI: -95
[P1_RX] Time: 257ms, Receiver: 5, Sender: 40, RSSI: -98
[P1_RX] Time: 257ms, Receiver: 35, Sender: 40, RSSI: -99
[P1_RX] Time: 257ms, Receiver: 27, Sender: 40, RSSI: -101
[P1_RX] Time: 257ms, Receiver: 16, Sender: 40, RSSI: -102
[P1_RX] Time: 257ms, Receiver: 1, Sender: 40, RSSI: -103
[P1_RX] Time: 257ms, Receiver: 17, Sender: 40, RSSI: -104
[P1_RX] Time: 257ms, Receiver: 32, Sender: 40, RSSI: -104
[P1_RX] Time: 257ms, Receiver: 36, Sender: 40, RSSI: -104
[P1_RX] Time: 257ms, Receiver: 39, Sender: 40, RSSI: -106
[P1_RX] Time: 257ms, Receiver: 9, Sender: 40, RSSI: -107
[P1_RX] Time: 257ms, Receiver: 22, Sender: 40, RSSI: -107
[P1_RX] Time: 257ms, Receiver: 45, Sender: 40, RSSI: -108
[P1_ABORT] Time: 257ms, Drone: 49
[P1_ATTEMPT] Time: 257ms, Drone: 49
[P1_ABORT] Time: 257ms, Drone: 49
[P1_ATTEMPT] Time: 257ms, Drone: 49
[P1_SUCCESS] Time: 257ms, Drone: 38
[P1_RX] Time: 257ms, Receiver: 10, Sender: 38, RSSI: -98
[P1_RX] Time: 257ms, Receiver: 8, Sender: 38, RSSI: -103
[P1_ABORT] Time: 257ms, Drone: 49
[P1_ATTEMPT] Time: 257ms, Drone: 49
[P1_ATTEMPT] Time: 257ms, Drone: 2
[P1_ATTEMPT] Time: 257ms, Drone: 9
[P1_ATTEMPT] Time: 258ms, Drone: 6
[P1_ABORT] Time: 258ms, Drone: 6
[P1_ATTEMPT] Time: 258ms, Drone: 6
[P1_ABORT] Time: 258ms, Drone: 6
[P1_ATTEMPT] Time: 258ms, Drone: 6
[P1_ABORT] Time: 258ms, Drone: 6
[P1_ATTEMPT] Time: 258ms, Drone: 6
[P1_ATTEMPT] Time: 258ms, Drone: 41
[P1_SUCCESS] Time: 258ms, Drone: 49
[P1_RX] Time: 258ms, Receiver: 3, Sender: 49, RSSI: -80
[P1_RX] Time: 258ms, Receiver: 18, Sender: 49, RSSI: -100
[P1_RX] Time: 258ms, Receiver: 21, Sender: 49, RSSI: -100
[P1_RX] Time: 258ms, Receiver: 16, Sender: 49, RSSI: -102
[P1_RX] Time: 258ms, Receiver: 1, Sender: 49, RSSI: -102
[P1_RX] Time: 258ms, Receiver: 17, Sender: 49, RSSI: -103
[P1_RX] Time: 258ms, Receiver: 15, Sender: 49, RSSI: -103
[P1_RX] Time: 258ms, Receiver: 32, Sender: 49, RSSI: -103
[P1_RX] Time: 258ms, Receiver: 8, Sender: 49, RSSI: -104
[P1_RX] Time: 258ms, Receiver: 43, Sender: 49, RSSI: -105
[P1_RX] Time: 258ms, Receiver: 38, Sender: 49, RSSI: -106
[P1_RX] Time: 258ms, Receiver: 11, Sender: 49, RSSI: -107
[P1_RX] Time: 258ms, Receiver: 10, Sender: 49, RSSI: -108
[P1_ATTEMPT] Time: 258ms, Drone: 17
[P1_ABORT] Time: 258ms, Drone: 6
[P1_ATTEMPT] Time: 258ms, Drone: 6
[P1_ABORT] Time: 258ms, Drone: 41
[P1_ATTEMPT] Time: 258ms, Drone: 41
[P1_SUCCESS] Time: 258ms, Drone: 2
[P1_RX] Time: 258ms, Receiver: 24, Sender: 2, RSSI: -89
[P1_RX] Time: 258ms, Receiver: 42, Sender: 2, RSSI: -95
[P1_RX] Time: 258ms, Receiver: 23, Sender: 2, RSSI: -98
[P1_RX] Time: 258ms, Receiver: 0, Sender: 2, RSSI: -98
[P1_RX] Time: 258ms, Receiver: 14, Sender: 2, RSSI: -101
[P1_RX] Time: 258ms, Receiver: 26, Sender: 2, RSSI: -101
[P1_RX] Time: 258ms, Receiver: 30, Sender: 2, RSSI: -105
[P1_RX] Time: 258ms, Receiver: 7, Sender: 2, RSSI: -108
[P1_RX] Time: 258ms, Receiver: 12, Sender: 2, RSSI: -108
[P1_ABORT] Time: 258ms, Drone: 6
[P1_ATTEMPT] Time: 258ms, Drone: 6
[P1_ABORT] Time: 258ms, Drone: 41
[P1_ATTEMPT] Time: 258ms, Drone: 41
[P1_ATTEMPT] Time: 258ms, Drone: 23
[P1_SUCCESS] Time: 258ms, Drone: 9
[P1_RX] Time: 258ms, Receiver: 22, Sender: 9, RSSI: -102
[P1_RX] Time: 258ms, Receiver: 41, Sender: 9, RSSI: -104
[P1_RX] Time: 258ms, Receiver: 36, Sender: 9, RSSI: -106
[P1_ABORT] Time: 258ms, Drone: 6
[P1_ATTEMPT] Time: 258ms, Drone: 6
[P1_ABORT] Time: 258ms, Drone: 41
[P1_ATTEMPT] Time: 258ms, Drone: 41
[P1_ABORT] Time: 259ms, Drone: 41
[P1_ATTEMPT] Time: 259ms, Drone: 41
[P1_ATTEMPT] Time: 259ms, Drone: 15
[P1_ABORT] Time: 259ms, Drone: 41
[P1_ATTEMPT] Time: 259ms, Drone: 41
[P1_ABORT] Time: 259ms, Drone: 15
[P1_ATTEMPT] Time: 259ms, Drone: 15
[P1_ATTEMPT] Time: 259ms, Drone: 19
[P1_ABORT] Time: 259ms, Drone: 41
[P1_ATTEMPT] Time: 259ms, Drone: 41
[P1_ABORT] Time: 259ms, Drone: 15
[P1_ATTEMPT] Time: 259ms, Drone: 15
[P1_ABORT] Time: 259ms, Drone: 19
[P1_ATTEMPT] Time: 259ms, Drone: 19
[P1_ABORT] Time: 259ms, Drone: 41
[P1_ATTEMPT] Time: 259ms, Drone: 41
[P1_ABORT] Time: 259ms, Drone: 15
[P1_ATTEMPT] Time: 259ms, Drone: 15
[P1_ABORT] Time: 259ms, Drone: 19
[P1_ATTEMPT] Time: 259ms, Drone: 19
[P1_SUCCESS] Time: 259ms, Drone: 17
[P1_RX] Time: 259ms, Receiver: 18, Sender: 17, RSSI: -86
[P1_RX] Time: 259ms, Receiver: 21, Sender: 17, RSSI: -91
[P1_RX] Time: 259ms, Receiver: 16, Sender: 17, RSSI: -91
[P1_RX] Time: 259ms, Receiver: 1, Sender: 17, RSSI: -99
[P1_RX] Time: 259ms, Receiver: 11, Sender: 17, RSSI: -99
[P1_RX] Time: 259ms, Receiver: 32, Sender: 17, RSSI: -99
[P1_RX] Time: 259ms, Receiver: 3, Sender: 17, RSSI: -100
[P1_RX] Time: 259ms, Receiver: 47, Sender: 17, RSSI: -101
[P1_RX] Time: 259ms, Receiver: 49, Sender: 17, RSSI: -103
[P1_RX] Time: 259ms, Receiver: 15, Sender: 17, RSSI: -103
[P1_RX] Time: 259ms, Receiver: 43, Sender: 17, RSSI: -103
[P1_RX] Time: 259ms, Receiver: 38, Sender: 17, RSSI: -103
[P1_RX] Time: 259ms, Receiver: 40, Sender: 17, RSSI: -104
[P1_RX] Time: 259ms, Receiver: 41, Sender: 17, RSSI: -105
[P1_ABORT] Time: 259ms, Drone: 41
[P1_ATTEMPT] Time: 259ms, Drone: 41
[P1_ABORT] Time: 259ms, Drone: 15
[P1_ATTEMPT] Time: 259ms, Drone: 15
[P1_ABORT] Time: 259ms, Drone: 19
[P1_ATTEMPT] Time: 259ms, Drone: 19
[P1_ABORT] Time: 259ms, Drone: 19
[P1_ATTEMPT] Time: 259ms, Drone: 19
[P1_SUCCESS] Time: 259ms, Drone: 23
[P1_RX] Time: 259ms, Receiver: 14, Sender: 23, RSSI: -88
[P1_RX] Time: 259ms, Receiver: 0, Sender: 23, RSSI: -89
[P1_RX] Time: 259ms, Receiver: 26, Sender: 23, RSSI: -96
[P1_RX] Time: 259ms, Receiver: 42, Sender: 23, RSSI: -95
[P1_RX] Time: 259ms, Receiver: 2, Sender: 23, RSSI: -97
[P1_RX] Time: 259ms, Receiver: 24, Sender: 23, RSSI: -97
[P1_RX] Time: 259ms, Receiver: 30, Sender: 23, RSSI: -102
[P1_RX] Time: 259ms, Receiver: 48, Sender: 23, RSSI: -103
[P1_RX] Time: 259ms, Receiver: 7, Sender: 23, RSSI: -104
[P1_SUCCESS] Time: 259ms, Drone: 6
[P1_RX] Time: 259ms, Receiver: 39, Sender: 6, RSSI: -95
[P1_RX] Time: 259ms, Receiver: 9, Sender: 6, RSSI: -100
[P1_ABORT] Time: 259ms, Drone: 19
[P1_ATTEMPT] Time: 259ms, Drone: 19
[P1_ABORT] Time: 259ms, Drone: 19
[P1_ATTEMPT] Time: 259ms, Drone: 19
[P1_ABORT] Time: 260ms, Drone: 19
[P1_ATTEMPT] Time: 260ms, Drone: 19
[P1_ABORT] Time: 260ms, Drone: 19
[P1_ATTEMPT] Time: 260ms, Drone: 19
[P1_ABORT] Time: 260ms, Drone: 19
[P1_ATTEMPT] Time: 260ms, Drone: 19
[P1_ATTEMPT] Time: 260ms, Drone: 16
[P1_ABORT] Time: 260ms, Drone: 19
[P1_ATTEMPT] Time: 260ms, Drone: 19
[P1_SUCCESS] Time: 260ms, Drone: 41
[P1_RX] Time: 260ms, Receiver: 40, Sender: 41, RSSI: -95
[P1_RX] Time: 260ms, Receiver: 47, Sender: 41, RSSI: -96
[P1_RX] Time: 260ms, Receiver: 5, Sender: 41, RSSI: -100
[P1_RX] Time: 260ms, Receiver: 27, Sender: 41, RSSI: -99
[P1_RX] Time: 260ms, Receiver: 19, Sender: 41, RSSI: -100
[P1_RX] Time: 260ms, Receiver: 36, Sender: 41, RSSI: -101
[P1_RX] Time: 260ms, Receiver: 35, Sender: 41, RSSI: -101
[P1_RX] Time: 260ms, Receiver: 22, Sender: 41, RSSI: -103
[P1_RX] Time: 260ms, Receiver: 9, Sender: 41, RSSI: -106
[P1_ABORT] Time: 260ms, Drone: 16
[P1_ATTEMPT] Time: 260ms, Drone: 16
[P1_SUCCESS] Time: 260ms, Drone: 15
[P1_RX] Time: 260ms, Receiver: 43, Sender: 15, RSSI: -93
[P1_RX] Time: 260ms, Receiver: 32, Sender: 15, RSSI: -95
[P1_RX] Time: 260ms, Receiver: 1, Sender: 15, RSSI: -98
[P1_RX] Time: 260ms, Receiver: 18, Sender: 15, RSSI: -99
[P1_RX] Time: 260ms, Receiver: 16, Sender: 15, RSSI: -99
[P1_RX] Time: 260ms, Receiver: 21, Sender: 15, RSSI: -100
[P1_RX] Time: 260ms, Receiver: 3, Sender: 15, RSSI: -102
[P1_RX] Time: 260ms, Receiver: 49, Sender: 15, RSSI: -102
[P1_RX] Time: 260ms, Receiver: 38, Sender: 15, RSSI: -102
[P1_RX] Time: 260ms, Receiver: 45, Sender: 15, RSSI: -102
[P1_RX] Time: 260ms, Receiver: 33, Sender: 15, RSSI: -103
[P1_RX] Time: 260ms, Receiver: 4, Sender: 15, RSSI: -103
[P1_RX] Time: 260ms, Receiver: 31, Sender: 15, RSSI: -104
[P1_RX] Time: 260ms, Receiver: 37, Sender: 15, RSSI: -105
[P1_RX] Time: 260ms, Receiver: 10, Sender: 15, RSSI: -105
[P1_RX] Time: 260ms, Receiver: 29, Sender: 15, RSSI: -106
[P1_RX] Time: 260ms, Receiver: 13, Sender: 15, RSSI: -106
[P1_RX] Time: 260ms, Receiver: 48, Sender: 15, RSSI: -107
[P1_RX] Time: 260ms, Receiver: 2, Sender: 15, RSSI: -107
[P1_RX] Time: 260ms, Receiver: 8, Sender: 15, RSSI: -108
[P1_RX] Time: 260ms, Receiver: 20, Sender: 15, RSSI: -109
[P1_ABORT] Time: 260ms, Drone: 19
[P1_ATTEMPT] Time: 260ms, Drone: 19
[P1_ABORT] Time: 260ms, Drone: 16
[P1_ATTEMPT] Time: 260ms, Drone: 16
[P1_ATTEMPT] Time: 261ms, Drone: 20
[P1_ATTEMPT] Time: 261ms, Drone: 33
[P1_SUCCESS] Time: 261ms, Drone: 19
[P1_RX] Time: 261ms, Receiver: 40, Sender: 19, RSSI: -92
[P1_RX] Time: 261ms, Receiver: 47, Sender: 19, RSSI: -91
[P1_RX] Time: 261ms, Receiver: 27, Sender: 19, RSSI: -97
[P1_RX] Time: 261ms, Receiver: 35, Sender: 19, RSSI: -98
[P1_RX] Time: 261ms, Receiver: 5, Sender: 19, RSSI: -98
[P1_RX] Time: 261ms, Receiver: 41, Sender: 19, RSSI: -99
[P1_RX] Time: 261ms, Receiver: 42, Sender: 19, RSSI: -102
[P1_RX] Time: 261ms, Receiver: 2, Sender: 19, RSSI: -101
[P1_RX] Time: 261ms, Receiver: 39, Sender: 19, RSSI: -104
[P1_RX] Time: 261ms, Receiver: 45, Sender: 19, RSSI: -102
[P1_RX] Time: 261ms, Receiver: 9, Sender: 19, RSSI: -104
[P1_RX] Time: 261ms, Receiver: 0, Sender: 19, RSSI: -104
[P1_RX] Time: 261ms, Receiver: 6, Sender: 19, RSSI: -105
[P1_RX] Time: 261ms, Receiver: 23, Sender: 19, RSSI: -106
[P1_RX] Time: 261ms, Receiver: 36, Sender: 19, RSSI: -106
[P1_SUCCESS] Time: 261ms, Drone: 16
[P1_RX] Time: 261ms, Receiver: 1, Sender: 16, RSSI: -89
[P1_RX] Time: 261ms, Receiver: 32, Sender: 16, RSSI: -91
[P1_RX] Time: 261ms, Receiver: 17, Sender: 16, RSSI: -91
[P1_RX] Time: 261ms, Receiver: 18, Sender: 16, RSSI: -93
[P1_RX] Time: 261ms, Receiver: 21, Sender: 16, RSSI: -97
[P1_RX] Time: 261ms, Receiver: 15, Sender: 16, RSSI: -99
[P1_RX] Time: 261ms, Receiver: 3, Sender: 16, RSSI: -100
[P1_RX] Time: 261ms, Receiver: 49, Sender: 16, RSSI: -101
[P1_RX] Time: 261ms, Receiver: 43, Sender: 16, RSSI: -102
[P1_RX] Time: 261ms, Receiver: 11, Sender: 16, RSSI: -103
[P1_RX] Time: 261ms, Receiver: 38, Sender: 16, RSSI: -105
[P1_ABORT] Time: 261ms, Drone: 33
[P1_ATTEMPT] Time: 261ms, Drone: 33
[P1_ABORT] Time: 261ms, Drone: 33
[P1_ATTEMPT] Time: 261ms, Drone: 33
[P1_ABORT] Time: 261ms, Drone: 33
[P1_ATTEMPT] Time: 261ms, Drone: 33
[P1_SUCCESS] Time: 261ms, Drone: 20
[P1_RX] Time: 261ms, Receiver: 29, Sender: 20, RSSI: -102
[P1_RX] Time: 261ms, Receiver: 44, Sender: 20, RSSI: -103
[P1_RX] Time: 261ms, Receiver: 37, Sender: 20, RSSI: -103
[P1_RX] Time: 261ms, Receiver: 25, Sender: 20, RSSI: -104
[P1_RX] Time: 261ms, Receiver: 34, Sender: 20, RSSI: -104
[P1_RX] Time: 261ms, Receiver: 28, Sender: 20, RSSI: -104
[P1_RX] Time: 261ms, Receiver: 46, Sender: 20, RSSI: -106
[P1_ABORT] Time: 262ms, Drone: 33
[P1_ATTEMPT] Time: 262ms, Drone: 33
[P1_ATTEMPT] Time: 262ms, Drone: 3
[P1_SUCCESS] Time: 262ms, Drone: 33
[P1_RX] Time: 262ms, Receiver: 29, Sender: 33, RSSI: -89
[P1_RX] Time: 262ms, Receiver: 37, Sender: 33, RSSI: -90
[P1_RX] Time: 262ms, Receiver: 25, Sender: 33, RSSI: -99
[P1_RX] Time: 262ms, Receiver: 31, Sender: 33, RSSI: -102
[P1_RX] Time: 262ms, Receiver: 4, Sender: 33, RSSI: -103
[P1_RX] Time: 262ms, Receiver: 13, Sender: 33, RSSI: -104
[P1_RX] Time: 262ms, Receiver: 45, Sender: 33, RSSI: -105
[P1_RX] Time: 262ms, Receiver: 34, Sender: 33, RSSI: -107
[P1_RX] Time: 262ms, Receiver: 48, Sender: 33, RSSI: -107
[P1_SUCCESS] Time: 263ms, Drone: 3
[P1_RX] Time: 263ms, Receiver: 17, Sender: 3, RSSI: -100
[P1_RX] Time: 263ms, Receiver: 8, Sender: 3, RSSI: -103
[P1_RX] Time: 263ms, Receiver: 47, Sender: 3, RSSI: -107
[P1_ATTEMPT] Time: 263ms, Drone: 28
[P1_ATTEMPT] Time: 263ms, Drone: 26
[P1_ATTEMPT] Time: 264ms, Drone: 37
[P1_ABORT] Time: 264ms, Drone: 37
[P1_ATTEMPT] Time: 264ms, Drone: 37
[P1_ABORT] Time: 264ms, Drone: 37
[P1_ATTEMPT] Time: 264ms, Drone: 37
[P1_ABORT] Time: 264ms, Drone: 37
[P1_ATTEMPT] Time: 264ms, Drone: 37
[P1_ATTEMPT] Time: 264ms, Drone: 48
[P1_SUCCESS] Time: 264ms, Drone: 28
[P1_RX] Time: 264ms, Receiver: 34, Sender: 28, RSSI: -78
[P1_RX] Time: 264ms, Receiver: 46, Sender: 28, RSSI: -82
[P1_RX] Time: 264ms, Receiver: 44, Sender: 28, RSSI: -99
[P1_RX] Time: 264ms, Receiver: 37, Sender: 28, RSSI: -104
[P1_RX] Time: 264ms, Receiver: 25, Sender: 28, RSSI: -104
[P1_RX] Time: 264ms, Receiver: 20, Sender: 28, RSSI: -105
[P1_RX] Time: 264ms, Receiver: 29, Sender: 28, RSSI: -106
[P1_ABORT] Time: 264ms, Drone: 37
[P1_ATTEMPT] Time: 264ms, Drone: 37
[P1_ATTEMPT] Time: 264ms, Drone: 31
[P1_ABORT] Time: 264ms, Drone: 48
[P1_ATTEMPT] Time: 264ms, Drone: 48
[P1_SUCCESS] Time: 264ms, Drone: 26
[P1_RX] Time: 264ms, Receiver: 42, Sender: 26, RSSI: -94
[P1_RX] Time: 264ms, Receiver: 23, Sender: 26, RSSI: -97
[P1_RX] Time: 264ms, Receiver: 14, Sender: 26, RSSI: -99
[P1_RX] Time: 264ms, Receiver: 24, Sender: 26, RSSI: -99
[P1_RX] Time: 264ms, Receiver: 2, Sender: 26, RSSI: -101
[P1_RX] Time: 264ms, Receiver: 0, Sender: 26, RSSI: -102
[P1_RX] Time: 264ms, Receiver: 6, Sender: 26, RSSI: -102
[P1_RX] Time: 264ms, Receiver: 30, Sender: 26, RSSI: -105
[P1_RX] Time: 264ms, Receiver: 48, Sender: 26, RSSI: -105
[P1_RX] Time: 264ms, Receiver: 7, Sender: 26, RSSI: -106
[P1_RX] Time: 264ms, Receiver: 39, Sender: 26, RSSI: -107
[P1_RX] Time: 264ms, Receiver: 13, Sender: 26, RSSI: -106
[P1_RX] Time: 264ms, Receiver: 19, Sender: 26, RSSI: -108
[P1_ABORT] Time: 264ms, Drone: 48
[P1_ATTEMPT] Time: 264ms, Drone: 48
[P1_SUCCESS] Time: 265ms, Drone: 37
[P1_RX] Time: 265ms, Receiver: 29, Sender: 37, RSSI: -89
[P1_RX] Time: 265ms, Receiver: 33, Sender: 37, RSSI: -90
[P1_RX] Time: 265ms, Receiver: 25, Sender: 37, RSSI: -95
[P1_RX] Time: 265ms, Receiver: 34, Sender: 37, RSSI: -102
[P1_RX] Time: 265ms, Receiver: 20, Sender: 37, RSSI: -103
[P1_RX] Time: 265ms, Receiver: 28, Sender: 37, RSSI: -103
[P1_RX] Time: 265ms, Receiver: 46, Sender: 37, RSSI: -105
[P1_SUCCESS] Time: 265ms, Drone: 31
[P1_RX] Time: 265ms, Receiver: 45, Sender: 31, RSSI: -90
[P1_RX] Time: 265ms, Receiver: 13, Sender: 31, RSSI: -92
[P1_RX] Time: 265ms, Receiver: 32, Sender: 31, RSSI: -103
[P1_RX] Time: 265ms, Receiver: 1, Sender: 31, RSSI: -104
[P1_RX] Time: 265ms, Receiver: 27, Sender: 31, RSSI: -105
[P1_RX] Time: 265ms, Receiver: 12, Sender: 31, RSSI: -105
[P1_SUCCESS] Time: 265ms, Drone: 48
[P1_ATTEMPT] Time: 266ms, Drone: 21
[P1_ATTEMPT] Time: 266ms, Drone: 27
[P1_SUCCESS] Time: 267ms, Drone: 21
[P1_RX] Time: 267ms, Receiver: 18, Sender: 21, RSSI: -78
[P1_RX] Time: 267ms, Receiver: 17, Sender: 21, RSSI: -91
[P1_RX] Time: 267ms, Receiver: 11, Sender: 21, RSSI: -96
[P1_RX] Time: 267ms, Receiver: 16, Sender: 21, RSSI: -97
[P1_RX] Time: 267ms, Receiver: 38, Sender: 21, RSSI: -97
[P1_RX] Time: 267ms, Receiver: 3, Sender: 21, RSSI: -98
[P1_RX] Time: 267ms, Receiver: 43, Sender: 21, RSSI: -99
[P1_RX] Time: 267ms, Receiver: 49, Sender: 21, RSSI: -100
[P1_RX] Time: 267ms, Receiver: 15, Sender: 21, RSSI: -101
[P1_RX] Time: 267ms, Receiver: 32, Sender: 21, RSSI: -101
[P1_RX] Time: 267ms, Receiver: 1, Sender: 21, RSSI: -101
[P1_RX] Time: 267ms, Receiver: 8, Sender: 21, RSSI: -105
[P1_RX] Time: 267ms, Receiver: 10, Sender: 21, RSSI: -105
[P1_SUCCESS] Time: 267ms, Drone: 27
[P1_RX] Time: 267ms, Receiver: 35, Sender: 27, RSSI: -104
[P1_RX] Time: 267ms, Receiver: 5, Sender: 27, RSSI: -104
[P1_RX] Time: 267ms, Receiver: 9, Sender: 27, RSSI: -105
[P1_RX] Time: 267ms, Receiver: 2, Sender: 27, RSSI: -105
[P1_RX] Time: 267ms, Receiver: 0, Sender: 27, RSSI: -106
[P1_RX] Time: 267ms, Receiver: 22, Sender: 27, RSSI: -107
[P1_RX] Time: 267ms, Receiver: 42, Sender: 27, RSSI: -107
[P1_RX] Time: 267ms, Receiver: 39, Sender: 27, RSSI: -107
[P1_RX] Time: 267ms, Receiver: 6, Sender: 27, RSSI: -108
[P1_RX] Time: 267ms, Receiver: 36, Sender: 27, RSSI: -108
[P1_ATTEMPT] Time: 267ms, Drone: 13
[P1_ATTEMPT] Time: 267ms, Drone: 44
[P1_ATTEMPT] Time: 267ms, Drone: 5
[P1_ATTEMPT] Time: 267ms, Drone: 14
[P1_ABORT] Time: 268ms, Drone: 14
[P1_ATTEMPT] Time: 268ms, Drone: 14
[P1_ABORT] Time: 268ms, Drone: 14
[P1_ATTEMPT] Time: 268ms, Drone: 14
[P1_SUCCESS] Time: 268ms, Drone: 13
[P1_RX] Time: 268ms, Receiver: 31, Sender: 13, RSSI: -92
[P1_RX] Time: 268ms, Receiver: 48, Sender: 13, RSSI: -93
[P1_RX] Time: 268ms, Receiver: 45, Sender: 13, RSSI: -96
[P1_RX] Time: 268ms, Receiver: 4, Sender: 13, RSSI: -96
[P1_RX] Time: 268ms, Receiver: 2, Sender: 13, RSSI: -97
[P1_RX] Time: 268ms, Receiver: 24, Sender: 13, RSSI: -98
[P1_RX] Time: 268ms, Receiver: 23, Sender: 13, RSSI: -103
[P1_RX] Time: 268ms, Receiver: 0, Sender: 13, RSSI: -104
[P1_RX] Time: 268ms, Receiver: 14, Sender: 13, RSSI: -104
[P1_RX] Time: 268ms, Receiver: 33, Sender: 13, RSSI: -103
[P1_RX] Time: 268ms, Receiver: 30, Sender: 13, RSSI: -104
[P1_RX] Time: 268ms, Receiver: 32, Sender: 13, RSSI: -104
[P1_RX] Time: 268ms, Receiver: 1, Sender: 13, RSSI: -105
[P1_RX] Time: 268ms, Receiver: 12, Sender: 13, RSSI: -105
[P1_RX] Time: 268ms, Receiver: 42, Sender: 13, RSSI: -105
[P1_RX] Time: 268ms, Receiver: 15, Sender: 13, RSSI: -105
[P1_SUCCESS] Time: 268ms, Drone: 44
[P1_RX] Time: 268ms, Receiver: 28, Sender: 44, RSSI: -99
[P1_RX] Time: 268ms, Receiver: 46, Sender: 44, RSSI: -100
[P1_RX] Time: 268ms, Receiver: 34, Sender: 44, RSSI: -101
[P1_RX] Time: 268ms, Receiver: 20, Sender: 44, RSSI: -102
[P1_ABORT] Time: 268ms, Drone: 14
[P1_ATTEMPT] Time: 268ms, Drone: 14
[P1_SUCCESS] Time: 268ms, Drone: 5
[P1_RX] Time: 268ms, Receiver: 35, Sender: 5, RSSI: -75
[P1_RX] Time: 268ms, Receiver: 39, Sender: 5, RSSI: -98
[P1_RX] Time: 268ms, Receiver: 36, Sender: 5, RSSI: -100
[P1_RX] Time: 268ms, Receiver: 41, Sender: 5, RSSI: -100
[P1_RX] Time: 268ms, Receiver: 9, Sender: 5, RSSI: -101
[P1_RX] Time: 268ms, Receiver: 22, Sender: 5, RSSI: -103
[P1_ATTEMPT] Time: 268ms, Drone: 30
[P1_ABORT] Time: 268ms, Drone: 30
[P1_ATTEMPT] Time: 268ms, Drone: 30
[P1_ATTEMPT] Time: 268ms, Drone: 45
[P1_ABORT] Time: 269ms, Drone: 30
[P1_ATTEMPT] Time: 269ms, Drone: 30
[P1_ABORT] Time: 269ms, Drone: 45
[P1_ATTEMPT] Time: 269ms, Drone: 45
[P1_ABORT] Time: 269ms, Drone: 30
[P1_ATTEMPT] Time: 269ms, Drone: 30
[P1_ABORT] Time: 269ms, Drone: 45
[P1_ATTEMPT] Time: 269ms, Drone: 45
[P1_SUCCESS] Time: 269ms, Drone: 14
[P1_RX] Time: 269ms, Receiver: 23, Sender: 14, RSSI: -89
[P1_RX] Time: 269ms, Receiver: 0, Sender: 14, RSSI: -97
[P1_RX] Time: 269ms, Receiver: 30, Sender: 14, RSSI: -97
[P1_RX] Time: 269ms, Receiver: 26, Sender: 14, RSSI: -99
[P1_RX] Time: 269ms, Receiver: 24, Sender: 14, RSSI: -99
[P1_RX] Time: 269ms, Receiver: 7, Sender: 14, RSSI: -101
[P1_RX] Time: 269ms, Receiver: 2, Sender: 14, RSSI: -101
[P1_RX] Time: 269ms, Receiver: 42, Sender: 14, RSSI: -102
[P1_RX] Time: 269ms, Receiver: 13, Sender: 14, RSSI: -104
[P1_RX] Time: 269ms, Receiver: 6, Sender: 14, RSSI: -104
[P1_RX] Time: 269ms, Receiver: 48, Sender: 14, RSSI: -105
[P1_RX] Time: 269ms, Receiver: 12, Sender: 14, RSSI: -106
[P1_RX] Time: 269ms, Receiver: 45, Sender: 14, RSSI: -106
[P1_RX] Time: 269ms, Receiver: 4, Sender: 14, RSSI: -109
[P1_ABORT] Time: 269ms, Drone: 30
[P1_ATTEMPT] Time: 269ms, Drone: 30
[P1_ATTEMPT] Time: 269ms, Drone: 10
[P1_ATTEMPT] Time: 269ms, Drone: 35
[P1_ABORT] Time: 269ms, Drone: 35
[P1_ATTEMPT] Time: 269ms, Drone: 35
[P1_ABORT] Time: 269ms, Drone: 35
[P1_ATTEMPT] Time: 269ms, Drone: 35
[P1_ABORT] Time: 269ms, Drone: 35
[P1_ATTEMPT] Time: 269ms, Drone: 35
[P1_ABORT] Time: 270ms, Drone: 35
[P1_ATTEMPT] Time: 270ms, Drone: 35
[P1_SUCCESS] Time: 270ms, Drone: 45
[P1_RX] Time: 270ms, Receiver: 31, Sender: 45, RSSI: -90
[P1_RX] Time: 270ms, Receiver: 13, Sender: 45, RSSI: -95
[P1_RX] Time: 270ms, Receiver: 2, Sender: 45, RSSI: -98
[P1_RX] Time: 270ms, Receiver: 32, Sender: 45, RSSI: -101
[P1_RX] Time: 270ms, Receiver: 4, Sender: 45, RSSI: -101
[P1_RX] Time: 270ms, Receiver: 27, Sender: 45, RSSI: -102
[P1_RX] Time: 270ms, Receiver: 1, Sender: 45, RSSI: -102
[P1_RX] Time: 270ms, Receiver: 0, Sender: 45, RSSI: -101
[P1_RX] Time: 270ms, Receiver: 24, Sender: 45, RSSI: -100
[P1_RX] Time: 270ms, Receiver: 15, Sender: 45, RSSI: -103
[P1_RX] Time: 270ms, Receiver: 19, Sender: 45, RSSI: -104
[P1_RX] Time: 270ms, Receiver: 47, Sender: 45, RSSI: -105
[P1_RX] Time: 270ms, Receiver: 33, Sender: 45, RSSI: -104
[P1_RX] Time: 270ms, Receiver: 16, Sender: 45, RSSI: -105
[P1_RX] Time: 270ms, Receiver: 42, Sender: 45, RSSI: -104
[P1_ATTEMPT] Time: 270ms, Drone: 7
[P1_SUCCESS] Time: 270ms, Drone: 30
[P1_RX] Time: 270ms, Receiver: 7, Sender: 30, RSSI: -94
[P1_RX] Time: 270ms, Receiver: 14, Sender: 30, RSSI: -97
[P1_RX] Time: 270ms, Receiver: 12, Sender: 30, RSSI: -97
[P1_RX] Time: 270ms, Receiver: 26, Sender: 30, RSSI: -104
[P1_SUCCESS] Time: 270ms, Drone: 10
[P1_RX] Time: 270ms, Receiver: 38, Sender: 10, RSSI: -98
[P1_RX] Time: 270ms, Receiver: 8, Sender: 10, RSSI: -101
[P1_ATTEMPT] Time: 270ms, Drone: 43
[P1_ABORT] Time: 270ms, Drone: 7
[P1_ATTEMPT] Time: 270ms, Drone: 7
[P1_ATTEMPT] Time: 270ms, Drone: 24
[P1_ABORT] Time: 270ms, Drone: 24
[P1_ATTEMPT] Time: 270ms, Drone: 24
[P1_ABORT] Time: 270ms, Drone: 24
[P1_ATTEMPT] Time: 270ms, Drone: 24
[P1_ABORT] Time: 270ms, Drone: 24
[P1_ATTEMPT] Time: 270ms, Drone: 24
[P1_SUCCESS] Time: 271ms, Drone: 35
[P1_RX] Time: 271ms, Receiver: 5, Sender: 35, RSSI: -75
[P1_RX] Time: 271ms, Receiver: 39, Sender: 35, RSSI: -97
[P1_RX] Time: 271ms, Receiver: 19, Sender: 35, RSSI: -98
[P1_RX] Time: 271ms, Receiver: 40, Sender: 35, RSSI: -99
[P1_RX] Time: 271ms, Receiver: 9, Sender: 35, RSSI: -100
[P1_RX] Time: 271ms, Receiver: 41, Sender: 35, RSSI: -102
[P1_RX] Time: 271ms, Receiver: 36, Sender: 35, RSSI: -102
[P1_RX] Time: 271ms, Receiver: 47, Sender: 35, RSSI: -102
[P1_RX] Time: 271ms, Receiver: 6, Sender: 35, RSSI: -103
[P1_RX] Time: 271ms, Receiver: 22, Sender: 35, RSSI: -104
[P1_ABORT] Time: 271ms, Drone: 24
[P1_ATTEMPT] Time: 271ms, Drone: 24
[P1_ABORT] Time: 271ms, Drone: 24
[P1_ATTEMPT] Time: 271ms, Drone: 24
[P1_SUCCESS] Time: 271ms, Drone: 43
[P1_RX] Time: 271ms, Receiver: 15, Sender: 43, RSSI: -93
[P1_RX] Time: 271ms, Receiver: 38, Sender: 43, RSSI: -96
[P1_RX] Time: 271ms, Receiver: 21, Sender: 43, RSSI: -99
[P1_RX] Time: 271ms, Receiver: 18, Sender: 43, RSSI: -99
[P1_RX] Time: 271ms, Receiver: 11, Sender: 43, RSSI: -100
[P1_RX] Time: 271ms, Receiver: 10, Sender: 43, RSSI: -102
[P1_RX] Time: 271ms, Receiver: 3, Sender: 43, RSSI: -104
[P1_RX] Time: 271ms, Receiver: 49, Sender: 43, RSSI: -104
[P1_RX] Time: 271ms, Receiver: 33, Sender: 43, RSSI: -106
[P1_RX] Time: 271ms, Receiver: 8, Sender: 43, RSSI: -107
[P1_RX] Time: 271ms, Receiver: 31, Sender: 43, RSSI: -105
[P1_RX] Time: 271ms, Receiver: 4, Sender: 43, RSSI: -106
[P1_RX] Time: 271ms, Receiver: 29, Sender: 43, RSSI: -108
[P1_SUCCESS] Time: 271ms, Drone: 7
[P1_RX] Time: 271ms, Receiver: 30, Sender: 7, RSSI: -94
[P1_RX] Time: 271ms, Receiver: 12, Sender: 7, RSSI: -103
[P1_RX] Time: 271ms, Receiver: 13, Sender: 7, RSSI: -105
[P1_ABORT] Time: 271ms, Drone: 24
[P1_ATTEMPT] Time: 271ms, Drone: 24
[P1_ATTEMPT] Time: 271ms, Drone: 29
[P1_ATTEMPT] Time: 271ms, Drone: 36
[P1_ATTEMPT] Time: 272ms, Drone: 39
[P1_ABORT] Time: 272ms, Drone: 39
[P1_ATTEMPT] Time: 272ms, Drone: 39
[P1_SUCCESS] Time: 272ms, Drone: 24
[P1_RX] Time: 272ms, Receiver: 2, Sender: 24, RSSI: -89
[P1_RX] Time: 272ms, Receiver: 48, Sender: 24, RSSI: -94
[P1_RX] Time: 272ms, Receiver: 13, Sender: 24, RSSI: -97
[P1_RX] Time: 272ms, Receiver: 42, Sender: 24, RSSI: -98
[P1_RX] Time: 272ms, Receiver: 23, Sender: 24, RSSI: -98
[P1_RX] Time: 272ms, Receiver: 26, Sender: 24, RSSI: -99
[P1_RX] Time: 272ms, Receiver: 14, Sender: 24, RSSI: -99
[P1_RX] Time: 272ms, Receiver: 0, Sender: 24, RSSI: -101
[P1_RX] Time: 272ms, Receiver: 4, Sender: 24, RSSI: -100
[P1_RX] Time: 272ms, Receiver: 45, Sender: 24, RSSI: -102
[P1_RX] Time: 272ms, Receiver: 30, Sender: 24, RSSI: -103
[P1_RX] Time: 272ms, Receiver: 31, Sender: 24, RSSI: -101
[P1_RX] Time: 272ms, Receiver: 6, Sender: 24, RSSI: -106
[P1_RX] Time: 272ms, Receiver: 7, Sender: 24, RSSI: -106
[P1_SUCCESS] Time: 272ms, Drone: 29
[P1_RX] Time: 272ms, Receiver: 33, Sender: 29, RSSI: -89
[P1_RX] Time: 272ms, Receiver: 37, Sender: 29, RSSI: -89
[P1_RX] Time: 272ms, Receiver: 25, Sender: 29, RSSI: -93
[P1_RX] Time: 272ms, Receiver: 20, Sender: 29, RSSI: -102
[P1_RX] Time: 272ms, Receiver: 34, Sender: 29, RSSI: -105
[P1_RX] Time: 272ms, Receiver: 28, Sender: 29, RSSI: -106
[P1_RX] Time: 272ms, Receiver: 15, Sender: 29, RSSI: -105
[P1_RX] Time: 272ms, Receiver: 46, Sender: 29, RSSI: -107
[P1_ABORT] Time: 272ms, Drone: 39
[P1_ATTEMPT] Time: 272ms, Drone: 39
[P1_SUCCESS] Time: 272ms, Drone: 36
[P1_RX] Time: 272ms, Receiver: 22, Sender: 36, RSSI: -99
[P1_RX] Time: 272ms, Receiver: 41, Sender: 36, RSSI: -101
[P1_ATTEMPT] Time: 272ms, Drone: 32
[P1_ATTEMPT] Time: 272ms, Drone: 1
[P1_SUCCESS] Time: 273ms, Drone: 39
[P1_RX] Time: 273ms, Receiver: 6, Sender: 39, RSSI: -95
[P1_RX] Time: 273ms, Receiver: 35, Sender: 39, RSSI: -97
[P1_RX] Time: 273ms, Receiver: 9, Sender: 39, RSSI: -97
[P1_RX] Time: 273ms, Receiver: 5, Sender: 39, RSSI: -99
[P1_RX] Time: 273ms, Receiver: 42, Sender: 39, RSSI: -103
[P1_ATTEMPT] Time: 273ms, Drone: 12
[P1_SUCCESS] Time: 273ms, Drone: 32
[P1_RX] Time: 273ms, Receiver: 16, Sender: 32, RSSI: -87
[P1_RX] Time: 273ms, Receiver: 15, Sender: 32, RSSI: -94
[P1_RX] Time: 273ms, Receiver: 18, Sender: 32, RSSI: -96
[P1_RX] Time: 273ms, Receiver: 17, Sender: 32, RSSI: -96
[P1_RX] Time: 273ms, Receiver: 21, Sender: 32, RSSI: -98
[P1_RX] Time: 273ms, Receiver: 43, Sender: 32, RSSI: -99
[P1_RX] Time: 273ms, Receiver: 4, Sender: 32, RSSI: -99
[P1_RX] Time: 273ms, Receiver: 3, Sender: 32, RSSI: -99
[P1_RX] Time: 273ms, Receiver: 31, Sender: 32, RSSI: -102
[P1_RX] Time: 273ms, Receiver: 38, Sender: 32, RSSI: -104
[P1_RX] Time: 273ms, Receiver: 41, Sender: 32, RSSI: -104
[P1_RX] Time: 273ms, Receiver: 33, Sender: 32, RSSI: -104
[P1_SUCCESS] Time: 273ms, Drone: 1
[P1_ATTEMPT] Time: 273ms, Drone: 46
[P1_ATTEMPT] Time: 273ms, Drone: 22
[P1_SUCCESS] Time: 274ms, Drone: 12
[P1_RX] Time: 274ms, Receiver: 30, Sender: 12, RSSI: -98
[P1_RX] Time: 274ms, Receiver: 7, Sender: 12, RSSI: -103
[P1_RX] Time: 274ms, Receiver: 13, Sender: 12, RSSI: -105
[P1_RX] Time: 274ms, Receiver: 14, Sender: 12, RSSI: -106
[P1_RX] Time: 274ms, Receiver: 48, Sender: 12, RSSI: -106
[P1_RX] Time: 274ms, Receiver: 31, Sender: 12, RSSI: -106
[P1_RX] Time: 274ms, Receiver: 24, Sender: 12, RSSI: -107
[P1_ATTEMPT] Time: 274ms, Drone: 34
[P1_SUCCESS] Time: 274ms, Drone: 46
[P1_RX] Time: 274ms, Receiver: 28, Sender: 46, RSSI: -82
[P1_RX] Time: 274ms, Receiver: 34, Sender: 46, RSSI: -87
[P1_RX] Time: 274ms, Receiver: 44, Sender: 46, RSSI: -100
[P1_RX] Time: 274ms, Receiver: 37, Sender: 46, RSSI: -104
[P1_RX] Time: 274ms, Receiver: 20, Sender: 46, RSSI: -106
[P1_ABORT] Time: 274ms, Drone: 34
[P1_ATTEMPT] Time: 274ms, Drone: 34
[P1_SUCCESS] Time: 274ms, Drone: 22
[P1_RX] Time: 274ms, Receiver: 36, Sender: 22, RSSI: -99
[P1_RX] Time: 274ms, Receiver: 9, Sender: 22, RSSI: -103
[P1_RX] Time: 274ms, Receiver: 5, Sender: 22, RSSI: -103
[P1_RX] Time: 274ms, Receiver: 41, Sender: 22, RSSI: -103
[P1_RX] Time: 274ms, Receiver: 35, Sender: 22, RSSI: -104
[P1_RX] Time: 274ms, Receiver: 39, Sender: 22, RSSI: -106
[P1_RX] Time: 274ms, Receiver: 40, Sender: 22, RSSI: -107
[P1_RX] Time: 274ms, Receiver: 27, Sender: 22, RSSI: -107
[P1_RX] Time: 274ms, Receiver: 47, Sender: 22, RSSI: -107
[P1_ATTEMPT] Time: 274ms, Drone: 25
[P1_ATTEMPT] Time: 275ms, Drone: 0
[P1_ATTEMPT] Time: 275ms, Drone: 4
[P1_ABORT] Time: 275ms, Drone: 4
[P1_ATTEMPT] Time: 275ms, Drone: 4
[P1_ABORT] Time: 275ms, Drone: 4
[P1_ATTEMPT] Time: 275ms, Drone: 4
[P1_SUCCESS] Time: 275ms, Drone: 34
[P1_RX] Time: 275ms, Receiver: 28, Sender: 34, RSSI: -78
[P1_RX] Time: 275ms, Receiver: 46, Sender: 34, RSSI: -87
[P1_RX] Time: 275ms, Receiver: 44, Sender: 34, RSSI: -100
[P1_SUCCESS] Time: 275ms, Drone: 25
[P1_RX] Time: 275ms, Receiver: 29, Sender: 25, RSSI: -92
[P1_RX] Time: 275ms, Receiver: 37, Sender: 25, RSSI: -95
[P1_RX] Time: 275ms, Receiver: 33, Sender: 25, RSSI: -98
[P1_ABORT] Time: 275ms, Drone: 4
[P1_ATTEMPT] Time: 275ms, Drone: 4
[P1_ATTEMPT] Time: 275ms, Drone: 47
[P1_ATTEMPT] Time: 276ms, Drone: 18
[P1_ABORT] Time: 276ms, Drone: 47
[P1_ATTEMPT] Time: 276ms, Drone: 47
[P1_ABORT] Time: 276ms, Drone: 47
[P1_ATTEMPT] Time: 276ms, Drone: 47
[P1_SUCCESS] Time: 276ms, Drone: 0
[P1_RX] Time: 276ms, Receiver: 23, Sender: 0, RSSI: -89
[P1_RX] Time: 276ms, Receiver: 14, Sender: 0, RSSI: -97
[P1_RX] Time: 276ms, Receiver: 42, Sender: 0, RSSI: -98
[P1_RX] Time: 276ms, Receiver: 2, Sender: 0, RSSI: -98
[P1_RX] Time: 276ms, Receiver: 6, Sender: 0, RSSI: -99
[P1_RX] Time: 276ms, Receiver: 24, Sender: 0, RSSI: -101
[P1_RX] Time: 276ms, Receiver: 26, Sender: 0, RSSI: -101
[P1_RX] Time: 276ms, Receiver: 9, Sender: 0, RSSI: -105
[P1_RX] Time: 276ms, Receiver: 39, Sender: 0, RSSI: -105
[P1_RX] Time: 276ms, Receiver: 30, Sender: 0, RSSI: -105
[P1_RX] Time: 276ms, Receiver: 19, Sender: 0, RSSI: -105
[P1_RX] Time: 276ms, Receiver: 35, Sender: 0, RSSI: -107
[P1_RX] Time: 276ms, Receiver: 5, Sender: 0, RSSI: -108
[P1_ABORT] Time: 276ms, Drone: 47
[P1_ATTEMPT] Time: 276ms, Drone: 47
[P1_ABORT] Time: 276ms, Drone: 47
[P1_ATTEMPT] Time: 276ms, Drone: 47
[P1_ABORT] Time: 276ms, Drone: 47
[P1_ATTEMPT] Time: 276ms, Drone: 47
[P1_ABORT] Time: 276ms, Drone: 47
[P1_ATTEMPT] Time: 276ms, Drone: 47
[P1_SUCCESS] Time: 276ms, Drone: 4
[P1_RX] Time: 276ms, Receiver: 48, Sender: 4, RSSI: -94
[P1_RX] Time: 276ms, Receiver: 13, Sender: 4, RSSI: -95
[P1_RX] Time: 276ms, Receiver: 31, Sender: 4, RSSI: -99
[P1_RX] Time: 276ms, Receiver: 45, Sender: 4, RSSI: -99
[P1_RX] Time: 276ms, Receiver: 33, Sender: 4, RSSI: -103
[P1_RX] Time: 276ms, Receiver: 29, Sender: 4, RSSI: -103
[P1_RX] Time: 276ms, Receiver: 20, Sender: 4, RSSI: -105
[P1_RX] Time: 276ms, Receiver: 37, Sender: 4, RSSI: -105
[P1_ABORT] Time: 276ms, Drone: 47
[P1_ATTEMPT] Time: 276ms, Drone: 47
[P1_ATTEMPT] Time: 276ms, Drone: 8
[P1_SUCCESS] Time: 276ms, Drone: 18
[P1_RX] Time: 276ms, Receiver: 11, Sender: 18, RSSI: -98
[P1_RX] Time: 276ms, Receiver: 32, Sender: 18, RSSI: -97
[P1_RX] Time: 276ms, Receiver: 1, Sender: 18, RSSI: -97
[P1_RX] Time: 276ms, Receiver: 38, Sender: 18, RSSI: -99
[P1_RX] Time: 276ms, Receiver: 47, Sender: 18, RSSI: -102
[P1_RX] Time: 276ms, Receiver: 27, Sender: 18, RSSI: -104
[P1_RX] Time: 276ms, Receiver: 8, Sender: 18, RSSI: -105
[P1_RX] Time: 276ms, Receiver: 40, Sender: 18, RSSI: -105
[P1_RX] Time: 276ms, Receiver: 10, Sender: 18, RSSI: -106
[P1_RX] Time: 276ms, Receiver: 41, Sender: 18, RSSI: -106
[P1_RX] Time: 276ms, Receiver: 19, Sender: 18, RSSI: -104
[P1_ABORT] Time: 277ms, Drone: 47
[P1_ATTEMPT] Time: 277ms, Drone: 47
[P1_ATTEMPT] Time: 277ms, Drone: 11
[P1_ABORT] Time: 277ms, Drone: 8
[P1_ATTEMPT] Time: 277ms, Drone: 8
[P1_ATTEMPT] Time: 277ms, Drone: 42
[P1_ABORT] Time: 277ms, Drone: 42
[P1_ATTEMPT] Time: 277ms, Drone: 42
[P1_SUCCESS] Time: 277ms, Drone: 47
[P1_RX] Time: 277ms, Receiver: 40, Sender: 47, RSSI: -91
[P1_RX] Time: 277ms, Receiver: 19, Sender: 47, RSSI: -92
[P1_RX] Time: 277ms, Receiver: 27, Sender: 47, RSSI: -95
[P1_RX] Time: 277ms, Receiver: 41, Sender: 47, RSSI: -96
[P1_RX] Time: 277ms, Receiver: 16, Sender: 47, RSSI: -96
[P1_RX] Time: 277ms, Receiver: 32, Sender: 47, RSSI: -98
[P1_RX] Time: 277ms, Receiver: 1, Sender: 47, RSSI: -98
[P1_RX] Time: 277ms, Receiver: 5, Sender: 47, RSSI: -102
[P1_RX] Time: 277ms, Receiver: 35, Sender: 47, RSSI: -102
[P1_RX] Time: 277ms, Receiver: 45, Sender: 47, RSSI: -104
[P1_RX] Time: 277ms, Receiver: 2, Sender: 47, RSSI: -105
[P1_RX] Time: 277ms, Receiver: 9, Sender: 47, RSSI: -106
[P1_RX] Time: 277ms, Receiver: 36, Sender: 47, RSSI: -106
[P1_RX] Time: 277ms, Receiver: 42, Sender: 47, RSSI: -106
[P1_SUCCESS] Time: 277ms, Drone: 11
[P1_RX] Time: 277ms, Receiver: 38, Sender: 11, RSSI: -94
[P1_RX] Time: 277ms, Receiver: 21, Sender: 11, RSSI: -95
[P1_RX] Time: 277ms, Receiver: 18, Sender: 11, RSSI: -96
[P1_RX] Time: 277ms, Receiver: 43, Sender: 11, RSSI: -98
[P1_SUCCESS] Time: 278ms, Drone: 8
[P1_RX] Time: 278ms, Receiver: 10, Sender: 8, RSSI: -100
[P1_RX] Time: 278ms, Receiver: 3, Sender: 8, RSSI: -101
[P1_RX] Time: 278ms, Receiver: 49, Sender: 8, RSSI: -102
[P1_SUCCESS] Time: 278ms, Drone: 42
[P1_RX] Time: 278ms, Receiver: 26, Sender: 42, RSSI: -94
[P1_RX] Time: 278ms, Receiver: 2, Sender: 42, RSSI: -96
[P1_RX] Time: 278ms, Receiver: 23, Sender: 42, RSSI: -97
[P1_RX] Time: 278ms, Receiver: 24, Sender: 42, RSSI: -98
[P1_RX] Time: 278ms, Receiver: 0, Sender: 42, RSSI: -98
[P1_RX] Time: 278ms, Receiver: 6, Sender: 42, RSSI: -98
[P1_RX] Time: 278ms, Receiver: 14, Sender: 42, RSSI: -102
[P1_RX] Time: 278ms, Receiver: 19, Sender: 42, RSSI: -103
[P1_RX] Time: 278ms, Receiver: 39, Sender: 42, RSSI: -103
[P1_RX] Time: 278ms, Receiver: 35, Sender: 42, RSSI: -105
[P1_RX] Time: 278ms, Receiver: 48, Sender: 42, RSSI: -105
[P1_RX] Time: 278ms, Receiver: 13, Sender: 42, RSSI: -105
[P1_RX] Time: 278ms, Receiver: 45, Sender: 42, RSSI: -106
[P1_RX] Time: 278ms, Receiver: 5, Sender: 42, RSSI: -106
[P1_RX] Time: 278ms, Receiver: 9, Sender: 42, RSSI: -107
[P1_RX] Time: 278ms, Receiver: 40, Sender: 42, RSSI: -107
[P1_RX] Time: 278ms, Receiver: 47, Sender: 42, RSSI: -107
[P1_RX] Time: 278ms, Receiver: 4, Sender: 42, RSSI: -108
[P1_RX] Time: 278ms, Receiver: 27, Sender: 42, RSSI: -108
[P1_RX] Time: 278ms, Receiver: 30, Sender: 42, RSSI: -108
[P2_ATTEMPT] Time: 281ms, Drone: 0, Slot: 0, Channel: 19
[P2_ATTEMPT] Time: 281ms, Drone: 1, Slot: 0, Channel: 23
[P2_ATTEMPT] Time: 281ms, Drone: 7, Slot: 0, Channel: 13
[P2_ATTEMPT] Time: 281ms, Drone: 12, Slot: 0, Channel: 22
[P2_ATTEMPT] Time: 281ms, Drone: 20, Slot: 0, Channel: 16
[P2_ATTEMPT] Time: 281ms, Drone: 32, Slot: 0, Channel: 20
[P2_ATTEMPT] Time: 281ms, Drone: 46, Slot: 0, Channel: 21
[P2_ATTEMPT] Time: 283ms, Drone: 23, Slot: 1, Channel: 12
[P2_ATTEMPT] Time: 283ms, Drone: 26, Slot: 1, Channel: 24
[P2_ATTEMPT] Time: 283ms, Drone: 40, Slot: 1, Channel: 13
[P2_ATTEMPT] Time: 283ms, Drone: 43, Slot: 1, Channel: 26
[P2_ATTEMPT] Time: 283ms, Drone: 48, Slot: 1, Channel: 14
[P2_SUCCESS] Time: 283ms, Drone: 0
[P2_SUCCESS] Time: 283ms, Drone: 1
[P2_SUCCESS] Time: 283ms, Drone: 7
[P2_SUCCESS] Time: 283ms, Drone: 12
[P2_SUCCESS] Time: 283ms, Drone: 20
[P2_SUCCESS] Time: 283ms, Drone: 32
[P2_SUCCESS] Time: 283ms, Drone: 46
[P2_ATTEMPT] Time: 286ms, Drone: 3, Slot: 2, Channel: 12
[P2_ATTEMPT] Time: 286ms, Drone: 4, Slot: 2, Channel: 20
[P2_ATTEMPT] Time: 286ms, Drone: 10, Slot: 2, Channel: 16
[P2_ATTEMPT] Time: 286ms, Drone: 37, Slot: 2, Channel: 12
[P2_SUCCESS] Time: 286ms, Drone: 23
[P2_SUCCESS] Time: 286ms, Drone: 26
[P2_SUCCESS] Time: 286ms, Drone: 40
[P2_SUCCESS] Time: 286ms, Drone: 43
[P2_SUCCESS] Time: 286ms, Drone: 48
[P2_RX] Time: 286ms, Receiver: 14, Sender: 23, RSSI: -89
[P2_RX] Time: 286ms, Receiver: 0, Sender: 23, RSSI: -89
[P2_RX] Time: 286ms, Receiver: 47, Sender: 40, RSSI: -91
[P2_RX] Time: 286ms, Receiver: 19, Sender: 40, RSSI: -92
[P2_RX] Time: 286ms, Receiver: 42, Sender: 26, RSSI: -94
[P2_RX] Time: 286ms, Receiver: 41, Sender: 40, RSSI: -95
[P2_ATTEMPT] Time: 288ms, Drone: 16, Slot: 3, Channel: 24
[P2_ATTEMPT] Time: 288ms, Drone: 25, Slot: 3, Channel: 13
[P2_ATTEMPT] Time: 288ms, Drone: 34, Slot: 3, Channel: 25
[P2_SUCCESS] Time: 288ms, Drone: 3
[P2_SUCCESS] Time: 288ms, Drone: 4
[P2_SUCCESS] Time: 288ms, Drone: 10
[P2_SUCCESS] Time: 288ms, Drone: 37
[P2_RX] Time: 288ms, Receiver: 33, Sender: 37, RSSI: -90
[P2_RX] Time: 288ms, Receiver: 48, Sender: 4, RSSI: -94
[P2_RX] Time: 288ms, Receiver: 13, Sender: 4, RSSI: -96
[P2_SUCCESS] Time: 291ms, Drone: 16
[P2_SUCCESS] Time: 291ms, Drone: 25
[P2_SUCCESS] Time: 291ms, Drone: 34
[P2_RX] Time: 291ms, Receiver: 46, Sender: 34, RSSI: -87
[P2_RX] Time: 291ms, Receiver: 1, Sender: 16, RSSI: -89
[P2_RX] Time: 291ms, Receiver: 32, Sender: 16, RSSI: -91
[P2_RX] Time: 291ms, Receiver: 17, Sender: 16, RSSI: -91
[P2_RX] Time: 291ms, Receiver: 29, Sender: 25, RSSI: -93
[P2_RX] Time: 291ms, Receiver: 18, Sender: 16, RSSI: -94
[P2_RX] Time: 291ms, Receiver: 37, Sender: 25, RSSI: -95
[P2_ATTEMPT] Time: 293ms, Drone: 13, Slot: 5, Channel: 12
[P2_ATTEMPT] Time: 293ms, Drone: 18, Slot: 5, Channel: 22
[P2_ATTEMPT] Time: 293ms, Drone: 22, Slot: 5, Channel: 24
[P2_ATTEMPT] Time: 293ms, Drone: 45, Slot: 5, Channel: 24
[P2_ATTEMPT] Time: 293ms, Drone: 49, Slot: 5, Channel: 21
[P2_ATTEMPT] Time: 296ms, Drone: 2, Slot: 6, Channel: 12
[P2_ATTEMPT] Time: 296ms, Drone: 8, Slot: 6, Channel: 13
[P2_ATTEMPT] Time: 296ms, Drone: 14, Slot: 6, Channel: 25
[P2_ATTEMPT] Time: 296ms, Drone: 28, Slot: 6, Channel: 24
[P2_ATTEMPT] Time: 296ms, Drone: 29, Slot: 6, Channel: 23
[P2_ATTEMPT] Time: 296ms, Drone: 30, Slot: 6, Channel: 23
[P2_ATTEMPT] Time: 296ms, Drone: 36, Slot: 6, Channel: 21
[P2_ATTEMPT] Time: 296ms, Drone: 38, Slot: 6, Channel: 22
[P2_SUCCESS] Time: 296ms, Drone: 13
[P2_SUCCESS] Time: 296ms, Drone: 18
[P2_SUCCESS] Time: 296ms, Drone: 22
[P2_SUCCESS] Time: 296ms, Drone: 45
[P2_SUCCESS] Time: 296ms, Drone: 49
[P2_RX] Time: 296ms, Receiver: 32, Sender: 45, RSSI: -101
[P2_RX] Time: 296ms, Receiver: 1, Sender: 45, RSSI: -102
[P2_RX] Time: 296ms, Receiver: 0, Sender: 13, RSSI: -104
[P2_RX] Time: 296ms, Receiver: 16, Sender: 45, RSSI: -105
[P2_ATTEMPT] Time: 298ms, Drone: 9, Slot: 7, Channel: 17
[P2_ATTEMPT] Time: 298ms, Drone: 11, Slot: 7, Channel: 17
[P2_ATTEMPT] Time: 298ms, Drone: 17, Slot: 7, Channel: 13
[P2_ATTEMPT] Time: 298ms, Drone: 24, Slot: 7, Channel: 25
[P2_ATTEMPT] Time: 298ms, Drone: 31, Slot: 7, Channel: 12
[P2_ATTEMPT] Time: 298ms, Drone: 35, Slot: 7, Channel: 17
[P2_ATTEMPT] Time: 298ms, Drone: 41, Slot: 7, Channel: 21
[P2_ATTEMPT] Time: 298ms, Drone: 42, Slot: 7, Channel: 23
[P2_ATTEMPT] Time: 298ms, Drone: 47, Slot: 7, Channel: 26
[P2_SUCCESS] Time: 298ms, Drone: 2
[P2_SUCCESS] Time: 298ms, Drone: 8
[P2_SUCCESS] Time: 298ms, Drone: 14
[P2_SUCCESS] Time: 298ms, Drone: 28
[P2_SUCCESS] Time: 298ms, Drone: 29
[P2_SUCCESS] Time: 298ms, Drone: 30
[P2_SUCCESS] Time: 298ms, Drone: 36
[P2_SUCCESS] Time: 298ms, Drone: 38
[P2_RX] Time: 298ms, Receiver: 34, Sender: 28, RSSI: -78
[P2_RX] Time: 298ms, Receiver: 46, Sender: 28, RSSI: -82
[P2_RX] Time: 298ms, Receiver: 23, Sender: 14, RSSI: -89
[P2_RX] Time: 298ms, Receiver: 33, Sender: 29, RSSI: -89
[P2_RX] Time: 298ms, Receiver: 37, Sender: 29, RSSI: -89
[P2_RX] Time: 298ms, Receiver: 25, Sender: 29, RSSI: -93
[P2_RX] Time: 298ms, Receiver: 7, Sender: 30, RSSI: -94
[P2_RX] Time: 298ms, Receiver: 13, Sender: 2, RSSI: -97
[P2_RX] Time: 298ms, Receiver: 0, Sender: 2, RSSI: -98
[P2_ATTEMPT] Time: 301ms, Drone: 27, Slot: 8, Channel: 16
[P2_ATTEMPT] Time: 301ms, Drone: 39, Slot: 8, Channel: 24
[P2_SUCCESS] Time: 301ms, Drone: 9
[P2_SUCCESS] Time: 301ms, Drone: 11
[P2_SUCCESS] Time: 301ms, Drone: 17
[P2_SUCCESS] Time: 301ms, Drone: 24
[P2_SUCCESS] Time: 301ms, Drone: 31
[P2_SUCCESS] Time: 301ms, Drone: 35
[P2_SUCCESS] Time: 301ms, Drone: 41
[P2_SUCCESS] Time: 301ms, Drone: 42
[P2_SUCCESS] Time: 301ms, Drone: 47
[P2_RX] Time: 301ms, Receiver: 5, Sender: 35, RSSI: -75
[P2_RX] Time: 301ms, Receiver: 18, Sender: 17, RSSI: -86
[P2_RX] Time: 301ms, Receiver: 2, Sender: 24, RSSI: -89
[P2_RX] Time: 301ms, Receiver: 45, Sender: 31, RSSI: -90
[P2_RX] Time: 301ms, Receiver: 21, Sender: 17, RSSI: -91
[P2_RX] Time: 301ms, Receiver: 40, Sender: 47, RSSI: -91
[P2_RX] Time: 301ms, Receiver: 16, Sender: 17, RSSI: -91
[P2_RX] Time: 301ms, Receiver: 13, Sender: 31, RSSI: -92
[P2_RX] Time: 301ms, Receiver: 19, Sender: 47, RSSI: -92
[P2_RX] Time: 301ms, Receiver: 38, Sender: 11, RSSI: -94
[P2_RX] Time: 301ms, Receiver: 26, Sender: 42, RSSI: -94
[P2_RX] Time: 301ms, Receiver: 23, Sender: 24, RSSI: -98
[P2_RX] Time: 301ms, Receiver: 14, Sender: 24, RSSI: -99
[P2_RX] Time: 301ms, Receiver: 36, Sender: 41, RSSI: -101
[P2_RX] Time: 301ms, Receiver: 0, Sender: 31, RSSI: -104
[P2_RX] Time: 301ms, Receiver: 43, Sender: 47, RSSI: -107
[P2_ATTEMPT] Time: 303ms, Drone: 5, Slot: 9, Channel: 17
[P2_ATTEMPT] Time: 303ms, Drone: 6, Slot: 9, Channel: 12
[P2_ATTEMPT] Time: 303ms, Drone: 15, Slot: 9, Channel: 16
[P2_ATTEMPT] Time: 303ms, Drone: 19, Slot: 9, Channel: 15
[P2_ATTEMPT] Time: 303ms, Drone: 21, Slot: 9, Channel: 25
[P2_ATTEMPT] Time: 303ms, Drone: 33, Slot: 9, Channel: 18
[P2_ATTEMPT] Time: 303ms, Drone: 44, Slot: 9, Channel: 17
[P2_SUCCESS] Time: 303ms, Drone: 27
[P2_SUCCESS] Time: 303ms, Drone: 39
[P2_RX] Time: 303ms, Receiver: 22, Sender: 39, RSSI: -107
[P2_SUCCESS] Time: 305ms, Drone: 5
[P2_RX] Time: 305ms, Receiver: 35, Sender: 5, RSSI: -75
[P2_RX] Time: 305ms, Receiver: 9, Sender: 5, RSSI: -101
[P2_SUCCESS] Time: 306ms, Drone: 6
[P2_SUCCESS] Time: 306ms, Drone: 15
[P2_SUCCESS] Time: 306ms, Drone: 19
[P2_SUCCESS] Time: 306ms, Drone: 21
[P2_SUCCESS] Time: 306ms, Drone: 33
[P2_SUCCESS] Time: 306ms, Drone: 44
[P1_ATTEMPT] Time: 306ms, Drone: 3
[P1_ATTEMPT] Time: 306ms, Drone: 23
[P1_SUCCESS] Time: 307ms, Drone: 23
[P1_RX] Time: 307ms, Receiver: 14, Sender: 23, RSSI: -89
[P1_RX] Time: 307ms, Receiver: 0, Sender: 23, RSSI: -89
[P1_RX] Time: 307ms, Receiver: 26, Sender: 23, RSSI: -97
[P1_RX] Time: 307ms, Receiver: 42, Sender: 23, RSSI: -97
[P1_RX] Time: 307ms, Receiver: 2, Sender: 23, RSSI: -98
[P1_RX] Time: 307ms, Receiver: 24, Sender: 23, RSSI: -98
[P1_RX] Time: 307ms, Receiver: 6, Sender: 23, RSSI: -100
[P1_RX] Time: 307ms, Receiver: 30, Sender: 23, RSSI: -102
[P1_RX] Time: 307ms, Receiver: 13, Sender: 23, RSSI: -103
[P1_RX] Time: 307ms, Receiver: 45, Sender: 23, RSSI: -104
[P1_RX] Time: 307ms, Receiver: 7, Sender: 23, RSSI: -105
[P1_RX] Time: 307ms, Receiver: 31, Sender: 23, RSSI: -105
[P1_RX] Time: 307ms, Receiver: 39, Sender: 23, RSSI: -106
[P1_ATTEMPT] Time: 307ms, Drone: 0
[P1_SUCCESS] Time: 307ms, Drone: 3
[P1_RX] Time: 307ms, Receiver: 49, Sender: 3, RSSI: -80
[P1_RX] Time: 307ms, Receiver: 18, Sender: 3, RSSI: -97
[P1_RX] Time: 307ms, Receiver: 21, Sender: 3, RSSI: -98
[P1_RX] Time: 307ms, Receiver: 17, Sender: 3, RSSI: -100
[P1_RX] Time: 307ms, Receiver: 16, Sender: 3, RSSI: -100
[P1_RX] Time: 307ms, Receiver: 1, Sender: 3, RSSI: -101
[P1_RX] Time: 307ms, Receiver: 15, Sender: 3, RSSI: -102
[P1_RX] Time: 307ms, Receiver: 32, Sender: 3, RSSI: -102
[P1_RX] Time: 307ms, Receiver: 8, Sender: 3, RSSI: -103
[P1_RX] Time: 307ms, Receiver: 43, Sender: 3, RSSI: -104
[P1_RX] Time: 307ms, Receiver: 38, Sender: 3, RSSI: -104
[P1_RX] Time: 307ms, Receiver: 11, Sender: 3, RSSI: -106
[P1_RX] Time: 307ms, Receiver: 10, Sender: 3, RSSI: -107
[P1_RX] Time: 307ms, Receiver: 47, Sender: 3, RSSI: -106
[P1_ATTEMPT] Time: 308ms, Drone: 34
[P1_SUCCESS] Time: 308ms, Drone: 0
[P1_RX] Time: 308ms, Receiver: 23, Sender: 0, RSSI: -89
[P1_RX] Time: 308ms, Receiver: 14, Sender: 0, RSSI: -97
[P1_RX] Time: 308ms, Receiver: 42, Sender: 0, RSSI: -98
[P1_RX] Time: 308ms, Receiver: 2, Sender: 0, RSSI: -98
[P1_RX] Time: 308ms, Receiver: 6, Sender: 0, RSSI: -99
[P1_RX] Time: 308ms, Receiver: 24, Sender: 0, RSSI: -101
[P1_RX] Time: 308ms, Receiver: 26, Sender: 0, RSSI: -102
[P1_RX] Time: 308ms, Receiver: 45, Sender: 0, RSSI: -103
[P1_RX] Time: 308ms, Receiver: 13, Sender: 0, RSSI: -104
[P1_RX] Time: 308ms, Receiver: 31, Sender: 0, RSSI: -104
[P1_RX] Time: 308ms, Receiver: 39, Sender: 0, RSSI: -105
[P1_RX] Time: 308ms, Receiver: 30, Sender: 0, RSSI: -105
[P1_RX] Time: 308ms, Receiver: 19, Sender: 0, RSSI: -105
[P1_RX] Time: 308ms, Receiver: 27, Sender: 0, RSSI: -107
[P1_RX] Time: 308ms, Receiver: 7, Sender: 0, RSSI: -108
[P1_RX] Time: 308ms, Receiver: 4, Sender: 0, RSSI: -108
[P1_RX] Time: 308ms, Receiver: 47, Sender: 0, RSSI: -109
[P1_ATTEMPT] Time: 309ms, Drone: 12
[P1_ATTEMPT] Time: 309ms, Drone: 36
[P1_SUCCESS] Time: 309ms, Drone: 34
[P1_RX] Time: 309ms, Receiver: 28, Sender: 34, RSSI: -78
[P1_RX] Time: 309ms, Receiver: 46, Sender: 34, RSSI: -87
[P1_RX] Time: 309ms, Receiver: 44, Sender: 34, RSSI: -101
[P1_RX] Time: 309ms, Receiver: 37, Sender: 34, RSSI: -102
[P1_RX] Time: 309ms, Receiver: 25, Sender: 34, RSSI: -103
[P1_RX] Time: 309ms, Receiver: 20, Sender: 34, RSSI: -105
[P1_RX] Time: 309ms, Receiver: 29, Sender: 34, RSSI: -105
[P1_RX] Time: 309ms, Receiver: 33, Sender: 34, RSSI: -107
[P1_ATTEMPT] Time: 309ms, Drone: 7
[P1_ABORT] Time: 309ms, Drone: 7
[P1_ATTEMPT] Time: 309ms, Drone: 7
[P1_ABORT] Time: 309ms, Drone: 7
[P1_ATTEMPT] Time: 309ms, Drone: 7
[P1_ABORT] Time: 310ms, Drone: 7
[P1_ATTEMPT] Time: 310ms, Drone: 7
[P1_SUCCESS] Time: 310ms, Drone: 12
[P1_RX] Time: 310ms, Receiver: 30, Sender: 12, RSSI: -98
[P1_RX] Time: 310ms, Receiver: 7, Sender: 12, RSSI: -103
[P1_RX] Time: 310ms, Receiver: 13, Sender: 12, RSSI: -105
[P1_RX] Time: 310ms, Receiver: 14, Sender: 12, RSSI: -106
[P1_RX] Time: 310ms, Receiver: 31, Sender: 12, RSSI: -107
[P1_RX] Time: 310ms, Receiver: 25, Sender: 12, RSSI: -109
[P1_RX] Time: 310ms, Receiver: 33, Sender: 12, RSSI: -109
[P1_ATTEMPT] Time: 310ms, Drone: 4
[P1_ABORT] Time: 310ms, Drone: 7
[P1_ATTEMPT] Time: 310ms, Drone: 7
[P1_SUCCESS] Time: 310ms, Drone: 36
[P1_RX] Time: 310ms, Receiver: 22, Sender: 36, RSSI: -99
[P1_RX] Time: 310ms, Receiver: 41, Sender: 36, RSSI: -101
[P1_RX] Time: 310ms, Receiver: 40, Sender: 36, RSSI: -104
[P1_RX] Time: 310ms, Receiver: 39, Sender: 36, RSSI: -106
[P1_RX] Time: 310ms, Receiver: 47, Sender: 36, RSSI: -107
[P1_RX] Time: 310ms, Receiver: 19, Sender: 36, RSSI: -107
[P1_ATTEMPT] Time: 310ms, Drone: 19
[P1_ATTEMPT] Time: 310ms, Drone: 40
[P1_ABORT] Time: 310ms, Drone: 19
[P1_ATTEMPT] Time: 310ms, Drone: 19
[P1_ABORT] Time: 310ms, Drone: 40
[P1_ATTEMPT] Time: 310ms, Drone: 40
[P1_ABORT] Time: 310ms, Drone: 19
[P1_ATTEMPT] Time: 310ms, Drone: 19
[P1_ATTEMPT] Time: 310ms, Drone: 22
[P1_ABORT] Time: 311ms, Drone: 40
[P1_ATTEMPT] Time: 311ms, Drone: 40
[P1_SUCCESS] Time: 311ms, Drone: 4
[P1_RX] Time: 311ms, Receiver: 13, Sender: 4, RSSI: -96
[P1_RX] Time: 311ms, Receiver: 31, Sender: 4, RSSI: -100
[P1_RX] Time: 311ms, Receiver: 1, Sender: 4, RSSI: -101
[P1_RX] Time: 311ms, Receiver: 45, Sender: 4, RSSI: -101
[P1_RX] Time: 311ms, Receiver: 2, Sender: 4, RSSI: -101
[P1_RX] Time: 311ms, Receiver: 24, Sender: 4, RSSI: -101
[P1_RX] Time: 311ms, Receiver: 32, Sender: 4, RSSI: -102
[P1_RX] Time: 311ms, Receiver: 33, Sender: 4, RSSI: -103
[P1_RX] Time: 311ms, Receiver: 29, Sender: 4, RSSI: -103
[P1_RX] Time: 311ms, Receiver: 15, Sender: 4, RSSI: -104
[P1_RX] Time: 311ms, Receiver: 16, Sender: 4, RSSI: -105
[P1_RX] Time: 311ms, Receiver: 20, Sender: 4, RSSI: -105
[P1_RX] Time: 311ms, Receiver: 37, Sender: 4, RSSI: -105
[P1_RX] Time: 311ms, Receiver: 49, Sender: 4, RSSI: -106
[P1_RX] Time: 311ms, Receiver: 3, Sender: 4, RSSI: -107
[P1_RX] Time: 311ms, Receiver: 19, Sender: 4, RSSI: -107
[P1_RX] Time: 311ms, Receiver: 25, Sender: 4, RSSI: -107
[P1_RX] Time: 311ms, Receiver: 43, Sender: 4, RSSI: -108
[P1_ATTEMPT] Time: 311ms, Drone: 25
[P1_SUCCESS] Time: 311ms, Drone: 7
[P1_RX] Time: 311ms, Receiver: 30, Sender: 7, RSSI: -94
[P1_RX] Time: 311ms, Receiver: 14, Sender: 7, RSSI: -100
[P1_RX] Time: 311ms, Receiver: 12, Sender: 7, RSSI: -102
[P1_RX] Time: 311ms, Receiver: 23, Sender: 7, RSSI: -103
[P1_RX] Time: 311ms, Receiver: 26, Sender: 7, RSSI: -104
[P1_ATTEMPT] Time: 311ms, Drone: 29
[P1_ABORT] Time: 311ms, Drone: 29
[P1_ATTEMPT] Time: 311ms, Drone: 29
[P1_ABORT] Time: 311ms, Drone: 29
[P1_ATTEMPT] Time: 311ms, Drone: 29
[P1_ABORT] Time: 311ms, Drone: 29
[P1_ATTEMPT] Time: 311ms, Drone: 29
[P1_ABORT] Time: 311ms, Drone: 29
[P1_ATTEMPT] Time: 311ms, Drone: 29
[P1_SUCCESS] Time: 311ms, Drone: 19
[P1_RX] Time: 311ms, Receiver: 27, Sender: 19, RSSI: -96
[P1_RX] Time: 311ms, Receiver: 1, Sender: 19, RSSI: -99
[P1_RX] Time: 311ms, Receiver: 32, Sender: 19, RSSI: -99
[P1_RX] Time: 311ms, Receiver: 42, Sender: 19, RSSI: -101
[P1_RX] Time: 311ms, Receiver: 2, Sender: 19, RSSI: -101
[P1_RX] Time: 311ms, Receiver: 0, Sender: 19, RSSI: -103
[P1_RX] Time: 311ms, Receiver: 24, Sender: 19, RSSI: -104
[P1_ABORT] Time: 311ms, Drone: 29
[P1_ATTEMPT] Time: 311ms, Drone: 29
[P1_SUCCESS] Time: 311ms, Drone: 22
[P1_RX] Time: 311ms, Receiver: 36, Sender: 22, RSSI: -98
[P1_SUCCESS] Time: 311ms, Drone: 40
[P1_RX] Time: 311ms, Receiver: 41, Sender: 40, RSSI: -94
[P1_RX] Time: 311ms, Receiver: 21, Sender: 40, RSSI: -104
[P1_SUCCESS] Time: 311ms, Drone: 25
[P1_RX] Time: 311ms, Receiver: 29, Sender: 25, RSSI: -93
[P1_RX] Time: 311ms, Receiver: 37, Sender: 25, RSSI: -95
[P1_RX] Time: 311ms, Receiver: 33, Sender: 25, RSSI: -98
[P1_RX] Time: 311ms, Receiver: 34, Sender: 25, RSSI: -103
[P1_RX] Time: 311ms, Receiver: 20, Sender: 25, RSSI: -104
[P1_RX] Time: 311ms, Receiver: 28, Sender: 25, RSSI: -104
[P1_RX] Time: 311ms, Receiver: 46, Sender: 25, RSSI: -106
[P1_ABORT] Time: 311ms, Drone: 29
[P1_ATTEMPT] Time: 311ms, Drone: 29
[P1_ATTEMPT] Time: 312ms, Drone: 17
[P1_ATTEMPT] Time: 312ms, Drone: 46
[P1_ATTEMPT] Time: 312ms, Drone: 37
[P1_ABORT] Time: 312ms, Drone: 46
[P1_ATTEMPT] Time: 312ms, Drone: 46
[P1_ABORT] Time: 312ms, Drone: 37
[P1_ATTEMPT] Time: 312ms, Drone: 37
[P1_ABORT] Time: 312ms, Drone: 46
[P1_ATTEMPT] Time: 312ms, Drone: 46
[P1_ABORT] Time: 312ms, Drone: 37
[P1_ATTEMPT] Time: 312ms, Drone: 37
[P1_SUCCESS] Time: 312ms, Drone: 29
[P1_RX] Time: 312ms, Receiver: 33, Sender: 29, RSSI: -89
[P1_RX] Time: 312ms, Receiver: 37, Sender: 29, RSSI: -89
[P1_RX] Time: 312ms, Receiver: 25, Sender: 29, RSSI: -93
[P1_RX] Time: 312ms, Receiver: 20, Sender: 29, RSSI: -103
[P1_RX] Time: 312ms, Receiver: 4, Sender: 29, RSSI: -103
[P1_RX] Time: 312ms, Receiver: 31, Sender: 29, RSSI: -105
[P1_RX] Time: 312ms, Receiver: 34, Sender: 29, RSSI: -105
[P1_RX] Time: 312ms, Receiver: 13, Sender: 29, RSSI: -105
[P1_RX] Time: 312ms, Receiver: 28, Sender: 29, RSSI: -106
[P1_RX] Time: 312ms, Receiver: 46, Sender: 29, RSSI: -107
[P1_RX] Time: 312ms, Receiver: 12, Sender: 29, RSSI: -109
[P1_RX] Time: 312ms, Receiver: 44, Sender: 29, RSSI: -109
[P1_ABORT] Time: 313ms, Drone: 37
[P1_ATTEMPT] Time: 313ms, Drone: 37
[P1_ABORT] Time: 313ms, Drone: 37
[P1_ATTEMPT] Time: 313ms, Drone: 37
[P1_SUCCESS] Time: 313ms, Drone: 17
[P1_RX] Time: 313ms, Receiver: 18, Sender: 17, RSSI: -86
[P1_RX] Time: 313ms, Receiver: 21, Sender: 17, RSSI: -91
[P1_RX] Time: 313ms, Receiver: 11, Sender: 17, RSSI: -99
[P1_RX] Time: 313ms, Receiver: 47, Sender: 17, RSSI: -100
[P1_RX] Time: 313ms, Receiver: 38, Sender: 17, RSSI: -102
[P1_RX] Time: 313ms, Receiver: 40, Sender: 17, RSSI: -103
[P1_RX] Time: 313ms, Receiver: 41, Sender: 17, RSSI: -104
[P1_RX] Time: 313ms, Receiver: 27, Sender: 17, RSSI: -104
[P1_RX] Time: 313ms, Receiver: 19, Sender: 17, RSSI: -105
[P1_ABORT] Time: 313ms, Drone: 37
[P1_ATTEMPT] Time: 313ms, Drone: 37
[P1_ABORT] Time: 313ms, Drone: 37
[P1_ATTEMPT] Time: 313ms, Drone: 37
[P1_ABORT] Time: 313ms, Drone: 37
[P1_ATTEMPT] Time: 313ms, Drone: 37
[P1_ABORT] Time: 313ms, Drone: 37
[P1_ATTEMPT] Time: 313ms, Drone: 37
[P1_SUCCESS] Time: 313ms, Drone: 46
[P1_RX] Time: 313ms, Receiver: 28, Sender: 46, RSSI: -82
[P1_RX] Time: 313ms, Receiver: 34, Sender: 46, RSSI: -87
[P1_RX] Time: 313ms, Receiver: 44, Sender: 46, RSSI: -100
[P1_RX] Time: 313ms, Receiver: 37, Sender: 46, RSSI: -105
[P1_RX] Time: 313ms, Receiver: 25, Sender: 46, RSSI: -106
[P1_RX] Time: 313ms, Receiver: 20, Sender: 46, RSSI: -107
[P1_RX] Time: 313ms, Receiver: 29, Sender: 46, RSSI: -107
[P1_RX] Time: 313ms, Receiver: 33, Sender: 46, RSSI: -109
[P1_ATTEMPT] Time: 313ms, Drone: 41
[P1_ABORT] Time: 313ms, Drone: 37
[P1_ATTEMPT] Time: 313ms, Drone: 37
[P1_ATTEMPT] Time: 314ms, Drone: 30
[P1_SUCCESS] Time: 314ms, Drone: 41
[P1_RX] Time: 314ms, Receiver: 40, Sender: 41, RSSI: -95
[P1_RX] Time: 314ms, Receiver: 47, Sender: 41, RSSI: -97
[P1_RX] Time: 314ms, Receiver: 27, Sender: 41, RSSI: -101
[P1_RX] Time: 314ms, Receiver: 19, Sender: 41, RSSI: -101
[P1_RX] Time: 314ms, Receiver: 36, Sender: 41, RSSI: -101
[P1_RX] Time: 314ms, Receiver: 22, Sender: 41, RSSI: -103
[P1_RX] Time: 314ms, Receiver: 17, Sender: 41, RSSI: -104
[P1_RX] Time: 314ms, Receiver: 16, Sender: 41, RSSI: -104
[P1_RX] Time: 314ms, Receiver: 11, Sender: 41, RSSI: -106
[P1_RX] Time: 314ms, Receiver: 21, Sender: 41, RSSI: -106
[P1_RX] Time: 314ms, Receiver: 39, Sender: 41, RSSI: -108
[P1_SUCCESS] Time: 314ms, Drone: 37
[P1_RX] Time: 314ms, Receiver: 29, Sender: 37, RSSI: -89
[P1_RX] Time: 314ms, Receiver: 33, Sender: 37, RSSI: -90
[P1_RX] Time: 314ms, Receiver: 25, Sender: 37, RSSI: -95
[P1_RX] Time: 314ms, Receiver: 34, Sender: 37, RSSI: -102
[P1_RX] Time: 314ms, Receiver: 20, Sender: 37, RSSI: -103
[P1_RX] Time: 314ms, Receiver: 28, Sender: 37, RSSI: -103
[P1_RX] Time: 314ms, Receiver: 46, Sender: 37, RSSI: -105
[P1_RX] Time: 314ms, Receiver: 15, Sender: 37, RSSI: -104
[P1_RX] Time: 314ms, Receiver: 4, Sender: 37, RSSI: -105
[P1_RX] Time: 314ms, Receiver: 44, Sender: 37, RSSI: -107
[P1_RX] Time: 314ms, Receiver: 43, Sender: 37, RSSI: -106
[P1_RX] Time: 314ms, Receiver: 49, Sender: 37, RSSI: -107
[P1_SUCCESS] Time: 315ms, Drone: 30
[P1_RX] Time: 315ms, Receiver: 7, Sender: 30, RSSI: -94
[P1_RX] Time: 315ms, Receiver: 14, Sender: 30, RSSI: -97
[P1_RX] Time: 315ms, Receiver: 23, Sender: 30, RSSI: -102
[P1_RX] Time: 315ms, Receiver: 24, Sender: 30, RSSI: -102
[P1_RX] Time: 315ms, Receiver: 0, Sender: 30, RSSI: -104
[P1_RX] Time: 315ms, Receiver: 26, Sender: 30, RSSI: -105
[P1_RX] Time: 315ms, Receiver: 2, Sender: 30, RSSI: -104
[P1_ATTEMPT] Time: 315ms, Drone: 2
[P1_ATTEMPT] Time: 315ms, Drone: 27
[P1_ABORT] Time: 316ms, Drone: 27
[P1_ATTEMPT] Time: 316ms, Drone: 27
[P1_ABORT] Time: 316ms, Drone: 27
[P1_ATTEMPT] Time: 316ms, Drone: 27
[P1_ATTEMPT] Time: 316ms, Drone: 31
[P1_ABORT] Time: 316ms, Drone: 27
[P1_ATTEMPT] Time: 316ms, Drone: 27
[P1_ABORT] Time: 316ms, Drone: 31
[P1_ATTEMPT] Time: 316ms, Drone: 31
[P1_ABORT] Time: 316ms, Drone: 27
[P1_ATTEMPT] Time: 316ms, Drone: 27
[P1_SUCCESS] Time: 316ms, Drone: 2
[P1_RX] Time: 316ms, Receiver: 24, Sender: 2, RSSI: -89
[P1_RX] Time: 316ms, Receiver: 42, Sender: 2, RSSI: -96
[P1_RX] Time: 316ms, Receiver: 13, Sender: 2, RSSI: -97
[P1_RX] Time: 316ms, Receiver: 23, Sender: 2, RSSI: -98
[P1_RX] Time: 316ms, Receiver: 0, Sender: 2, RSSI: -98
[P1_RX] Time: 316ms, Receiver: 45, Sender: 2, RSSI: -99
[P1_RX] Time: 316ms, Receiver: 14, Sender: 2, RSSI: -101
[P1_RX] Time: 316ms, Receiver: 26, Sender: 2, RSSI: -101
[P1_RX] Time: 316ms, Receiver: 4, Sender: 2, RSSI: -102
[P1_RX] Time: 316ms, Receiver: 31, Sender: 2, RSSI: -102
[P1_RX] Time: 316ms, Receiver: 19, Sender: 2, RSSI: -103
[P1_RX] Time: 316ms, Receiver: 1, Sender: 2, RSSI: -105
[P1_RX] Time: 316ms, Receiver: 6, Sender: 2, RSSI: -105
[P1_RX] Time: 316ms, Receiver: 32, Sender: 2, RSSI: -105
[P1_RX] Time: 316ms, Receiver: 30, Sender: 2, RSSI: -106
[P1_RX] Time: 316ms, Receiver: 27, Sender: 2, RSSI: -106
[P1_RX] Time: 316ms, Receiver: 47, Sender: 2, RSSI: -106
[P1_RX] Time: 316ms, Receiver: 40, Sender: 2, RSSI: -107
[P1_RX] Time: 316ms, Receiver: 16, Sender: 2, RSSI: -108
[P1_RX] Time: 316ms, Receiver: 39, Sender: 2, RSSI: -108
[P1_RX] Time: 316ms, Receiver: 15, Sender: 2, RSSI: -109
[P1_RX] Time: 316ms, Receiver: 12, Sender: 2, RSSI: -109
[P1_ABORT] Time: 316ms, Drone: 31
[P1_ATTEMPT] Time: 316ms, Drone: 31
[P1_ABORT] Time: 316ms, Drone: 27
[P1_ATTEMPT] Time: 316ms, Drone: 27
[P1_ATTEMPT] Time: 316ms, Drone: 32
[P1_ATTEMPT] Time: 316ms, Drone: 6
[P1_ABORT] Time: 316ms, Drone: 32
[P1_ATTEMPT] Time: 316ms, Drone: 32
[P1_ABORT] Time: 317ms, Drone: 32
[P1_ATTEMPT] Time: 317ms, Drone: 32
[P1_ABORT] Time: 317ms, Drone: 32
[P1_ATTEMPT] Time: 317ms, Drone: 32
[P1_ABORT] Time: 317ms, Drone: 32
[P1_ATTEMPT] Time: 317ms, Drone: 32
[P1_ATTEMPT] Time: 317ms, Drone: 44
[P1_ABORT] Time: 317ms, Drone: 32
[P1_ATTEMPT] Time: 317ms, Drone: 32
[P1_SUCCESS] Time: 317ms, Drone: 31
[P1_RX] Time: 317ms, Receiver: 45, Sender: 31, RSSI: -89
[P1_RX] Time: 317ms, Receiver: 13, Sender: 31, RSSI: -92
[P1_RX] Time: 317ms, Receiver: 4, Sender: 31, RSSI: -100
[P1_RX] Time: 317ms, Receiver: 33, Sender: 31, RSSI: -102
[P1_RX] Time: 317ms, Receiver: 29, Sender: 31, RSSI: -104
[P1_RX] Time: 317ms, Receiver: 12, Sender: 31, RSSI: -106
[P1_SUCCESS] Time: 317ms, Drone: 27
[P1_RX] Time: 317ms, Receiver: 47, Sender: 27, RSSI: -95
[P1_RX] Time: 317ms, Receiver: 19, Sender: 27, RSSI: -98
[P1_RX] Time: 317ms, Receiver: 41, Sender: 27, RSSI: -101
[P1_RX] Time: 317ms, Receiver: 40, Sender: 27, RSSI: -101
[P1_RX] Time: 317ms, Receiver: 16, Sender: 27, RSSI: -101
[P1_RX] Time: 317ms, Receiver: 17, Sender: 27, RSSI: -104
[P1_RX] Time: 317ms, Receiver: 18, Sender: 27, RSSI: -105
[P1_RX] Time: 317ms, Receiver: 11, Sender: 27, RSSI: -106
[P1_RX] Time: 317ms, Receiver: 21, Sender: 27, RSSI: -106
[P1_ABORT] Time: 317ms, Drone: 32
[P1_ATTEMPT] Time: 317ms, Drone: 32
[P1_ATTEMPT] Time: 317ms, Drone: 21
[P1_SUCCESS] Time: 317ms, Drone: 6
[P1_ATTEMPT] Time: 317ms, Drone: 42
[P1_ATTEMPT] Time: 317ms, Drone: 43
[P1_ABORT] Time: 318ms, Drone: 43
[P1_ATTEMPT] Time: 318ms, Drone: 43
[P1_ABORT] Time: 318ms, Drone: 43
[P1_ATTEMPT] Time: 318ms, Drone: 43
[P1_SUCCESS] Time: 318ms, Drone: 44
[P1_RX] Time: 318ms, Receiver: 28, Sender: 44, RSSI: -99
[P1_RX] Time: 318ms, Receiver: 46, Sender: 44, RSSI: -100
[P1_RX] Time: 318ms, Receiver: 34, Sender: 44, RSSI: -101
[P1_RX] Time: 318ms, Receiver: 20, Sender: 44, RSSI: -103
[P1_ABORT] Time: 318ms, Drone: 43
[P1_ATTEMPT] Time: 318ms, Drone: 43
[P1_ABORT] Time: 318ms, Drone: 43
[P1_ATTEMPT] Time: 318ms, Drone: 43
[P1_SUCCESS] Time: 318ms, Drone: 32
[P1_RX] Time: 318ms, Receiver: 1, Sender: 32, RSSI: -82
[P1_RX] Time: 318ms, Receiver: 16, Sender: 32, RSSI: -91
[P1_RX] Time: 318ms, Receiver: 15, Sender: 32, RSSI: -95
[P1_RX] Time: 318ms, Receiver: 47, Sender: 32, RSSI: -99
[P1_RX] Time: 318ms, Receiver: 27, Sender: 32, RSSI: -100
[P1_RX] Time: 318ms, Receiver: 45, Sender: 32, RSSI: -101
[P1_RX] Time: 318ms, Receiver: 4, Sender: 32, RSSI: -102
[P1_RX] Time: 318ms, Receiver: 40, Sender: 32, RSSI: -104
[P1_ABORT] Time: 318ms, Drone: 43
[P1_ATTEMPT] Time: 318ms, Drone: 43
[P1_SUCCESS] Time: 318ms, Drone: 21
[P1_SUCCESS] Time: 318ms, Drone: 42
[P1_RX] Time: 318ms, Receiver: 26, Sender: 42, RSSI: -94
[P1_RX] Time: 318ms, Receiver: 6, Sender: 42, RSSI: -98
[P1_RX] Time: 318ms, Receiver: 14, Sender: 42, RSSI: -101
[P1_RX] Time: 318ms, Receiver: 39, Sender: 42, RSSI: -102
[P1_ABORT] Time: 318ms, Drone: 43
[P1_ATTEMPT] Time: 318ms, Drone: 43
[P1_ATTEMPT] Time: 318ms, Drone: 9
[P1_ATTEMPT] Time: 319ms, Drone: 33
[P1_ABORT] Time: 319ms, Drone: 33
[P1_ATTEMPT] Time: 319ms, Drone: 33
[P1_SUCCESS] Time: 319ms, Drone: 43
[P1_RX] Time: 319ms, Receiver: 15, Sender: 43, RSSI: -93
[P1_RX] Time: 319ms, Receiver: 38, Sender: 43, RSSI: -96
[P1_RX] Time: 319ms, Receiver: 21, Sender: 43, RSSI: -99
[P1_RX] Time: 319ms, Receiver: 18, Sender: 43, RSSI: -99
[P1_RX] Time: 319ms, Receiver: 11, Sender: 43, RSSI: -100
[P1_RX] Time: 319ms, Receiver: 32, Sender: 43, RSSI: -101
[P1_RX] Time: 319ms, Receiver: 10, Sender: 43, RSSI: -102
[P1_RX] Time: 319ms, Receiver: 17, Sender: 43, RSSI: -103
[P1_RX] Time: 319ms, Receiver: 16, Sender: 43, RSSI: -103
[P1_RX] Time: 319ms, Receiver: 1, Sender: 43, RSSI: -103
[P1_RX] Time: 319ms, Receiver: 3, Sender: 43, RSSI: -104
[P1_RX] Time: 319ms, Receiver: 49, Sender: 43, RSSI: -105
[P1_RX] Time: 319ms, Receiver: 33, Sender: 43, RSSI: -107
[P1_RX] Time: 319ms, Receiver: 8, Sender: 43, RSSI: -107
[P1_RX] Time: 319ms, Receiver: 37, Sender: 43, RSSI: -108
[P1_RX] Time: 319ms, Receiver: 4, Sender: 43, RSSI: -108
[P1_ATTEMPT] Time: 319ms, Drone: 38
[P1_ABORT] Time: 319ms, Drone: 38
[P1_ATTEMPT] Time: 319ms, Drone: 38
[P1_SUCCESS] Time: 319ms, Drone: 9
[P1_RX] Time: 319ms, Receiver: 39, Sender: 9, RSSI: -97
[P1_RX] Time: 319ms, Receiver: 6, Sender: 9, RSSI: -101
[P1_RX] Time: 319ms, Receiver: 22, Sender: 9, RSSI: -103
[P1_RX] Time: 319ms, Receiver: 0, Sender: 9, RSSI: -104
[P1_RX] Time: 319ms, Receiver: 42, Sender: 9, RSSI: -106
[P1_RX] Time: 319ms, Receiver: 36, Sender: 9, RSSI: -106
[P1_RX] Time: 319ms, Receiver: 23, Sender: 9, RSSI: -107
[P1_ABORT] Time: 320ms, Drone: 38
[P1_ATTEMPT] Time: 320ms, Drone: 38
[P1_ABORT] Time: 320ms, Drone: 38
[P1_ATTEMPT] Time: 320ms, Drone: 38
[P1_ABORT] Time: 320ms, Drone: 38
[P1_ATTEMPT] Time: 320ms, Drone: 38
[P1_SUCCESS] Time: 320ms, Drone: 33
[P1_RX] Time: 320ms, Receiver: 29, Sender: 33, RSSI: -89
[P1_RX] Time: 320ms, Receiver: 37, Sender: 33, RSSI: -90
[P1_RX] Time: 320ms, Receiver: 25, Sender: 33, RSSI: -98
[P1_RX] Time: 320ms, Receiver: 31, Sender: 33, RSSI: -102
[P1_RX] Time: 320ms, Receiver: 4, Sender: 33, RSSI: -103
[P1_RX] Time: 320ms, Receiver: 15, Sender: 33, RSSI: -103
[P1_RX] Time: 320ms, Receiver: 13, Sender: 33, RSSI: -104
[P1_RX] Time: 320ms, Receiver: 45, Sender: 33, RSSI: -104
[P1_RX] Time: 320ms, Receiver: 20, Sender: 33, RSSI: -105
[P1_RX] Time: 320ms, Receiver: 34, Sender: 33, RSSI: -106
[P1_RX] Time: 320ms, Receiver: 43, Sender: 33, RSSI: -106
[P1_RX] Time: 320ms, Receiver: 32, Sender: 33, RSSI: -106
[P1_RX] Time: 320ms, Receiver: 1, Sender: 33, RSSI: -106
[P1_RX] Time: 320ms, Receiver: 46, Sender: 33, RSSI: -108
[P1_RX] Time: 320ms, Receiver: 49, Sender: 33, RSSI: -108
[P1_RX] Time: 320ms, Receiver: 12, Sender: 33, RSSI: -109
[P1_ATTEMPT] Time: 320ms, Drone: 13
[P1_SUCCESS] Time: 321ms, Drone: 38
[P1_RX] Time: 321ms, Receiver: 11, Sender: 38, RSSI: -94
[P1_RX] Time: 321ms, Receiver: 43, Sender: 38, RSSI: -96
[P1_RX] Time: 321ms, Receiver: 21, Sender: 38, RSSI: -97
[P1_RX] Time: 321ms, Receiver: 10, Sender: 38, RSSI: -99
[P1_RX] Time: 321ms, Receiver: 18, Sender: 38, RSSI: -100
[P1_RX] Time: 321ms, Receiver: 17, Sender: 38, RSSI: -103
[P1_RX] Time: 321ms, Receiver: 15, Sender: 38, RSSI: -103
[P1_RX] Time: 321ms, Receiver: 8, Sender: 38, RSSI: -103
[P1_RX] Time: 321ms, Receiver: 3, Sender: 38, RSSI: -104
[P1_RX] Time: 321ms, Receiver: 49, Sender: 38, RSSI: -106
[P1_ATTEMPT] Time: 321ms, Drone: 48
[P1_ATTEMPT] Time: 321ms, Drone: 45
[P1_ABORT] Time: 321ms, Drone: 45
[P1_ATTEMPT] Time: 321ms, Drone: 45
[P1_ABORT] Time: 321ms, Drone: 45
[P1_ATTEMPT] Time: 321ms, Drone: 45
[P1_ABORT] Time: 321ms, Drone: 48
[P1_ATTEMPT] Time: 321ms, Drone: 48
[P1_ABORT] Time: 321ms, Drone: 45
[P1_ATTEMPT] Time: 321ms, Drone: 45
[P1_ABORT] Time: 321ms, Drone: 48
[P1_ATTEMPT] Time: 321ms, Drone: 48
[P1_SUCCESS] Time: 321ms, Drone: 13
[P1_RX] Time: 321ms, Receiver: 31, Sender: 13, RSSI: -92
[P1_RX] Time: 321ms, Receiver: 45, Sender: 13, RSSI: -96
[P1_RX] Time: 321ms, Receiver: 4, Sender: 13, RSSI: -96
[P1_RX] Time: 321ms, Receiver: 2, Sender: 13, RSSI: -97
[P1_RX] Time: 321ms, Receiver: 24, Sender: 13, RSSI: -98
[P1_RX] Time: 321ms, Receiver: 23, Sender: 13, RSSI: -103
[P1_RX] Time: 321ms, Receiver: 0, Sender: 13, RSSI: -104
[P1_RX] Time: 321ms, Receiver: 14, Sender: 13, RSSI: -104
[P1_RX] Time: 321ms, Receiver: 30, Sender: 13, RSSI: -104
[P1_RX] Time: 321ms, Receiver: 29, Sender: 13, RSSI: -105
[P1_RX] Time: 321ms, Receiver: 12, Sender: 13, RSSI: -105
[P1_RX] Time: 321ms, Receiver: 42, Sender: 13, RSSI: -105
[P1_RX] Time: 321ms, Receiver: 26, Sender: 13, RSSI: -107
[P1_RX] Time: 321ms, Receiver: 19, Sender: 13, RSSI: -108
[P1_RX] Time: 321ms, Receiver: 25, Sender: 13, RSSI: -108
[P1_RX] Time: 321ms, Receiver: 6, Sender: 13, RSSI: -110
[P1_ABORT] Time: 321ms, Drone: 45
[P1_ATTEMPT] Time: 321ms, Drone: 45
[P1_ABORT] Time: 321ms, Drone: 48
[P1_ATTEMPT] Time: 321ms, Drone: 48
[P1_ATTEMPT] Time: 322ms, Drone: 11
[P1_ATTEMPT] Time: 322ms, Drone: 49
[P1_SUCCESS] Time: 322ms, Drone: 45
[P1_RX] Time: 322ms, Receiver: 31, Sender: 45, RSSI: -89
[P1_RX] Time: 322ms, Receiver: 32, Sender: 45, RSSI: -100
[P1_RX] Time: 322ms, Receiver: 27, Sender: 45, RSSI: -101
[P1_RX] Time: 322ms, Receiver: 0, Sender: 45, RSSI: -101
[P1_RX] Time: 322ms, Receiver: 15, Sender: 45, RSSI: -102
[P1_RX] Time: 322ms, Receiver: 19, Sender: 45, RSSI: -103
[P1_ABORT] Time: 322ms, Drone: 49
[P1_ATTEMPT] Time: 322ms, Drone: 49
[P1_SUCCESS] Time: 322ms, Drone: 48
[P1_RX] Time: 322ms, Receiver: 4, Sender: 48, RSSI: -93
[P1_RX] Time: 322ms, Receiver: 24, Sender: 48, RSSI: -94
[P1_RX] Time: 322ms, Receiver: 30, Sender: 48, RSSI: -103
[P1_RX] Time: 322ms, Receiver: 26, Sender: 48, RSSI: -104
[P1_RX] Time: 322ms, Receiver: 12, Sender: 48, RSSI: -105
[P1_RX] Time: 322ms, Receiver: 7, Sender: 48, RSSI: -107
[P1_RX] Time: 322ms, Receiver: 25, Sender: 48, RSSI: -107
[P1_ABORT] Time: 322ms, Drone: 49
[P1_ATTEMPT] Time: 322ms, Drone: 49
[P1_ABORT] Time: 323ms, Drone: 49
[P1_ATTEMPT] Time: 323ms, Drone: 49
[P1_ATTEMPT] Time: 323ms, Drone: 1
[P1_ABORT] Time: 323ms, Drone: 49
[P1_ATTEMPT] Time: 323ms, Drone: 49
[P1_ABORT] Time: 323ms, Drone: 49
[P1_ATTEMPT] Time: 323ms, Drone: 49
[P1_SUCCESS] Time: 323ms, Drone: 11
[P1_RX] Time: 323ms, Receiver: 38, Sender: 11, RSSI: -94
[P1_RX] Time: 323ms, Receiver: 10, Sender: 11, RSSI: -106
[P1_RX] Time: 323ms, Receiver: 3, Sender: 11, RSSI: -106
[P1_RX] Time: 323ms, Receiver: 8, Sender: 11, RSSI: -107
[P1_RX] Time: 323ms, Receiver: 49, Sender: 11, RSSI: -107
[P1_ATTEMPT] Time: 324ms, Drone: 28
[P1_SUCCESS] Time: 324ms, Drone: 1
[P1_RX] Time: 324ms, Receiver: 32, Sender: 1, RSSI: -82
[P1_RX] Time: 324ms, Receiver: 16, Sender: 1, RSSI: -89
[P1_RX] Time: 324ms, Receiver: 15, Sender: 1, RSSI: -98
[P1_RX] Time: 324ms, Receiver: 17, Sender: 1, RSSI: -99
[P1_RX] Time: 324ms, Receiver: 18, Sender: 1, RSSI: -99
[P1_RX] Time: 324ms, Receiver: 47, Sender: 1, RSSI: -99
[P1_RX] Time: 324ms, Receiver: 4, Sender: 1, RSSI: -101
[P1_RX] Time: 324ms, Receiver: 21, Sender: 1, RSSI: -101
[P1_RX] Time: 324ms, Receiver: 19, Sender: 1, RSSI: -102
[P1_RX] Time: 324ms, Receiver: 45, Sender: 1, RSSI: -102
[P1_RX] Time: 324ms, Receiver: 27, Sender: 1, RSSI: -102
[P1_RX] Time: 324ms, Receiver: 40, Sender: 1, RSSI: -103
[P1_RX] Time: 324ms, Receiver: 43, Sender: 1, RSSI: -103
[P1_RX] Time: 324ms, Receiver: 2, Sender: 1, RSSI: -105
[P1_RX] Time: 324ms, Receiver: 13, Sender: 1, RSSI: -105
[P1_RX] Time: 324ms, Receiver: 31, Sender: 1, RSSI: -105
[P1_RX] Time: 324ms, Receiver: 48, Sender: 1, RSSI: -106
[P1_RX] Time: 324ms, Receiver: 41, Sender: 1, RSSI: -107
[P1_RX] Time: 324ms, Receiver: 24, Sender: 1, RSSI: -107
[P1_SUCCESS] Time: 324ms, Drone: 49
[P1_ATTEMPT] Time: 324ms, Drone: 10
[P1_SUCCESS] Time: 324ms, Drone: 28
[P1_RX] Time: 324ms, Receiver: 34, Sender: 28, RSSI: -78
[P1_RX] Time: 324ms, Receiver: 46, Sender: 28, RSSI: -82
[P1_RX] Time: 324ms, Receiver: 44, Sender: 28, RSSI: -99
[P1_RX] Time: 324ms, Receiver: 37, Sender: 28, RSSI: -104
[P1_RX] Time: 324ms, Receiver: 25, Sender: 28, RSSI: -104
[P1_RX] Time: 324ms, Receiver: 20, Sender: 28, RSSI: -105
[P1_RX] Time: 324ms, Receiver: 29, Sender: 28, RSSI: -106
[P1_RX] Time: 324ms, Receiver: 33, Sender: 28, RSSI: -107
[P1_ATTEMPT] Time: 325ms, Drone: 39
[P1_SUCCESS] Time: 325ms, Drone: 10
[P1_RX] Time: 325ms, Receiver: 38, Sender: 10, RSSI: -98
[P1_RX] Time: 325ms, Receiver: 8, Sender: 10, RSSI: -101
[P1_RX] Time: 325ms, Receiver: 43, Sender: 10, RSSI: -102
[P1_RX] Time: 325ms, Receiver: 21, Sender: 10, RSSI: -105
[P1_RX] Time: 325ms, Receiver: 11, Sender: 10, RSSI: -105
[P1_RX] Time: 325ms, Receiver: 15, Sender: 10, RSSI: -105
[P1_RX] Time: 325ms, Receiver: 18, Sender: 10, RSSI: -106
[P1_RX] Time: 325ms, Receiver: 3, Sender: 10, RSSI: -106
[P1_RX] Time: 325ms, Receiver: 49, Sender: 10, RSSI: -106
[P1_RX] Time: 325ms, Receiver: 17, Sender: 10, RSSI: -108
[P1_ATTEMPT] Time: 325ms, Drone: 35
[P1_ABORT] Time: 325ms, Drone: 35
[P1_ATTEMPT] Time: 325ms, Drone: 35
[P1_SUCCESS] Time: 326ms, Drone: 39
[P1_RX] Time: 326ms, Receiver: 6, Sender: 39, RSSI: -95
[P1_RX] Time: 326ms, Receiver: 9, Sender: 39, RSSI: -97
[P1_RX] Time: 326ms, Receiver: 42, Sender: 39, RSSI: -103
[P1_RX] Time: 326ms, Receiver: 19, Sender: 39, RSSI: -104
[P1_RX] Time: 326ms, Receiver: 0, Sender: 39, RSSI: -105
[P1_RX] Time: 326ms, Receiver: 40, Sender: 39, RSSI: -106
[P1_RX] Time: 326ms, Receiver: 23, Sender: 39, RSSI: -107
[P1_RX] Time: 326ms, Receiver: 22, Sender: 39, RSSI: -107
[P1_RX] Time: 326ms, Receiver: 26, Sender: 39, RSSI: -107
[P1_RX] Time: 326ms, Receiver: 36, Sender: 39, RSSI: -107
[P1_RX] Time: 326ms, Receiver: 2, Sender: 39, RSSI: -108
[P1_RX] Time: 326ms, Receiver: 47, Sender: 39, RSSI: -108
[P1_RX] Time: 326ms, Receiver: 27, Sender: 39, RSSI: -108
[P1_ABORT] Time: 326ms, Drone: 35
[P1_ATTEMPT] Time: 326ms, Drone: 35
[P1_ATTEMPT] Time: 326ms, Drone: 14
[P1_ATTEMPT] Time: 326ms, Drone: 15
[P1_SUCCESS] Time: 326ms, Drone: 35
[P1_RX] Time: 326ms, Receiver: 39, Sender: 35, RSSI: -97
[P1_RX] Time: 326ms, Receiver: 19, Sender: 35, RSSI: -98
[P1_RX] Time: 326ms, Receiver: 40, Sender: 35, RSSI: -99
[P1_RX] Time: 326ms, Receiver: 9, Sender: 35, RSSI: -100
[P1_RX] Time: 326ms, Receiver: 41, Sender: 35, RSSI: -102
[P1_RX] Time: 326ms, Receiver: 36, Sender: 35, RSSI: -102
[P1_RX] Time: 326ms, Receiver: 47, Sender: 35, RSSI: -102
[P1_RX] Time: 326ms, Receiver: 6, Sender: 35, RSSI: -103
[P1_RX] Time: 326ms, Receiver: 22, Sender: 35, RSSI: -104
[P1_RX] Time: 326ms, Receiver: 27, Sender: 35, RSSI: -104
[P1_SUCCESS] Time: 327ms, Drone: 14
[P1_RX] Time: 327ms, Receiver: 30, Sender: 14, RSSI: -97
[P1_RX] Time: 327ms, Receiver: 7, Sender: 14, RSSI: -100
[P1_RX] Time: 327ms, Receiver: 13, Sender: 14, RSSI: -103
[P1_RX] Time: 327ms, Receiver: 48, Sender: 14, RSSI: -104
[P1_RX] Time: 327ms, Receiver: 12, Sender: 14, RSSI: -106
[P1_ATTEMPT] Time: 327ms, Drone: 26
[P1_SUCCESS] Time: 327ms, Drone: 15
[P1_RX] Time: 327ms, Receiver: 43, Sender: 15, RSSI: -93
[P1_RX] Time: 327ms, Receiver: 18, Sender: 15, RSSI: -100
[P1_RX] Time: 327ms, Receiver: 21, Sender: 15, RSSI: -100
[P1_RX] Time: 327ms, Receiver: 3, Sender: 15, RSSI: -102
[P1_RX] Time: 327ms, Receiver: 49, Sender: 15, RSSI: -103
[P1_RX] Time: 327ms, Receiver: 38, Sender: 15, RSSI: -103
[P1_RX] Time: 327ms, Receiver: 33, Sender: 15, RSSI: -103
[P1_RX] Time: 327ms, Receiver: 11, Sender: 15, RSSI: -104
[P1_RX] Time: 327ms, Receiver: 37, Sender: 15, RSSI: -105
[P1_RX] Time: 327ms, Receiver: 10, Sender: 15, RSSI: -106
[P1_RX] Time: 327ms, Receiver: 29, Sender: 15, RSSI: -105
[P1_ATTEMPT] Time: 327ms, Drone: 20
[P1_ATTEMPT] Time: 327ms, Drone: 8
[P1_ATTEMPT] Time: 328ms, Drone: 24
[P1_ATTEMPT] Time: 328ms, Drone: 16
[P1_SUCCESS] Time: 328ms, Drone: 26
[P1_RX] Time: 328ms, Receiver: 42, Sender: 26, RSSI: -94
[P1_RX] Time: 328ms, Receiver: 23, Sender: 26, RSSI: -97
[P1_RX] Time: 328ms, Receiver: 14, Sender: 26, RSSI: -99
[P1_RX] Time: 328ms, Receiver: 24, Sender: 26, RSSI: -99
[P1_RX] Time: 328ms, Receiver: 2, Sender: 26, RSSI: -101
[P1_RX] Time: 328ms, Receiver: 0, Sender: 26, RSSI: -102
[P1_RX] Time: 328ms, Receiver: 6, Sender: 26, RSSI: -102
[P1_RX] Time: 328ms, Receiver: 30, Sender: 26, RSSI: -106
[P1_RX] Time: 328ms, Receiver: 7, Sender: 26, RSSI: -106
[P1_ABORT] Time: 328ms, Drone: 24
[P1_ATTEMPT] Time: 328ms, Drone: 24
[P1_SUCCESS] Time: 328ms, Drone: 20
[P1_RX] Time: 328ms, Receiver: 29, Sender: 20, RSSI: -102
[P1_RX] Time: 328ms, Receiver: 44, Sender: 20, RSSI: -102
[P1_RX] Time: 328ms, Receiver: 37, Sender: 20, RSSI: -103
[P1_RX] Time: 328ms, Receiver: 25, Sender: 20, RSSI: -104
[P1_RX] Time: 328ms, Receiver: 34, Sender: 20, RSSI: -104
[P1_RX] Time: 328ms, Receiver: 28, Sender: 20, RSSI: -104
[P1_RX] Time: 328ms, Receiver: 33, Sender: 20, RSSI: -104
[P1_RX] Time: 328ms, Receiver: 46, Sender: 20, RSSI: -106
[P1_SUCCESS] Time: 328ms, Drone: 8
[P1_RX] Time: 328ms, Receiver: 10, Sender: 8, RSSI: -101
[P1_RX] Time: 328ms, Receiver: 38, Sender: 8, RSSI: -103
[P1_ATTEMPT] Time: 328ms, Drone: 5
[P1_ATTEMPT] Time: 328ms, Drone: 47
[P1_ABORT] Time: 328ms, Drone: 47
[P1_ATTEMPT] Time: 328ms, Drone: 47
[P1_ATTEMPT] Time: 328ms, Drone: 18
[P1_SUCCESS] Time: 329ms, Drone: 16
[P1_RX] Time: 329ms, Receiver: 1, Sender: 16, RSSI: -89
[P1_RX] Time: 329ms, Receiver: 32, Sender: 16, RSSI: -91
[P1_RX] Time: 329ms, Receiver: 47, Sender: 16, RSSI: -97
[P1_RX] Time: 329ms, Receiver: 40, Sender: 16, RSSI: -101
[P1_RX] Time: 329ms, Receiver: 19, Sender: 16, RSSI: -101
[P1_RX] Time: 329ms, Receiver: 27, Sender: 16, RSSI: -102
[P1_RX] Time: 329ms, Receiver: 41, Sender: 16, RSSI: -104
[P1_ABORT] Time: 329ms, Drone: 47
[P1_ABORT] Time: 329ms, Drone: 18
[P1_SUCCESS] Time: 329ms, Drone: 24
[P1_RX] Time: 329ms, Receiver: 2, Sender: 24, RSSI: -89
[P1_RX] Time: 329ms, Receiver: 48, Sender: 24, RSSI: -94
[P1_RX] Time: 329ms, Receiver: 13, Sender: 24, RSSI: -97
[P1_RX] Time: 329ms, Receiver: 42, Sender: 24, RSSI: -98
[P1_RX] Time: 329ms, Receiver: 23, Sender: 24, RSSI: -98
[P1_RX] Time: 329ms, Receiver: 26, Sender: 24, RSSI: -99
[P1_RX] Time: 329ms, Receiver: 14, Sender: 24, RSSI: -99
[P1_RX] Time: 329ms, Receiver: 0, Sender: 24, RSSI: -101
[P1_RX] Time: 329ms, Receiver: 30, Sender: 24, RSSI: -103
[P1_RX] Time: 329ms, Receiver: 31, Sender: 24, RSSI: -102
[P1_RX] Time: 329ms, Receiver: 6, Sender: 24, RSSI: -105
[P1_RX] Time: 329ms, Receiver: 7, Sender: 24, RSSI: -106
[P1_RX] Time: 329ms, Receiver: 12, Sender: 24, RSSI: -107
[P1_SUCCESS] Time: 329ms, Drone: 5
[P1_RX] Time: 329ms, Receiver: 35, Sender: 5, RSSI: -75
[P1_RX] Time: 329ms, Receiver: 40, Sender: 5, RSSI: -98
[P1_RX] Time: 329ms, Receiver: 39, Sender: 5, RSSI: -99
[P1_RX] Time: 329ms, Receiver: 19, Sender: 5, RSSI: -99
[P1_RX] Time: 329ms, Receiver: 36, Sender: 5, RSSI: -100
[P1_RX] Time: 329ms, Receiver: 41, Sender: 5, RSSI: -100
[P1_RX] Time: 329ms, Receiver: 9, Sender: 5, RSSI: -101
[P1_RX] Time: 329ms, Receiver: 47, Sender: 5, RSSI: -102
[P1_RX] Time: 329ms, Receiver: 22, Sender: 5, RSSI: -103
[P1_RX] Time: 329ms, Receiver: 27, Sender: 5, RSSI: -105
[P1_RX] Time: 329ms, Receiver: 6, Sender: 5, RSSI: -105
[P1_RX] Time: 329ms, Receiver: 42, Sender: 5, RSSI: -106
[P1_RX] Time: 329ms, Receiver: 0, Sender: 5, RSSI: -108
[P2_ATTEMPT] Time: 332ms, Drone: 5, Slot: 0, Channel: 12
[P2_ATTEMPT] Time: 332ms, Drone: 10, Slot: 0, Channel: 14
[P2_ATTEMPT] Time: 332ms, Drone: 21, Slot: 0, Channel: 21
[P2_ATTEMPT] Time: 332ms, Drone: 31, Slot: 0, Channel: 20
[P2_ATTEMPT] Time: 332ms, Drone: 38, Slot: 0, Channel: 15
[P2_ATTEMPT] Time: 332ms, Drone: 46, Slot: 0, Channel: 12
[P2_ATTEMPT] Time: 334ms, Drone: 26, Slot: 1, Channel: 24
[P2_ATTEMPT] Time: 334ms, Drone: 29, Slot: 1, Channel: 13
[P2_SUCCESS] Time: 334ms, Drone: 5
[P2_SUCCESS] Time: 334ms, Drone: 10
[P2_SUCCESS] Time: 334ms, Drone: 21
[P2_SUCCESS] Time: 334ms, Drone: 31
[P2_SUCCESS] Time: 334ms, Drone: 38
[P2_SUCCESS] Time: 334ms, Drone: 46
[P2_ATTEMPT] Time: 337ms, Drone: 1, Slot: 2, Channel: 12
[P2_ATTEMPT] Time: 337ms, Drone: 11, Slot: 2, Channel: 19
[P2_ATTEMPT] Time: 337ms, Drone: 15, Slot: 2, Channel: 23
[P2_ATTEMPT] Time: 337ms, Drone: 24, Slot: 2, Channel: 23
[P2_ATTEMPT] Time: 337ms, Drone: 33, Slot: 2, Channel: 25
[P2_ATTEMPT] Time: 337ms, Drone: 39, Slot: 2, Channel: 18
[P2_ATTEMPT] Time: 337ms, Drone: 41, Slot: 2, Channel: 23
[P2_SUCCESS] Time: 337ms, Drone: 26
[P2_SUCCESS] Time: 337ms, Drone: 29
[P2_RX] Time: 337ms, Receiver: 25, Sender: 29, RSSI: -93
[P2_RX] Time: 337ms, Receiver: 42, Sender: 26, RSSI: -94
[P2_ATTEMPT] Time: 339ms, Drone: 6, Slot: 3, Channel: 17
[P2_ATTEMPT] Time: 339ms, Drone: 13, Slot: 3, Channel: 14
[P2_ATTEMPT] Time: 339ms, Drone: 16, Slot: 3, Channel: 16
[P2_ATTEMPT] Time: 339ms, Drone: 18, Slot: 3, Channel: 21
[P2_ATTEMPT] Time: 339ms, Drone: 20, Slot: 3, Channel: 25
[P2_ATTEMPT] Time: 339ms, Drone: 23, Slot: 3, Channel: 22
[P2_ATTEMPT] Time: 339ms, Drone: 30, Slot: 3, Channel: 24
[P2_ATTEMPT] Time: 339ms, Drone: 36, Slot: 3, Channel: 18
[P2_ATTEMPT] Time: 339ms, Drone: 45, Slot: 3, Channel: 26
[P2_ATTEMPT] Time: 339ms, Drone: 49, Slot: 3, Channel: 26
[P2_SUCCESS] Time: 339ms, Drone: 1
[P2_SUCCESS] Time: 339ms, Drone: 11
[P2_SUCCESS] Time: 339ms, Drone: 15
[P2_SUCCESS] Time: 339ms, Drone: 24
[P2_SUCCESS] Time: 339ms, Drone: 33
[P2_SUCCESS] Time: 339ms, Drone: 39
[P2_SUCCESS] Time: 339ms, Drone: 41
[P2_RX] Time: 339ms, Receiver: 29, Sender: 33, RSSI: -89
[P2_RX] Time: 339ms, Receiver: 2, Sender: 24, RSSI: -89
[P2_RX] Time: 339ms, Receiver: 37, Sender: 33, RSSI: -90
[P2_RX] Time: 339ms, Receiver: 43, Sender: 15, RSSI: -93
[P2_RX] Time: 339ms, Receiver: 38, Sender: 11, RSSI: -94
[P2_RX] Time: 339ms, Receiver: 48, Sender: 24, RSSI: -94
[P2_RX] Time: 339ms, Receiver: 40, Sender: 41, RSSI: -95
[P2_ATTEMPT] Time: 342ms, Drone: 0, Slot: 4, Channel: 12
[P2_ATTEMPT] Time: 342ms, Drone: 3, Slot: 4, Channel: 23
[P2_ATTEMPT] Time: 342ms, Drone: 4, Slot: 4, Channel: 16
[P2_ATTEMPT] Time: 342ms, Drone: 22, Slot: 4, Channel: 17
[P2_ATTEMPT] Time: 342ms, Drone: 25, Slot: 4, Channel: 12
[P2_ATTEMPT] Time: 342ms, Drone: 34, Slot: 4, Channel: 26
[P2_SUCCESS] Time: 342ms, Drone: 6
[P2_SUCCESS] Time: 342ms, Drone: 13
[P2_SUCCESS] Time: 342ms, Drone: 16
[P2_SUCCESS] Time: 342ms, Drone: 18
[P2_SUCCESS] Time: 342ms, Drone: 20
[P2_SUCCESS] Time: 342ms, Drone: 23
[P2_SUCCESS] Time: 342ms, Drone: 30
[P2_SUCCESS] Time: 342ms, Drone: 36
[P2_SUCCESS] Time: 342ms, Drone: 45
[P2_SUCCESS] Time: 342ms, Drone: 49
[P2_RX] Time: 342ms, Receiver: 21, Sender: 18, RSSI: -78
[P2_RX] Time: 342ms, Receiver: 14, Sender: 23, RSSI: -89
[P2_RX] Time: 342ms, Receiver: 1, Sender: 16, RSSI: -89
[P2_RX] Time: 342ms, Receiver: 31, Sender: 45, RSSI: -90
[P2_RX] Time: 342ms, Receiver: 32, Sender: 16, RSSI: -91
[P2_RX] Time: 342ms, Receiver: 7, Sender: 30, RSSI: -94
[P2_RX] Time: 342ms, Receiver: 33, Sender: 20, RSSI: -105
[P2_RX] Time: 342ms, Receiver: 26, Sender: 30, RSSI: -106
[P2_RX] Time: 342ms, Receiver: 42, Sender: 30, RSSI: -108
[P2_ATTEMPT] Time: 344ms, Drone: 14, Slot: 5, Channel: 20
[P2_ATTEMPT] Time: 344ms, Drone: 32, Slot: 5, Channel: 21
[P2_ATTEMPT] Time: 344ms, Drone: 44, Slot: 5, Channel: 18
[P2_ATTEMPT] Time: 344ms, Drone: 48, Slot: 5, Channel: 13
[P2_SUCCESS] Time: 344ms, Drone: 0
[P2_SUCCESS] Time: 344ms, Drone: 3
[P2_SUCCESS] Time: 344ms, Drone: 4
[P2_SUCCESS] Time: 344ms, Drone: 22
[P2_SUCCESS] Time: 344ms, Drone: 25
[P2_SUCCESS] Time: 344ms, Drone: 34
[P2_RX] Time: 344ms, Receiver: 49, Sender: 3, RSSI: -80
[P2_RX] Time: 344ms, Receiver: 46, Sender: 34, RSSI: -87
[P2_RX] Time: 344ms, Receiver: 23, Sender: 0, RSSI: -89
[P2_RX] Time: 344ms, Receiver: 29, Sender: 25, RSSI: -93
[P2_RX] Time: 344ms, Receiver: 37, Sender: 25, RSSI: -95
[P2_RX] Time: 344ms, Receiver: 43, Sender: 3, RSSI: -104
[P2_ATTEMPT] Time: 347ms, Drone: 8, Slot: 6, Channel: 17
[P2_ATTEMPT] Time: 347ms, Drone: 19, Slot: 6, Channel: 24
[P2_ATTEMPT] Time: 347ms, Drone: 47, Slot: 6, Channel: 26
[P2_SUCCESS] Time: 347ms, Drone: 14
[P2_SUCCESS] Time: 347ms, Drone: 32
[P2_SUCCESS] Time: 347ms, Drone: 44
[P2_SUCCESS] Time: 347ms, Drone: 48
[P2_RX] Time: 347ms, Receiver: 1, Sender: 32, RSSI: -82
[P2_RX] Time: 347ms, Receiver: 16, Sender: 32, RSSI: -91
[P2_RX] Time: 347ms, Receiver: 4, Sender: 48, RSSI: -94
[P2_RX] Time: 347ms, Receiver: 24, Sender: 48, RSSI: -95
[P2_RX] Time: 347ms, Receiver: 15, Sender: 32, RSSI: -95
[P2_RX] Time: 347ms, Receiver: 18, Sender: 32, RSSI: -99
[P2_RX] Time: 347ms, Receiver: 21, Sender: 32, RSSI: -101
[P2_ATTEMPT] Time: 349ms, Drone: 7, Slot: 7, Channel: 16
[P2_ATTEMPT] Time: 349ms, Drone: 9, Slot: 7, Channel: 16
[P2_ATTEMPT] Time: 349ms, Drone: 35, Slot: 7, Channel: 14
[P2_ATTEMPT] Time: 349ms, Drone: 42, Slot: 7, Channel: 19
[P2_ATTEMPT] Time: 349ms, Drone: 43, Slot: 7, Channel: 22
[P2_SUCCESS] Time: 349ms, Drone: 8
[P2_SUCCESS] Time: 349ms, Drone: 19
[P2_SUCCESS] Time: 349ms, Drone: 47
[P2_RX] Time: 349ms, Receiver: 45, Sender: 47, RSSI: -105
[P2_ATTEMPT] Time: 352ms, Drone: 2, Slot: 8, Channel: 17
[P2_ATTEMPT] Time: 352ms, Drone: 12, Slot: 8, Channel: 24
[P2_ATTEMPT] Time: 352ms, Drone: 27, Slot: 8, Channel: 15
[P2_ATTEMPT] Time: 352ms, Drone: 28, Slot: 8, Channel: 16
[P2_SUCCESS] Time: 352ms, Drone: 7
[P2_SUCCESS] Time: 352ms, Drone: 9
[P2_SUCCESS] Time: 352ms, Drone: 35
[P2_SUCCESS] Time: 352ms, Drone: 42
[P2_SUCCESS] Time: 352ms, Drone: 43
[P2_RX] Time: 352ms, Receiver: 15, Sender: 43, RSSI: -93
[P2_RX] Time: 352ms, Receiver: 30, Sender: 7, RSSI: -94
[P2_RX] Time: 352ms, Receiver: 26, Sender: 42, RSSI: -94
[P2_ATTEMPT] Time: 354ms, Drone: 17, Slot: 9, Channel: 24
[P2_ATTEMPT] Time: 354ms, Drone: 37, Slot: 9, Channel: 19
[P2_ATTEMPT] Time: 354ms, Drone: 40, Slot: 9, Channel: 21
[P2_SUCCESS] Time: 354ms, Drone: 2
[P2_SUCCESS] Time: 354ms, Drone: 12
[P2_SUCCESS] Time: 354ms, Drone: 27
[P2_SUCCESS] Time: 354ms, Drone: 28
[P2_RX] Time: 354ms, Receiver: 34, Sender: 28, RSSI: -78
[P2_RX] Time: 354ms, Receiver: 46, Sender: 28, RSSI: -82
[P2_RX] Time: 354ms, Receiver: 24, Sender: 2, RSSI: -89
[P2_RX] Time: 354ms, Receiver: 47, Sender: 27, RSSI: -95
[P2_RX] Time: 354ms, Receiver: 6, Sender: 2, RSSI: -105
[P2_SUCCESS] Time: 357ms, Drone: 17
[P2_SUCCESS] Time: 357ms, Drone: 37
[P2_SUCCESS] Time: 357ms, Drone: 40
[P1_ATTEMPT] Time: 358ms, Drone: 34
[P1_ATTEMPT] Time: 358ms, Drone: 13
[P1_ATTEMPT] Time: 358ms, Drone: 23
[P1_ATTEMPT] Time: 359ms, Drone: 26
[P1_SUCCESS] Time: 359ms, Drone: 34
[P1_RX] Time: 359ms, Receiver: 28, Sender: 34, RSSI: -78
[P1_RX] Time: 359ms, Receiver: 46, Sender: 34, RSSI: -87
[P1_RX] Time: 359ms, Receiver: 44, Sender: 34, RSSI: -101
[P1_RX] Time: 359ms, Receiver: 37, Sender: 34, RSSI: -102
[P1_RX] Time: 359ms, Receiver: 25, Sender: 34, RSSI: -103
[P1_RX] Time: 359ms, Receiver: 20, Sender: 34, RSSI: -105
[P1_ATTEMPT] Time: 359ms, Drone: 18
[P1_ABORT] Time: 359ms, Drone: 26
[P1_ATTEMPT] Time: 359ms, Drone: 26
[P1_ABORT] Time: 359ms, Drone: 26
[P1_ATTEMPT] Time: 359ms, Drone: 26
[P1_ABORT] Time: 359ms, Drone: 26
[P1_ATTEMPT] Time: 359ms, Drone: 26
[P1_SUCCESS] Time: 359ms, Drone: 13
[P1_RX] Time: 359ms, Receiver: 31, Sender: 13, RSSI: -92
[P1_RX] Time: 359ms, Receiver: 48, Sender: 13, RSSI: -92
[P1_RX] Time: 359ms, Receiver: 45, Sender: 13, RSSI: -95
[P1_RX] Time: 359ms, Receiver: 4, Sender: 13, RSSI: -96
[P1_RX] Time: 359ms, Receiver: 2, Sender: 13, RSSI: -95
[P1_RX] Time: 359ms, Receiver: 24, Sender: 13, RSSI: -95
[P1_RX] Time: 359ms, Receiver: 12, Sender: 13, RSSI: -103
[P1_SUCCESS] Time: 359ms, Drone: 23
[P1_RX] Time: 359ms, Receiver: 14, Sender: 23, RSSI: -88
[P1_RX] Time: 359ms, Receiver: 0, Sender: 23, RSSI: -89
[P1_RX] Time: 359ms, Receiver: 26, Sender: 23, RSSI: -97
[P1_RX] Time: 359ms, Receiver: 42, Sender: 23, RSSI: -96
[P1_RX] Time: 359ms, Receiver: 6, Sender: 23, RSSI: -100
[P1_RX] Time: 359ms, Receiver: 7, Sender: 23, RSSI: -103
[P1_RX] Time: 359ms, Receiver: 39, Sender: 23, RSSI: -105
[P1_ABORT] Time: 359ms, Drone: 26
[P1_ATTEMPT] Time: 359ms, Drone: 26
[P1_ATTEMPT] Time: 359ms, Drone: 10
[P1_ABORT] Time: 359ms, Drone: 10
[P1_ATTEMPT] Time: 359ms, Drone: 10
[P1_ABORT] Time: 360ms, Drone: 10
[P1_ATTEMPT] Time: 360ms, Drone: 10
[P1_SUCCESS] Time: 360ms, Drone: 18
[P1_RX] Time: 360ms, Receiver: 21, Sender: 18, RSSI: -78
[P1_RX] Time: 360ms, Receiver: 17, Sender: 18, RSSI: -86
[P1_RX] Time: 360ms, Receiver: 3, Sender: 18, RSSI: -97
[P1_RX] Time: 360ms, Receiver: 11, Sender: 18, RSSI: -98
[P1_RX] Time: 360ms, Receiver: 43, Sender: 18, RSSI: -99
[P1_RX] Time: 360ms, Receiver: 38, Sender: 18, RSSI: -100
[P1_RX] Time: 360ms, Receiver: 49, Sender: 18, RSSI: -100
[P1_RX] Time: 360ms, Receiver: 8, Sender: 18, RSSI: -106
[P1_RX] Time: 360ms, Receiver: 40, Sender: 18, RSSI: -106
[P1_RX] Time: 360ms, Receiver: 10, Sender: 18, RSSI: -107
[P1_RX] Time: 360ms, Receiver: 41, Sender: 18, RSSI: -107
[P1_SUCCESS] Time: 360ms, Drone: 26
[P1_RX] Time: 360ms, Receiver: 42, Sender: 26, RSSI: -94
[P1_RX] Time: 360ms, Receiver: 23, Sender: 26, RSSI: -97
[P1_RX] Time: 360ms, Receiver: 14, Sender: 26, RSSI: -99
[P1_RX] Time: 360ms, Receiver: 24, Sender: 26, RSSI: -99
[P1_RX] Time: 360ms, Receiver: 2, Sender: 26, RSSI: -101
[P1_RX] Time: 360ms, Receiver: 0, Sender: 26, RSSI: -101
[P1_RX] Time: 360ms, Receiver: 6, Sender: 26, RSSI: -101
[P1_RX] Time: 360ms, Receiver: 30, Sender: 26, RSSI: -105
[P1_RX] Time: 360ms, Receiver: 48, Sender: 26, RSSI: -105
[P1_RX] Time: 360ms, Receiver: 7, Sender: 26, RSSI: -106
[P1_RX] Time: 360ms, Receiver: 39, Sender: 26, RSSI: -106
[P1_RX] Time: 360ms, Receiver: 13, Sender: 26, RSSI: -106
[P1_ATTEMPT] Time: 360ms, Drone: 43
[P1_ABORT] Time: 360ms, Drone: 43
[P1_ATTEMPT] Time: 360ms, Drone: 43
[P1_SUCCESS] Time: 360ms, Drone: 10
[P1_RX] Time: 360ms, Receiver: 38, Sender: 10, RSSI: -99
[P1_RX] Time: 360ms, Receiver: 8, Sender: 10, RSSI: -101
[P1_RX] Time: 360ms, Receiver: 43, Sender: 10, RSSI: -102
[P1_RX] Time: 360ms, Receiver: 21, Sender: 10, RSSI: -105
[P1_RX] Time: 360ms, Receiver: 11, Sender: 10, RSSI: -105
[P1_RX] Time: 360ms, Receiver: 15, Sender: 10, RSSI: -105
[P1_RX] Time: 360ms, Receiver: 18, Sender: 10, RSSI: -106
[P1_RX] Time: 360ms, Receiver: 3, Sender: 10, RSSI: -107
[P1_RX] Time: 360ms, Receiver: 49, Sender: 10, RSSI: -107
[P1_ATTEMPT] Time: 360ms, Drone: 47
[P1_ABORT] Time: 361ms, Drone: 43
[P1_ATTEMPT] Time: 361ms, Drone: 43
[P1_ATTEMPT] Time: 361ms, Drone: 45
[P1_ABORT] Time: 361ms, Drone: 45
[P1_ATTEMPT] Time: 361ms, Drone: 45
[P1_SUCCESS] Time: 361ms, Drone: 47
[P1_RX] Time: 361ms, Receiver: 40, Sender: 47, RSSI: -91
[P1_RX] Time: 361ms, Receiver: 19, Sender: 47, RSSI: -92
[P1_RX] Time: 361ms, Receiver: 27, Sender: 47, RSSI: -95
[P1_RX] Time: 361ms, Receiver: 41, Sender: 47, RSSI: -96
[P1_RX] Time: 361ms, Receiver: 16, Sender: 47, RSSI: -96
[P1_RX] Time: 361ms, Receiver: 32, Sender: 47, RSSI: -97
[P1_RX] Time: 361ms, Receiver: 1, Sender: 47, RSSI: -98
[P1_RX] Time: 361ms, Receiver: 17, Sender: 47, RSSI: -99
[P1_RX] Time: 361ms, Receiver: 5, Sender: 47, RSSI: -102
[P1_RX] Time: 361ms, Receiver: 35, Sender: 47, RSSI: -102
[P1_RX] Time: 361ms, Receiver: 45, Sender: 47, RSSI: -103
[P1_RX] Time: 361ms, Receiver: 2, Sender: 47, RSSI: -105
[P1_RX] Time: 361ms, Receiver: 9, Sender: 47, RSSI: -106
[P1_RX] Time: 361ms, Receiver: 42, Sender: 47, RSSI: -107
[P1_RX] Time: 361ms, Receiver: 39, Sender: 47, RSSI: -107
[P1_RX] Time: 361ms, Receiver: 22, Sender: 47, RSSI: -107
[P1_RX] Time: 361ms, Receiver: 0, Sender: 47, RSSI: -107
[P1_SUCCESS] Time: 361ms, Drone: 43
[P1_RX] Time: 361ms, Receiver: 15, Sender: 43, RSSI: -93
[P1_RX] Time: 361ms, Receiver: 38, Sender: 43, RSSI: -96
[P1_RX] Time: 361ms, Receiver: 21, Sender: 43, RSSI: -98
[P1_RX] Time: 361ms, Receiver: 11, Sender: 43, RSSI: -99
[P1_RX] Time: 361ms, Receiver: 10, Sender: 43, RSSI: -102
[P1_RX] Time: 361ms, Receiver: 3, Sender: 43, RSSI: -103
[P1_RX] Time: 361ms, Receiver: 49, Sender: 43, RSSI: -104
[P1_RX] Time: 361ms, Receiver: 33, Sender: 43, RSSI: -106
[P1_RX] Time: 361ms, Receiver: 8, Sender: 43, RSSI: -106
[P1_RX] Time: 361ms, Receiver: 37, Sender: 43, RSSI: -107
[P1_ABORT] Time: 361ms, Drone: 45
[P1_ATTEMPT] Time: 361ms, Drone: 45
[P1_ATTEMPT] Time: 362ms, Drone: 15
[P1_SUCCESS] Time: 362ms, Drone: 45
[P1_RX] Time: 362ms, Receiver: 31, Sender: 45, RSSI: -90
[P1_RX] Time: 362ms, Receiver: 13, Sender: 45, RSSI: -96
[P1_RX] Time: 362ms, Receiver: 2, Sender: 45, RSSI: -99
[P1_RX] Time: 362ms, Receiver: 32, Sender: 45, RSSI: -101
[P1_RX] Time: 362ms, Receiver: 4, Sender: 45, RSSI: -101
[P1_RX] Time: 362ms, Receiver: 27, Sender: 45, RSSI: -102
[P1_RX] Time: 362ms, Receiver: 1, Sender: 45, RSSI: -102
[P1_RX] Time: 362ms, Receiver: 0, Sender: 45, RSSI: -103
[P1_RX] Time: 362ms, Receiver: 48, Sender: 45, RSSI: -103
[P1_RX] Time: 362ms, Receiver: 24, Sender: 45, RSSI: -103
[P1_RX] Time: 362ms, Receiver: 15, Sender: 45, RSSI: -103
[P1_RX] Time: 362ms, Receiver: 19, Sender: 45, RSSI: -104
[P1_RX] Time: 362ms, Receiver: 23, Sender: 45, RSSI: -105
[P1_RX] Time: 362ms, Receiver: 47, Sender: 45, RSSI: -105
[P1_RX] Time: 362ms, Receiver: 33, Sender: 45, RSSI: -105
[P1_RX] Time: 362ms, Receiver: 16, Sender: 45, RSSI: -106
[P1_RX] Time: 362ms, Receiver: 42, Sender: 45, RSSI: -106
[P1_RX] Time: 362ms, Receiver: 14, Sender: 45, RSSI: -106
[P1_RX] Time: 362ms, Receiver: 43, Sender: 45, RSSI: -107
[P1_RX] Time: 362ms, Receiver: 29, Sender: 45, RSSI: -107
[P1_RX] Time: 362ms, Receiver: 40, Sender: 45, RSSI: -108
[P1_RX] Time: 362ms, Receiver: 30, Sender: 45, RSSI: -108
[P1_RX] Time: 362ms, Receiver: 6, Sender: 45, RSSI: -109
[P1_RX] Time: 362ms, Receiver: 18, Sender: 45, RSSI: -109
[P1_ABORT] Time: 362ms, Drone: 15
[P1_ATTEMPT] Time: 362ms, Drone: 15
[P1_ATTEMPT] Time: 363ms, Drone: 1
[P1_ATTEMPT] Time: 363ms, Drone: 46
[P1_ABORT] Time: 363ms, Drone: 1
[P1_ATTEMPT] Time: 363ms, Drone: 1
[P1_ABORT] Time: 363ms, Drone: 1
[P1_ATTEMPT] Time: 363ms, Drone: 1
[P1_ABORT] Time: 363ms, Drone: 1
[P1_ATTEMPT] Time: 363ms, Drone: 1
[P1_ABORT] Time: 363ms, Drone: 1
[P1_ATTEMPT] Time: 363ms, Drone: 1
[P1_ABORT] Time: 363ms, Drone: 1
[P1_ATTEMPT] Time: 363ms, Drone: 1
[P1_SUCCESS] Time: 363ms, Drone: 15
[P1_RX] Time: 363ms, Receiver: 43, Sender: 15, RSSI: -93
[P1_RX] Time: 363ms, Receiver: 32, Sender: 15, RSSI: -95
[P1_RX] Time: 363ms, Receiver: 1, Sender: 15, RSSI: -98
[P1_RX] Time: 363ms, Receiver: 18, Sender: 15, RSSI: -100
[P1_RX] Time: 363ms, Receiver: 16, Sender: 15, RSSI: -100
[P1_RX] Time: 363ms, Receiver: 21, Sender: 15, RSSI: -101
[P1_RX] Time: 363ms, Receiver: 3, Sender: 15, RSSI: -103
[P1_RX] Time: 363ms, Receiver: 17, Sender: 15, RSSI: -103
[P1_RX] Time: 363ms, Receiver: 49, Sender: 15, RSSI: -103
[P1_RX] Time: 363ms, Receiver: 38, Sender: 15, RSSI: -103
[P1_RX] Time: 363ms, Receiver: 45, Sender: 15, RSSI: -103
[P1_RX] Time: 363ms, Receiver: 33, Sender: 15, RSSI: -103
[P1_RX] Time: 363ms, Receiver: 4, Sender: 15, RSSI: -104
[P1_RX] Time: 363ms, Receiver: 31, Sender: 15, RSSI: -104
[P1_RX] Time: 363ms, Receiver: 11, Sender: 15, RSSI: -104
[P1_RX] Time: 363ms, Receiver: 27, Sender: 15, RSSI: -105
[P1_RX] Time: 363ms, Receiver: 37, Sender: 15, RSSI: -105
[P1_RX] Time: 363ms, Receiver: 47, Sender: 15, RSSI: -106
[P1_RX] Time: 363ms, Receiver: 10, Sender: 15, RSSI: -106
[P1_RX] Time: 363ms, Receiver: 29, Sender: 15, RSSI: -106
[P1_RX] Time: 363ms, Receiver: 19, Sender: 15, RSSI: -108
[P1_RX] Time: 363ms, Receiver: 2, Sender: 15, RSSI: -109
[P1_ABORT] Time: 363ms, Drone: 1
[P1_ATTEMPT] Time: 363ms, Drone: 1
[P1_ATTEMPT] Time: 364ms, Drone: 14
[P1_ATTEMPT] Time: 364ms, Drone: 24
[P1_SUCCESS] Time: 364ms, Drone: 46
[P1_RX] Time: 364ms, Receiver: 28, Sender: 46, RSSI: -82
[P1_RX] Time: 364ms, Receiver: 34, Sender: 46, RSSI: -87
[P1_RX] Time: 364ms, Receiver: 44, Sender: 46, RSSI: -100
[P1_ATTEMPT] Time: 364ms, Drone: 12
[P1_ABORT] Time: 364ms, Drone: 12
[P1_ATTEMPT] Time: 364ms, Drone: 12
[P1_ABORT] Time: 364ms, Drone: 12
[P1_ATTEMPT] Time: 364ms, Drone: 12
[P1_ABORT] Time: 364ms, Drone: 12
[P1_ATTEMPT] Time: 364ms, Drone: 12
[P1_SUCCESS] Time: 364ms, Drone: 1
[P1_RX] Time: 364ms, Receiver: 32, Sender: 1, RSSI: -82
[P1_RX] Time: 364ms, Receiver: 16, Sender: 1, RSSI: -89
[P1_RX] Time: 364ms, Receiver: 15, Sender: 1, RSSI: -98
[P1_RX] Time: 364ms, Receiver: 17, Sender: 1, RSSI: -99
[P1_RX] Time: 364ms, Receiver: 18, Sender: 1, RSSI: -99
[P1_RX] Time: 364ms, Receiver: 47, Sender: 1, RSSI: -99
[P1_RX] Time: 364ms, Receiver: 4, Sender: 1, RSSI: -101
[P1_RX] Time: 364ms, Receiver: 21, Sender: 1, RSSI: -101
[P1_RX] Time: 364ms, Receiver: 19, Sender: 1, RSSI: -102
[P1_RX] Time: 364ms, Receiver: 3, Sender: 1, RSSI: -102
[P1_RX] Time: 364ms, Receiver: 49, Sender: 1, RSSI: -102
[P1_RX] Time: 364ms, Receiver: 27, Sender: 1, RSSI: -102
[P1_RX] Time: 364ms, Receiver: 40, Sender: 1, RSSI: -103
[P1_RX] Time: 364ms, Receiver: 43, Sender: 1, RSSI: -103
[P1_RX] Time: 364ms, Receiver: 11, Sender: 1, RSSI: -106
[P1_RX] Time: 364ms, Receiver: 41, Sender: 1, RSSI: -107
[P1_RX] Time: 364ms, Receiver: 38, Sender: 1, RSSI: -107
[P1_ABORT] Time: 364ms, Drone: 12
[P1_ATTEMPT] Time: 364ms, Drone: 12
[P1_SUCCESS] Time: 364ms, Drone: 14
[P1_RX] Time: 364ms, Receiver: 30, Sender: 14, RSSI: -96
[P1_RX] Time: 364ms, Receiver: 7, Sender: 14, RSSI: -100
[P1_RX] Time: 364ms, Receiver: 6, Sender: 14, RSSI: -102
[P1_RX] Time: 364ms, Receiver: 12, Sender: 14, RSSI: -103
[P1_SUCCESS] Time: 365ms, Drone: 24
[P1_ABORT] Time: 365ms, Drone: 12
[P1_ATTEMPT] Time: 365ms, Drone: 12
[P1_ATTEMPT] Time: 365ms, Drone: 21
[P1_ATTEMPT] Time: 365ms, Drone: 41
[P1_ATTEMPT] Time: 365ms, Drone: 19
[P1_ABORT] Time: 365ms, Drone: 19
[P1_ATTEMPT] Time: 365ms, Drone: 19
[P1_ABORT] Time: 365ms, Drone: 19
[P1_ATTEMPT] Time: 365ms, Drone: 19
[P1_ATTEMPT] Time: 365ms, Drone: 25
[P1_ABORT] Time: 365ms, Drone: 19
[P1_ATTEMPT] Time: 365ms, Drone: 19
[P1_ABORT] Time: 365ms, Drone: 25
[P1_ATTEMPT] Time: 365ms, Drone: 25
[P1_ABORT] Time: 365ms, Drone: 19
[P1_ATTEMPT] Time: 365ms, Drone: 19
[P1_SUCCESS] Time: 366ms, Drone: 12
[P1_RX] Time: 366ms, Receiver: 30, Sender: 12, RSSI: -98
[P1_RX] Time: 366ms, Receiver: 7, Sender: 12, RSSI: -103
[P1_RX] Time: 366ms, Receiver: 13, Sender: 12, RSSI: -104
[P1_RX] Time: 366ms, Receiver: 14, Sender: 12, RSSI: -105
[P1_RX] Time: 366ms, Receiver: 48, Sender: 12, RSSI: -105
[P1_RX] Time: 366ms, Receiver: 31, Sender: 12, RSSI: -105
[P1_RX] Time: 366ms, Receiver: 24, Sender: 12, RSSI: -107
[P1_SUCCESS] Time: 366ms, Drone: 21
[P1_RX] Time: 366ms, Receiver: 18, Sender: 21, RSSI: -78
[P1_RX] Time: 366ms, Receiver: 17, Sender: 21, RSSI: -91
[P1_RX] Time: 366ms, Receiver: 11, Sender: 21, RSSI: -96
[P1_RX] Time: 366ms, Receiver: 16, Sender: 21, RSSI: -96
[P1_RX] Time: 366ms, Receiver: 38, Sender: 21, RSSI: -97
[P1_RX] Time: 366ms, Receiver: 3, Sender: 21, RSSI: -97
[P1_RX] Time: 366ms, Receiver: 43, Sender: 21, RSSI: -98
[P1_RX] Time: 366ms, Receiver: 49, Sender: 21, RSSI: -100
[P1_RX] Time: 366ms, Receiver: 15, Sender: 21, RSSI: -100
[P1_RX] Time: 366ms, Receiver: 32, Sender: 21, RSSI: -100
[P1_RX] Time: 366ms, Receiver: 1, Sender: 21, RSSI: -100
[P1_RX] Time: 366ms, Receiver: 8, Sender: 21, RSSI: -104
[P1_RX] Time: 366ms, Receiver: 10, Sender: 21, RSSI: -105
[P1_ATTEMPT] Time: 366ms, Drone: 29
[P1_ABORT] Time: 366ms, Drone: 19
[P1_ATTEMPT] Time: 366ms, Drone: 19
[P1_SUCCESS] Time: 366ms, Drone: 41
[P1_RX] Time: 366ms, Receiver: 40, Sender: 41, RSSI: -95
[P1_RX] Time: 366ms, Receiver: 47, Sender: 41, RSSI: -96
[P1_RX] Time: 366ms, Receiver: 5, Sender: 41, RSSI: -100
[P1_RX] Time: 366ms, Receiver: 27, Sender: 41, RSSI: -100
[P1_RX] Time: 366ms, Receiver: 19, Sender: 41, RSSI: -100
[P1_RX] Time: 366ms, Receiver: 36, Sender: 41, RSSI: -101
[P1_RX] Time: 366ms, Receiver: 35, Sender: 41, RSSI: -101
[P1_RX] Time: 366ms, Receiver: 22, Sender: 41, RSSI: -103
[P1_RX] Time: 366ms, Receiver: 9, Sender: 41, RSSI: -105
[P1_ABORT] Time: 366ms, Drone: 19
[P1_ATTEMPT] Time: 366ms, Drone: 19
[P1_ATTEMPT] Time: 366ms, Drone: 0
[P1_ATTEMPT] Time: 366ms, Drone: 17
[P1_ATTEMPT] Time: 366ms, Drone: 31
[P1_ABORT] Time: 366ms, Drone: 31
[P1_ATTEMPT] Time: 366ms, Drone: 31
[P1_SUCCESS] Time: 366ms, Drone: 25
[P1_RX] Time: 366ms, Receiver: 34, Sender: 25, RSSI: -103
[P1_ABORT] Time: 367ms, Drone: 31
[P1_ATTEMPT] Time: 367ms, Drone: 31
[P1_SUCCESS] Time: 367ms, Drone: 29
[P1_ATTEMPT] Time: 367ms, Drone: 16
[P1_ABORT] Time: 367ms, Drone: 31
[P1_ATTEMPT] Time: 367ms, Drone: 31
[P1_SUCCESS] Time: 367ms, Drone: 19
[P1_RX] Time: 367ms, Receiver: 40, Sender: 19, RSSI: -92
[P1_RX] Time: 367ms, Receiver: 47, Sender: 19, RSSI: -92
[P1_RX] Time: 367ms, Receiver: 27, Sender: 19, RSSI: -97
[P1_RX] Time: 367ms, Receiver: 35, Sender: 19, RSSI: -98
[P1_RX] Time: 367ms, Receiver: 5, Sender: 19, RSSI: -98
[P1_RX] Time: 367ms, Receiver: 41, Sender: 19, RSSI: -100
[P1_RX] Time: 367ms, Receiver: 39, Sender: 19, RSSI: -101
[P1_RX] Time: 367ms, Receiver: 9, Sender: 19, RSSI: -102
[P1_ATTEMPT] Time: 367ms, Drone: 40
[P1_ABORT] Time: 367ms, Drone: 16
[P1_ATTEMPT] Time: 367ms, Drone: 16
[P1_ATTEMPT] Time: 367ms, Drone: 2
[P1_SUCCESS] Time: 367ms, Drone: 0
[P1_RX] Time: 367ms, Receiver: 23, Sender: 0, RSSI: -89
[P1_RX] Time: 367ms, Receiver: 14, Sender: 0, RSSI: -96
[P1_RX] Time: 367ms, Receiver: 42, Sender: 0, RSSI: -97
[P1_RX] Time: 367ms, Receiver: 6, Sender: 0, RSSI: -98
[P1_RX] Time: 367ms, Receiver: 26, Sender: 0, RSSI: -100
[P1_RX] Time: 367ms, Receiver: 30, Sender: 0, RSSI: -103
[P1_ABORT] Time: 367ms, Drone: 31
[P1_ATTEMPT] Time: 367ms, Drone: 31
[P1_SUCCESS] Time: 367ms, Drone: 17
[P1_RX] Time: 367ms, Receiver: 11, Sender: 17, RSSI: -99
[P1_RX] Time: 367ms, Receiver: 38, Sender: 17, RSSI: -102
[P1_RX] Time: 367ms, Receiver: 8, Sender: 17, RSSI: -106
[P1_RX] Time: 367ms, Receiver: 10, Sender: 17, RSSI: -105
[P1_ABORT] Time: 367ms, Drone: 40
[P1_ATTEMPT] Time: 367ms, Drone: 40
[P1_ABORT] Time: 367ms, Drone: 16
[P1_ATTEMPT] Time: 367ms, Drone: 16
[P1_ABORT] Time: 367ms, Drone: 2
[P1_ATTEMPT] Time: 367ms, Drone: 2
[P1_ATTEMPT] Time: 367ms, Drone: 27
[P1_ABORT] Time: 367ms, Drone: 27
[P1_ATTEMPT] Time: 367ms, Drone: 27
[P1_ABORT] Time: 367ms, Drone: 27
[P1_ATTEMPT] Time: 367ms, Drone: 27
[P1_ABORT] Time: 368ms, Drone: 27
[P1_ATTEMPT] Time: 368ms, Drone: 27
[P1_ATTEMPT] Time: 368ms, Drone: 37
[P1_ABORT] Time: 368ms, Drone: 27
[P1_ATTEMPT] Time: 368ms, Drone: 27
[P1_SUCCESS] Time: 368ms, Drone: 31
[P1_RX] Time: 368ms, Receiver: 45, Sender: 31, RSSI: -89
[P1_RX] Time: 368ms, Receiver: 13, Sender: 31, RSSI: -91
[P1_RX] Time: 368ms, Receiver: 4, Sender: 31, RSSI: -97
[P1_RX] Time: 368ms, Receiver: 33, Sender: 31, RSSI: -101
[P1_RX] Time: 368ms, Receiver: 29, Sender: 31, RSSI: -103
[P1_RX] Time: 368ms, Receiver: 12, Sender: 31, RSSI: -104
[P1_ABORT] Time: 368ms, Drone: 37
[P1_ATTEMPT] Time: 368ms, Drone: 37
[P1_SUCCESS] Time: 368ms, Drone: 40
[P1_RX] Time: 368ms, Receiver: 47, Sender: 40, RSSI: -90
[P1_RX] Time: 368ms, Receiver: 19, Sender: 40, RSSI: -91
[P1_RX] Time: 368ms, Receiver: 41, Sender: 40, RSSI: -95
[P1_RX] Time: 368ms, Receiver: 5, Sender: 40, RSSI: -97
[P1_RX] Time: 368ms, Receiver: 35, Sender: 40, RSSI: -98
[P1_RX] Time: 368ms, Receiver: 27, Sender: 40, RSSI: -97
[P1_RX] Time: 368ms, Receiver: 36, Sender: 40, RSSI: -103
[P1_RX] Time: 368ms, Receiver: 22, Sender: 40, RSSI: -105
[P1_SUCCESS] Time: 368ms, Drone: 16
[P1_RX] Time: 368ms, Receiver: 1, Sender: 16, RSSI: -89
[P1_RX] Time: 368ms, Receiver: 32, Sender: 16, RSSI: -91
[P1_RX] Time: 368ms, Receiver: 17, Sender: 16, RSSI: -91
[P1_RX] Time: 368ms, Receiver: 18, Sender: 16, RSSI: -93
[P1_RX] Time: 368ms, Receiver: 21, Sender: 16, RSSI: -96
[P1_RX] Time: 368ms, Receiver: 15, Sender: 16, RSSI: -98
[P1_RX] Time: 368ms, Receiver: 3, Sender: 16, RSSI: -100
[P1_RX] Time: 368ms, Receiver: 49, Sender: 16, RSSI: -101
[P1_RX] Time: 368ms, Receiver: 43, Sender: 16, RSSI: -101
[P1_RX] Time: 368ms, Receiver: 11, Sender: 16, RSSI: -102
[P1_RX] Time: 368ms, Receiver: 38, Sender: 16, RSSI: -104
[P1_SUCCESS] Time: 368ms, Drone: 2
[P1_RX] Time: 368ms, Receiver: 24, Sender: 2, RSSI: -89
[P1_RX] Time: 368ms, Receiver: 42, Sender: 2, RSSI: -95
[P1_RX] Time: 368ms, Receiver: 23, Sender: 2, RSSI: -97
[P1_RX] Time: 368ms, Receiver: 0, Sender: 2, RSSI: -97
[P1_RX] Time: 368ms, Receiver: 14, Sender: 2, RSSI: -99
[P1_RX] Time: 368ms, Receiver: 26, Sender: 2, RSSI: -100
[P1_RX] Time: 368ms, Receiver: 6, Sender: 2, RSSI: -102
[P1_ABORT] Time: 368ms, Drone: 27
[P1_ATTEMPT] Time: 368ms, Drone: 27
[P1_ATTEMPT] Time: 368ms, Drone: 35
[P1_SUCCESS] Time: 369ms, Drone: 37
[P1_RX] Time: 369ms, Receiver: 29, Sender: 37, RSSI: -89
[P1_RX] Time: 369ms, Receiver: 33, Sender: 37, RSSI: -90
[P1_RX] Time: 369ms, Receiver: 25, Sender: 37, RSSI: -95
[P1_RX] Time: 369ms, Receiver: 34, Sender: 37, RSSI: -102
[P1_RX] Time: 369ms, Receiver: 20, Sender: 37, RSSI: -103
[P1_RX] Time: 369ms, Receiver: 28, Sender: 37, RSSI: -103
[P1_RX] Time: 369ms, Receiver: 46, Sender: 37, RSSI: -105
[P1_RX] Time: 369ms, Receiver: 44, Sender: 37, RSSI: -107
[P1_ATTEMPT] Time: 369ms, Drone: 38
[P1_SUCCESS] Time: 369ms, Drone: 27
[P1_RX] Time: 369ms, Receiver: 47, Sender: 27, RSSI: -94
[P1_RX] Time: 369ms, Receiver: 19, Sender: 27, RSSI: -95
[P1_RX] Time: 369ms, Receiver: 32, Sender: 27, RSSI: -99
[P1_RX] Time: 369ms, Receiver: 41, Sender: 27, RSSI: -98
[P1_RX] Time: 369ms, Receiver: 45, Sender: 27, RSSI: -100
[P1_RX] Time: 369ms, Receiver: 1, Sender: 27, RSSI: -101
[P1_RX] Time: 369ms, Receiver: 16, Sender: 27, RSSI: -101
[P1_RX] Time: 369ms, Receiver: 17, Sender: 27, RSSI: -103
[P1_RX] Time: 369ms, Receiver: 18, Sender: 27, RSSI: -104
[P1_RX] Time: 369ms, Receiver: 2, Sender: 27, RSSI: -103
[P1_RX] Time: 369ms, Receiver: 11, Sender: 27, RSSI: -105
[P1_ATTEMPT] Time: 369ms, Drone: 36
[P1_SUCCESS] Time: 369ms, Drone: 35
[P1_RX] Time: 369ms, Receiver: 5, Sender: 35, RSSI: -75
[P1_RX] Time: 369ms, Receiver: 39, Sender: 35, RSSI: -96
[P1_RX] Time: 369ms, Receiver: 9, Sender: 35, RSSI: -99
[P1_RX] Time: 369ms, Receiver: 36, Sender: 35, RSSI: -101
[P1_RX] Time: 369ms, Receiver: 6, Sender: 35, RSSI: -102
[P1_RX] Time: 369ms, Receiver: 22, Sender: 35, RSSI: -102
[P1_RX] Time: 369ms, Receiver: 42, Sender: 35, RSSI: -103
[P1_RX] Time: 369ms, Receiver: 26, Sender: 35, RSSI: -107
[P1_ABORT] Time: 369ms, Drone: 36
[P1_ATTEMPT] Time: 369ms, Drone: 36
[P1_ATTEMPT] Time: 369ms, Drone: 39
[P1_SUCCESS] Time: 370ms, Drone: 38
[P1_RX] Time: 370ms, Receiver: 11, Sender: 38, RSSI: -94
[P1_RX] Time: 370ms, Receiver: 43, Sender: 38, RSSI: -96
[P1_RX] Time: 370ms, Receiver: 21, Sender: 38, RSSI: -97
[P1_RX] Time: 370ms, Receiver: 10, Sender: 38, RSSI: -99
[P1_RX] Time: 370ms, Receiver: 18, Sender: 38, RSSI: -100
[P1_RX] Time: 370ms, Receiver: 17, Sender: 38, RSSI: -103
[P1_RX] Time: 370ms, Receiver: 15, Sender: 38, RSSI: -103
[P1_RX] Time: 370ms, Receiver: 8, Sender: 38, RSSI: -103
[P1_RX] Time: 370ms, Receiver: 3, Sender: 38, RSSI: -104
[P1_RX] Time: 370ms, Receiver: 16, Sender: 38, RSSI: -105
[P1_RX] Time: 370ms, Receiver: 49, Sender: 38, RSSI: -106
[P1_RX] Time: 370ms, Receiver: 32, Sender: 38, RSSI: -106
[P1_SUCCESS] Time: 370ms, Drone: 36
[P1_RX] Time: 370ms, Receiver: 22, Sender: 36, RSSI: -99
[P1_RX] Time: 370ms, Receiver: 5, Sender: 36, RSSI: -96
[P1_RX] Time: 370ms, Receiver: 40, Sender: 36, RSSI: -102
[P1_SUCCESS] Time: 370ms, Drone: 39
[P1_RX] Time: 370ms, Receiver: 6, Sender: 39, RSSI: -95
[P1_RX] Time: 370ms, Receiver: 35, Sender: 39, RSSI: -95
[P1_RX] Time: 370ms, Receiver: 9, Sender: 39, RSSI: -97
[P1_RX] Time: 370ms, Receiver: 42, Sender: 39, RSSI: -103
[P1_RX] Time: 370ms, Receiver: 19, Sender: 39, RSSI: -102
[P1_RX] Time: 370ms, Receiver: 0, Sender: 39, RSSI: -104
[P1_RX] Time: 370ms, Receiver: 23, Sender: 39, RSSI: -106
[P1_RX] Time: 370ms, Receiver: 26, Sender: 39, RSSI: -106
[P1_RX] Time: 370ms, Receiver: 2, Sender: 39, RSSI: -106
[P1_ATTEMPT] Time: 370ms, Drone: 30
[P1_ATTEMPT] Time: 370ms, Drone: 5
[P1_ATTEMPT] Time: 371ms, Drone: 8
[P1_ATTEMPT] Time: 371ms, Drone: 22
[P1_ATTEMPT] Time: 371ms, Drone: 11
[P1_ABORT] Time: 371ms, Drone: 11
[P1_ATTEMPT] Time: 371ms, Drone: 11
[P1_SUCCESS] Time: 371ms, Drone: 30
[P1_RX] Time: 371ms, Receiver: 7, Sender: 30, RSSI: -94
[P1_RX] Time: 371ms, Receiver: 14, Sender: 30, RSSI: -97
[P1_RX] Time: 371ms, Receiver: 12, Sender: 30, RSSI: -98
[P1_RX] Time: 371ms, Receiver: 23, Sender: 30, RSSI: -102
[P1_RX] Time: 371ms, Receiver: 24, Sender: 30, RSSI: -103
[P1_RX] Time: 371ms, Receiver: 13, Sender: 30, RSSI: -104
[P1_RX] Time: 371ms, Receiver: 48, Sender: 30, RSSI: -105
[P1_RX] Time: 371ms, Receiver: 0, Sender: 30, RSSI: -105
[P1_RX] Time: 371ms, Receiver: 26, Sender: 30, RSSI: -106
[P1_RX] Time: 371ms, Receiver: 2, Sender: 30, RSSI: -106
[P1_ABORT] Time: 371ms, Drone: 11
[P1_ATTEMPT] Time: 371ms, Drone: 11
[P1_ABORT] Time: 371ms, Drone: 11
[P1_ATTEMPT] Time: 371ms, Drone: 11
[P1_SUCCESS] Time: 371ms, Drone: 5
[P1_RX] Time: 371ms, Receiver: 35, Sender: 5, RSSI: -75
[P1_RX] Time: 371ms, Receiver: 40, Sender: 5, RSSI: -98
[P1_RX] Time: 371ms, Receiver: 39, Sender: 5, RSSI: -98
[P1_RX] Time: 371ms, Receiver: 19, Sender: 5, RSSI: -99
[P1_RX] Time: 371ms, Receiver: 41, Sender: 5, RSSI: -100
[P1_RX] Time: 371ms, Receiver: 9, Sender: 5, RSSI: -101
[P1_RX] Time: 371ms, Receiver: 47, Sender: 5, RSSI: -102
[P1_RX] Time: 371ms, Receiver: 27, Sender: 5, RSSI: -104
[P1_ATTEMPT] Time: 371ms, Drone: 6
[P1_ABORT] Time: 371ms, Drone: 11
[P1_ATTEMPT] Time: 371ms, Drone: 11
[P1_ATTEMPT] Time: 371ms, Drone: 28
[P1_SUCCESS] Time: 371ms, Drone: 8
[P1_RX] Time: 371ms, Receiver: 10, Sender: 8, RSSI: -101
[P1_RX] Time: 371ms, Receiver: 38, Sender: 8, RSSI: -102
[P1_RX] Time: 371ms, Receiver: 3, Sender: 8, RSSI: -103
[P1_RX] Time: 371ms, Receiver: 49, Sender: 8, RSSI: -103
[P1_RX] Time: 371ms, Receiver: 21, Sender: 8, RSSI: -103
[P1_RX] Time: 371ms, Receiver: 18, Sender: 8, RSSI: -104
[P1_RX] Time: 371ms, Receiver: 43, Sender: 8, RSSI: -105
[P1_SUCCESS] Time: 372ms, Drone: 22
[P1_ATTEMPT] Time: 372ms, Drone: 32
[P1_ABORT] Time: 372ms, Drone: 32
[P1_ATTEMPT] Time: 372ms, Drone: 32
[P1_ABORT] Time: 372ms, Drone: 32
[P1_ATTEMPT] Time: 372ms, Drone: 32
[P1_ABORT] Time: 372ms, Drone: 32
[P1_ATTEMPT] Time: 372ms, Drone: 32
[P1_ABORT] Time: 372ms, Drone: 32
[P1_ATTEMPT] Time: 372ms, Drone: 32
[P1_SUCCESS] Time: 372ms, Drone: 6
[P1_RX] Time: 372ms, Receiver: 39, Sender: 6, RSSI: -95
[P1_RX] Time: 372ms, Receiver: 42, Sender: 6, RSSI: -98
[P1_RX] Time: 372ms, Receiver: 0, Sender: 6, RSSI: -99
[P1_RX] Time: 372ms, Receiver: 23, Sender: 6, RSSI: -100
[P1_RX] Time: 372ms, Receiver: 9, Sender: 6, RSSI: -101
[P1_RX] Time: 372ms, Receiver: 26, Sender: 6, RSSI: -102
[P1_RX] Time: 372ms, Receiver: 35, Sender: 6, RSSI: -103
[P1_RX] Time: 372ms, Receiver: 14, Sender: 6, RSSI: -104
[P1_RX] Time: 372ms, Receiver: 2, Sender: 6, RSSI: -104
[P1_RX] Time: 372ms, Receiver: 5, Sender: 6, RSSI: -104
[P1_RX] Time: 372ms, Receiver: 19, Sender: 6, RSSI: -104
[P1_RX] Time: 372ms, Receiver: 24, Sender: 6, RSSI: -105
[P1_ABORT] Time: 372ms, Drone: 32
[P1_ATTEMPT] Time: 372ms, Drone: 32
[P1_SUCCESS] Time: 372ms, Drone: 11
[P1_RX] Time: 372ms, Receiver: 38, Sender: 11, RSSI: -94
[P1_RX] Time: 372ms, Receiver: 21, Sender: 11, RSSI: -96
[P1_RX] Time: 372ms, Receiver: 18, Sender: 11, RSSI: -98
[P1_RX] Time: 372ms, Receiver: 17, Sender: 11, RSSI: -99
[P1_RX] Time: 372ms, Receiver: 43, Sender: 11, RSSI: -99
[P1_RX] Time: 372ms, Receiver: 16, Sender: 11, RSSI: -103
[P1_RX] Time: 372ms, Receiver: 15, Sender: 11, RSSI: -103
[P1_RX] Time: 372ms, Receiver: 32, Sender: 11, RSSI: -104
[P1_RX] Time: 372ms, Receiver: 10, Sender: 11, RSSI: -104
[P1_RX] Time: 372ms, Receiver: 3, Sender: 11, RSSI: -105
[P1_RX] Time: 372ms, Receiver: 47, Sender: 11, RSSI: -104
[P1_RX] Time: 372ms, Receiver: 1, Sender: 11, RSSI: -105
[P1_RX] Time: 372ms, Receiver: 27, Sender: 11, RSSI: -104
[P1_RX] Time: 372ms, Receiver: 8, Sender: 11, RSSI: -106
[P1_RX] Time: 372ms, Receiver: 41, Sender: 11, RSSI: -105
[P1_RX] Time: 372ms, Receiver: 49, Sender: 11, RSSI: -106
[P1_SUCCESS] Time: 372ms, Drone: 28
[P1_RX] Time: 372ms, Receiver: 34, Sender: 28, RSSI: -78
[P1_RX] Time: 372ms, Receiver: 46, Sender: 28, RSSI: -82
[P1_RX] Time: 372ms, Receiver: 44, Sender: 28, RSSI: -99
[P1_RX] Time: 372ms, Receiver: 37, Sender: 28, RSSI: -103
[P1_RX] Time: 372ms, Receiver: 25, Sender: 28, RSSI: -104
[P1_RX] Time: 372ms, Receiver: 20, Sender: 28, RSSI: -104
[P1_RX] Time: 372ms, Receiver: 29, Sender: 28, RSSI: -105
[P1_ABORT] Time: 372ms, Drone: 32
[P1_ATTEMPT] Time: 372ms, Drone: 32
[P1_ATTEMPT] Time: 373ms, Drone: 48
[P1_SUCCESS] Time: 373ms, Drone: 32
[P1_RX] Time: 373ms, Receiver: 1, Sender: 32, RSSI: -82
[P1_RX] Time: 373ms, Receiver: 16, Sender: 32, RSSI: -91
[P1_RX] Time: 373ms, Receiver: 15, Sender: 32, RSSI: -95
[P1_RX] Time: 373ms, Receiver: 18, Sender: 32, RSSI: -99
[P1_RX] Time: 373ms, Receiver: 47, Sender: 32, RSSI: -99
[P1_RX] Time: 373ms, Receiver: 17, Sender: 32, RSSI: -99
[P1_RX] Time: 373ms, Receiver: 27, Sender: 32, RSSI: -100
[P1_RX] Time: 373ms, Receiver: 45, Sender: 32, RSSI: -101
[P1_RX] Time: 373ms, Receiver: 21, Sender: 32, RSSI: -101
[P1_RX] Time: 373ms, Receiver: 43, Sender: 32, RSSI: -101
[P1_RX] Time: 373ms, Receiver: 19, Sender: 32, RSSI: -102
[P1_RX] Time: 373ms, Receiver: 3, Sender: 32, RSSI: -103
[P1_RX] Time: 373ms, Receiver: 49, Sender: 32, RSSI: -103
[P1_RX] Time: 373ms, Receiver: 40, Sender: 32, RSSI: -104
[P1_RX] Time: 373ms, Receiver: 11, Sender: 32, RSSI: -105
[P1_RX] Time: 373ms, Receiver: 38, Sender: 32, RSSI: -106
[P1_RX] Time: 373ms, Receiver: 41, Sender: 32, RSSI: -106
[P1_SUCCESS] Time: 374ms, Drone: 48
[P1_RX] Time: 374ms, Receiver: 14, Sender: 48, RSSI: -104
[P1_RX] Time: 374ms, Receiver: 30, Sender: 48, RSSI: -104
[P1_RX] Time: 374ms, Receiver: 26, Sender: 48, RSSI: -105
[P1_RX] Time: 374ms, Receiver: 12, Sender: 48, RSSI: -106
[P1_RX] Time: 374ms, Receiver: 25, Sender: 48, RSSI: -107
[P1_ATTEMPT] Time: 374ms, Drone: 3
[P1_SUCCESS] Time: 375ms, Drone: 3
[P1_RX] Time: 375ms, Receiver: 49, Sender: 3, RSSI: -80
[P1_RX] Time: 375ms, Receiver: 18, Sender: 3, RSSI: -97
[P1_RX] Time: 375ms, Receiver: 21, Sender: 3, RSSI: -98
[P1_RX] Time: 375ms, Receiver: 17, Sender: 3, RSSI: -100
[P1_RX] Time: 375ms, Receiver: 16, Sender: 3, RSSI: -101
[P1_RX] Time: 375ms, Receiver: 1, Sender: 3, RSSI: -102
[P1_RX] Time: 375ms, Receiver: 15, Sender: 3, RSSI: -103
[P1_RX] Time: 375ms, Receiver: 32, Sender: 3, RSSI: -103
[P1_RX] Time: 375ms, Receiver: 8, Sender: 3, RSSI: -103
[P1_RX] Time: 375ms, Receiver: 43, Sender: 3, RSSI: -104
[P1_RX] Time: 375ms, Receiver: 38, Sender: 3, RSSI: -104
[P1_RX] Time: 375ms, Receiver: 11, Sender: 3, RSSI: -106
[P1_RX] Time: 375ms, Receiver: 4, Sender: 3, RSSI: -107
[P1_RX] Time: 375ms, Receiver: 10, Sender: 3, RSSI: -107
[P1_RX] Time: 375ms, Receiver: 47, Sender: 3, RSSI: -108
[P1_RX] Time: 375ms, Receiver: 20, Sender: 3, RSSI: -109
[P1_ATTEMPT] Time: 376ms, Drone: 33
[P1_ATTEMPT] Time: 377ms, Drone: 4
[P1_SUCCESS] Time: 377ms, Drone: 33
[P1_RX] Time: 377ms, Receiver: 29, Sender: 33, RSSI: -89
[P1_RX] Time: 377ms, Receiver: 37, Sender: 33, RSSI: -90
[P1_RX] Time: 377ms, Receiver: 25, Sender: 33, RSSI: -99
[P1_RX] Time: 377ms, Receiver: 31, Sender: 33, RSSI: -102
[P1_RX] Time: 377ms, Receiver: 4, Sender: 33, RSSI: -103
[P1_RX] Time: 377ms, Receiver: 15, Sender: 33, RSSI: -103
[P1_RX] Time: 377ms, Receiver: 13, Sender: 33, RSSI: -104
[P1_RX] Time: 377ms, Receiver: 45, Sender: 33, RSSI: -105
[P1_RX] Time: 377ms, Receiver: 20, Sender: 33, RSSI: -105
[P1_RX] Time: 377ms, Receiver: 34, Sender: 33, RSSI: -107
[P1_RX] Time: 377ms, Receiver: 48, Sender: 33, RSSI: -107
[P1_RX] Time: 377ms, Receiver: 43, Sender: 33, RSSI: -107
[P1_RX] Time: 377ms, Receiver: 32, Sender: 33, RSSI: -107
[P1_RX] Time: 377ms, Receiver: 28, Sender: 33, RSSI: -107
[P1_RX] Time: 377ms, Receiver: 1, Sender: 33, RSSI: -108
[P1_RX] Time: 377ms, Receiver: 46, Sender: 33, RSSI: -109
[P1_ABORT] Time: 377ms, Drone: 4
[P1_ATTEMPT] Time: 377ms, Drone: 4
[P1_ATTEMPT] Time: 378ms, Drone: 49
[P1_ATTEMPT] Time: 378ms, Drone: 7
[P1_ATTEMPT] Time: 378ms, Drone: 44
[P1_ATTEMPT] Time: 378ms, Drone: 20
[P1_ABORT] Time: 378ms, Drone: 20
[P1_ATTEMPT] Time: 378ms, Drone: 20
[P1_ABORT] Time: 378ms, Drone: 20
[P1_ATTEMPT] Time: 378ms, Drone: 20
[P1_ABORT] Time: 378ms, Drone: 20
[P1_ATTEMPT] Time: 378ms, Drone: 20
[P1_ABORT] Time: 378ms, Drone: 20
[P1_ATTEMPT] Time: 378ms, Drone: 20
[P1_SUCCESS] Time: 378ms, Drone: 4
[P1_RX] Time: 378ms, Receiver: 48, Sender: 4, RSSI: -94
[P1_RX] Time: 378ms, Receiver: 13, Sender: 4, RSSI: -96
[P1_RX] Time: 378ms, Receiver: 31, Sender: 4, RSSI: -100
[P1_RX] Time: 378ms, Receiver: 1, Sender: 4, RSSI: -99
[P1_RX] Time: 378ms, Receiver: 45, Sender: 4, RSSI: -101
[P1_RX] Time: 378ms, Receiver: 2, Sender: 4, RSSI: -101
[P1_RX] Time: 378ms, Receiver: 24, Sender: 4, RSSI: -102
[P1_RX] Time: 378ms, Receiver: 32, Sender: 4, RSSI: -100
[P1_RX] Time: 378ms, Receiver: 33, Sender: 4, RSSI: -102
[P1_RX] Time: 378ms, Receiver: 29, Sender: 4, RSSI: -102
[P1_ATTEMPT] Time: 378ms, Drone: 42
[P1_ABORT] Time: 378ms, Drone: 20
[P1_ATTEMPT] Time: 378ms, Drone: 20
[P1_SUCCESS] Time: 378ms, Drone: 49
[P1_RX] Time: 378ms, Receiver: 3, Sender: 49, RSSI: -80
[P1_RX] Time: 378ms, Receiver: 18, Sender: 49, RSSI: -100
[P1_RX] Time: 378ms, Receiver: 21, Sender: 49, RSSI: -100
[P1_RX] Time: 378ms, Receiver: 17, Sender: 49, RSSI: -102
[P1_RX] Time: 378ms, Receiver: 8, Sender: 49, RSSI: -104
[P1_RX] Time: 378ms, Receiver: 43, Sender: 49, RSSI: -103
[P1_RX] Time: 378ms, Receiver: 38, Sender: 49, RSSI: -105
[P1_RX] Time: 378ms, Receiver: 11, Sender: 49, RSSI: -106
[P1_ABORT] Time: 379ms, Drone: 20
[P1_ATTEMPT] Time: 379ms, Drone: 20
[P1_SUCCESS] Time: 379ms, Drone: 7
[P1_SUCCESS] Time: 379ms, Drone: 44
[P1_RX] Time: 379ms, Receiver: 28, Sender: 44, RSSI: -99
[P1_RX] Time: 379ms, Receiver: 46, Sender: 44, RSSI: -100
[P1_RX] Time: 379ms, Receiver: 34, Sender: 44, RSSI: -100
[P1_ABORT] Time: 379ms, Drone: 20
[P1_ATTEMPT] Time: 379ms, Drone: 20
[P1_ATTEMPT] Time: 379ms, Drone: 9
[P1_ABORT] Time: 379ms, Drone: 9
[P1_ATTEMPT] Time: 379ms, Drone: 9
[P1_ABORT] Time: 379ms, Drone: 9
[P1_ATTEMPT] Time: 379ms, Drone: 9
[P1_ABORT] Time: 379ms, Drone: 9
[P1_ATTEMPT] Time: 379ms, Drone: 9
[P1_ABORT] Time: 379ms, Drone: 9
[P1_ATTEMPT] Time: 379ms, Drone: 9
[P1_SUCCESS] Time: 379ms, Drone: 42
[P1_RX] Time: 379ms, Receiver: 26, Sender: 42, RSSI: -94
[P1_RX] Time: 379ms, Receiver: 2, Sender: 42, RSSI: -96
[P1_RX] Time: 379ms, Receiver: 23, Sender: 42, RSSI: -97
[P1_RX] Time: 379ms, Receiver: 24, Sender: 42, RSSI: -98
[P1_RX] Time: 379ms, Receiver: 0, Sender: 42, RSSI: -98
[P1_RX] Time: 379ms, Receiver: 6, Sender: 42, RSSI: -98
[P1_RX] Time: 379ms, Receiver: 14, Sender: 42, RSSI: -102
[P1_RX] Time: 379ms, Receiver: 19, Sender: 42, RSSI: -103
[P1_RX] Time: 379ms, Receiver: 39, Sender: 42, RSSI: -103
[P1_RX] Time: 379ms, Receiver: 35, Sender: 42, RSSI: -105
[P1_RX] Time: 379ms, Receiver: 13, Sender: 42, RSSI: -105
[P1_RX] Time: 379ms, Receiver: 45, Sender: 42, RSSI: -106
[P1_RX] Time: 379ms, Receiver: 5, Sender: 42, RSSI: -106
[P1_RX] Time: 379ms, Receiver: 9, Sender: 42, RSSI: -107
[P1_RX] Time: 379ms, Receiver: 40, Sender: 42, RSSI: -107
[P1_RX] Time: 379ms, Receiver: 27, Sender: 42, RSSI: -108
[P1_RX] Time: 379ms, Receiver: 30, Sender: 42, RSSI: -108
[P1_SUCCESS] Time: 380ms, Drone: 20
[P1_RX] Time: 380ms, Receiver: 29, Sender: 20, RSSI: -102
[P1_RX] Time: 380ms, Receiver: 44, Sender: 20, RSSI: -103
[P1_RX] Time: 380ms, Receiver: 37, Sender: 20, RSSI: -103
[P1_RX] Time: 380ms, Receiver: 25, Sender: 20, RSSI: -104
[P1_RX] Time: 380ms, Receiver: 34, Sender: 20, RSSI: -104
[P1_RX] Time: 380ms, Receiver: 28, Sender: 20, RSSI: -105
[P1_RX] Time: 380ms, Receiver: 33, Sender: 20, RSSI: -105
[P1_RX] Time: 380ms, Receiver: 46, Sender: 20, RSSI: -107
[P1_RX] Time: 380ms, Receiver: 49, Sender: 20, RSSI: -106
[P1_SUCCESS] Time: 380ms, Drone: 9
[P1_RX] Time: 380ms, Receiver: 39, Sender: 9, RSSI: -97
[P1_RX] Time: 380ms, Receiver: 35, Sender: 9, RSSI: -100
[P1_RX] Time: 380ms, Receiver: 5, Sender: 9, RSSI: -101
[P1_RX] Time: 380ms, Receiver: 6, Sender: 9, RSSI: -101
[P1_RX] Time: 380ms, Receiver: 22, Sender: 9, RSSI: -103
[P1_RX] Time: 380ms, Receiver: 19, Sender: 9, RSSI: -105
[P1_RX] Time: 380ms, Receiver: 0, Sender: 9, RSSI: -105
[P1_RX] Time: 380ms, Receiver: 27, Sender: 9, RSSI: -105
[P1_RX] Time: 380ms, Receiver: 41, Sender: 9, RSSI: -106
[P1_RX] Time: 380ms, Receiver: 40, Sender: 9, RSSI: -107
[P1_RX] Time: 380ms, Receiver: 42, Sender: 9, RSSI: -107
[P1_RX] Time: 380ms, Receiver: 36, Sender: 9, RSSI: -107
[P1_RX] Time: 380ms, Receiver: 47, Sender: 9, RSSI: -107
[P1_RX] Time: 380ms, Receiver: 23, Sender: 9, RSSI: -108
[P1_RX] Time: 380ms, Receiver: 2, Sender: 9, RSSI: -109
[P2_ATTEMPT] Time: 383ms, Drone: 15, Slot: 0, Channel: 13
[P2_ATTEMPT] Time: 383ms, Drone: 18, Slot: 0, Channel: 26
[P2_ATTEMPT] Time: 383ms, Drone: 20, Slot: 0, Channel: 14
[P2_ATTEMPT] Time: 383ms, Drone: 25, Slot: 0, Channel: 24
[P2_ATTEMPT] Time: 383ms, Drone: 33, Slot: 0, Channel: 19
[P2_ATTEMPT] Time: 383ms, Drone: 39, Slot: 0, Channel: 18
[P2_ATTEMPT] Time: 383ms, Drone: 41, Slot: 0, Channel: 12
[P2_ATTEMPT] Time: 383ms, Drone: 47, Slot: 0, Channel: 19
[P2_ATTEMPT] Time: 385ms, Drone: 4, Slot: 1, Channel: 20
[P2_ATTEMPT] Time: 385ms, Drone: 10, Slot: 1, Channel: 23
[P2_ATTEMPT] Time: 385ms, Drone: 29, Slot: 1, Channel: 18
[P2_ATTEMPT] Time: 385ms, Drone: 42, Slot: 1, Channel: 15
[P2_SUCCESS] Time: 385ms, Drone: 15
[P2_SUCCESS] Time: 385ms, Drone: 18
[P2_SUCCESS] Time: 385ms, Drone: 20
[P2_SUCCESS] Time: 385ms, Drone: 25
[P2_SUCCESS] Time: 385ms, Drone: 33
[P2_SUCCESS] Time: 385ms, Drone: 39
[P2_SUCCESS] Time: 385ms, Drone: 41
[P2_SUCCESS] Time: 385ms, Drone: 47
[P2_ATTEMPT] Time: 388ms, Drone: 11, Slot: 2, Channel: 16
[P2_ATTEMPT] Time: 388ms, Drone: 32, Slot: 2, Channel: 26
[P2_ATTEMPT] Time: 388ms, Drone: 46, Slot: 2, Channel: 26
[P2_SUCCESS] Time: 388ms, Drone: 4
[P2_SUCCESS] Time: 388ms, Drone: 10
[P2_SUCCESS] Time: 388ms, Drone: 29
[P2_SUCCESS] Time: 388ms, Drone: 42
[P2_RX] Time: 388ms, Receiver: 48, Sender: 4, RSSI: -94
[P2_RX] Time: 388ms, Receiver: 26, Sender: 42, RSSI: -94
[P2_ATTEMPT] Time: 390ms, Drone: 0, Slot: 3, Channel: 23
[P2_ATTEMPT] Time: 390ms, Drone: 2, Slot: 3, Channel: 26
[P2_ATTEMPT] Time: 390ms, Drone: 6, Slot: 3, Channel: 18
[P2_ATTEMPT] Time: 390ms, Drone: 12, Slot: 3, Channel: 12
[P2_ATTEMPT] Time: 390ms, Drone: 26, Slot: 3, Channel: 17
[P2_ATTEMPT] Time: 390ms, Drone: 44, Slot: 3, Channel: 24
[P2_SUCCESS] Time: 390ms, Drone: 11
[P2_SUCCESS] Time: 390ms, Drone: 32
[P2_SUCCESS] Time: 390ms, Drone: 46
[P2_RX] Time: 390ms, Receiver: 28, Sender: 46, RSSI: -82
[P2_RX] Time: 390ms, Receiver: 1, Sender: 32, RSSI: -82
[P2_RX] Time: 390ms, Receiver: 34, Sender: 46, RSSI: -87
[P2_RX] Time: 390ms, Receiver: 16, Sender: 32, RSSI: -91
[P2_RX] Time: 390ms, Receiver: 38, Sender: 11, RSSI: -94
[P2_RX] Time: 390ms, Receiver: 15, Sender: 32, RSSI: -95
[P2_RX] Time: 390ms, Receiver: 18, Sender: 32, RSSI: -99
[P2_ATTEMPT] Time: 393ms, Drone: 17, Slot: 4, Channel: 19
[P2_ATTEMPT] Time: 393ms, Drone: 24, Slot: 4, Channel: 18
[P2_ATTEMPT] Time: 393ms, Drone: 27, Slot: 4, Channel: 12
[P2_ATTEMPT] Time: 393ms, Drone: 31, Slot: 4, Channel: 18
[P2_SUCCESS] Time: 393ms, Drone: 0
[P2_SUCCESS] Time: 393ms, Drone: 2
[P2_SUCCESS] Time: 393ms, Drone: 6
[P2_SUCCESS] Time: 393ms, Drone: 12
[P2_SUCCESS] Time: 393ms, Drone: 26
[P2_SUCCESS] Time: 393ms, Drone: 44
[P2_RX] Time: 393ms, Receiver: 23, Sender: 0, RSSI: -89
[P2_RX] Time: 393ms, Receiver: 42, Sender: 26, RSSI: -94
[P2_RX] Time: 393ms, Receiver: 39, Sender: 6, RSSI: -95
[P2_RX] Time: 393ms, Receiver: 1, Sender: 2, RSSI: -105
[P2_RX] Time: 393ms, Receiver: 32, Sender: 2, RSSI: -105
[P2_RX] Time: 393ms, Receiver: 16, Sender: 2, RSSI: -108
[P2_ATTEMPT] Time: 395ms, Drone: 7, Slot: 5, Channel: 21
[P2_ATTEMPT] Time: 395ms, Drone: 16, Slot: 5, Channel: 26
[P2_ATTEMPT] Time: 395ms, Drone: 34, Slot: 5, Channel: 12
[P2_ATTEMPT] Time: 395ms, Drone: 35, Slot: 5, Channel: 18
[P2_ATTEMPT] Time: 395ms, Drone: 43, Slot: 5, Channel: 19
[P2_ATTEMPT] Time: 395ms, Drone: 49, Slot: 5, Channel: 15
[P2_SUCCESS] Time: 395ms, Drone: 17
[P2_SUCCESS] Time: 395ms, Drone: 24
[P2_SUCCESS] Time: 395ms, Drone: 27
[P2_SUCCESS] Time: 395ms, Drone: 31
[P2_RX] Time: 395ms, Receiver: 45, Sender: 31, RSSI: -90
[P2_RX] Time: 395ms, Receiver: 13, Sender: 31, RSSI: -91
[P2_RX] Time: 395ms, Receiver: 47, Sender: 27, RSSI: -95
[P2_RX] Time: 395ms, Receiver: 41, Sender: 27, RSSI: -101
[P2_RX] Time: 395ms, Receiver: 29, Sender: 31, RSSI: -104
[P2_RX] Time: 395ms, Receiver: 6, Sender: 24, RSSI: -105
[P2_SUCCESS] Time: 397ms, Drone: 16
[P2_RX] Time: 397ms, Receiver: 1, Sender: 16, RSSI: -89
[P2_RX] Time: 397ms, Receiver: 32, Sender: 16, RSSI: -91
[P2_RX] Time: 397ms, Receiver: 18, Sender: 16, RSSI: -94
[P2_RX] Time: 397ms, Receiver: 2, Sender: 16, RSSI: -108
[P2_ATTEMPT] Time: 398ms, Drone: 3, Slot: 6, Channel: 23
[P2_ATTEMPT] Time: 398ms, Drone: 14, Slot: 6, Channel: 22
[P2_ATTEMPT] Time: 398ms, Drone: 22, Slot: 6, Channel: 15
[P2_ATTEMPT] Time: 398ms, Drone: 38, Slot: 6, Channel: 13
[P2_ATTEMPT] Time: 398ms, Drone: 40, Slot: 6, Channel: 20
[P2_ATTEMPT] Time: 398ms, Drone: 48, Slot: 6, Channel: 21
[P2_SUCCESS] Time: 398ms, Drone: 7
[P2_SUCCESS] Time: 398ms, Drone: 34
[P2_SUCCESS] Time: 398ms, Drone: 35
[P2_SUCCESS] Time: 398ms, Drone: 43
[P2_SUCCESS] Time: 398ms, Drone: 49
[P2_RX] Time: 398ms, Receiver: 5, Sender: 35, RSSI: -75
[P2_RX] Time: 398ms, Receiver: 28, Sender: 34, RSSI: -78
[P2_RX] Time: 398ms, Receiver: 46, Sender: 34, RSSI: -87
[P2_RX] Time: 398ms, Receiver: 15, Sender: 43, RSSI: -93
[P2_RX] Time: 398ms, Receiver: 39, Sender: 35, RSSI: -97
[P2_RX] Time: 398ms, Receiver: 6, Sender: 35, RSSI: -103
[P2_RX] Time: 398ms, Receiver: 33, Sender: 43, RSSI: -107
[P2_ATTEMPT] Time: 400ms, Drone: 5, Slot: 7, Channel: 19
[P2_ATTEMPT] Time: 400ms, Drone: 8, Slot: 7, Channel: 23
[P2_ATTEMPT] Time: 400ms, Drone: 21, Slot: 7, Channel: 13
[P2_ATTEMPT] Time: 400ms, Drone: 23, Slot: 7, Channel: 20
[P2_ATTEMPT] Time: 400ms, Drone: 36, Slot: 7, Channel: 24
[P2_SUCCESS] Time: 400ms, Drone: 3
[P2_SUCCESS] Time: 400ms, Drone: 14
[P2_SUCCESS] Time: 400ms, Drone: 22
[P2_SUCCESS] Time: 400ms, Drone: 38
[P2_SUCCESS] Time: 400ms, Drone: 40
[P2_SUCCESS] Time: 400ms, Drone: 48
[P2_RX] Time: 400ms, Receiver: 49, Sender: 3, RSSI: -80
[P2_RX] Time: 400ms, Receiver: 47, Sender: 40, RSSI: -91
[P2_RX] Time: 400ms, Receiver: 11, Sender: 38, RSSI: -94
[P2_RX] Time: 400ms, Receiver: 41, Sender: 40, RSSI: -95
[P2_RX] Time: 400ms, Receiver: 10, Sender: 3, RSSI: -107
[P2_ATTEMPT] Time: 403ms, Drone: 1, Slot: 8, Channel: 24
[P2_ATTEMPT] Time: 403ms, Drone: 9, Slot: 8, Channel: 18
[P2_ATTEMPT] Time: 403ms, Drone: 13, Slot: 8, Channel: 20
[P2_ATTEMPT] Time: 403ms, Drone: 30, Slot: 8, Channel: 20
[P2_ATTEMPT] Time: 403ms, Drone: 37, Slot: 8, Channel: 12
[P2_SUCCESS] Time: 403ms, Drone: 5
[P2_SUCCESS] Time: 403ms, Drone: 8
[P2_SUCCESS] Time: 403ms, Drone: 21
[P2_SUCCESS] Time: 403ms, Drone: 23
[P2_SUCCESS] Time: 403ms, Drone: 36
[P2_RX] Time: 403ms, Receiver: 35, Sender: 5, RSSI: -75
[P2_RX] Time: 403ms, Receiver: 18, Sender: 21, RSSI: -78
[P2_RX] Time: 403ms, Receiver: 14, Sender: 23, RSSI: -89
[P2_RX] Time: 403ms, Receiver: 0, Sender: 23, RSSI: -89
[P2_RX] Time: 403ms, Receiver: 17, Sender: 21, RSSI: -91
[P2_RX] Time: 403ms, Receiver: 11, Sender: 21, RSSI: -96
[P2_RX] Time: 403ms, Receiver: 38, Sender: 21, RSSI: -97
[P2_RX] Time: 403ms, Receiver: 10, Sender: 8, RSSI: -101
[P2_RX] Time: 403ms, Receiver: 3, Sender: 8, RSSI: -103
[P2_RX] Time: 403ms, Receiver: 49, Sender: 8, RSSI: -104
[P2_ATTEMPT] Time: 405ms, Drone: 19, Slot: 9, Channel: 22
[P2_ATTEMPT] Time: 405ms, Drone: 28, Slot: 9, Channel: 20
[P2_ATTEMPT] Time: 405ms, Drone: 45, Slot: 9, Channel: 17
[P2_SUCCESS] Time: 405ms, Drone: 1
[P2_SUCCESS] Time: 405ms, Drone: 9
[P2_SUCCESS] Time: 405ms, Drone: 13
[P2_SUCCESS] Time: 405ms, Drone: 30
[P2_SUCCESS] Time: 405ms, Drone: 37
[P2_RX] Time: 405ms, Receiver: 32, Sender: 1, RSSI: -82
[P2_RX] Time: 405ms, Receiver: 29, Sender: 37, RSSI: -89
[P2_RX] Time: 405ms, Receiver: 16, Sender: 1, RSSI: -89
[P2_RX] Time: 405ms, Receiver: 33, Sender: 37, RSSI: -90
[P2_RX] Time: 405ms, Receiver: 48, Sender: 13, RSSI: -93
[P2_RX] Time: 405ms, Receiver: 7, Sender: 30, RSSI: -94
[P2_RX] Time: 405ms, Receiver: 25, Sender: 37, RSSI: -95
[P2_RX] Time: 405ms, Receiver: 4, Sender: 13, RSSI: -96
[P2_RX] Time: 405ms, Receiver: 14, Sender: 30, RSSI: -96
[P2_RX] Time: 405ms, Receiver: 39, Sender: 9, RSSI: -97
[P2_RX] Time: 405ms, Receiver: 2, Sender: 13, RSSI: -97
[P2_RX] Time: 405ms, Receiver: 24, Sender: 13, RSSI: -97
[P2_RX] Time: 405ms, Receiver: 6, Sender: 9, RSSI: -101
[P2_RX] Time: 405ms, Receiver: 23, Sender: 30, RSSI: -100
[P2_RX] Time: 405ms, Receiver: 0, Sender: 13, RSSI: -101
[P1_ATTEMPT] Time: 408ms, Drone: 11
[P2_SUCCESS] Time: 408ms, Drone: 19
[P2_SUCCESS] Time: 408ms, Drone: 28
[P2_SUCCESS] Time: 408ms, Drone: 45
[P1_SUCCESS] Time: 409ms, Drone: 11
[P1_RX] Time: 409ms, Receiver: 38, Sender: 11, RSSI: -94
[P1_RX] Time: 409ms, Receiver: 21, Sender: 11, RSSI: -96
[P1_RX] Time: 409ms, Receiver: 18, Sender: 11, RSSI: -98
[P1_RX] Time: 409ms, Receiver: 17, Sender: 11, RSSI: -99
[P1_RX] Time: 409ms, Receiver: 43, Sender: 11, RSSI: -100
[P1_RX] Time: 409ms, Receiver: 16, Sender: 11, RSSI: -103
[P1_RX] Time: 409ms, Receiver: 15, Sender: 11, RSSI: -104
[P1_RX] Time: 409ms, Receiver: 32, Sender: 11, RSSI: -105
[P1_RX] Time: 409ms, Receiver: 10, Sender: 11, RSSI: -106
[P1_RX] Time: 409ms, Receiver: 3, Sender: 11, RSSI: -106
[P1_RX] Time: 409ms, Receiver: 47, Sender: 11, RSSI: -106
[P1_RX] Time: 409ms, Receiver: 1, Sender: 11, RSSI: -106
[P1_RX] Time: 409ms, Receiver: 27, Sender: 11, RSSI: -107
[P1_RX] Time: 409ms, Receiver: 8, Sender: 11, RSSI: -107
[P1_RX] Time: 409ms, Receiver: 41, Sender: 11, RSSI: -107
[P1_RX] Time: 409ms, Receiver: 49, Sender: 11, RSSI: -107
[P1_ATTEMPT] Time: 410ms, Drone: 7
[P1_ATTEMPT] Time: 410ms, Drone: 43
[P1_SUCCESS] Time: 411ms, Drone: 7
[P1_RX] Time: 411ms, Receiver: 30, Sender: 7, RSSI: -94
[P1_RX] Time: 411ms, Receiver: 14, Sender: 7, RSSI: -100
[P1_RX] Time: 411ms, Receiver: 12, Sender: 7, RSSI: -103
[P1_RX] Time: 411ms, Receiver: 23, Sender: 7, RSSI: -105
[P1_RX] Time: 411ms, Receiver: 26, Sender: 7, RSSI: -106
[P1_RX] Time: 411ms, Receiver: 24, Sender: 7, RSSI: -106
[P1_SUCCESS] Time: 411ms, Drone: 43
[P1_RX] Time: 411ms, Receiver: 15, Sender: 43, RSSI: -93
[P1_RX] Time: 411ms, Receiver: 38, Sender: 43, RSSI: -96
[P1_RX] Time: 411ms, Receiver: 21, Sender: 43, RSSI: -99
[P1_RX] Time: 411ms, Receiver: 18, Sender: 43, RSSI: -99
[P1_RX] Time: 411ms, Receiver: 11, Sender: 43, RSSI: -100
[P1_RX] Time: 411ms, Receiver: 32, Sender: 43, RSSI: -101
[P1_RX] Time: 411ms, Receiver: 10, Sender: 43, RSSI: -102
[P1_RX] Time: 411ms, Receiver: 17, Sender: 43, RSSI: -103
[P1_RX] Time: 411ms, Receiver: 16, Sender: 43, RSSI: -103
[P1_RX] Time: 411ms, Receiver: 1, Sender: 43, RSSI: -103
[P1_RX] Time: 411ms, Receiver: 3, Sender: 43, RSSI: -104
[P1_RX] Time: 411ms, Receiver: 49, Sender: 43, RSSI: -105
[P1_RX] Time: 411ms, Receiver: 27, Sender: 43, RSSI: -106
[P1_RX] Time: 411ms, Receiver: 33, Sender: 43, RSSI: -106
[P1_RX] Time: 411ms, Receiver: 47, Sender: 43, RSSI: -106
[P1_RX] Time: 411ms, Receiver: 45, Sender: 43, RSSI: -106
[P1_RX] Time: 411ms, Receiver: 8, Sender: 43, RSSI: -107
[P1_RX] Time: 411ms, Receiver: 37, Sender: 43, RSSI: -107
[P1_RX] Time: 411ms, Receiver: 31, Sender: 43, RSSI: -106
[P1_ATTEMPT] Time: 411ms, Drone: 14
[P1_ATTEMPT] Time: 411ms, Drone: 16
[P1_SUCCESS] Time: 412ms, Drone: 14
[P1_RX] Time: 412ms, Receiver: 23, Sender: 14, RSSI: -89
[P1_RX] Time: 412ms, Receiver: 0, Sender: 14, RSSI: -97
[P1_RX] Time: 412ms, Receiver: 30, Sender: 14, RSSI: -97
[P1_RX] Time: 412ms, Receiver: 26, Sender: 14, RSSI: -99
[P1_RX] Time: 412ms, Receiver: 24, Sender: 14, RSSI: -99
[P1_RX] Time: 412ms, Receiver: 7, Sender: 14, RSSI: -101
[P1_RX] Time: 412ms, Receiver: 2, Sender: 14, RSSI: -101
[P1_RX] Time: 412ms, Receiver: 42, Sender: 14, RSSI: -102
[P1_RX] Time: 412ms, Receiver: 13, Sender: 14, RSSI: -104
[P1_RX] Time: 412ms, Receiver: 6, Sender: 14, RSSI: -104
[P1_RX] Time: 412ms, Receiver: 48, Sender: 14, RSSI: -105
[P1_RX] Time: 412ms, Receiver: 12, Sender: 14, RSSI: -106
[P1_RX] Time: 412ms, Receiver: 31, Sender: 14, RSSI: -106
[P1_SUCCESS] Time: 412ms, Drone: 16
[P1_RX] Time: 412ms, Receiver: 1, Sender: 16, RSSI: -89
[P1_RX] Time: 412ms, Receiver: 32, Sender: 16, RSSI: -91
[P1_RX] Time: 412ms, Receiver: 17, Sender: 16, RSSI: -91
[P1_RX] Time: 412ms, Receiver: 18, Sender: 16, RSSI: -94
[P1_RX] Time: 412ms, Receiver: 21, Sender: 16, RSSI: -97
[P1_RX] Time: 412ms, Receiver: 47, Sender: 16, RSSI: -97
[P1_RX] Time: 412ms, Receiver: 15, Sender: 16, RSSI: -100
[P1_RX] Time: 412ms, Receiver: 3, Sender: 16, RSSI: -100
[P1_RX] Time: 412ms, Receiver: 40, Sender: 16, RSSI: -101
[P1_RX] Time: 412ms, Receiver: 49, Sender: 16, RSSI: -102
[P1_RX] Time: 412ms, Receiver: 43, Sender: 16, RSSI: -103
[P1_RX] Time: 412ms, Receiver: 11, Sender: 16, RSSI: -103
[P1_RX] Time: 412ms, Receiver: 41, Sender: 16, RSSI: -104
[P1_RX] Time: 412ms, Receiver: 38, Sender: 16, RSSI: -105
[P1_ATTEMPT] Time: 413ms, Drone: 40
[P1_ATTEMPT] Time: 413ms, Drone: 1
[P1_SUCCESS] Time: 413ms, Drone: 40
[P1_RX] Time: 413ms, Receiver: 47, Sender: 40, RSSI: -91
[P1_RX] Time: 413ms, Receiver: 19, Sender: 40, RSSI: -92
[P1_RX] Time: 413ms, Receiver: 41, Sender: 40, RSSI: -95
[P1_RX] Time: 413ms, Receiver: 5, Sender: 40, RSSI: -98
[P1_RX] Time: 413ms, Receiver: 35, Sender: 40, RSSI: -99
[P1_RX] Time: 413ms, Receiver: 27, Sender: 40, RSSI: -101
[P1_RX] Time: 413ms, Receiver: 36, Sender: 40, RSSI: -104
[P1_RX] Time: 413ms, Receiver: 39, Sender: 40, RSSI: -106
[P1_RX] Time: 413ms, Receiver: 9, Sender: 40, RSSI: -107
[P1_RX] Time: 413ms, Receiver: 22, Sender: 40, RSSI: -107
[P1_SUCCESS] Time: 414ms, Drone: 1
[P1_RX] Time: 414ms, Receiver: 38, Sender: 1, RSSI: -106
[P1_RX] Time: 414ms, Receiver: 33, Sender: 1, RSSI: -107
[P1_RX] Time: 414ms, Receiver: 29, Sender: 1, RSSI: -108
[P1_ATTEMPT] Time: 414ms, Drone: 5
[P1_ATTEMPT] Time: 414ms, Drone: 42
[P1_ABORT] Time: 414ms, Drone: 42
[P1_ATTEMPT] Time: 414ms, Drone: 42
[P1_ATTEMPT] Time: 415ms, Drone: 17
[P1_ABORT] Time: 415ms, Drone: 42
[P1_ATTEMPT] Time: 415ms, Drone: 42
[P1_ABORT] Time: 415ms, Drone: 17
[P1_ATTEMPT] Time: 415ms, Drone: 17
[P1_ABORT] Time: 415ms, Drone: 42
[P1_ATTEMPT] Time: 415ms, Drone: 42
[P1_ABORT] Time: 415ms, Drone: 17
[P1_ATTEMPT] Time: 415ms, Drone: 17
[P1_ABORT] Time: 415ms, Drone: 42
[P1_ATTEMPT] Time: 415ms, Drone: 42
[P1_SUCCESS] Time: 415ms, Drone: 5
[P1_RX] Time: 415ms, Receiver: 35, Sender: 5, RSSI: -75
[P1_RX] Time: 415ms, Receiver: 40, Sender: 5, RSSI: -98
[P1_RX] Time: 415ms, Receiver: 39, Sender: 5, RSSI: -99
[P1_RX] Time: 415ms, Receiver: 19, Sender: 5, RSSI: -99
[P1_RX] Time: 415ms, Receiver: 36, Sender: 5, RSSI: -100
[P1_RX] Time: 415ms, Receiver: 41, Sender: 5, RSSI: -100
[P1_RX] Time: 415ms, Receiver: 9, Sender: 5, RSSI: -101
[P1_RX] Time: 415ms, Receiver: 47, Sender: 5, RSSI: -102
[P1_RX] Time: 415ms, Receiver: 22, Sender: 5, RSSI: -103
[P1_RX] Time: 415ms, Receiver: 27, Sender: 5, RSSI: -105
[P1_RX] Time: 415ms, Receiver: 6, Sender: 5, RSSI: -105
[P1_RX] Time: 415ms, Receiver: 42, Sender: 5, RSSI: -106
[P1_RX] Time: 415ms, Receiver: 0, Sender: 5, RSSI: -108
[P1_ABORT] Time: 415ms, Drone: 42
[P1_ATTEMPT] Time: 415ms, Drone: 42
[P1_ATTEMPT] Time: 415ms, Drone: 4
[P1_ABORT] Time: 415ms, Drone: 4
[P1_ATTEMPT] Time: 415ms, Drone: 4
[P1_ABORT] Time: 416ms, Drone: 4
[P1_ATTEMPT] Time: 416ms, Drone: 4
[P1_ATTEMPT] Time: 416ms, Drone: 19
[P1_ATTEMPT] Time: 416ms, Drone: 10
[P1_ABORT] Time: 416ms, Drone: 4
[P1_ATTEMPT] Time: 416ms, Drone: 4
[P1_ABORT] Time: 416ms, Drone: 19
[P1_ATTEMPT] Time: 416ms, Drone: 19
[P1_ABORT] Time: 416ms, Drone: 10
[P1_ATTEMPT] Time: 416ms, Drone: 10
[P1_SUCCESS] Time: 416ms, Drone: 17
[P1_RX] Time: 416ms, Receiver: 18, Sender: 17, RSSI: -86
[P1_RX] Time: 416ms, Receiver: 21, Sender: 17, RSSI: -91
[P1_RX] Time: 416ms, Receiver: 16, Sender: 17, RSSI: -91
[P1_RX] Time: 416ms, Receiver: 1, Sender: 17, RSSI: -99
[P1_RX] Time: 416ms, Receiver: 11, Sender: 17, RSSI: -99
[P1_RX] Time: 416ms, Receiver: 32, Sender: 17, RSSI: -99
[P1_RX] Time: 416ms, Receiver: 3, Sender: 17, RSSI: -100
[P1_RX] Time: 416ms, Receiver: 47, Sender: 17, RSSI: -101
[P1_RX] Time: 416ms, Receiver: 49, Sender: 17, RSSI: -103
[P1_RX] Time: 416ms, Receiver: 15, Sender: 17, RSSI: -103
[P1_RX] Time: 416ms, Receiver: 43, Sender: 17, RSSI: -103
[P1_RX] Time: 416ms, Receiver: 38, Sender: 17, RSSI: -103
[P1_RX] Time: 416ms, Receiver: 40, Sender: 17, RSSI: -104
[P1_RX] Time: 416ms, Receiver: 41, Sender: 17, RSSI: -105
[P1_RX] Time: 416ms, Receiver: 27, Sender: 17, RSSI: -105
[P1_RX] Time: 416ms, Receiver: 8, Sender: 17, RSSI: -108
[P1_ABORT] Time: 416ms, Drone: 4
[P1_ATTEMPT] Time: 416ms, Drone: 4
[P1_ABORT] Time: 416ms, Drone: 19
[P1_ATTEMPT] Time: 416ms, Drone: 19
[P1_SUCCESS] Time: 416ms, Drone: 42
[P1_RX] Time: 416ms, Receiver: 26, Sender: 42, RSSI: -94
[P1_RX] Time: 416ms, Receiver: 23, Sender: 42, RSSI: -97
[P1_RX] Time: 416ms, Receiver: 24, Sender: 42, RSSI: -98
[P1_RX] Time: 416ms, Receiver: 0, Sender: 42, RSSI: -98
[P1_RX] Time: 416ms, Receiver: 6, Sender: 42, RSSI: -98
[P1_RX] Time: 416ms, Receiver: 14, Sender: 42, RSSI: -101
[P1_RX] Time: 416ms, Receiver: 39, Sender: 42, RSSI: -103
[P1_RX] Time: 416ms, Receiver: 48, Sender: 42, RSSI: -104
[P1_RX] Time: 416ms, Receiver: 9, Sender: 42, RSSI: -106
[P1_RX] Time: 416ms, Receiver: 30, Sender: 42, RSSI: -107
[P1_ABORT] Time: 416ms, Drone: 19
[P1_ATTEMPT] Time: 416ms, Drone: 19
[P1_ATTEMPT] Time: 416ms, Drone: 31
[P1_ABORT] Time: 417ms, Drone: 31
[P1_ATTEMPT] Time: 417ms, Drone: 31
[P1_SUCCESS] Time: 417ms, Drone: 10
[P1_RX] Time: 417ms, Receiver: 38, Sender: 10, RSSI: -98
[P1_RX] Time: 417ms, Receiver: 8, Sender: 10, RSSI: -101
[P1_RX] Time: 417ms, Receiver: 43, Sender: 10, RSSI: -101
[P1_RX] Time: 417ms, Receiver: 21, Sender: 10, RSSI: -104
[P1_RX] Time: 417ms, Receiver: 11, Sender: 10, RSSI: -105
[P1_SUCCESS] Time: 417ms, Drone: 4
[P1_RX] Time: 417ms, Receiver: 48, Sender: 4, RSSI: -94
[P1_RX] Time: 417ms, Receiver: 13, Sender: 4, RSSI: -96
[P1_RX] Time: 417ms, Receiver: 31, Sender: 4, RSSI: -100
[P1_RX] Time: 417ms, Receiver: 1, Sender: 4, RSSI: -101
[P1_RX] Time: 417ms, Receiver: 45, Sender: 4, RSSI: -101
[P1_RX] Time: 417ms, Receiver: 2, Sender: 4, RSSI: -101
[P1_RX] Time: 417ms, Receiver: 24, Sender: 4, RSSI: -102
[P1_RX] Time: 417ms, Receiver: 32, Sender: 4, RSSI: -101
[P1_RX] Time: 417ms, Receiver: 33, Sender: 4, RSSI: -102
[P1_RX] Time: 417ms, Receiver: 29, Sender: 4, RSSI: -103
[P1_RX] Time: 417ms, Receiver: 20, Sender: 4, RSSI: -105
[P1_RX] Time: 417ms, Receiver: 37, Sender: 4, RSSI: -104
[P1_RX] Time: 417ms, Receiver: 25, Sender: 4, RSSI: -107
[P1_RX] Time: 417ms, Receiver: 23, Sender: 4, RSSI: -108
[P1_ABORT] Time: 417ms, Drone: 31
[P1_ATTEMPT] Time: 417ms, Drone: 31
[P1_SUCCESS] Time: 417ms, Drone: 19
[P1_RX] Time: 417ms, Receiver: 35, Sender: 19, RSSI: -98
[P1_RX] Time: 417ms, Receiver: 5, Sender: 19, RSSI: -99
[P1_RX] Time: 417ms, Receiver: 41, Sender: 19, RSSI: -101
[P1_RX] Time: 417ms, Receiver: 39, Sender: 19, RSSI: -104
[P1_RX] Time: 417ms, Receiver: 9, Sender: 19, RSSI: -104
[P1_RX] Time: 417ms, Receiver: 6, Sender: 19, RSSI: -105
[P1_RX] Time: 417ms, Receiver: 36, Sender: 19, RSSI: -107
[P1_RX] Time: 417ms, Receiver: 22, Sender: 19, RSSI: -107
[P1_SUCCESS] Time: 418ms, Drone: 31
[P1_RX] Time: 418ms, Receiver: 45, Sender: 31, RSSI: -90
[P1_RX] Time: 418ms, Receiver: 13, Sender: 31, RSSI: -92
[P1_RX] Time: 418ms, Receiver: 4, Sender: 31, RSSI: -101
[P1_RX] Time: 418ms, Receiver: 48, Sender: 31, RSSI: -101
[P1_RX] Time: 418ms, Receiver: 2, Sender: 31, RSSI: -102
[P1_RX] Time: 418ms, Receiver: 33, Sender: 31, RSSI: -102
[P1_RX] Time: 418ms, Receiver: 24, Sender: 31, RSSI: -104
[P1_RX] Time: 418ms, Receiver: 32, Sender: 31, RSSI: -104
[P1_RX] Time: 418ms, Receiver: 15, Sender: 31, RSSI: -104
[P1_RX] Time: 418ms, Receiver: 0, Sender: 31, RSSI: -104
[P1_RX] Time: 418ms, Receiver: 29, Sender: 31, RSSI: -105
[P1_RX] Time: 418ms, Receiver: 1, Sender: 31, RSSI: -105
[P1_RX] Time: 418ms, Receiver: 23, Sender: 31, RSSI: -106
[P1_RX] Time: 418ms, Receiver: 27, Sender: 31, RSSI: -106
[P1_RX] Time: 418ms, Receiver: 14, Sender: 31, RSSI: -106
[P1_RX] Time: 418ms, Receiver: 37, Sender: 31, RSSI: -106
[P1_RX] Time: 418ms, Receiver: 12, Sender: 31, RSSI: -107
[P1_RX] Time: 418ms, Receiver: 30, Sender: 31, RSSI: -107
[P1_RX] Time: 418ms, Receiver: 42, Sender: 31, RSSI: -108
[P1_RX] Time: 418ms, Receiver: 43, Sender: 31, RSSI: -108
[P1_RX] Time: 418ms, Receiver: 16, Sender: 31, RSSI: -108
[P1_ATTEMPT] Time: 418ms, Drone: 37
[P1_ATTEMPT] Time: 418ms, Drone: 49
[P1_ABORT] Time: 418ms, Drone: 49
[P1_ATTEMPT] Time: 418ms, Drone: 49
[P1_ABORT] Time: 418ms, Drone: 49
[P1_ATTEMPT] Time: 418ms, Drone: 49
[P1_ABORT] Time: 419ms, Drone: 49
[P1_ATTEMPT] Time: 419ms, Drone: 49
[P1_ATTEMPT] Time: 419ms, Drone: 26
[P1_ABORT] Time: 419ms, Drone: 49
[P1_ATTEMPT] Time: 419ms, Drone: 49
[P1_SUCCESS] Time: 419ms, Drone: 37
[P1_RX] Time: 419ms, Receiver: 29, Sender: 37, RSSI: -89
[P1_RX] Time: 419ms, Receiver: 33, Sender: 37, RSSI: -90
[P1_RX] Time: 419ms, Receiver: 25, Sender: 37, RSSI: -95
[P1_RX] Time: 419ms, Receiver: 34, Sender: 37, RSSI: -102
[P1_RX] Time: 419ms, Receiver: 20, Sender: 37, RSSI: -103
[P1_RX] Time: 419ms, Receiver: 28, Sender: 37, RSSI: -104
[P1_RX] Time: 419ms, Receiver: 46, Sender: 37, RSSI: -105
[P1_RX] Time: 419ms, Receiver: 15, Sender: 37, RSSI: -105
[P1_RX] Time: 419ms, Receiver: 4, Sender: 37, RSSI: -106
[P1_RX] Time: 419ms, Receiver: 31, Sender: 37, RSSI: -106
[P1_RX] Time: 419ms, Receiver: 13, Sender: 37, RSSI: -108
[P1_RX] Time: 419ms, Receiver: 43, Sender: 37, RSSI: -108
[P1_RX] Time: 419ms, Receiver: 45, Sender: 37, RSSI: -109
[P1_RX] Time: 419ms, Receiver: 48, Sender: 37, RSSI: -109
[P1_ATTEMPT] Time: 419ms, Drone: 47
[P1_ATTEMPT] Time: 419ms, Drone: 25
[P1_ATTEMPT] Time: 419ms, Drone: 8
[P1_ABORT] Time: 419ms, Drone: 8
[P1_ATTEMPT] Time: 419ms, Drone: 8
[P1_ABORT] Time: 419ms, Drone: 8
[P1_ATTEMPT] Time: 419ms, Drone: 8
[P1_ABORT] Time: 419ms, Drone: 8
[P1_ATTEMPT] Time: 419ms, Drone: 8
[P1_SUCCESS] Time: 420ms, Drone: 26
[P1_RX] Time: 420ms, Receiver: 42, Sender: 26, RSSI: -94
[P1_RX] Time: 420ms, Receiver: 23, Sender: 26, RSSI: -97
[P1_RX] Time: 420ms, Receiver: 14, Sender: 26, RSSI: -99
[P1_RX] Time: 420ms, Receiver: 24, Sender: 26, RSSI: -99
[P1_RX] Time: 420ms, Receiver: 2, Sender: 26, RSSI: -101
[P1_RX] Time: 420ms, Receiver: 0, Sender: 26, RSSI: -101
[P1_RX] Time: 420ms, Receiver: 6, Sender: 26, RSSI: -102
[P1_RX] Time: 420ms, Receiver: 30, Sender: 26, RSSI: -105
[P1_RX] Time: 420ms, Receiver: 7, Sender: 26, RSSI: -106
[P1_ATTEMPT] Time: 420ms, Drone: 38
[P1_ABORT] Time: 420ms, Drone: 8
[P1_ATTEMPT] Time: 420ms, Drone: 8
[P1_SUCCESS] Time: 420ms, Drone: 49
[P1_RX] Time: 420ms, Receiver: 3, Sender: 49, RSSI: -80
[P1_RX] Time: 420ms, Receiver: 18, Sender: 49, RSSI: -98
[P1_RX] Time: 420ms, Receiver: 21, Sender: 49, RSSI: -99
[P1_RX] Time: 420ms, Receiver: 15, Sender: 49, RSSI: -101
[P1_RX] Time: 420ms, Receiver: 8, Sender: 49, RSSI: -104
[P1_RX] Time: 420ms, Receiver: 43, Sender: 49, RSSI: -103
[P1_RX] Time: 420ms, Receiver: 38, Sender: 49, RSSI: -104
[P1_ABORT] Time: 420ms, Drone: 38
[P1_ATTEMPT] Time: 420ms, Drone: 38
[P1_ABORT] Time: 420ms, Drone: 8
[P1_ATTEMPT] Time: 420ms, Drone: 8
[P1_SUCCESS] Time: 420ms, Drone: 47
[P1_RX] Time: 420ms, Receiver: 40, Sender: 47, RSSI: -91
[P1_RX] Time: 420ms, Receiver: 27, Sender: 47, RSSI: -95
[P1_RX] Time: 420ms, Receiver: 41, Sender: 47, RSSI: -96
[P1_RX] Time: 420ms, Receiver: 16, Sender: 47, RSSI: -96
[P1_RX] Time: 420ms, Receiver: 32, Sender: 47, RSSI: -97
[P1_RX] Time: 420ms, Receiver: 36, Sender: 47, RSSI: -106
[P1_SUCCESS] Time: 420ms, Drone: 25
[P1_RX] Time: 420ms, Receiver: 34, Sender: 25, RSSI: -102
[P1_RX] Time: 420ms, Receiver: 28, Sender: 25, RSSI: -103
[P1_RX] Time: 420ms, Receiver: 46, Sender: 25, RSSI: -105
[P1_ATTEMPT] Time: 420ms, Drone: 39
[P1_ATTEMPT] Time: 420ms, Drone: 33
[P1_SUCCESS] Time: 421ms, Drone: 38
[P1_RX] Time: 421ms, Receiver: 11, Sender: 38, RSSI: -94
[P1_RX] Time: 421ms, Receiver: 43, Sender: 38, RSSI: -96
[P1_RX] Time: 421ms, Receiver: 21, Sender: 38, RSSI: -97
[P1_RX] Time: 421ms, Receiver: 10, Sender: 38, RSSI: -97
[P1_RX] Time: 421ms, Receiver: 18, Sender: 38, RSSI: -99
[P1_RX] Time: 421ms, Receiver: 17, Sender: 38, RSSI: -102
[P1_RX] Time: 421ms, Receiver: 15, Sender: 38, RSSI: -102
[P1_RX] Time: 421ms, Receiver: 16, Sender: 38, RSSI: -104
[P1_RX] Time: 421ms, Receiver: 32, Sender: 38, RSSI: -105
[P1_SUCCESS] Time: 421ms, Drone: 8
[P1_ATTEMPT] Time: 421ms, Drone: 34
[P1_SUCCESS] Time: 421ms, Drone: 39
[P1_RX] Time: 421ms, Receiver: 6, Sender: 39, RSSI: -95
[P1_RX] Time: 421ms, Receiver: 35, Sender: 39, RSSI: -96
[P1_RX] Time: 421ms, Receiver: 9, Sender: 39, RSSI: -97
[P1_RX] Time: 421ms, Receiver: 5, Sender: 39, RSSI: -98
[P1_RX] Time: 421ms, Receiver: 42, Sender: 39, RSSI: -103
[P1_RX] Time: 421ms, Receiver: 19, Sender: 39, RSSI: -103
[P1_RX] Time: 421ms, Receiver: 0, Sender: 39, RSSI: -104
[P1_RX] Time: 421ms, Receiver: 40, Sender: 39, RSSI: -105
[P1_RX] Time: 421ms, Receiver: 23, Sender: 39, RSSI: -106
[P1_RX] Time: 421ms, Receiver: 22, Sender: 39, RSSI: -106
[P1_RX] Time: 421ms, Receiver: 26, Sender: 39, RSSI: -106
[P1_RX] Time: 421ms, Receiver: 36, Sender: 39, RSSI: -106
[P1_ABORT] Time: 421ms, Drone: 34
[P1_ATTEMPT] Time: 421ms, Drone: 34
[P1_SUCCESS] Time: 421ms, Drone: 33
[P1_RX] Time: 421ms, Receiver: 29, Sender: 33, RSSI: -89
[P1_RX] Time: 421ms, Receiver: 37, Sender: 33, RSSI: -90
[P1_RX] Time: 421ms, Receiver: 25, Sender: 33, RSSI: -99
[P1_RX] Time: 421ms, Receiver: 31, Sender: 33, RSSI: -102
[P1_RX] Time: 421ms, Receiver: 4, Sender: 33, RSSI: -103
[P1_RX] Time: 421ms, Receiver: 15, Sender: 33, RSSI: -103
[P1_RX] Time: 421ms, Receiver: 13, Sender: 33, RSSI: -104
[P1_RX] Time: 421ms, Receiver: 45, Sender: 33, RSSI: -104
[P1_RX] Time: 421ms, Receiver: 20, Sender: 33, RSSI: -105
[P1_RX] Time: 421ms, Receiver: 34, Sender: 33, RSSI: -106
[P1_RX] Time: 421ms, Receiver: 48, Sender: 33, RSSI: -106
[P1_RX] Time: 421ms, Receiver: 43, Sender: 33, RSSI: -106
[P1_RX] Time: 421ms, Receiver: 32, Sender: 33, RSSI: -106
[P1_RX] Time: 421ms, Receiver: 28, Sender: 33, RSSI: -107
[P1_RX] Time: 421ms, Receiver: 1, Sender: 33, RSSI: -106
[P1_ATTEMPT] Time: 421ms, Drone: 2
[P1_ATTEMPT] Time: 422ms, Drone: 24
[P1_ABORT] Time: 422ms, Drone: 24
[P1_ATTEMPT] Time: 422ms, Drone: 24
[P1_ATTEMPT] Time: 422ms, Drone: 32
[P1_ABORT] Time: 422ms, Drone: 24
[P1_ATTEMPT] Time: 422ms, Drone: 24
[P1_SUCCESS] Time: 422ms, Drone: 34
[P1_RX] Time: 422ms, Receiver: 28, Sender: 34, RSSI: -78
[P1_RX] Time: 422ms, Receiver: 46, Sender: 34, RSSI: -87
[P1_RX] Time: 422ms, Receiver: 44, Sender: 34, RSSI: -101
[P1_RX] Time: 422ms, Receiver: 37, Sender: 34, RSSI: -102
[P1_RX] Time: 422ms, Receiver: 25, Sender: 34, RSSI: -103
[P1_RX] Time: 422ms, Receiver: 20, Sender: 34, RSSI: -105
[P1_RX] Time: 422ms, Receiver: 29, Sender: 34, RSSI: -105
[P1_ABORT] Time: 422ms, Drone: 32
[P1_ATTEMPT] Time: 422ms, Drone: 32
[P1_ABORT] Time: 422ms, Drone: 24
[P1_ATTEMPT] Time: 422ms, Drone: 24
[P1_ABORT] Time: 422ms, Drone: 32
[P1_ATTEMPT] Time: 422ms, Drone: 32
[P1_ABORT] Time: 422ms, Drone: 24
[P1_ATTEMPT] Time: 422ms, Drone: 24
[P1_ABORT] Time: 422ms, Drone: 32
[P1_ATTEMPT] Time: 422ms, Drone: 32
[P1_SUCCESS] Time: 422ms, Drone: 2
[P1_RX] Time: 422ms, Receiver: 24, Sender: 2, RSSI: -89
[P1_RX] Time: 422ms, Receiver: 42, Sender: 2, RSSI: -96
[P1_RX] Time: 422ms, Receiver: 13, Sender: 2, RSSI: -97
[P1_RX] Time: 422ms, Receiver: 23, Sender: 2, RSSI: -98
[P1_RX] Time: 422ms, Receiver: 48, Sender: 2, RSSI: -98
[P1_RX] Time: 422ms, Receiver: 0, Sender: 2, RSSI: -98
[P1_RX] Time: 422ms, Receiver: 45, Sender: 2, RSSI: -99
[P1_RX] Time: 422ms, Receiver: 14, Sender: 2, RSSI: -101
[P1_RX] Time: 422ms, Receiver: 26, Sender: 2, RSSI: -101
[P1_RX] Time: 422ms, Receiver: 4, Sender: 2, RSSI: -101
[P1_RX] Time: 422ms, Receiver: 31, Sender: 2, RSSI: -102
[P1_RX] Time: 422ms, Receiver: 19, Sender: 2, RSSI: -103
[P1_RX] Time: 422ms, Receiver: 1, Sender: 2, RSSI: -104
[P1_RX] Time: 422ms, Receiver: 6, Sender: 2, RSSI: -105
[P1_RX] Time: 422ms, Receiver: 32, Sender: 2, RSSI: -104
[P1_RX] Time: 422ms, Receiver: 30, Sender: 2, RSSI: -105
[P1_RX] Time: 422ms, Receiver: 27, Sender: 2, RSSI: -106
[P1_RX] Time: 422ms, Receiver: 47, Sender: 2, RSSI: -106
[P1_RX] Time: 422ms, Receiver: 40, Sender: 2, RSSI: -107
[P1_RX] Time: 422ms, Receiver: 16, Sender: 2, RSSI: -107
[P1_RX] Time: 422ms, Receiver: 39, Sender: 2, RSSI: -108
[P1_RX] Time: 422ms, Receiver: 15, Sender: 2, RSSI: -107
[P1_ABORT] Time: 422ms, Drone: 24
[P1_ATTEMPT] Time: 422ms, Drone: 24
[P1_ABORT] Time: 422ms, Drone: 32
[P1_ATTEMPT] Time: 422ms, Drone: 32
[P1_ATTEMPT] Time: 423ms, Drone: 21
[P1_ATTEMPT] Time: 423ms, Drone: 3
[P1_SUCCESS] Time: 423ms, Drone: 24
[P1_RX] Time: 423ms, Receiver: 2, Sender: 24, RSSI: -89
[P1_RX] Time: 423ms, Receiver: 48, Sender: 24, RSSI: -94
[P1_RX] Time: 423ms, Receiver: 13, Sender: 24, RSSI: -97
[P1_RX] Time: 423ms, Receiver: 42, Sender: 24, RSSI: -98
[P1_RX] Time: 423ms, Receiver: 23, Sender: 24, RSSI: -98
[P1_RX] Time: 423ms, Receiver: 26, Sender: 24, RSSI: -99
[P1_RX] Time: 423ms, Receiver: 14, Sender: 24, RSSI: -99
[P1_RX] Time: 423ms, Receiver: 0, Sender: 24, RSSI: -100
[P1_RX] Time: 423ms, Receiver: 4, Sender: 24, RSSI: -99
[P1_RX] Time: 423ms, Receiver: 30, Sender: 24, RSSI: -103
[P1_RX] Time: 423ms, Receiver: 6, Sender: 24, RSSI: -105
[P1_RX] Time: 423ms, Receiver: 7, Sender: 24, RSSI: -106
[P1_SUCCESS] Time: 423ms, Drone: 32
[P1_RX] Time: 423ms, Receiver: 1, Sender: 32, RSSI: -82
[P1_RX] Time: 423ms, Receiver: 16, Sender: 32, RSSI: -91
[P1_RX] Time: 423ms, Receiver: 15, Sender: 32, RSSI: -95
[P1_RX] Time: 423ms, Receiver: 47, Sender: 32, RSSI: -99
[P1_RX] Time: 423ms, Receiver: 27, Sender: 32, RSSI: -100
[P1_RX] Time: 423ms, Receiver: 19, Sender: 32, RSSI: -101
[P1_RX] Time: 423ms, Receiver: 40, Sender: 32, RSSI: -103
[P1_SUCCESS] Time: 424ms, Drone: 21
[P1_SUCCESS] Time: 424ms, Drone: 3
[P1_ATTEMPT] Time: 424ms, Drone: 18
[P1_ATTEMPT] Time: 424ms, Drone: 48
[P1_ATTEMPT] Time: 424ms, Drone: 0
[P1_ATTEMPT] Time: 424ms, Drone: 6
[P1_ATTEMPT] Time: 425ms, Drone: 45
[P1_ABORT] Time: 425ms, Drone: 45
[P1_ATTEMPT] Time: 425ms, Drone: 45
[P1_SUCCESS] Time: 425ms, Drone: 18
[P1_RX] Time: 425ms, Receiver: 21, Sender: 18, RSSI: -78
[P1_RX] Time: 425ms, Receiver: 17, Sender: 18, RSSI: -86
[P1_RX] Time: 425ms, Receiver: 16, Sender: 18, RSSI: -94
[P1_RX] Time: 425ms, Receiver: 3, Sender: 18, RSSI: -97
[P1_RX] Time: 425ms, Receiver: 11, Sender: 18, RSSI: -98
[P1_RX] Time: 425ms, Receiver: 32, Sender: 18, RSSI: -98
[P1_RX] Time: 425ms, Receiver: 1, Sender: 18, RSSI: -98
[P1_RX] Time: 425ms, Receiver: 43, Sender: 18, RSSI: -99
[P1_RX] Time: 425ms, Receiver: 38, Sender: 18, RSSI: -99
[P1_RX] Time: 425ms, Receiver: 15, Sender: 18, RSSI: -99
[P1_RX] Time: 425ms, Receiver: 49, Sender: 18, RSSI: -100
[P1_RX] Time: 425ms, Receiver: 47, Sender: 18, RSSI: -102
[P1_RX] Time: 425ms, Receiver: 8, Sender: 18, RSSI: -106
[P1_RX] Time: 425ms, Receiver: 10, Sender: 18, RSSI: -106
[P1_SUCCESS] Time: 425ms, Drone: 48
[P1_RX] Time: 425ms, Receiver: 13, Sender: 48, RSSI: -92
[P1_RX] Time: 425ms, Receiver: 4, Sender: 48, RSSI: -94
[P1_RX] Time: 425ms, Receiver: 24, Sender: 48, RSSI: -94
[P1_RX] Time: 425ms, Receiver: 2, Sender: 48, RSSI: -95
[P1_RX] Time: 425ms, Receiver: 31, Sender: 48, RSSI: -99
[P1_RX] Time: 425ms, Receiver: 29, Sender: 48, RSSI: -105
[P1_RX] Time: 425ms, Receiver: 33, Sender: 48, RSSI: -104
[P1_ABORT] Time: 425ms, Drone: 45
[P1_ATTEMPT] Time: 425ms, Drone: 45
[P1_ATTEMPT] Time: 425ms, Drone: 30
[P1_SUCCESS] Time: 425ms, Drone: 0
[P1_RX] Time: 425ms, Receiver: 23, Sender: 0, RSSI: -89
[P1_RX] Time: 425ms, Receiver: 14, Sender: 0, RSSI: -96
[P1_RX] Time: 425ms, Receiver: 42, Sender: 0, RSSI: -95
[P1_RX] Time: 425ms, Receiver: 26, Sender: 0, RSSI: -98
[P1_ABORT] Time: 425ms, Drone: 45
[P1_ATTEMPT] Time: 425ms, Drone: 45
[P1_ABORT] Time: 425ms, Drone: 30
[P1_ATTEMPT] Time: 425ms, Drone: 30
[P1_SUCCESS] Time: 425ms, Drone: 6
[P1_RX] Time: 425ms, Receiver: 39, Sender: 6, RSSI: -95
[P1_RX] Time: 425ms, Receiver: 9, Sender: 6, RSSI: -99
[P1_RX] Time: 425ms, Receiver: 35, Sender: 6, RSSI: -101
[P1_RX] Time: 425ms, Receiver: 5, Sender: 6, RSSI: -102
[P1_ATTEMPT] Time: 425ms, Drone: 28
[P1_SUCCESS] Time: 426ms, Drone: 45
[P1_RX] Time: 426ms, Receiver: 31, Sender: 45, RSSI: -90
[P1_RX] Time: 426ms, Receiver: 13, Sender: 45, RSSI: -95
[P1_RX] Time: 426ms, Receiver: 2, Sender: 45, RSSI: -98
[P1_RX] Time: 426ms, Receiver: 32, Sender: 45, RSSI: -101
[P1_RX] Time: 426ms, Receiver: 4, Sender: 45, RSSI: -101
[P1_RX] Time: 426ms, Receiver: 27, Sender: 45, RSSI: -102
[P1_RX] Time: 426ms, Receiver: 1, Sender: 45, RSSI: -102
[P1_RX] Time: 426ms, Receiver: 0, Sender: 45, RSSI: -101
[P1_RX] Time: 426ms, Receiver: 48, Sender: 45, RSSI: -100
[P1_RX] Time: 426ms, Receiver: 24, Sender: 45, RSSI: -100
[P1_RX] Time: 426ms, Receiver: 15, Sender: 45, RSSI: -103
[P1_RX] Time: 426ms, Receiver: 19, Sender: 45, RSSI: -104
[P1_RX] Time: 426ms, Receiver: 47, Sender: 45, RSSI: -105
[P1_RX] Time: 426ms, Receiver: 33, Sender: 45, RSSI: -104
[P1_RX] Time: 426ms, Receiver: 16, Sender: 45, RSSI: -105
[P1_RX] Time: 426ms, Receiver: 42, Sender: 45, RSSI: -104
[P1_RX] Time: 426ms, Receiver: 40, Sender: 45, RSSI: -107
[P1_RX] Time: 426ms, Receiver: 9, Sender: 45, RSSI: -108
[P1_SUCCESS] Time: 426ms, Drone: 30
[P1_RX] Time: 426ms, Receiver: 7, Sender: 30, RSSI: -94
[P1_RX] Time: 426ms, Receiver: 14, Sender: 30, RSSI: -97
[P1_RX] Time: 426ms, Receiver: 12, Sender: 30, RSSI: -97
[P1_RX] Time: 426ms, Receiver: 26, Sender: 30, RSSI: -104
[P1_ATTEMPT] Time: 426ms, Drone: 13
[P1_ATTEMPT] Time: 426ms, Drone: 15
[P1_ATTEMPT] Time: 426ms, Drone: 23
[P1_SUCCESS] Time: 426ms, Drone: 28
[P1_RX] Time: 426ms, Receiver: 34, Sender: 28, RSSI: -78
[P1_RX] Time: 426ms, Receiver: 46, Sender: 28, RSSI: -82
[P1_RX] Time: 426ms, Receiver: 44, Sender: 28, RSSI: -99
[P1_RX] Time: 426ms, Receiver: 25, Sender: 28, RSSI: -103
[P1_RX] Time: 426ms, Receiver: 20, Sender: 28, RSSI: -104
[P1_SUCCESS] Time: 427ms, Drone: 13
[P1_RX] Time: 427ms, Receiver: 31, Sender: 13, RSSI: -92
[P1_RX] Time: 427ms, Receiver: 48, Sender: 13, RSSI: -92
[P1_RX] Time: 427ms, Receiver: 45, Sender: 13, RSSI: -95
[P1_RX] Time: 427ms, Receiver: 4, Sender: 13, RSSI: -95
[P1_RX] Time: 427ms, Receiver: 2, Sender: 13, RSSI: -94
[P1_RX] Time: 427ms, Receiver: 24, Sender: 13, RSSI: -95
[P1_RX] Time: 427ms, Receiver: 12, Sender: 13, RSSI: -103
[P1_SUCCESS] Time: 427ms, Drone: 15
[P1_RX] Time: 427ms, Receiver: 43, Sender: 15, RSSI: -93
[P1_RX] Time: 427ms, Receiver: 32, Sender: 15, RSSI: -95
[P1_RX] Time: 427ms, Receiver: 1, Sender: 15, RSSI: -97
[P1_RX] Time: 427ms, Receiver: 18, Sender: 15, RSSI: -100
[P1_RX] Time: 427ms, Receiver: 16, Sender: 15, RSSI: -99
[P1_RX] Time: 427ms, Receiver: 21, Sender: 15, RSSI: -100
[P1_RX] Time: 427ms, Receiver: 3, Sender: 15, RSSI: -102
[P1_RX] Time: 427ms, Receiver: 17, Sender: 15, RSSI: -102
[P1_RX] Time: 427ms, Receiver: 49, Sender: 15, RSSI: -102
[P1_RX] Time: 427ms, Receiver: 38, Sender: 15, RSSI: -102
[P1_RX] Time: 427ms, Receiver: 11, Sender: 15, RSSI: -104
[P1_RX] Time: 427ms, Receiver: 27, Sender: 15, RSSI: -102
[P1_RX] Time: 427ms, Receiver: 47, Sender: 15, RSSI: -103
[P1_RX] Time: 427ms, Receiver: 10, Sender: 15, RSSI: -105
[P1_SUCCESS] Time: 427ms, Drone: 23
[P1_RX] Time: 427ms, Receiver: 14, Sender: 23, RSSI: -88
[P1_RX] Time: 427ms, Receiver: 0, Sender: 23, RSSI: -89
[P1_RX] Time: 427ms, Receiver: 26, Sender: 23, RSSI: -97
[P1_RX] Time: 427ms, Receiver: 42, Sender: 23, RSSI: -96
[P1_RX] Time: 427ms, Receiver: 6, Sender: 23, RSSI: -100
[P1_RX] Time: 427ms, Receiver: 7, Sender: 23, RSSI: -103
[P1_RX] Time: 427ms, Receiver: 39, Sender: 23, RSSI: -105
[P1_RX] Time: 427ms, Receiver: 19, Sender: 23, RSSI: -103
[P1_RX] Time: 427ms, Receiver: 9, Sender: 23, RSSI: -106
[P1_ATTEMPT] Time: 427ms, Drone: 41
[P1_ATTEMPT] Time: 428ms, Drone: 9
[P1_ABORT] Time: 428ms, Drone: 9
[P1_ATTEMPT] Time: 428ms, Drone: 9
[P1_ABORT] Time: 428ms, Drone: 9
[P1_ATTEMPT] Time: 428ms, Drone: 9
[P1_ABORT] Time: 428ms, Drone: 9
[P1_ATTEMPT] Time: 428ms, Drone: 9
[P1_ABORT] Time: 428ms, Drone: 9
[P1_ATTEMPT] Time: 428ms, Drone: 9
[P1_SUCCESS] Time: 428ms, Drone: 41
[P1_RX] Time: 428ms, Receiver: 40, Sender: 41, RSSI: -95
[P1_RX] Time: 428ms, Receiver: 47, Sender: 41, RSSI: -97
[P1_RX] Time: 428ms, Receiver: 5, Sender: 41, RSSI: -100
[P1_RX] Time: 428ms, Receiver: 27, Sender: 41, RSSI: -101
[P1_RX] Time: 428ms, Receiver: 19, Sender: 41, RSSI: -101
[P1_RX] Time: 428ms, Receiver: 36, Sender: 41, RSSI: -101
[P1_RX] Time: 428ms, Receiver: 35, Sender: 41, RSSI: -102
[P1_RX] Time: 428ms, Receiver: 22, Sender: 41, RSSI: -103
[P1_RX] Time: 428ms, Receiver: 17, Sender: 41, RSSI: -105
[P1_RX] Time: 428ms, Receiver: 16, Sender: 41, RSSI: -105
[P1_RX] Time: 428ms, Receiver: 9, Sender: 41, RSSI: -106
[P1_RX] Time: 428ms, Receiver: 32, Sender: 41, RSSI: -106
[P1_RX] Time: 428ms, Receiver: 1, Sender: 41, RSSI: -107
[P1_RX] Time: 428ms, Receiver: 18, Sender: 41, RSSI: -107
[P1_RX] Time: 428ms, Receiver: 11, Sender: 41, RSSI: -107
[P1_RX] Time: 428ms, Receiver: 21, Sender: 41, RSSI: -108
[P1_RX] Time: 428ms, Receiver: 39, Sender: 41, RSSI: -108
[P1_ATTEMPT] Time: 428ms, Drone: 35
[P1_ATTEMPT] Time: 429ms, Drone: 36
[P1_ATTEMPT] Time: 429ms, Drone: 44
[P1_ATTEMPT] Time: 429ms, Drone: 29
[P1_SUCCESS] Time: 429ms, Drone: 9
[P1_RX] Time: 429ms, Receiver: 39, Sender: 9, RSSI: -97
[P1_RX] Time: 429ms, Receiver: 6, Sender: 9, RSSI: -101
[P1_SUCCESS] Time: 429ms, Drone: 35
[P1_ATTEMPT] Time: 429ms, Drone: 12
[P1_SUCCESS] Time: 430ms, Drone: 36
[P1_ABORT] Time: 430ms, Drone: 12
[P1_ATTEMPT] Time: 430ms, Drone: 12
[P1_SUCCESS] Time: 430ms, Drone: 44
[P1_RX] Time: 430ms, Receiver: 28, Sender: 44, RSSI: -98
[P1_RX] Time: 430ms, Receiver: 46, Sender: 44, RSSI: -99
[P1_RX] Time: 430ms, Receiver: 34, Sender: 44, RSSI: -99
[P1_ABORT] Time: 430ms, Drone: 12
[P1_ATTEMPT] Time: 430ms, Drone: 12
[P1_SUCCESS] Time: 430ms, Drone: 29
[P1_RX] Time: 430ms, Receiver: 33, Sender: 29, RSSI: -89
[P1_RX] Time: 430ms, Receiver: 37, Sender: 29, RSSI: -89
[P1_RX] Time: 430ms, Receiver: 25, Sender: 29, RSSI: -93
[P1_RX] Time: 430ms, Receiver: 4, Sender: 29, RSSI: -102
[P1_RX] Time: 430ms, Receiver: 13, Sender: 29, RSSI: -103
[P1_RX] Time: 430ms, Receiver: 15, Sender: 29, RSSI: -104
[P1_RX] Time: 430ms, Receiver: 48, Sender: 29, RSSI: -104
[P1_ATTEMPT] Time: 430ms, Drone: 46
[P1_ATTEMPT] Time: 430ms, Drone: 22
[P1_ATTEMPT] Time: 430ms, Drone: 27
[P1_ATTEMPT] Time: 430ms, Drone: 20
[P1_ABORT] Time: 430ms, Drone: 20
[P1_ATTEMPT] Time: 430ms, Drone: 20
[P1_SUCCESS] Time: 431ms, Drone: 12
[P1_RX] Time: 431ms, Receiver: 30, Sender: 12, RSSI: -98
[P1_RX] Time: 431ms, Receiver: 7, Sender: 12, RSSI: -103
[P1_RX] Time: 431ms, Receiver: 13, Sender: 12, RSSI: -105
[P1_RX] Time: 431ms, Receiver: 14, Sender: 12, RSSI: -106
[P1_RX] Time: 431ms, Receiver: 48, Sender: 12, RSSI: -106
[P1_ABORT] Time: 431ms, Drone: 20
[P1_SUCCESS] Time: 431ms, Drone: 46
[P1_RX] Time: 431ms, Receiver: 28, Sender: 46, RSSI: -82
[P1_RX] Time: 431ms, Receiver: 34, Sender: 46, RSSI: -87
[P1_RX] Time: 431ms, Receiver: 44, Sender: 46, RSSI: -100
[P1_RX] Time: 431ms, Receiver: 20, Sender: 46, RSSI: -105
[P1_SUCCESS] Time: 431ms, Drone: 22
[P1_RX] Time: 431ms, Receiver: 36, Sender: 22, RSSI: -99
[P1_RX] Time: 431ms, Receiver: 9, Sender: 22, RSSI: -101
[P1_RX] Time: 431ms, Receiver: 5, Sender: 22, RSSI: -101
[P1_RX] Time: 431ms, Receiver: 35, Sender: 22, RSSI: -101
[P1_SUCCESS] Time: 431ms, Drone: 27
[P1_RX] Time: 431ms, Receiver: 47, Sender: 27, RSSI: -95
[P1_RX] Time: 431ms, Receiver: 19, Sender: 27, RSSI: -98
[P1_RX] Time: 431ms, Receiver: 32, Sender: 27, RSSI: -100
[P1_RX] Time: 431ms, Receiver: 40, Sender: 27, RSSI: -100
[P1_RX] Time: 431ms, Receiver: 1, Sender: 27, RSSI: -102
[P1_RX] Time: 431ms, Receiver: 16, Sender: 27, RSSI: -102
[P1_RX] Time: 431ms, Receiver: 15, Sender: 27, RSSI: -103
[P1_RX] Time: 431ms, Receiver: 17, Sender: 27, RSSI: -104
[P1_RX] Time: 431ms, Receiver: 18, Sender: 27, RSSI: -105
[P1_RX] Time: 431ms, Receiver: 43, Sender: 27, RSSI: -104
[P1_RX] Time: 431ms, Receiver: 11, Sender: 27, RSSI: -105
[P1_RX] Time: 431ms, Receiver: 21, Sender: 27, RSSI: -105
[P1_RX] Time: 431ms, Receiver: 42, Sender: 27, RSSI: -105
[P1_RX] Time: 431ms, Receiver: 6, Sender: 27, RSSI: -106
[P2_ATTEMPT] Time: 434ms, Drone: 0, Slot: 0, Channel: 12
[P2_ATTEMPT] Time: 434ms, Drone: 1, Slot: 0, Channel: 22
[P2_ATTEMPT] Time: 434ms, Drone: 3, Slot: 0, Channel: 19
[P2_ATTEMPT] Time: 434ms, Drone: 36, Slot: 0, Channel: 14
[P2_ATTEMPT] Time: 436ms, Drone: 4, Slot: 1, Channel: 26
[P2_ATTEMPT] Time: 436ms, Drone: 7, Slot: 1, Channel: 17
[P2_ATTEMPT] Time: 436ms, Drone: 33, Slot: 1, Channel: 13
[P2_ATTEMPT] Time: 436ms, Drone: 44, Slot: 1, Channel: 24
[P2_SUCCESS] Time: 436ms, Drone: 0
[P2_SUCCESS] Time: 436ms, Drone: 1
[P2_SUCCESS] Time: 436ms, Drone: 3
[P2_SUCCESS] Time: 436ms, Drone: 36
[P2_ATTEMPT] Time: 439ms, Drone: 11, Slot: 2, Channel: 24
[P2_ATTEMPT] Time: 439ms, Drone: 12, Slot: 2, Channel: 15
[P2_ATTEMPT] Time: 439ms, Drone: 23, Slot: 2, Channel: 19
[P2_SUCCESS] Time: 439ms, Drone: 4
[P2_SUCCESS] Time: 439ms, Drone: 7
[P2_SUCCESS] Time: 439ms, Drone: 33
[P2_SUCCESS] Time: 439ms, Drone: 44
[P2_RX] Time: 439ms, Receiver: 29, Sender: 33, RSSI: -89
[P2_RX] Time: 439ms, Receiver: 37, Sender: 33, RSSI: -90
[P2_RX] Time: 439ms, Receiver: 30, Sender: 7, RSSI: -94
[P2_RX] Time: 439ms, Receiver: 48, Sender: 4, RSSI: -94
[P2_ATTEMPT] Time: 441ms, Drone: 19, Slot: 3, Channel: 25
[P2_ATTEMPT] Time: 441ms, Drone: 22, Slot: 3, Channel: 24
[P2_ATTEMPT] Time: 441ms, Drone: 46, Slot: 3, Channel: 17
[P2_ATTEMPT] Time: 441ms, Drone: 48, Slot: 3, Channel: 25
[P2_SUCCESS] Time: 441ms, Drone: 11
[P2_SUCCESS] Time: 441ms, Drone: 12
[P2_SUCCESS] Time: 441ms, Drone: 23
[P2_RX] Time: 441ms, Receiver: 14, Sender: 23, RSSI: -89
[P2_RX] Time: 441ms, Receiver: 0, Sender: 23, RSSI: -89
[P2_RX] Time: 441ms, Receiver: 38, Sender: 11, RSSI: -94
[P2_ATTEMPT] Time: 444ms, Drone: 9, Slot: 4, Channel: 18
[P2_ATTEMPT] Time: 444ms, Drone: 16, Slot: 4, Channel: 19
[P2_ATTEMPT] Time: 444ms, Drone: 21, Slot: 4, Channel: 14
[P2_ATTEMPT] Time: 444ms, Drone: 26, Slot: 4, Channel: 19
[P2_ATTEMPT] Time: 444ms, Drone: 28, Slot: 4, Channel: 20
[P2_ATTEMPT] Time: 444ms, Drone: 37, Slot: 4, Channel: 14
[P2_SUCCESS] Time: 444ms, Drone: 19
[P2_SUCCESS] Time: 444ms, Drone: 22
[P2_SUCCESS] Time: 444ms, Drone: 46
[P2_SUCCESS] Time: 444ms, Drone: 48
[P2_RX] Time: 444ms, Receiver: 13, Sender: 48, RSSI: -93
[P2_RX] Time: 444ms, Receiver: 4, Sender: 48, RSSI: -94
[P2_RX] Time: 444ms, Receiver: 24, Sender: 48, RSSI: -94
[P2_RX] Time: 444ms, Receiver: 2, Sender: 48, RSSI: -97
[P2_ATTEMPT] Time: 446ms, Drone: 6, Slot: 5, Channel: 13
[P2_ATTEMPT] Time: 446ms, Drone: 15, Slot: 5, Channel: 21
[P2_ATTEMPT] Time: 446ms, Drone: 17, Slot: 5, Channel: 14
[P2_ATTEMPT] Time: 446ms, Drone: 24, Slot: 5, Channel: 24
[P2_ATTEMPT] Time: 446ms, Drone: 27, Slot: 5, Channel: 22
[P2_ATTEMPT] Time: 446ms, Drone: 34, Slot: 5, Channel: 14
[P2_ATTEMPT] Time: 446ms, Drone: 40, Slot: 5, Channel: 18
[P2_SUCCESS] Time: 446ms, Drone: 9
[P2_SUCCESS] Time: 446ms, Drone: 16
[P2_SUCCESS] Time: 446ms, Drone: 21
[P2_SUCCESS] Time: 446ms, Drone: 26
[P2_SUCCESS] Time: 446ms, Drone: 28
[P2_SUCCESS] Time: 446ms, Drone: 37
[P2_RX] Time: 446ms, Receiver: 29, Sender: 37, RSSI: -89
[P2_RX] Time: 446ms, Receiver: 1, Sender: 16, RSSI: -89
[P2_RX] Time: 446ms, Receiver: 33, Sender: 37, RSSI: -90
[P2_RX] Time: 446ms, Receiver: 25, Sender: 37, RSSI: -95
[P2_RX] Time: 446ms, Receiver: 23, Sender: 26, RSSI: -97
[P2_RX] Time: 446ms, Receiver: 14, Sender: 26, RSSI: -99
[P2_RX] Time: 446ms, Receiver: 3, Sender: 16, RSSI: -100
[P2_RX] Time: 446ms, Receiver: 0, Sender: 26, RSSI: -101
[P2_ATTEMPT] Time: 449ms, Drone: 5, Slot: 6, Channel: 15
[P2_ATTEMPT] Time: 449ms, Drone: 20, Slot: 6, Channel: 13
[P2_ATTEMPT] Time: 449ms, Drone: 30, Slot: 6, Channel: 22
[P2_ATTEMPT] Time: 449ms, Drone: 31, Slot: 6, Channel: 19
[P2_ATTEMPT] Time: 449ms, Drone: 47, Slot: 6, Channel: 12
[P2_ATTEMPT] Time: 449ms, Drone: 49, Slot: 6, Channel: 21
[P2_SUCCESS] Time: 449ms, Drone: 6
[P2_SUCCESS] Time: 449ms, Drone: 15
[P2_SUCCESS] Time: 449ms, Drone: 17
[P2_SUCCESS] Time: 449ms, Drone: 24
[P2_SUCCESS] Time: 449ms, Drone: 27
[P2_SUCCESS] Time: 449ms, Drone: 34
[P2_SUCCESS] Time: 449ms, Drone: 40
[P2_RX] Time: 449ms, Receiver: 28, Sender: 34, RSSI: -78
[P2_RX] Time: 449ms, Receiver: 18, Sender: 17, RSSI: -86
[P2_RX] Time: 449ms, Receiver: 46, Sender: 34, RSSI: -87
[P2_RX] Time: 449ms, Receiver: 2, Sender: 24, RSSI: -89
[P2_RX] Time: 449ms, Receiver: 21, Sender: 17, RSSI: -91
[P2_RX] Time: 449ms, Receiver: 16, Sender: 17, RSSI: -91
[P2_RX] Time: 449ms, Receiver: 19, Sender: 40, RSSI: -92
[P2_RX] Time: 449ms, Receiver: 43, Sender: 15, RSSI: -93
[P2_RX] Time: 449ms, Receiver: 48, Sender: 24, RSSI: -95
[P2_RX] Time: 449ms, Receiver: 39, Sender: 6, RSSI: -95
[P2_RX] Time: 449ms, Receiver: 32, Sender: 15, RSSI: -95
[P2_RX] Time: 449ms, Receiver: 41, Sender: 40, RSSI: -95
[P2_RX] Time: 449ms, Receiver: 37, Sender: 34, RSSI: -102
[P2_RX] Time: 449ms, Receiver: 25, Sender: 34, RSSI: -103
[P2_RX] Time: 449ms, Receiver: 29, Sender: 34, RSSI: -104
[P2_RX] Time: 449ms, Receiver: 33, Sender: 34, RSSI: -105
[P2_RX] Time: 449ms, Receiver: 9, Sender: 40, RSSI: -107
[P2_ATTEMPT] Time: 451ms, Drone: 8, Slot: 7, Channel: 21
[P2_ATTEMPT] Time: 451ms, Drone: 14, Slot: 7, Channel: 14
[P2_ATTEMPT] Time: 451ms, Drone: 32, Slot: 7, Channel: 26
[P2_ATTEMPT] Time: 451ms, Drone: 35, Slot: 7, Channel: 18
[P2_ATTEMPT] Time: 451ms, Drone: 39, Slot: 7, Channel: 26
[P2_ATTEMPT] Time: 451ms, Drone: 42, Slot: 7, Channel: 12
[P2_ATTEMPT] Time: 451ms, Drone: 43, Slot: 7, Channel: 25
[P2_ATTEMPT] Time: 451ms, Drone: 45, Slot: 7, Channel: 24
[P2_SUCCESS] Time: 451ms, Drone: 5
[P2_SUCCESS] Time: 451ms, Drone: 20
[P2_SUCCESS] Time: 451ms, Drone: 30
[P2_SUCCESS] Time: 451ms, Drone: 31
[P2_SUCCESS] Time: 451ms, Drone: 47
[P2_SUCCESS] Time: 451ms, Drone: 49
[P2_RX] Time: 451ms, Receiver: 3, Sender: 49, RSSI: -80
[P2_RX] Time: 451ms, Receiver: 40, Sender: 47, RSSI: -91
[P2_RX] Time: 451ms, Receiver: 7, Sender: 30, RSSI: -94
[P2_RX] Time: 451ms, Receiver: 27, Sender: 47, RSSI: -95
[P2_RX] Time: 451ms, Receiver: 0, Sender: 31, RSSI: -104
[P2_ATTEMPT] Time: 454ms, Drone: 2, Slot: 8, Channel: 14
[P2_ATTEMPT] Time: 454ms, Drone: 10, Slot: 8, Channel: 14
[P2_ATTEMPT] Time: 454ms, Drone: 13, Slot: 8, Channel: 25
[P2_ATTEMPT] Time: 454ms, Drone: 18, Slot: 8, Channel: 12
[P2_ATTEMPT] Time: 454ms, Drone: 29, Slot: 8, Channel: 14
[P2_SUCCESS] Time: 454ms, Drone: 8
[P2_SUCCESS] Time: 454ms, Drone: 14
[P2_SUCCESS] Time: 454ms, Drone: 32
[P2_SUCCESS] Time: 454ms, Drone: 35
[P2_SUCCESS] Time: 454ms, Drone: 39
[P2_SUCCESS] Time: 454ms, Drone: 42
[P2_SUCCESS] Time: 454ms, Drone: 43
[P2_SUCCESS] Time: 454ms, Drone: 45
[P2_RX] Time: 454ms, Receiver: 1, Sender: 32, RSSI: -82
[P2_RX] Time: 454ms, Receiver: 23, Sender: 14, RSSI: -89
[P2_RX] Time: 454ms, Receiver: 15, Sender: 43, RSSI: -93
[P2_RX] Time: 454ms, Receiver: 26, Sender: 42, RSSI: -94
[P2_RX] Time: 454ms, Receiver: 6, Sender: 39, RSSI: -95
[P2_RX] Time: 454ms, Receiver: 19, Sender: 35, RSSI: -98
[P2_RX] Time: 454ms, Receiver: 9, Sender: 35, RSSI: -100
[P2_RX] Time: 454ms, Receiver: 41, Sender: 35, RSSI: -102
[P2_RX] Time: 454ms, Receiver: 3, Sender: 8, RSSI: -103
[P2_RX] Time: 454ms, Receiver: 49, Sender: 8, RSSI: -104
[P2_RX] Time: 454ms, Receiver: 40, Sender: 42, RSSI: -107
[P2_SUCCESS] Time: 456ms, Drone: 29
[P2_RX] Time: 456ms, Receiver: 33, Sender: 29, RSSI: -89
[P2_RX] Time: 456ms, Receiver: 37, Sender: 29, RSSI: -89
[P2_RX] Time: 456ms, Receiver: 25, Sender: 29, RSSI: -93
[P2_RX] Time: 456ms, Receiver: 34, Sender: 29, RSSI: -105
[P2_ATTEMPT] Time: 456ms, Drone: 25, Slot: 9, Channel: 19
[P2_ATTEMPT] Time: 456ms, Drone: 38, Slot: 9, Channel: 21
[P2_ATTEMPT] Time: 456ms, Drone: 41, Slot: 9, Channel: 22
[P2_SUCCESS] Time: 456ms, Drone: 2
[P2_SUCCESS] Time: 456ms, Drone: 10
[P2_SUCCESS] Time: 456ms, Drone: 13
[P2_SUCCESS] Time: 456ms, Drone: 18
[P2_RX] Time: 456ms, Receiver: 21, Sender: 18, RSSI: -78
[P2_RX] Time: 456ms, Receiver: 17, Sender: 18, RSSI: -86
[P2_RX] Time: 456ms, Receiver: 31, Sender: 13, RSSI: -92
[P2_RX] Time: 456ms, Receiver: 48, Sender: 13, RSSI: -93
[P2_RX] Time: 456ms, Receiver: 16, Sender: 18, RSSI: -94
[P2_RX] Time: 456ms, Receiver: 45, Sender: 13, RSSI: -96
[P2_RX] Time: 456ms, Receiver: 4, Sender: 13, RSSI: -96
[P2_RX] Time: 456ms, Receiver: 23, Sender: 2, RSSI: -98
[P2_RX] Time: 456ms, Receiver: 14, Sender: 2, RSSI: -101
[P2_RX] Time: 456ms, Receiver: 47, Sender: 18, RSSI: -103
[P2_RX] Time: 456ms, Receiver: 27, Sender: 18, RSSI: -106
[P2_RX] Time: 456ms, Receiver: 15, Sender: 13, RSSI: -106
[P1_ATTEMPT] Time: 459ms, Drone: 41
[P2_SUCCESS] Time: 459ms, Drone: 25
[P2_SUCCESS] Time: 459ms, Drone: 38
[P2_SUCCESS] Time: 459ms, Drone: 41
[P1_ATTEMPT] Time: 459ms, Drone: 19
[P1_ATTEMPT] Time: 460ms, Drone: 42
[P1_SUCCESS] Time: 460ms, Drone: 19
[P1_RX] Time: 460ms, Receiver: 40, Sender: 19, RSSI: -91
[P1_RX] Time: 460ms, Receiver: 47, Sender: 19, RSSI: -91
[P1_RX] Time: 460ms, Receiver: 27, Sender: 19, RSSI: -96
[P1_RX] Time: 460ms, Receiver: 35, Sender: 19, RSSI: -97
[P1_RX] Time: 460ms, Receiver: 5, Sender: 19, RSSI: -96
[P1_RX] Time: 460ms, Receiver: 1, Sender: 19, RSSI: -101
[P1_RX] Time: 460ms, Receiver: 32, Sender: 19, RSSI: -101
[P1_RX] Time: 460ms, Receiver: 16, Sender: 19, RSSI: -100
[P1_RX] Time: 460ms, Receiver: 42, Sender: 19, RSSI: -102
[P1_RX] Time: 460ms, Receiver: 2, Sender: 19, RSSI: -102
[P1_RX] Time: 460ms, Receiver: 39, Sender: 19, RSSI: -103
[P1_RX] Time: 460ms, Receiver: 45, Sender: 19, RSSI: -103
[P1_RX] Time: 460ms, Receiver: 9, Sender: 19, RSSI: -102
[P1_RX] Time: 460ms, Receiver: 0, Sender: 19, RSSI: -104
[P1_RX] Time: 460ms, Receiver: 6, Sender: 19, RSSI: -104
[P1_RX] Time: 460ms, Receiver: 24, Sender: 19, RSSI: -105
[P1_RX] Time: 460ms, Receiver: 23, Sender: 19, RSSI: -106
[P1_RX] Time: 460ms, Receiver: 48, Sender: 19, RSSI: -107
[P1_SUCCESS] Time: 460ms, Drone: 41
[P1_RX] Time: 460ms, Receiver: 36, Sender: 41, RSSI: -100
[P1_RX] Time: 460ms, Receiver: 22, Sender: 41, RSSI: -102
[P1_RX] Time: 460ms, Receiver: 11, Sender: 41, RSSI: -105
[P1_ABORT] Time: 460ms, Drone: 42
[P1_ATTEMPT] Time: 460ms, Drone: 42
[P1_ATTEMPT] Time: 460ms, Drone: 7
[P1_ATTEMPT] Time: 461ms, Drone: 47
[P1_ABORT] Time: 461ms, Drone: 47
[P1_ATTEMPT] Time: 461ms, Drone: 47
[P1_ATTEMPT] Time: 461ms, Drone: 12
[P1_ABORT] Time: 461ms, Drone: 47
[P1_ATTEMPT] Time: 461ms, Drone: 47
[P1_ABORT] Time: 461ms, Drone: 12
[P1_ATTEMPT] Time: 461ms, Drone: 12
[P1_ABORT] Time: 461ms, Drone: 47
[P1_ATTEMPT] Time: 461ms, Drone: 47
[P1_ABORT] Time: 461ms, Drone: 12
[P1_ATTEMPT] Time: 461ms, Drone: 12
[P1_SUCCESS] Time: 461ms, Drone: 42
[P1_RX] Time: 461ms, Receiver: 26, Sender: 42, RSSI: -94
[P1_RX] Time: 461ms, Receiver: 2, Sender: 42, RSSI: -95
[P1_RX] Time: 461ms, Receiver: 23, Sender: 42, RSSI: -96
[P1_RX] Time: 461ms, Receiver: 24, Sender: 42, RSSI: -97
[P1_RX] Time: 461ms, Receiver: 0, Sender: 42, RSSI: -98
[P1_RX] Time: 461ms, Receiver: 6, Sender: 42, RSSI: -98
[P1_RX] Time: 461ms, Receiver: 14, Sender: 42, RSSI: -98
[P1_RX] Time: 461ms, Receiver: 19, Sender: 42, RSSI: -102
[P1_RX] Time: 461ms, Receiver: 39, Sender: 42, RSSI: -103
[P1_RX] Time: 461ms, Receiver: 35, Sender: 42, RSSI: -105
[P1_RX] Time: 461ms, Receiver: 48, Sender: 42, RSSI: -103
[P1_RX] Time: 461ms, Receiver: 13, Sender: 42, RSSI: -104
[P1_RX] Time: 461ms, Receiver: 45, Sender: 42, RSSI: -105
[P1_RX] Time: 461ms, Receiver: 5, Sender: 42, RSSI: -106
[P1_RX] Time: 461ms, Receiver: 9, Sender: 42, RSSI: -106
[P1_RX] Time: 461ms, Receiver: 40, Sender: 42, RSSI: -107
[P1_RX] Time: 461ms, Receiver: 47, Sender: 42, RSSI: -107
[P1_RX] Time: 461ms, Receiver: 1, Sender: 42, RSSI: -107
[P1_SUCCESS] Time: 461ms, Drone: 7
[P1_RX] Time: 461ms, Receiver: 30, Sender: 7, RSSI: -94
[P1_RX] Time: 461ms, Receiver: 12, Sender: 7, RSSI: -103
[P1_ABORT] Time: 461ms, Drone: 12
[P1_ATTEMPT] Time: 461ms, Drone: 12
[P1_ATTEMPT] Time: 461ms, Drone: 29
[P1_ATTEMPT] Time: 462ms, Drone: 28
[P1_ABORT] Time: 462ms, Drone: 28
[P1_ATTEMPT] Time: 462ms, Drone: 28
[P1_SUCCESS] Time: 462ms, Drone: 47
[P1_RX] Time: 462ms, Receiver: 40, Sender: 47, RSSI: -91
[P1_RX] Time: 462ms, Receiver: 19, Sender: 47, RSSI: -92
[P1_RX] Time: 462ms, Receiver: 27, Sender: 47, RSSI: -95
[P1_RX] Time: 462ms, Receiver: 41, Sender: 47, RSSI: -97
[P1_RX] Time: 462ms, Receiver: 16, Sender: 47, RSSI: -97
[P1_RX] Time: 462ms, Receiver: 32, Sender: 47, RSSI: -99
[P1_RX] Time: 462ms, Receiver: 1, Sender: 47, RSSI: -99
[P1_RX] Time: 462ms, Receiver: 17, Sender: 47, RSSI: -101
[P1_RX] Time: 462ms, Receiver: 5, Sender: 47, RSSI: -102
[P1_RX] Time: 462ms, Receiver: 35, Sender: 47, RSSI: -102
[P1_RX] Time: 462ms, Receiver: 18, Sender: 47, RSSI: -103
[P1_RX] Time: 462ms, Receiver: 21, Sender: 47, RSSI: -105
[P1_RX] Time: 462ms, Receiver: 45, Sender: 47, RSSI: -105
[P1_RX] Time: 462ms, Receiver: 2, Sender: 47, RSSI: -106
[P1_RX] Time: 462ms, Receiver: 9, Sender: 47, RSSI: -107
[P1_RX] Time: 462ms, Receiver: 36, Sender: 47, RSSI: -107
[P1_RX] Time: 462ms, Receiver: 39, Sender: 47, RSSI: -108
[P1_ATTEMPT] Time: 462ms, Drone: 39
[P1_ABORT] Time: 462ms, Drone: 28
[P1_ATTEMPT] Time: 462ms, Drone: 28
[P1_SUCCESS] Time: 462ms, Drone: 12
[P1_RX] Time: 462ms, Receiver: 30, Sender: 12, RSSI: -98
[P1_RX] Time: 462ms, Receiver: 7, Sender: 12, RSSI: -103
[P1_RX] Time: 462ms, Receiver: 14, Sender: 12, RSSI: -104
[P1_SUCCESS] Time: 462ms, Drone: 29
[P1_RX] Time: 462ms, Receiver: 33, Sender: 29, RSSI: -89
[P1_RX] Time: 462ms, Receiver: 37, Sender: 29, RSSI: -89
[P1_RX] Time: 462ms, Receiver: 25, Sender: 29, RSSI: -93
[P1_RX] Time: 462ms, Receiver: 20, Sender: 29, RSSI: -102
[P1_RX] Time: 462ms, Receiver: 34, Sender: 29, RSSI: -104
[P1_RX] Time: 462ms, Receiver: 28, Sender: 29, RSSI: -105
[P1_RX] Time: 462ms, Receiver: 46, Sender: 29, RSSI: -107
[P1_RX] Time: 462ms, Receiver: 44, Sender: 29, RSSI: -108
[P1_ABORT] Time: 462ms, Drone: 28
[P1_ATTEMPT] Time: 462ms, Drone: 28
[P1_ATTEMPT] Time: 463ms, Drone: 4
[P1_ATTEMPT] Time: 463ms, Drone: 6
[P1_ATTEMPT] Time: 463ms, Drone: 0
[P1_ABORT] Time: 463ms, Drone: 6
[P1_ATTEMPT] Time: 463ms, Drone: 6
[P1_SUCCESS] Time: 463ms, Drone: 39
[P1_RX] Time: 463ms, Receiver: 6, Sender: 39, RSSI: -95
[P1_RX] Time: 463ms, Receiver: 35, Sender: 39, RSSI: -97
[P1_RX] Time: 463ms, Receiver: 9, Sender: 39, RSSI: -97
[P1_RX] Time: 463ms, Receiver: 5, Sender: 39, RSSI: -99
[P1_RX] Time: 463ms, Receiver: 42, Sender: 39, RSSI: -103
[P1_RX] Time: 463ms, Receiver: 19, Sender: 39, RSSI: -104
[P1_RX] Time: 463ms, Receiver: 0, Sender: 39, RSSI: -105
[P1_RX] Time: 463ms, Receiver: 23, Sender: 39, RSSI: -107
[P1_RX] Time: 463ms, Receiver: 22, Sender: 39, RSSI: -107
[P1_RX] Time: 463ms, Receiver: 36, Sender: 39, RSSI: -107
[P1_ABORT] Time: 463ms, Drone: 0
[P1_ATTEMPT] Time: 463ms, Drone: 0
[P1_ABORT] Time: 463ms, Drone: 6
[P1_ATTEMPT] Time: 463ms, Drone: 6
[P1_SUCCESS] Time: 463ms, Drone: 28
[P1_RX] Time: 463ms, Receiver: 34, Sender: 28, RSSI: -78
[P1_RX] Time: 463ms, Receiver: 46, Sender: 28, RSSI: -82
[P1_RX] Time: 463ms, Receiver: 44, Sender: 28, RSSI: -99
[P1_RX] Time: 463ms, Receiver: 37, Sender: 28, RSSI: -103
[P1_RX] Time: 463ms, Receiver: 25, Sender: 28, RSSI: -104
[P1_ATTEMPT] Time: 463ms, Drone: 21
[P1_SUCCESS] Time: 463ms, Drone: 4
[P1_RX] Time: 463ms, Receiver: 48, Sender: 4, RSSI: -94
[P1_RX] Time: 463ms, Receiver: 13, Sender: 4, RSSI: -96
[P1_RX] Time: 463ms, Receiver: 31, Sender: 4, RSSI: -100
[P1_RX] Time: 463ms, Receiver: 1, Sender: 4, RSSI: -101
[P1_RX] Time: 463ms, Receiver: 32, Sender: 4, RSSI: -102
[P1_RX] Time: 463ms, Receiver: 15, Sender: 4, RSSI: -103
[P1_RX] Time: 463ms, Receiver: 16, Sender: 4, RSSI: -105
[P1_RX] Time: 463ms, Receiver: 49, Sender: 4, RSSI: -105
[P1_SUCCESS] Time: 464ms, Drone: 0
[P1_RX] Time: 464ms, Receiver: 23, Sender: 0, RSSI: -89
[P1_RX] Time: 464ms, Receiver: 14, Sender: 0, RSSI: -96
[P1_RX] Time: 464ms, Receiver: 42, Sender: 0, RSSI: -95
[P1_RX] Time: 464ms, Receiver: 2, Sender: 0, RSSI: -96
[P1_RX] Time: 464ms, Receiver: 24, Sender: 0, RSSI: -98
[P1_RX] Time: 464ms, Receiver: 45, Sender: 0, RSSI: -98
[P1_RX] Time: 464ms, Receiver: 27, Sender: 0, RSSI: -103
[P1_SUCCESS] Time: 464ms, Drone: 6
[P1_RX] Time: 464ms, Receiver: 39, Sender: 6, RSSI: -95
[P1_RX] Time: 464ms, Receiver: 9, Sender: 6, RSSI: -100
[P1_RX] Time: 464ms, Receiver: 35, Sender: 6, RSSI: -102
[P1_RX] Time: 464ms, Receiver: 5, Sender: 6, RSSI: -103
[P1_ATTEMPT] Time: 464ms, Drone: 43
[P1_ATTEMPT] Time: 464ms, Drone: 13
[P1_ABORT] Time: 464ms, Drone: 43
[P1_ATTEMPT] Time: 464ms, Drone: 43
[P1_SUCCESS] Time: 464ms, Drone: 21
[P1_RX] Time: 464ms, Receiver: 18, Sender: 21, RSSI: -78
[P1_RX] Time: 464ms, Receiver: 17, Sender: 21, RSSI: -91
[P1_RX] Time: 464ms, Receiver: 11, Sender: 21, RSSI: -96
[P1_RX] Time: 464ms, Receiver: 16, Sender: 21, RSSI: -97
[P1_RX] Time: 464ms, Receiver: 38, Sender: 21, RSSI: -97
[P1_RX] Time: 464ms, Receiver: 3, Sender: 21, RSSI: -97
[P1_RX] Time: 464ms, Receiver: 43, Sender: 21, RSSI: -99
[P1_RX] Time: 464ms, Receiver: 49, Sender: 21, RSSI: -100
[P1_RX] Time: 464ms, Receiver: 15, Sender: 21, RSSI: -100
[P1_RX] Time: 464ms, Receiver: 32, Sender: 21, RSSI: -100
[P1_RX] Time: 464ms, Receiver: 1, Sender: 21, RSSI: -100
[P1_RX] Time: 464ms, Receiver: 8, Sender: 21, RSSI: -104
[P1_RX] Time: 464ms, Receiver: 10, Sender: 21, RSSI: -105
[P1_RX] Time: 464ms, Receiver: 41, Sender: 21, RSSI: -105
[P1_ABORT] Time: 464ms, Drone: 43
[P1_ATTEMPT] Time: 464ms, Drone: 43
[P1_ATTEMPT] Time: 465ms, Drone: 33
[P1_ATTEMPT] Time: 465ms, Drone: 22
[P1_ABORT] Time: 465ms, Drone: 33
[P1_ATTEMPT] Time: 465ms, Drone: 33
[P1_ATTEMPT] Time: 465ms, Drone: 37
[P1_ATTEMPT] Time: 465ms, Drone: 16
[P1_ABORT] Time: 465ms, Drone: 33
[P1_ATTEMPT] Time: 465ms, Drone: 33
[P1_SUCCESS] Time: 465ms, Drone: 13
[P1_RX] Time: 465ms, Receiver: 31, Sender: 13, RSSI: -92
[P1_RX] Time: 465ms, Receiver: 48, Sender: 13, RSSI: -93
[P1_RX] Time: 465ms, Receiver: 45, Sender: 13, RSSI: -96
[P1_RX] Time: 465ms, Receiver: 4, Sender: 13, RSSI: -96
[P1_RX] Time: 465ms, Receiver: 2, Sender: 13, RSSI: -97
[P1_RX] Time: 465ms, Receiver: 24, Sender: 13, RSSI: -98
[P1_RX] Time: 465ms, Receiver: 23, Sender: 13, RSSI: -103
[P1_RX] Time: 465ms, Receiver: 0, Sender: 13, RSSI: -104
[P1_RX] Time: 465ms, Receiver: 14, Sender: 13, RSSI: -104
[P1_RX] Time: 465ms, Receiver: 33, Sender: 13, RSSI: -104
[P1_RX] Time: 465ms, Receiver: 30, Sender: 13, RSSI: -104
[P1_RX] Time: 465ms, Receiver: 29, Sender: 13, RSSI: -105
[P1_RX] Time: 465ms, Receiver: 12, Sender: 13, RSSI: -105
[P1_RX] Time: 465ms, Receiver: 42, Sender: 13, RSSI: -105
[P1_RX] Time: 465ms, Receiver: 26, Sender: 13, RSSI: -107
[P1_RX] Time: 465ms, Receiver: 19, Sender: 13, RSSI: -108
[P1_ABORT] Time: 465ms, Drone: 37
[P1_ATTEMPT] Time: 465ms, Drone: 37
[P1_ABORT] Time: 465ms, Drone: 16
[P1_ATTEMPT] Time: 465ms, Drone: 16
[P1_ABORT] Time: 465ms, Drone: 33
[P1_ATTEMPT] Time: 465ms, Drone: 33
[P1_ABORT] Time: 465ms, Drone: 16
[P1_ATTEMPT] Time: 465ms, Drone: 16
[P1_SUCCESS] Time: 465ms, Drone: 43
[P1_RX] Time: 465ms, Receiver: 38, Sender: 43, RSSI: -96
[P1_RX] Time: 465ms, Receiver: 21, Sender: 43, RSSI: -99
[P1_RX] Time: 465ms, Receiver: 11, Sender: 43, RSSI: -100
[P1_RX] Time: 465ms, Receiver: 10, Sender: 43, RSSI: -102
[P1_RX] Time: 465ms, Receiver: 8, Sender: 43, RSSI: -107
[P1_ATTEMPT] Time: 465ms, Drone: 9
[P1_ATTEMPT] Time: 465ms, Drone: 23
[P1_ABORT] Time: 465ms, Drone: 16
[P1_ATTEMPT] Time: 465ms, Drone: 16
[P1_ABORT] Time: 465ms, Drone: 9
[P1_ATTEMPT] Time: 465ms, Drone: 9
[P1_ATTEMPT] Time: 466ms, Drone: 18
[P1_ABORT] Time: 466ms, Drone: 9
[P1_ATTEMPT] Time: 466ms, Drone: 9
[P1_ABORT] Time: 466ms, Drone: 9
[P1_ATTEMPT] Time: 466ms, Drone: 9
[P1_ABORT] Time: 466ms, Drone: 9
[P1_ATTEMPT] Time: 466ms, Drone: 9
[P1_SUCCESS] Time: 466ms, Drone: 22
[P1_RX] Time: 466ms, Receiver: 36, Sender: 22, RSSI: -100
[P1_RX] Time: 466ms, Receiver: 9, Sender: 22, RSSI: -103
[P1_RX] Time: 466ms, Receiver: 5, Sender: 22, RSSI: -103
[P1_RX] Time: 466ms, Receiver: 35, Sender: 22, RSSI: -104
[P1_ABORT] Time: 466ms, Drone: 9
[P1_ATTEMPT] Time: 466ms, Drone: 9
[P1_ATTEMPT] Time: 466ms, Drone: 11
[P1_SUCCESS] Time: 466ms, Drone: 37
[P1_RX] Time: 466ms, Receiver: 29, Sender: 37, RSSI: -86
[P1_RX] Time: 466ms, Receiver: 25, Sender: 37, RSSI: -94
[P1_RX] Time: 466ms, Receiver: 34, Sender: 37, RSSI: -101
[P1_RX] Time: 466ms, Receiver: 20, Sender: 37, RSSI: -101
[P1_RX] Time: 466ms, Receiver: 28, Sender: 37, RSSI: -102
[P1_RX] Time: 466ms, Receiver: 46, Sender: 37, RSSI: -103
[P1_ABORT] Time: 466ms, Drone: 9
[P1_ATTEMPT] Time: 466ms, Drone: 9
[P1_SUCCESS] Time: 466ms, Drone: 33
[P1_RX] Time: 466ms, Receiver: 31, Sender: 33, RSSI: -101
[P1_ABORT] Time: 466ms, Drone: 11
[P1_ATTEMPT] Time: 466ms, Drone: 11
[P1_ABORT] Time: 466ms, Drone: 9
[P1_ATTEMPT] Time: 466ms, Drone: 9
[P1_SUCCESS] Time: 466ms, Drone: 23
[P1_RX] Time: 466ms, Receiver: 14, Sender: 23, RSSI: -89
[P1_RX] Time: 466ms, Receiver: 0, Sender: 23, RSSI: -89
[P1_RX] Time: 466ms, Receiver: 26, Sender: 23, RSSI: -97
[P1_RX] Time: 466ms, Receiver: 42, Sender: 23, RSSI: -97
[P1_RX] Time: 466ms, Receiver: 24, Sender: 23, RSSI: -97
[P1_RX] Time: 466ms, Receiver: 30, Sender: 23, RSSI: -101
[P1_RX] Time: 466ms, Receiver: 7, Sender: 23, RSSI: -104
[P1_ATTEMPT] Time: 466ms, Drone: 10
[P1_ABORT] Time: 466ms, Drone: 11
[P1_ATTEMPT] Time: 466ms, Drone: 11
[P1_SUCCESS] Time: 466ms, Drone: 16
[P1_RX] Time: 466ms, Receiver: 41, Sender: 16, RSSI: -104
[P1_ABORT] Time: 466ms, Drone: 9
[P1_ATTEMPT] Time: 466ms, Drone: 9
[P1_ABORT] Time: 466ms, Drone: 10
[P1_ATTEMPT] Time: 466ms, Drone: 10
[P1_ABORT] Time: 466ms, Drone: 11
[P1_ATTEMPT] Time: 466ms, Drone: 11
[P1_ATTEMPT] Time: 466ms, Drone: 44
[P1_SUCCESS] Time: 466ms, Drone: 18
[P1_RX] Time: 466ms, Receiver: 8, Sender: 18, RSSI: -103
[P1_ABORT] Time: 467ms, Drone: 11
[P1_ATTEMPT] Time: 467ms, Drone: 11
[P1_SUCCESS] Time: 467ms, Drone: 9
[P1_RX] Time: 467ms, Receiver: 39, Sender: 9, RSSI: -97
[P1_RX] Time: 467ms, Receiver: 35, Sender: 9, RSSI: -100
[P1_RX] Time: 467ms, Receiver: 5, Sender: 9, RSSI: -101
[P1_RX] Time: 467ms, Receiver: 6, Sender: 9, RSSI: -101
[P1_RX] Time: 467ms, Receiver: 22, Sender: 9, RSSI: -103
[P1_RX] Time: 467ms, Receiver: 0, Sender: 9, RSSI: -105
[P1_RX] Time: 467ms, Receiver: 27, Sender: 9, RSSI: -104
[P1_RX] Time: 467ms, Receiver: 40, Sender: 9, RSSI: -106
[P1_RX] Time: 467ms, Receiver: 42, Sender: 9, RSSI: -106
[P1_SUCCESS] Time: 467ms, Drone: 10
[P1_RX] Time: 467ms, Receiver: 8, Sender: 10, RSSI: -101
[P1_SUCCESS] Time: 467ms, Drone: 44
[P1_RX] Time: 467ms, Receiver: 28, Sender: 44, RSSI: -99
[P1_RX] Time: 467ms, Receiver: 46, Sender: 44, RSSI: -100
[P1_RX] Time: 467ms, Receiver: 34, Sender: 44, RSSI: -100
[P1_RX] Time: 467ms, Receiver: 20, Sender: 44, RSSI: -102
[P1_RX] Time: 467ms, Receiver: 37, Sender: 44, RSSI: -104
[P1_SUCCESS] Time: 467ms, Drone: 11
[P1_RX] Time: 467ms, Receiver: 16, Sender: 11, RSSI: -102
[P1_RX] Time: 467ms, Receiver: 32, Sender: 11, RSSI: -103
[P1_RX] Time: 467ms, Receiver: 1, Sender: 11, RSSI: -104
[P1_ATTEMPT] Time: 468ms, Drone: 35
[P1_ATTEMPT] Time: 468ms, Drone: 45
[P1_ABORT] Time: 469ms, Drone: 45
[P1_ATTEMPT] Time: 469ms, Drone: 45
[P1_ABORT] Time: 469ms, Drone: 45
[P1_ATTEMPT] Time: 469ms, Drone: 45
[P1_ATTEMPT] Time: 469ms, Drone: 15
[P1_ABORT] Time: 469ms, Drone: 45
[P1_ATTEMPT] Time: 469ms, Drone: 45
[P1_SUCCESS] Time: 469ms, Drone: 35
[P1_RX] Time: 469ms, Receiver: 5, Sender: 35, RSSI: -75
[P1_RX] Time: 469ms, Receiver: 39, Sender: 35, RSSI: -97
[P1_RX] Time: 469ms, Receiver: 19, Sender: 35, RSSI: -98
[P1_RX] Time: 469ms, Receiver: 40, Sender: 35, RSSI: -99
[P1_RX] Time: 469ms, Receiver: 9, Sender: 35, RSSI: -100
[P1_RX] Time: 469ms, Receiver: 41, Sender: 35, RSSI: -102
[P1_RX] Time: 469ms, Receiver: 36, Sender: 35, RSSI: -102
[P1_RX] Time: 469ms, Receiver: 47, Sender: 35, RSSI: -102
[P1_RX] Time: 469ms, Receiver: 6, Sender: 35, RSSI: -103
[P1_RX] Time: 469ms, Receiver: 22, Sender: 35, RSSI: -104
[P1_RX] Time: 469ms, Receiver: 27, Sender: 35, RSSI: -104
[P1_RX] Time: 469ms, Receiver: 42, Sender: 35, RSSI: -105
[P1_RX] Time: 469ms, Receiver: 0, Sender: 35, RSSI: -107
[P1_RX] Time: 469ms, Receiver: 2, Sender: 35, RSSI: -108
[P1_RX] Time: 469ms, Receiver: 1, Sender: 35, RSSI: -109
[P1_SUCCESS] Time: 470ms, Drone: 15
[P1_RX] Time: 470ms, Receiver: 43, Sender: 15, RSSI: -93
[P1_RX] Time: 470ms, Receiver: 32, Sender: 15, RSSI: -94
[P1_RX] Time: 470ms, Receiver: 1, Sender: 15, RSSI: -97
[P1_RX] Time: 470ms, Receiver: 18, Sender: 15, RSSI: -99
[P1_RX] Time: 470ms, Receiver: 16, Sender: 15, RSSI: -99
[P1_RX] Time: 470ms, Receiver: 21, Sender: 15, RSSI: -100
[P1_RX] Time: 470ms, Receiver: 3, Sender: 15, RSSI: -102
[P1_RX] Time: 470ms, Receiver: 17, Sender: 15, RSSI: -102
[P1_RX] Time: 470ms, Receiver: 49, Sender: 15, RSSI: -102
[P1_RX] Time: 470ms, Receiver: 38, Sender: 15, RSSI: -102
[P1_RX] Time: 470ms, Receiver: 33, Sender: 15, RSSI: -101
[P1_RX] Time: 470ms, Receiver: 11, Sender: 15, RSSI: -104
[P1_RX] Time: 470ms, Receiver: 37, Sender: 15, RSSI: -104
[P1_RX] Time: 470ms, Receiver: 10, Sender: 15, RSSI: -105
[P1_RX] Time: 470ms, Receiver: 8, Sender: 15, RSSI: -108
[P1_SUCCESS] Time: 470ms, Drone: 45
[P1_RX] Time: 470ms, Receiver: 31, Sender: 45, RSSI: -90
[P1_RX] Time: 470ms, Receiver: 13, Sender: 45, RSSI: -95
[P1_RX] Time: 470ms, Receiver: 2, Sender: 45, RSSI: -99
[P1_RX] Time: 470ms, Receiver: 0, Sender: 45, RSSI: -102
[P1_RX] Time: 470ms, Receiver: 48, Sender: 45, RSSI: -102
[P1_RX] Time: 470ms, Receiver: 24, Sender: 45, RSSI: -102
[P1_RX] Time: 470ms, Receiver: 19, Sender: 45, RSSI: -103
[P1_RX] Time: 470ms, Receiver: 23, Sender: 45, RSSI: -104
[P1_RX] Time: 470ms, Receiver: 42, Sender: 45, RSSI: -105
[P1_RX] Time: 470ms, Receiver: 14, Sender: 45, RSSI: -106
[P1_RX] Time: 470ms, Receiver: 30, Sender: 45, RSSI: -107
[P1_RX] Time: 470ms, Receiver: 26, Sender: 45, RSSI: -108
[P1_RX] Time: 470ms, Receiver: 9, Sender: 45, RSSI: -108
[P1_ATTEMPT] Time: 471ms, Drone: 38
[P1_ATTEMPT] Time: 471ms, Drone: 5
[P1_ATTEMPT] Time: 471ms, Drone: 26
[P1_ATTEMPT] Time: 471ms, Drone: 32
[P1_ATTEMPT] Time: 471ms, Drone: 48
[P1_ABORT] Time: 471ms, Drone: 32
[P1_ATTEMPT] Time: 471ms, Drone: 32
[P1_ATTEMPT] Time: 471ms, Drone: 49
[P1_ABORT] Time: 471ms, Drone: 32
[P1_ATTEMPT] Time: 471ms, Drone: 32
[P1_ABORT] Time: 471ms, Drone: 49
[P1_ATTEMPT] Time: 471ms, Drone: 49
[P1_ABORT] Time: 471ms, Drone: 32
[P1_ATTEMPT] Time: 471ms, Drone: 32
[P1_SUCCESS] Time: 471ms, Drone: 38
[P1_RX] Time: 471ms, Receiver: 11, Sender: 38, RSSI: -94
[P1_RX] Time: 471ms, Receiver: 43, Sender: 38, RSSI: -96
[P1_RX] Time: 471ms, Receiver: 21, Sender: 38, RSSI: -97
[P1_RX] Time: 471ms, Receiver: 10, Sender: 38, RSSI: -99
[P1_RX] Time: 471ms, Receiver: 18, Sender: 38, RSSI: -100
[P1_RX] Time: 471ms, Receiver: 17, Sender: 38, RSSI: -103
[P1_RX] Time: 471ms, Receiver: 15, Sender: 38, RSSI: -103
[P1_RX] Time: 471ms, Receiver: 8, Sender: 38, RSSI: -103
[P1_RX] Time: 471ms, Receiver: 3, Sender: 38, RSSI: -104
[P1_RX] Time: 471ms, Receiver: 49, Sender: 38, RSSI: -106
[P1_ABORT] Time: 472ms, Drone: 49
[P1_ATTEMPT] Time: 472ms, Drone: 49
[P1_ABORT] Time: 472ms, Drone: 32
[P1_ATTEMPT] Time: 472ms, Drone: 32
[P1_ABORT] Time: 472ms, Drone: 32
[P1_ATTEMPT] Time: 472ms, Drone: 32
[P1_SUCCESS] Time: 472ms, Drone: 5
[P1_ABORT] Time: 472ms, Drone: 32
[P1_ATTEMPT] Time: 472ms, Drone: 32
[P1_RX] Time: 472ms, Receiver: 35, Sender: 5, RSSI: -75
[P1_RX] Time: 472ms, Receiver: 40, Sender: 5, RSSI: -98
[P1_RX] Time: 472ms, Receiver: 39, Sender: 5, RSSI: -98
[P1_RX] Time: 472ms, Receiver: 19, Sender: 5, RSSI: -98
[P1_RX] Time: 472ms, Receiver: 36, Sender: 5, RSSI: -100
[P1_RX] Time: 472ms, Receiver: 9, Sender: 5, RSSI: -100
[P1_RX] Time: 472ms, Receiver: 22, Sender: 5, RSSI: -103
[P1_SUCCESS] Time: 472ms, Drone: 26
[P1_RX] Time: 472ms, Receiver: 42, Sender: 26, RSSI: -94
[P1_RX] Time: 472ms, Receiver: 23, Sender: 26, RSSI: -96
[P1_RX] Time: 472ms, Receiver: 14, Sender: 26, RSSI: -98
[P1_RX] Time: 472ms, Receiver: 0, Sender: 26, RSSI: -100
[P1_RX] Time: 472ms, Receiver: 7, Sender: 26, RSSI: -104
[P1_ABORT] Time: 472ms, Drone: 32
[P1_ATTEMPT] Time: 472ms, Drone: 32
[P1_SUCCESS] Time: 472ms, Drone: 48
[P1_RX] Time: 472ms, Receiver: 13, Sender: 48, RSSI: -93
[P1_RX] Time: 472ms, Receiver: 4, Sender: 48, RSSI: -94
[P1_RX] Time: 472ms, Receiver: 31, Sender: 48, RSSI: -101
[P1_RX] Time: 472ms, Receiver: 45, Sender: 48, RSSI: -101
[P1_RX] Time: 472ms, Receiver: 29, Sender: 48, RSSI: -105
[P1_RX] Time: 472ms, Receiver: 12, Sender: 48, RSSI: -105
[P1_ABORT] Time: 472ms, Drone: 32
[P1_ATTEMPT] Time: 472ms, Drone: 32
[P1_ATTEMPT] Time: 472ms, Drone: 14
[P1_ABORT] Time: 472ms, Drone: 32
[P1_ATTEMPT] Time: 472ms, Drone: 32
[P1_ABORT] Time: 472ms, Drone: 32
[P1_ATTEMPT] Time: 472ms, Drone: 32
[P1_SUCCESS] Time: 472ms, Drone: 49
[P1_RX] Time: 472ms, Receiver: 3, Sender: 49, RSSI: -80
[P1_RX] Time: 472ms, Receiver: 18, Sender: 49, RSSI: -100
[P1_RX] Time: 472ms, Receiver: 21, Sender: 49, RSSI: -100
[P1_RX] Time: 472ms, Receiver: 16, Sender: 49, RSSI: -101
[P1_RX] Time: 472ms, Receiver: 1, Sender: 49, RSSI: -101
[P1_RX] Time: 472ms, Receiver: 17, Sender: 49, RSSI: -102
[P1_RX] Time: 472ms, Receiver: 15, Sender: 49, RSSI: -102
[P1_RX] Time: 472ms, Receiver: 32, Sender: 49, RSSI: -102
[P1_RX] Time: 472ms, Receiver: 8, Sender: 49, RSSI: -104
[P1_RX] Time: 472ms, Receiver: 43, Sender: 49, RSSI: -104
[P1_RX] Time: 472ms, Receiver: 38, Sender: 49, RSSI: -105
[P1_RX] Time: 472ms, Receiver: 10, Sender: 49, RSSI: -107
[P1_RX] Time: 472ms, Receiver: 47, Sender: 49, RSSI: -106
[P1_ABORT] Time: 472ms, Drone: 32
[P1_ATTEMPT] Time: 472ms, Drone: 32
[P1_SUCCESS] Time: 473ms, Drone: 14
[P1_RX] Time: 473ms, Receiver: 23, Sender: 14, RSSI: -89
[P1_RX] Time: 473ms, Receiver: 0, Sender: 14, RSSI: -97
[P1_RX] Time: 473ms, Receiver: 30, Sender: 14, RSSI: -97
[P1_RX] Time: 473ms, Receiver: 26, Sender: 14, RSSI: -99
[P1_RX] Time: 473ms, Receiver: 24, Sender: 14, RSSI: -99
[P1_RX] Time: 473ms, Receiver: 7, Sender: 14, RSSI: -101
[P1_RX] Time: 473ms, Receiver: 2, Sender: 14, RSSI: -101
[P1_RX] Time: 473ms, Receiver: 42, Sender: 14, RSSI: -102
[P1_RX] Time: 473ms, Receiver: 6, Sender: 14, RSSI: -104
[P1_RX] Time: 473ms, Receiver: 48, Sender: 14, RSSI: -105
[P1_RX] Time: 473ms, Receiver: 12, Sender: 14, RSSI: -106
[P1_SUCCESS] Time: 473ms, Drone: 32
[P1_RX] Time: 473ms, Receiver: 1, Sender: 32, RSSI: -82
[P1_RX] Time: 473ms, Receiver: 16, Sender: 32, RSSI: -91
[P1_RX] Time: 473ms, Receiver: 15, Sender: 32, RSSI: -95
[P1_RX] Time: 473ms, Receiver: 18, Sender: 32, RSSI: -99
[P1_RX] Time: 473ms, Receiver: 47, Sender: 32, RSSI: -99
[P1_RX] Time: 473ms, Receiver: 17, Sender: 32, RSSI: -99
[P1_RX] Time: 473ms, Receiver: 21, Sender: 32, RSSI: -101
[P1_RX] Time: 473ms, Receiver: 43, Sender: 32, RSSI: -101
[P1_RX] Time: 473ms, Receiver: 3, Sender: 32, RSSI: -103
[P1_RX] Time: 473ms, Receiver: 49, Sender: 32, RSSI: -103
[P1_RX] Time: 473ms, Receiver: 40, Sender: 32, RSSI: -103
[P1_RX] Time: 473ms, Receiver: 11, Sender: 32, RSSI: -105
[P1_RX] Time: 473ms, Receiver: 38, Sender: 32, RSSI: -106
[P1_RX] Time: 473ms, Receiver: 41, Sender: 32, RSSI: -106
[P1_RX] Time: 473ms, Receiver: 33, Sender: 32, RSSI: -106
[P1_RX] Time: 473ms, Receiver: 29, Sender: 32, RSSI: -107
[P1_RX] Time: 473ms, Receiver: 5, Sender: 32, RSSI: -107
[P1_ATTEMPT] Time: 474ms, Drone: 31
[P1_SUCCESS] Time: 474ms, Drone: 31
[P1_RX] Time: 474ms, Receiver: 45, Sender: 31, RSSI: -90
[P1_RX] Time: 474ms, Receiver: 13, Sender: 31, RSSI: -92
[P1_RX] Time: 474ms, Receiver: 4, Sender: 31, RSSI: -101
[P1_RX] Time: 474ms, Receiver: 48, Sender: 31, RSSI: -101
[P1_RX] Time: 474ms, Receiver: 2, Sender: 31, RSSI: -102
[P1_RX] Time: 474ms, Receiver: 33, Sender: 31, RSSI: -102
[P1_RX] Time: 474ms, Receiver: 24, Sender: 31, RSSI: -104
[P1_RX] Time: 474ms, Receiver: 32, Sender: 31, RSSI: -104
[P1_RX] Time: 474ms, Receiver: 15, Sender: 31, RSSI: -104
[P1_RX] Time: 474ms, Receiver: 0, Sender: 31, RSSI: -104
[P1_RX] Time: 474ms, Receiver: 29, Sender: 31, RSSI: -105
[P1_RX] Time: 474ms, Receiver: 1, Sender: 31, RSSI: -105
[P1_RX] Time: 474ms, Receiver: 23, Sender: 31, RSSI: -106
[P1_RX] Time: 474ms, Receiver: 27, Sender: 31, RSSI: -106
[P1_RX] Time: 474ms, Receiver: 14, Sender: 31, RSSI: -106
[P1_RX] Time: 474ms, Receiver: 37, Sender: 31, RSSI: -106
[P1_RX] Time: 474ms, Receiver: 12, Sender: 31, RSSI: -107
[P1_RX] Time: 474ms, Receiver: 30, Sender: 31, RSSI: -107
[P1_RX] Time: 474ms, Receiver: 42, Sender: 31, RSSI: -108
[P1_RX] Time: 474ms, Receiver: 19, Sender: 31, RSSI: -108
[P1_RX] Time: 474ms, Receiver: 43, Sender: 31, RSSI: -108
[P1_RX] Time: 474ms, Receiver: 16, Sender: 31, RSSI: -108
[P1_ATTEMPT] Time: 475ms, Drone: 17
[P1_ATTEMPT] Time: 476ms, Drone: 34
[P1_ATTEMPT] Time: 476ms, Drone: 3
[P1_SUCCESS] Time: 476ms, Drone: 17
[P1_RX] Time: 476ms, Receiver: 18, Sender: 17, RSSI: -86
[P1_RX] Time: 476ms, Receiver: 21, Sender: 17, RSSI: -91
[P1_RX] Time: 476ms, Receiver: 16, Sender: 17, RSSI: -91
[P1_RX] Time: 476ms, Receiver: 1, Sender: 17, RSSI: -99
[P1_RX] Time: 476ms, Receiver: 11, Sender: 17, RSSI: -99
[P1_RX] Time: 476ms, Receiver: 32, Sender: 17, RSSI: -99
[P1_RX] Time: 476ms, Receiver: 3, Sender: 17, RSSI: -100
[P1_RX] Time: 476ms, Receiver: 47, Sender: 17, RSSI: -101
[P1_RX] Time: 476ms, Receiver: 49, Sender: 17, RSSI: -103
[P1_RX] Time: 476ms, Receiver: 15, Sender: 17, RSSI: -103
[P1_RX] Time: 476ms, Receiver: 43, Sender: 17, RSSI: -103
[P1_RX] Time: 476ms, Receiver: 38, Sender: 17, RSSI: -103
[P1_RX] Time: 476ms, Receiver: 40, Sender: 17, RSSI: -104
[P1_RX] Time: 476ms, Receiver: 41, Sender: 17, RSSI: -105
[P1_RX] Time: 476ms, Receiver: 27, Sender: 17, RSSI: -105
[P1_RX] Time: 476ms, Receiver: 19, Sender: 17, RSSI: -106
[P1_ABORT] Time: 476ms, Drone: 3
[P1_ATTEMPT] Time: 476ms, Drone: 3
[P1_ATTEMPT] Time: 476ms, Drone: 30
[P1_SUCCESS] Time: 477ms, Drone: 34
[P1_RX] Time: 477ms, Receiver: 28, Sender: 34, RSSI: -78
[P1_RX] Time: 477ms, Receiver: 46, Sender: 34, RSSI: -87
[P1_RX] Time: 477ms, Receiver: 44, Sender: 34, RSSI: -101
[P1_RX] Time: 477ms, Receiver: 37, Sender: 34, RSSI: -102
[P1_RX] Time: 477ms, Receiver: 25, Sender: 34, RSSI: -103
[P1_RX] Time: 477ms, Receiver: 20, Sender: 34, RSSI: -105
[P1_RX] Time: 477ms, Receiver: 29, Sender: 34, RSSI: -105
[P1_RX] Time: 477ms, Receiver: 33, Sender: 34, RSSI: -107
[P1_ATTEMPT] Time: 477ms, Drone: 36
[P1_SUCCESS] Time: 477ms, Drone: 3
[P1_RX] Time: 477ms, Receiver: 49, Sender: 3, RSSI: -80
[P1_RX] Time: 477ms, Receiver: 18, Sender: 3, RSSI: -97
[P1_RX] Time: 477ms, Receiver: 21, Sender: 3, RSSI: -98
[P1_RX] Time: 477ms, Receiver: 17, Sender: 3, RSSI: -100
[P1_RX] Time: 477ms, Receiver: 16, Sender: 3, RSSI: -100
[P1_RX] Time: 477ms, Receiver: 1, Sender: 3, RSSI: -102
[P1_RX] Time: 477ms, Receiver: 15, Sender: 3, RSSI: -102
[P1_RX] Time: 477ms, Receiver: 32, Sender: 3, RSSI: -103
[P1_RX] Time: 477ms, Receiver: 8, Sender: 3, RSSI: -103
[P1_RX] Time: 477ms, Receiver: 43, Sender: 3, RSSI: -104
[P1_RX] Time: 477ms, Receiver: 38, Sender: 3, RSSI: -104
[P1_RX] Time: 477ms, Receiver: 11, Sender: 3, RSSI: -106
[P1_RX] Time: 477ms, Receiver: 10, Sender: 3, RSSI: -106
[P1_SUCCESS] Time: 477ms, Drone: 30
[P1_RX] Time: 477ms, Receiver: 7, Sender: 30, RSSI: -94
[P1_RX] Time: 477ms, Receiver: 14, Sender: 30, RSSI: -97
[P1_RX] Time: 477ms, Receiver: 12, Sender: 30, RSSI: -98
[P1_RX] Time: 477ms, Receiver: 23, Sender: 30, RSSI: -102
[P1_RX] Time: 477ms, Receiver: 24, Sender: 30, RSSI: -103
[P1_RX] Time: 477ms, Receiver: 13, Sender: 30, RSSI: -103
[P1_RX] Time: 477ms, Receiver: 48, Sender: 30, RSSI: -104
[P1_RX] Time: 477ms, Receiver: 0, Sender: 30, RSSI: -105
[P1_RX] Time: 477ms, Receiver: 26, Sender: 30, RSSI: -105
[P1_RX] Time: 477ms, Receiver: 2, Sender: 30, RSSI: -105
[P1_RX] Time: 477ms, Receiver: 31, Sender: 30, RSSI: -106
[P1_RX] Time: 477ms, Receiver: 42, Sender: 30, RSSI: -107
[P1_ATTEMPT] Time: 478ms, Drone: 40
[P1_ABORT] Time: 478ms, Drone: 40
[P1_ATTEMPT] Time: 478ms, Drone: 40
[P1_SUCCESS] Time: 478ms, Drone: 36
[P1_RX] Time: 478ms, Receiver: 22, Sender: 36, RSSI: -100
[P1_RX] Time: 478ms, Receiver: 5, Sender: 36, RSSI: -100
[P1_RX] Time: 478ms, Receiver: 41, Sender: 36, RSSI: -101
[P1_RX] Time: 478ms, Receiver: 35, Sender: 36, RSSI: -102
[P1_RX] Time: 478ms, Receiver: 40, Sender: 36, RSSI: -104
[P1_RX] Time: 478ms, Receiver: 9, Sender: 36, RSSI: -107
[P1_RX] Time: 478ms, Receiver: 39, Sender: 36, RSSI: -107
[P1_RX] Time: 478ms, Receiver: 47, Sender: 36, RSSI: -107
[P1_RX] Time: 478ms, Receiver: 19, Sender: 36, RSSI: -107
[P1_ABORT] Time: 478ms, Drone: 40
[P1_ATTEMPT] Time: 478ms, Drone: 40
[P1_ATTEMPT] Time: 479ms, Drone: 1
[P1_ATTEMPT] Time: 479ms, Drone: 27
[P1_ABORT] Time: 479ms, Drone: 1
[P1_ATTEMPT] Time: 479ms, Drone: 1
[P1_ABORT] Time: 479ms, Drone: 27
[P1_ATTEMPT] Time: 479ms, Drone: 27
[P1_ABORT] Time: 479ms, Drone: 1
[P1_ATTEMPT] Time: 479ms, Drone: 1
[P1_ABORT] Time: 479ms, Drone: 27
[P1_ATTEMPT] Time: 479ms, Drone: 27
[P1_SUCCESS] Time: 479ms, Drone: 40
[P1_RX] Time: 479ms, Receiver: 47, Sender: 40, RSSI: -91
[P1_RX] Time: 479ms, Receiver: 19, Sender: 40, RSSI: -92
[P1_RX] Time: 479ms, Receiver: 41, Sender: 40, RSSI: -95
[P1_RX] Time: 479ms, Receiver: 5, Sender: 40, RSSI: -98
[P1_RX] Time: 479ms, Receiver: 35, Sender: 40, RSSI: -99
[P1_RX] Time: 479ms, Receiver: 27, Sender: 40, RSSI: -101
[P1_RX] Time: 479ms, Receiver: 16, Sender: 40, RSSI: -102
[P1_RX] Time: 479ms, Receiver: 1, Sender: 40, RSSI: -103
[P1_RX] Time: 479ms, Receiver: 17, Sender: 40, RSSI: -104
[P1_RX] Time: 479ms, Receiver: 32, Sender: 40, RSSI: -104
[P1_RX] Time: 479ms, Receiver: 36, Sender: 40, RSSI: -104
[P1_RX] Time: 479ms, Receiver: 18, Sender: 40, RSSI: -106
[P1_RX] Time: 479ms, Receiver: 39, Sender: 40, RSSI: -106
[P1_RX] Time: 479ms, Receiver: 9, Sender: 40, RSSI: -107
[P1_RX] Time: 479ms, Receiver: 42, Sender: 40, RSSI: -107
[P1_RX] Time: 479ms, Receiver: 2, Sender: 40, RSSI: -107
[P1_RX] Time: 479ms, Receiver: 22, Sender: 40, RSSI: -107
[P1_RX] Time: 479ms, Receiver: 21, Sender: 40, RSSI: -107
[P1_RX] Time: 479ms, Receiver: 6, Sender: 40, RSSI: -109
[P1_RX] Time: 479ms, Receiver: 31, Sender: 40, RSSI: -111
[P1_ABORT] Time: 479ms, Drone: 1
[P1_ATTEMPT] Time: 479ms, Drone: 1
[P1_ABORT] Time: 479ms, Drone: 27
[P1_ATTEMPT] Time: 479ms, Drone: 27
[P1_SUCCESS] Time: 480ms, Drone: 1
[P1_RX] Time: 480ms, Receiver: 32, Sender: 1, RSSI: -82
[P1_RX] Time: 480ms, Receiver: 16, Sender: 1, RSSI: -89
[P1_RX] Time: 480ms, Receiver: 15, Sender: 1, RSSI: -97
[P1_RX] Time: 480ms, Receiver: 17, Sender: 1, RSSI: -98
[P1_RX] Time: 480ms, Receiver: 18, Sender: 1, RSSI: -98
[P1_RX] Time: 480ms, Receiver: 4, Sender: 1, RSSI: -100
[P1_RX] Time: 480ms, Receiver: 21, Sender: 1, RSSI: -100
[P1_RX] Time: 480ms, Receiver: 3, Sender: 1, RSSI: -101
[P1_RX] Time: 480ms, Receiver: 49, Sender: 1, RSSI: -102
[P1_RX] Time: 480ms, Receiver: 43, Sender: 1, RSSI: -101
[P1_RX] Time: 480ms, Receiver: 13, Sender: 1, RSSI: -103
[P1_RX] Time: 480ms, Receiver: 31, Sender: 1, RSSI: -103
[P1_RX] Time: 480ms, Receiver: 48, Sender: 1, RSSI: -104
[P1_SUCCESS] Time: 480ms, Drone: 27
[P1_RX] Time: 480ms, Receiver: 41, Sender: 27, RSSI: -100
[P1_RX] Time: 480ms, Receiver: 35, Sender: 27, RSSI: -103
[P1_RX] Time: 480ms, Receiver: 5, Sender: 27, RSSI: -103
[P1_RX] Time: 480ms, Receiver: 9, Sender: 27, RSSI: -104
[P1_RX] Time: 480ms, Receiver: 0, Sender: 27, RSSI: -105
[P1_RX] Time: 480ms, Receiver: 22, Sender: 27, RSSI: -107
[P1_RX] Time: 480ms, Receiver: 39, Sender: 27, RSSI: -107
[P1_RX] Time: 480ms, Receiver: 23, Sender: 27, RSSI: -107
[P1_ATTEMPT] Time: 480ms, Drone: 46
[P1_ATTEMPT] Time: 480ms, Drone: 24
[P1_ATTEMPT] Time: 481ms, Drone: 8
[P1_SUCCESS] Time: 481ms, Drone: 46
[P1_RX] Time: 481ms, Receiver: 28, Sender: 46, RSSI: -82
[P1_RX] Time: 481ms, Receiver: 34, Sender: 46, RSSI: -87
[P1_RX] Time: 481ms, Receiver: 44, Sender: 46, RSSI: -100
[P1_RX] Time: 481ms, Receiver: 37, Sender: 46, RSSI: -105
[P1_RX] Time: 481ms, Receiver: 20, Sender: 46, RSSI: -107
[P1_ATTEMPT] Time: 481ms, Drone: 25
[P1_SUCCESS] Time: 481ms, Drone: 24
[P1_RX] Time: 481ms, Receiver: 2, Sender: 24, RSSI: -89
[P1_RX] Time: 481ms, Receiver: 48, Sender: 24, RSSI: -95
[P1_RX] Time: 481ms, Receiver: 13, Sender: 24, RSSI: -98
[P1_RX] Time: 481ms, Receiver: 42, Sender: 24, RSSI: -98
[P1_RX] Time: 481ms, Receiver: 23, Sender: 24, RSSI: -98
[P1_RX] Time: 481ms, Receiver: 26, Sender: 24, RSSI: -99
[P1_RX] Time: 481ms, Receiver: 14, Sender: 24, RSSI: -99
[P1_RX] Time: 481ms, Receiver: 0, Sender: 24, RSSI: -101
[P1_RX] Time: 481ms, Receiver: 4, Sender: 24, RSSI: -102
[P1_RX] Time: 481ms, Receiver: 45, Sender: 24, RSSI: -103
[P1_RX] Time: 481ms, Receiver: 30, Sender: 24, RSSI: -103
[P1_RX] Time: 481ms, Receiver: 31, Sender: 24, RSSI: -103
[P1_RX] Time: 481ms, Receiver: 6, Sender: 24, RSSI: -106
[P1_RX] Time: 481ms, Receiver: 19, Sender: 24, RSSI: -106
[P1_RX] Time: 481ms, Receiver: 7, Sender: 24, RSSI: -107
[P1_RX] Time: 481ms, Receiver: 32, Sender: 24, RSSI: -107
[P1_ATTEMPT] Time: 481ms, Drone: 20
[P1_ATTEMPT] Time: 481ms, Drone: 2
[P1_SUCCESS] Time: 482ms, Drone: 8
[P1_RX] Time: 482ms, Receiver: 10, Sender: 8, RSSI: -101
[P1_RX] Time: 482ms, Receiver: 38, Sender: 8, RSSI: -103
[P1_RX] Time: 482ms, Receiver: 3, Sender: 8, RSSI: -103
[P1_RX] Time: 482ms, Receiver: 49, Sender: 8, RSSI: -103
[P1_RX] Time: 482ms, Receiver: 21, Sender: 8, RSSI: -104
[P1_RX] Time: 482ms, Receiver: 18, Sender: 8, RSSI: -105
[P1_RX] Time: 482ms, Receiver: 11, Sender: 8, RSSI: -107
[P1_SUCCESS] Time: 482ms, Drone: 25
[P1_RX] Time: 482ms, Receiver: 29, Sender: 25, RSSI: -93
[P1_RX] Time: 482ms, Receiver: 37, Sender: 25, RSSI: -95
[P1_RX] Time: 482ms, Receiver: 33, Sender: 25, RSSI: -98
[P1_RX] Time: 482ms, Receiver: 34, Sender: 25, RSSI: -102
[P1_SUCCESS] Time: 482ms, Drone: 20
[P1_SUCCESS] Time: 482ms, Drone: 2
[P1_RX] Time: 482ms, Receiver: 24, Sender: 2, RSSI: -89
[P1_RX] Time: 482ms, Receiver: 42, Sender: 2, RSSI: -95
[P1_RX] Time: 482ms, Receiver: 23, Sender: 2, RSSI: -98
[P1_RX] Time: 482ms, Receiver: 0, Sender: 2, RSSI: -98
[P1_RX] Time: 482ms, Receiver: 14, Sender: 2, RSSI: -101
[P1_RX] Time: 482ms, Receiver: 26, Sender: 2, RSSI: -101
[P1_RX] Time: 482ms, Receiver: 19, Sender: 2, RSSI: -102
[P1_RX] Time: 482ms, Receiver: 6, Sender: 2, RSSI: -104
[P1_RX] Time: 482ms, Receiver: 32, Sender: 2, RSSI: -103
[P1_RX] Time: 482ms, Receiver: 30, Sender: 2, RSSI: -104
[P1_RX] Time: 482ms, Receiver: 27, Sender: 2, RSSI: -105
[P1_RX] Time: 482ms, Receiver: 47, Sender: 2, RSSI: -105
[P1_RX] Time: 482ms, Receiver: 16, Sender: 2, RSSI: -106
[P1_RX] Time: 482ms, Receiver: 35, Sender: 2, RSSI: -107
[P1_RX] Time: 482ms, Receiver: 5, Sender: 2, RSSI: -108
[P2_ATTEMPT] Time: 485ms, Drone: 11, Slot: 0, Channel: 17
[P2_ATTEMPT] Time: 485ms, Drone: 15, Slot: 0, Channel: 16
[P2_ATTEMPT] Time: 485ms, Drone: 18, Slot: 0, Channel: 18
[P2_ATTEMPT] Time: 485ms, Drone: 24, Slot: 0, Channel: 23
[P2_ATTEMPT] Time: 485ms, Drone: 26, Slot: 0, Channel: 19
[P2_ATTEMPT] Time: 485ms, Drone: 29, Slot: 0, Channel: 19
[P2_ATTEMPT] Time: 485ms, Drone: 40, Slot: 0, Channel: 21
[P2_ATTEMPT] Time: 485ms, Drone: 44, Slot: 0, Channel: 21
[P2_ATTEMPT] Time: 485ms, Drone: 45, Slot: 0, Channel: 16
[P2_ATTEMPT] Time: 487ms, Drone: 5, Slot: 1, Channel: 18
[P2_ATTEMPT] Time: 487ms, Drone: 10, Slot: 1, Channel: 16
[P2_ATTEMPT] Time: 487ms, Drone: 12, Slot: 1, Channel: 21
[P2_ATTEMPT] Time: 487ms, Drone: 36, Slot: 1, Channel: 12
[P2_ATTEMPT] Time: 487ms, Drone: 41, Slot: 1, Channel: 17
[P2_SUCCESS] Time: 487ms, Drone: 11
[P2_SUCCESS] Time: 487ms, Drone: 15
[P2_SUCCESS] Time: 487ms, Drone: 18
[P2_SUCCESS] Time: 487ms, Drone: 24
[P2_SUCCESS] Time: 487ms, Drone: 26
[P2_SUCCESS] Time: 487ms, Drone: 29
[P2_SUCCESS] Time: 487ms, Drone: 40
[P2_SUCCESS] Time: 487ms, Drone: 44
[P2_SUCCESS] Time: 487ms, Drone: 45
[P2_ATTEMPT] Time: 490ms, Drone: 3, Slot: 2, Channel: 20
[P2_ATTEMPT] Time: 490ms, Drone: 19, Slot: 2, Channel: 24
[P2_ATTEMPT] Time: 490ms, Drone: 21, Slot: 2, Channel: 21
[P2_ATTEMPT] Time: 490ms, Drone: 31, Slot: 2, Channel: 23
[P2_ATTEMPT] Time: 490ms, Drone: 43, Slot: 2, Channel: 25
[P2_SUCCESS] Time: 490ms, Drone: 5
[P2_SUCCESS] Time: 490ms, Drone: 10
[P2_SUCCESS] Time: 490ms, Drone: 12
[P2_SUCCESS] Time: 490ms, Drone: 36
[P2_SUCCESS] Time: 490ms, Drone: 41
[P2_RX] Time: 490ms, Receiver: 35, Sender: 5, RSSI: -75
[P2_RX] Time: 490ms, Receiver: 15, Sender: 10, RSSI: -106
[P2_RX] Time: 490ms, Receiver: 11, Sender: 41, RSSI: -107
[P2_ATTEMPT] Time: 492ms, Drone: 39, Slot: 3, Channel: 15
[P2_SUCCESS] Time: 492ms, Drone: 3
[P2_SUCCESS] Time: 492ms, Drone: 19
[P2_SUCCESS] Time: 492ms, Drone: 21
[P2_SUCCESS] Time: 492ms, Drone: 31
[P2_SUCCESS] Time: 492ms, Drone: 43
[P2_RX] Time: 492ms, Receiver: 18, Sender: 21, RSSI: -78
[P2_RX] Time: 492ms, Receiver: 49, Sender: 3, RSSI: -80
[P2_RX] Time: 492ms, Receiver: 45, Sender: 31, RSSI: -90
[P2_RX] Time: 492ms, Receiver: 17, Sender: 21, RSSI: -91
[P2_RX] Time: 492ms, Receiver: 40, Sender: 19, RSSI: -92
[P2_RX] Time: 492ms, Receiver: 24, Sender: 31, RSSI: -104
[P2_ATTEMPT] Time: 495ms, Drone: 2, Slot: 4, Channel: 13
[P2_ATTEMPT] Time: 495ms, Drone: 4, Slot: 4, Channel: 17
[P2_ATTEMPT] Time: 495ms, Drone: 23, Slot: 4, Channel: 12
[P2_ATTEMPT] Time: 495ms, Drone: 25, Slot: 4, Channel: 24
[P2_ATTEMPT] Time: 495ms, Drone: 27, Slot: 4, Channel: 26
[P2_ATTEMPT] Time: 495ms, Drone: 49, Slot: 4, Channel: 20
[P2_SUCCESS] Time: 495ms, Drone: 39
[P2_RX] Time: 495ms, Receiver: 6, Sender: 39, RSSI: -95
[P2_SUCCESS] Time: 497ms, Drone: 49
[P2_RX] Time: 497ms, Receiver: 3, Sender: 49, RSSI: -80
[P2_ATTEMPT] Time: 497ms, Drone: 1, Slot: 5, Channel: 13
[P2_ATTEMPT] Time: 497ms, Drone: 8, Slot: 5, Channel: 14
[P2_ATTEMPT] Time: 497ms, Drone: 14, Slot: 5, Channel: 15
[P2_ATTEMPT] Time: 497ms, Drone: 17, Slot: 5, Channel: 16
[P2_ATTEMPT] Time: 497ms, Drone: 47, Slot: 5, Channel: 12
[P2_SUCCESS] Time: 497ms, Drone: 2
[P2_SUCCESS] Time: 497ms, Drone: 4
[P2_SUCCESS] Time: 497ms, Drone: 23
[P2_SUCCESS] Time: 497ms, Drone: 25
[P2_SUCCESS] Time: 497ms, Drone: 27
[P2_RX] Time: 497ms, Receiver: 0, Sender: 23, RSSI: -89
[P2_RX] Time: 497ms, Receiver: 24, Sender: 2, RSSI: -89
[P2_RX] Time: 497ms, Receiver: 29, Sender: 25, RSSI: -93
[P2_ATTEMPT] Time: 500ms, Drone: 6, Slot: 6, Channel: 22
[P2_ATTEMPT] Time: 500ms, Drone: 30, Slot: 6, Channel: 19
[P2_ATTEMPT] Time: 500ms, Drone: 34, Slot: 6, Channel: 15
[P2_SUCCESS] Time: 500ms, Drone: 1
[P2_SUCCESS] Time: 500ms, Drone: 8
[P2_SUCCESS] Time: 500ms, Drone: 14
[P2_SUCCESS] Time: 500ms, Drone: 17
[P2_SUCCESS] Time: 500ms, Drone: 47
[P2_RX] Time: 500ms, Receiver: 18, Sender: 17, RSSI: -86
[P2_RX] Time: 500ms, Receiver: 23, Sender: 14, RSSI: -89
[P2_RX] Time: 500ms, Receiver: 16, Sender: 1, RSSI: -89
[P2_RX] Time: 500ms, Receiver: 21, Sender: 17, RSSI: -91
[P2_RX] Time: 500ms, Receiver: 40, Sender: 47, RSSI: -91
[P2_RX] Time: 500ms, Receiver: 19, Sender: 47, RSSI: -92
[P2_RX] Time: 500ms, Receiver: 27, Sender: 47, RSSI: -95
[P2_RX] Time: 500ms, Receiver: 15, Sender: 17, RSSI: -103
[P2_RX] Time: 500ms, Receiver: 2, Sender: 1, RSSI: -105
[P2_RX] Time: 500ms, Receiver: 24, Sender: 1, RSSI: -107
[P2_RX] Time: 500ms, Receiver: 36, Sender: 47, RSSI: -107
[P2_ATTEMPT] Time: 502ms, Drone: 7, Slot: 7, Channel: 15
[P2_ATTEMPT] Time: 502ms, Drone: 22, Slot: 7, Channel: 18
[P2_ATTEMPT] Time: 502ms, Drone: 32, Slot: 7, Channel: 17
[P2_ATTEMPT] Time: 502ms, Drone: 33, Slot: 7, Channel: 21
[P2_ATTEMPT] Time: 502ms, Drone: 38, Slot: 7, Channel: 23
[P2_ATTEMPT] Time: 502ms, Drone: 46, Slot: 7, Channel: 16
[P2_ATTEMPT] Time: 502ms, Drone: 48, Slot: 7, Channel: 17
[P2_SUCCESS] Time: 502ms, Drone: 6
[P2_SUCCESS] Time: 502ms, Drone: 30
[P2_SUCCESS] Time: 502ms, Drone: 34
[P2_RX] Time: 502ms, Receiver: 39, Sender: 6, RSSI: -95
[P2_RX] Time: 502ms, Receiver: 26, Sender: 30, RSSI: -106
[P2_ATTEMPT] Time: 505ms, Drone: 0, Slot: 8, Channel: 24
[P2_ATTEMPT] Time: 505ms, Drone: 9, Slot: 8, Channel: 26
[P2_ATTEMPT] Time: 505ms, Drone: 28, Slot: 8, Channel: 21
[P2_ATTEMPT] Time: 505ms, Drone: 35, Slot: 8, Channel: 20
[P2_ATTEMPT] Time: 505ms, Drone: 37, Slot: 8, Channel: 13
[P2_SUCCESS] Time: 505ms, Drone: 7
[P2_SUCCESS] Time: 505ms, Drone: 22
[P2_SUCCESS] Time: 505ms, Drone: 32
[P2_SUCCESS] Time: 505ms, Drone: 33
[P2_SUCCESS] Time: 505ms, Drone: 38
[P2_SUCCESS] Time: 505ms, Drone: 46
[P2_SUCCESS] Time: 505ms, Drone: 48
[P2_RX] Time: 505ms, Receiver: 1, Sender: 32, RSSI: -82
[P2_RX] Time: 505ms, Receiver: 16, Sender: 32, RSSI: -91
[P2_RX] Time: 505ms, Receiver: 30, Sender: 7, RSSI: -94
[P2_RX] Time: 505ms, Receiver: 4, Sender: 48, RSSI: -93
[P2_RX] Time: 505ms, Receiver: 11, Sender: 38, RSSI: -94
[P2_RX] Time: 505ms, Receiver: 15, Sender: 32, RSSI: -95
[P2_RX] Time: 505ms, Receiver: 14, Sender: 7, RSSI: -101
[P2_ATTEMPT] Time: 507ms, Drone: 13, Slot: 9, Channel: 19
[P2_ATTEMPT] Time: 507ms, Drone: 16, Slot: 9, Channel: 12
[P2_ATTEMPT] Time: 507ms, Drone: 20, Slot: 9, Channel: 16
[P2_ATTEMPT] Time: 507ms, Drone: 42, Slot: 9, Channel: 25
[P2_SUCCESS] Time: 507ms, Drone: 0
[P2_SUCCESS] Time: 507ms, Drone: 9
[P2_SUCCESS] Time: 507ms, Drone: 28
[P2_SUCCESS] Time: 507ms, Drone: 35
[P2_SUCCESS] Time: 507ms, Drone: 37
[P2_RX] Time: 507ms, Receiver: 5, Sender: 35, RSSI: -75
[P2_RX] Time: 507ms, Receiver: 34, Sender: 28, RSSI: -78
[P2_RX] Time: 507ms, Receiver: 46, Sender: 28, RSSI: -82
[P2_RX] Time: 507ms, Receiver: 29, Sender: 37, RSSI: -89
[P2_RX] Time: 507ms, Receiver: 23, Sender: 0, RSSI: -89
[P2_RX] Time: 507ms, Receiver: 25, Sender: 37, RSSI: -95
[P2_RX] Time: 507ms, Receiver: 44, Sender: 28, RSSI: -99
[P2_SUCCESS] Time: 510ms, Drone: 13
[P2_SUCCESS] Time: 510ms, Drone: 16
[P2_SUCCESS] Time: 510ms, Drone: 20
[P2_SUCCESS] Time: 510ms, Drone: 42
[P1_ATTEMPT] Time: 510ms, Drone: 36
[P1_ATTEMPT] Time: 511ms, Drone: 45
[P1_ATTEMPT] Time: 511ms, Drone: 26
[P1_ATTEMPT] Time: 511ms, Drone: 20
[P1_SUCCESS] Time: 511ms, Drone: 36
[P1_RX] Time: 511ms, Receiver: 22, Sender: 36, RSSI: -100
[P1_RX] Time: 511ms, Receiver: 5, Sender: 36, RSSI: -100
[P1_RX] Time: 511ms, Receiver: 41, Sender: 36, RSSI: -101
[P1_RX] Time: 511ms, Receiver: 35, Sender: 36, RSSI: -102
[P1_RX] Time: 511ms, Receiver: 40, Sender: 36, RSSI: -104
[P1_RX] Time: 511ms, Receiver: 39, Sender: 36, RSSI: -107
[P1_ATTEMPT] Time: 511ms, Drone: 28
[P1_ABORT] Time: 511ms, Drone: 28
[P1_ATTEMPT] Time: 511ms, Drone: 28
[P1_ABORT] Time: 511ms, Drone: 28
[P1_ATTEMPT] Time: 511ms, Drone: 28
[P1_ATTEMPT] Time: 511ms, Drone: 47
[P1_ABORT] Time: 512ms, Drone: 28
[P1_ATTEMPT] Time: 512ms, Drone: 28
[P1_SUCCESS] Time: 512ms, Drone: 45
[P1_RX] Time: 512ms, Receiver: 31, Sender: 45, RSSI: -90
[P1_RX] Time: 512ms, Receiver: 13, Sender: 45, RSSI: -96
[P1_RX] Time: 512ms, Receiver: 2, Sender: 45, RSSI: -99
[P1_RX] Time: 512ms, Receiver: 32, Sender: 45, RSSI: -101
[P1_RX] Time: 512ms, Receiver: 4, Sender: 45, RSSI: -101
[P1_RX] Time: 512ms, Receiver: 1, Sender: 45, RSSI: -102
[P1_RX] Time: 512ms, Receiver: 48, Sender: 45, RSSI: -103
[P1_RX] Time: 512ms, Receiver: 15, Sender: 45, RSSI: -103
[P1_RX] Time: 512ms, Receiver: 16, Sender: 45, RSSI: -106
[P1_RX] Time: 512ms, Receiver: 43, Sender: 45, RSSI: -107
[P1_ABORT] Time: 512ms, Drone: 47
[P1_ATTEMPT] Time: 512ms, Drone: 47
[P1_ATTEMPT] Time: 512ms, Drone: 8
[P1_ABORT] Time: 512ms, Drone: 28
[P1_ATTEMPT] Time: 512ms, Drone: 28
[P1_SUCCESS] Time: 512ms, Drone: 26
[P1_RX] Time: 512ms, Receiver: 6, Sender: 26, RSSI: -101
[P1_RX] Time: 512ms, Receiver: 7, Sender: 26, RSSI: -105
[P1_RX] Time: 512ms, Receiver: 39, Sender: 26, RSSI: -105
[P1_ATTEMPT] Time: 512ms, Drone: 19
[P1_SUCCESS] Time: 512ms, Drone: 20
[P1_RX] Time: 512ms, Receiver: 44, Sender: 20, RSSI: -103
[P1_RX] Time: 512ms, Receiver: 34, Sender: 20, RSSI: -104
[P1_RX] Time: 512ms, Receiver: 28, Sender: 20, RSSI: -104
[P1_RX] Time: 512ms, Receiver: 46, Sender: 20, RSSI: -106
[P1_ABORT] Time: 512ms, Drone: 28
[P1_ATTEMPT] Time: 512ms, Drone: 28
[P1_SUCCESS] Time: 513ms, Drone: 47
[P1_RX] Time: 513ms, Receiver: 40, Sender: 47, RSSI: -91
[P1_RX] Time: 513ms, Receiver: 27, Sender: 47, RSSI: -95
[P1_RX] Time: 513ms, Receiver: 41, Sender: 47, RSSI: -97
[P1_RX] Time: 513ms, Receiver: 16, Sender: 47, RSSI: -97
[P1_RX] Time: 513ms, Receiver: 32, Sender: 47, RSSI: -99
[P1_RX] Time: 513ms, Receiver: 1, Sender: 47, RSSI: -99
[P1_RX] Time: 513ms, Receiver: 17, Sender: 47, RSSI: -100
[P1_RX] Time: 513ms, Receiver: 18, Sender: 47, RSSI: -101
[P1_SUCCESS] Time: 513ms, Drone: 8
[P1_RX] Time: 513ms, Receiver: 10, Sender: 8, RSSI: -101
[P1_RX] Time: 513ms, Receiver: 38, Sender: 8, RSSI: -102
[P1_RX] Time: 513ms, Receiver: 3, Sender: 8, RSSI: -102
[P1_RX] Time: 513ms, Receiver: 49, Sender: 8, RSSI: -103
[P1_ATTEMPT] Time: 513ms, Drone: 0
[P1_SUCCESS] Time: 513ms, Drone: 19
[P1_ABORT] Time: 513ms, Drone: 0
[P1_ATTEMPT] Time: 513ms, Drone: 0
[P1_SUCCESS] Time: 513ms, Drone: 28
[P1_RX] Time: 513ms, Receiver: 34, Sender: 28, RSSI: -78
[P1_RX] Time: 513ms, Receiver: 46, Sender: 28, RSSI: -82
[P1_RX] Time: 513ms, Receiver: 37, Sender: 28, RSSI: -102
[P1_RX] Time: 513ms, Receiver: 25, Sender: 28, RSSI: -104
[P1_RX] Time: 513ms, Receiver: 20, Sender: 28, RSSI: -103
[P1_RX] Time: 513ms, Receiver: 29, Sender: 28, RSSI: -104
[P1_RX] Time: 513ms, Receiver: 33, Sender: 28, RSSI: -105
[P1_ATTEMPT] Time: 513ms, Drone: 4
[P1_ABORT] Time: 513ms, Drone: 4
[P1_ATTEMPT] Time: 513ms, Drone: 4
[P1_ABORT] Time: 513ms, Drone: 4
[P1_ATTEMPT] Time: 513ms, Drone: 4
[P1_ABORT] Time: 513ms, Drone: 4
[P1_ATTEMPT] Time: 513ms, Drone: 4
[P1_ATTEMPT] Time: 513ms, Drone: 12
[P1_ABORT] Time: 514ms, Drone: 4
[P1_ATTEMPT] Time: 514ms, Drone: 4
[P1_ABORT] Time: 514ms, Drone: 12
[P1_ATTEMPT] Time: 514ms, Drone: 12
[P1_SUCCESS] Time: 514ms, Drone: 0
[P1_RX] Time: 514ms, Receiver: 23, Sender: 0, RSSI: -89
[P1_RX] Time: 514ms, Receiver: 14, Sender: 0, RSSI: -97
[P1_RX] Time: 514ms, Receiver: 42, Sender: 0, RSSI: -98
[P1_RX] Time: 514ms, Receiver: 2, Sender: 0, RSSI: -98
[P1_RX] Time: 514ms, Receiver: 6, Sender: 0, RSSI: -99
[P1_RX] Time: 514ms, Receiver: 24, Sender: 0, RSSI: -101
[P1_RX] Time: 514ms, Receiver: 26, Sender: 0, RSSI: -102
[P1_RX] Time: 514ms, Receiver: 45, Sender: 0, RSSI: -103
[P1_RX] Time: 514ms, Receiver: 13, Sender: 0, RSSI: -104
[P1_RX] Time: 514ms, Receiver: 31, Sender: 0, RSSI: -104
[P1_RX] Time: 514ms, Receiver: 9, Sender: 0, RSSI: -105
[P1_RX] Time: 514ms, Receiver: 39, Sender: 0, RSSI: -105
[P1_RX] Time: 514ms, Receiver: 30, Sender: 0, RSSI: -105
[P1_RX] Time: 514ms, Receiver: 19, Sender: 0, RSSI: -105
[P1_RX] Time: 514ms, Receiver: 48, Sender: 0, RSSI: -106
[P1_RX] Time: 514ms, Receiver: 27, Sender: 0, RSSI: -107
[P1_RX] Time: 514ms, Receiver: 35, Sender: 0, RSSI: -107
[P1_RX] Time: 514ms, Receiver: 7, Sender: 0, RSSI: -108
[P1_RX] Time: 514ms, Receiver: 5, Sender: 0, RSSI: -108
[P1_RX] Time: 514ms, Receiver: 4, Sender: 0, RSSI: -108
[P1_RX] Time: 514ms, Receiver: 47, Sender: 0, RSSI: -109
[P1_RX] Time: 514ms, Receiver: 40, Sender: 0, RSSI: -109
[P1_ATTEMPT] Time: 514ms, Drone: 16
[P1_ABORT] Time: 514ms, Drone: 16
[P1_ATTEMPT] Time: 514ms, Drone: 16
[P1_ABORT] Time: 514ms, Drone: 16
[P1_ATTEMPT] Time: 514ms, Drone: 16
[P1_ATTEMPT] Time: 514ms, Drone: 5
[P1_ABORT] Time: 514ms, Drone: 16
[P1_ATTEMPT] Time: 514ms, Drone: 16
[P1_ATTEMPT] Time: 514ms, Drone: 17
[P1_SUCCESS] Time: 514ms, Drone: 4
[P1_RX] Time: 514ms, Receiver: 48, Sender: 4, RSSI: -94
[P1_RX] Time: 514ms, Receiver: 13, Sender: 4, RSSI: -96
[P1_RX] Time: 514ms, Receiver: 31, Sender: 4, RSSI: -100
[P1_RX] Time: 514ms, Receiver: 1, Sender: 4, RSSI: -101
[P1_RX] Time: 514ms, Receiver: 45, Sender: 4, RSSI: -101
[P1_RX] Time: 514ms, Receiver: 2, Sender: 4, RSSI: -101
[P1_RX] Time: 514ms, Receiver: 24, Sender: 4, RSSI: -101
[P1_RX] Time: 514ms, Receiver: 32, Sender: 4, RSSI: -102
[P1_RX] Time: 514ms, Receiver: 33, Sender: 4, RSSI: -102
[P1_RX] Time: 514ms, Receiver: 29, Sender: 4, RSSI: -102
[P1_RX] Time: 514ms, Receiver: 15, Sender: 4, RSSI: -103
[P1_RX] Time: 514ms, Receiver: 16, Sender: 4, RSSI: -105
[P1_RX] Time: 514ms, Receiver: 20, Sender: 4, RSSI: -105
[P1_RX] Time: 514ms, Receiver: 37, Sender: 4, RSSI: -105
[P1_RX] Time: 514ms, Receiver: 49, Sender: 4, RSSI: -106
[P1_RX] Time: 514ms, Receiver: 3, Sender: 4, RSSI: -107
[P1_RX] Time: 514ms, Receiver: 19, Sender: 4, RSSI: -107
[P1_RX] Time: 514ms, Receiver: 47, Sender: 4, RSSI: -108
[P1_RX] Time: 514ms, Receiver: 18, Sender: 4, RSSI: -108
[P1_ABORT] Time: 515ms, Drone: 16
[P1_ATTEMPT] Time: 515ms, Drone: 16
[P1_ATTEMPT] Time: 515ms, Drone: 1
[P1_SUCCESS] Time: 515ms, Drone: 12
[P1_RX] Time: 515ms, Receiver: 30, Sender: 12, RSSI: -97
[P1_RX] Time: 515ms, Receiver: 7, Sender: 12, RSSI: -103
[P1_RX] Time: 515ms, Receiver: 14, Sender: 12, RSSI: -104
[P1_ATTEMPT] Time: 515ms, Drone: 29
[P1_ABORT] Time: 515ms, Drone: 29
[P1_ATTEMPT] Time: 515ms, Drone: 29
[P1_ABORT] Time: 515ms, Drone: 29
[P1_ATTEMPT] Time: 515ms, Drone: 29
[P1_SUCCESS] Time: 515ms, Drone: 5
[P1_RX] Time: 515ms, Receiver: 35, Sender: 5, RSSI: -75
[P1_RX] Time: 515ms, Receiver: 39, Sender: 5, RSSI: -99
[P1_RX] Time: 515ms, Receiver: 19, Sender: 5, RSSI: -99
[P1_RX] Time: 515ms, Receiver: 36, Sender: 5, RSSI: -100
[P1_RX] Time: 515ms, Receiver: 41, Sender: 5, RSSI: -100
[P1_RX] Time: 515ms, Receiver: 9, Sender: 5, RSSI: -101
[P1_RX] Time: 515ms, Receiver: 22, Sender: 5, RSSI: -103
[P1_RX] Time: 515ms, Receiver: 6, Sender: 5, RSSI: -105
[P1_ABORT] Time: 515ms, Drone: 29
[P1_ATTEMPT] Time: 515ms, Drone: 29
[P1_ATTEMPT] Time: 515ms, Drone: 44
[P1_SUCCESS] Time: 515ms, Drone: 17
[P1_RX] Time: 515ms, Receiver: 18, Sender: 17, RSSI: -85
[P1_RX] Time: 515ms, Receiver: 21, Sender: 17, RSSI: -90
[P1_RX] Time: 515ms, Receiver: 11, Sender: 17, RSSI: -97
[P1_RX] Time: 515ms, Receiver: 38, Sender: 17, RSSI: -100
[P1_ABORT] Time: 515ms, Drone: 29
[P1_ATTEMPT] Time: 515ms, Drone: 29
[P1_SUCCESS] Time: 515ms, Drone: 16
[P1_SUCCESS] Time: 515ms, Drone: 1
[P1_RX] Time: 515ms, Receiver: 4, Sender: 1, RSSI: -99
[P1_RX] Time: 515ms, Receiver: 13, Sender: 1, RSSI: -102
[P1_RX] Time: 515ms, Receiver: 31, Sender: 1, RSSI: -102
[P1_RX] Time: 515ms, Receiver: 48, Sender: 1, RSSI: -103
[P1_RX] Time: 515ms, Receiver: 33, Sender: 1, RSSI: -105
[P1_ATTEMPT] Time: 516ms, Drone: 49
[P1_ABORT] Time: 516ms, Drone: 49
[P1_ATTEMPT] Time: 516ms, Drone: 49
[P1_ABORT] Time: 516ms, Drone: 49
[P1_ATTEMPT] Time: 516ms, Drone: 49
[P1_ATTEMPT] Time: 516ms, Drone: 24
[P1_ABORT] Time: 516ms, Drone: 49
[P1_ATTEMPT] Time: 516ms, Drone: 49
[P1_ABORT] Time: 516ms, Drone: 24
[P1_ATTEMPT] Time: 516ms, Drone: 24
[P1_ABORT] Time: 516ms, Drone: 49
[P1_ATTEMPT] Time: 516ms, Drone: 49
[P1_ATTEMPT] Time: 516ms, Drone: 2
[P1_ABORT] Time: 516ms, Drone: 24
[P1_ATTEMPT] Time: 516ms, Drone: 24
[P1_SUCCESS] Time: 516ms, Drone: 44
[P1_RX] Time: 516ms, Receiver: 28, Sender: 44, RSSI: -98
[P1_RX] Time: 516ms, Receiver: 46, Sender: 44, RSSI: -99
[P1_RX] Time: 516ms, Receiver: 34, Sender: 44, RSSI: -99
[P1_RX] Time: 516ms, Receiver: 20, Sender: 44, RSSI: -100
[P1_SUCCESS] Time: 516ms, Drone: 29
[P1_RX] Time: 516ms, Receiver: 33, Sender: 29, RSSI: -89
[P1_RX] Time: 516ms, Receiver: 37, Sender: 29, RSSI: -89
[P1_RX] Time: 516ms, Receiver: 25, Sender: 29, RSSI: -93
[P1_RX] Time: 516ms, Receiver: 4, Sender: 29, RSSI: -103
[P1_RX] Time: 516ms, Receiver: 31, Sender: 29, RSSI: -104
[P1_RX] Time: 516ms, Receiver: 13, Sender: 29, RSSI: -105
[P1_RX] Time: 516ms, Receiver: 15, Sender: 29, RSSI: -105
[P1_RX] Time: 516ms, Receiver: 48, Sender: 29, RSSI: -106
[P1_RX] Time: 516ms, Receiver: 45, Sender: 29, RSSI: -107
[P1_RX] Time: 516ms, Receiver: 12, Sender: 29, RSSI: -108
[P1_RX] Time: 516ms, Receiver: 32, Sender: 29, RSSI: -108
[P1_ATTEMPT] Time: 517ms, Drone: 14
[P1_ABORT] Time: 517ms, Drone: 14
[P1_ATTEMPT] Time: 517ms, Drone: 14
[P1_ABORT] Time: 517ms, Drone: 14
[P1_ATTEMPT] Time: 517ms, Drone: 14
[P1_ABORT] Time: 517ms, Drone: 14
[P1_ATTEMPT] Time: 517ms, Drone: 14
[P1_ABORT] Time: 517ms, Drone: 14
[P1_ATTEMPT] Time: 517ms, Drone: 14
[P1_SUCCESS] Time: 517ms, Drone: 49
[P1_RX] Time: 517ms, Receiver: 3, Sender: 49, RSSI: -80
[P1_RX] Time: 517ms, Receiver: 18, Sender: 49, RSSI: -100
[P1_RX] Time: 517ms, Receiver: 21, Sender: 49, RSSI: -100
[P1_RX] Time: 517ms, Receiver: 16, Sender: 49, RSSI: -100
[P1_RX] Time: 517ms, Receiver: 1, Sender: 49, RSSI: -99
[P1_RX] Time: 517ms, Receiver: 17, Sender: 49, RSSI: -102
[P1_RX] Time: 517ms, Receiver: 15, Sender: 49, RSSI: -101
[P1_RX] Time: 517ms, Receiver: 8, Sender: 49, RSSI: -104
[P1_RX] Time: 517ms, Receiver: 43, Sender: 49, RSSI: -104
[P1_RX] Time: 517ms, Receiver: 38, Sender: 49, RSSI: -105
[P1_RX] Time: 517ms, Receiver: 11, Sender: 49, RSSI: -106
[P1_RX] Time: 517ms, Receiver: 10, Sender: 49, RSSI: -107
[P1_SUCCESS] Time: 517ms, Drone: 2
[P1_RX] Time: 517ms, Receiver: 42, Sender: 2, RSSI: -94
[P1_RX] Time: 517ms, Receiver: 13, Sender: 2, RSSI: -94
[P1_RX] Time: 517ms, Receiver: 23, Sender: 2, RSSI: -95
[P1_RX] Time: 517ms, Receiver: 0, Sender: 2, RSSI: -96
[P1_RX] Time: 517ms, Receiver: 45, Sender: 2, RSSI: -98
[P1_RX] Time: 517ms, Receiver: 4, Sender: 2, RSSI: -98
[P1_RX] Time: 517ms, Receiver: 31, Sender: 2, RSSI: -99
[P1_RX] Time: 517ms, Receiver: 19, Sender: 2, RSSI: -101
[P1_RX] Time: 517ms, Receiver: 6, Sender: 2, RSSI: -102
[P1_RX] Time: 517ms, Receiver: 27, Sender: 2, RSSI: -103
[P1_RX] Time: 517ms, Receiver: 40, Sender: 2, RSSI: -104
[P1_SUCCESS] Time: 517ms, Drone: 24
[P1_RX] Time: 517ms, Receiver: 7, Sender: 24, RSSI: -105
[P1_RX] Time: 517ms, Receiver: 12, Sender: 24, RSSI: -105
[P1_ABORT] Time: 517ms, Drone: 14
[P1_ATTEMPT] Time: 517ms, Drone: 14
[P1_ATTEMPT] Time: 518ms, Drone: 10
[P1_ATTEMPT] Time: 518ms, Drone: 33
[P1_ATTEMPT] Time: 518ms, Drone: 34
[P1_SUCCESS] Time: 518ms, Drone: 14
[P1_RX] Time: 518ms, Receiver: 23, Sender: 14, RSSI: -89
[P1_RX] Time: 518ms, Receiver: 0, Sender: 14, RSSI: -97
[P1_RX] Time: 518ms, Receiver: 30, Sender: 14, RSSI: -97
[P1_RX] Time: 518ms, Receiver: 26, Sender: 14, RSSI: -99
[P1_RX] Time: 518ms, Receiver: 24, Sender: 14, RSSI: -99
[P1_RX] Time: 518ms, Receiver: 7, Sender: 14, RSSI: -101
[P1_RX] Time: 518ms, Receiver: 2, Sender: 14, RSSI: -101
[P1_RX] Time: 518ms, Receiver: 42, Sender: 14, RSSI: -102
[P1_RX] Time: 518ms, Receiver: 13, Sender: 14, RSSI: -104
[P1_RX] Time: 518ms, Receiver: 6, Sender: 14, RSSI: -104
[P1_RX] Time: 518ms, Receiver: 12, Sender: 14, RSSI: -106
[P1_ABORT] Time: 518ms, Drone: 34
[P1_ATTEMPT] Time: 518ms, Drone: 34
[P1_ABORT] Time: 518ms, Drone: 34
[P1_ATTEMPT] Time: 518ms, Drone: 34
[P1_ABORT] Time: 519ms, Drone: 34
[P1_ATTEMPT] Time: 519ms, Drone: 34
[P1_SUCCESS] Time: 519ms, Drone: 10
[P1_RX] Time: 519ms, Receiver: 38, Sender: 10, RSSI: -98
[P1_RX] Time: 519ms, Receiver: 8, Sender: 10, RSSI: -101
[P1_RX] Time: 519ms, Receiver: 43, Sender: 10, RSSI: -101
[P1_RX] Time: 519ms, Receiver: 21, Sender: 10, RSSI: -104
[P1_RX] Time: 519ms, Receiver: 11, Sender: 10, RSSI: -105
[P1_RX] Time: 519ms, Receiver: 18, Sender: 10, RSSI: -105
[P1_RX] Time: 519ms, Receiver: 3, Sender: 10, RSSI: -105
[P1_SUCCESS] Time: 519ms, Drone: 33
[P1_RX] Time: 519ms, Receiver: 29, Sender: 33, RSSI: -89
[P1_RX] Time: 519ms, Receiver: 37, Sender: 33, RSSI: -90
[P1_RX] Time: 519ms, Receiver: 25, Sender: 33, RSSI: -98
[P1_RX] Time: 519ms, Receiver: 20, Sender: 33, RSSI: -104
[P1_RX] Time: 519ms, Receiver: 34, Sender: 33, RSSI: -105
[P1_RX] Time: 519ms, Receiver: 32, Sender: 33, RSSI: -104
[P1_RX] Time: 519ms, Receiver: 28, Sender: 33, RSSI: -106
[P1_RX] Time: 519ms, Receiver: 1, Sender: 33, RSSI: -105
[P1_ABORT] Time: 519ms, Drone: 34
[P1_ATTEMPT] Time: 519ms, Drone: 34
[P1_ATTEMPT] Time: 519ms, Drone: 37
[P1_SUCCESS] Time: 520ms, Drone: 34
[P1_RX] Time: 520ms, Receiver: 28, Sender: 34, RSSI: -78
[P1_RX] Time: 520ms, Receiver: 46, Sender: 34, RSSI: -87
[P1_RX] Time: 520ms, Receiver: 44, Sender: 34, RSSI: -101
[P1_SUCCESS] Time: 520ms, Drone: 37
[P1_RX] Time: 520ms, Receiver: 15, Sender: 37, RSSI: -104
[P1_RX] Time: 520ms, Receiver: 4, Sender: 37, RSSI: -105
[P1_RX] Time: 520ms, Receiver: 31, Sender: 37, RSSI: -106
[P1_RX] Time: 520ms, Receiver: 13, Sender: 37, RSSI: -107
[P1_RX] Time: 520ms, Receiver: 48, Sender: 37, RSSI: -108
[P1_RX] Time: 520ms, Receiver: 32, Sender: 37, RSSI: -108
[P1_RX] Time: 520ms, Receiver: 3, Sender: 37, RSSI: -108
[P1_ATTEMPT] Time: 520ms, Drone: 41
[P1_ATTEMPT] Time: 520ms, Drone: 32
[P1_ATTEMPT] Time: 520ms, Drone: 9
[P1_ATTEMPT] Time: 521ms, Drone: 43
[P1_ABORT] Time: 521ms, Drone: 9
[P1_ATTEMPT] Time: 521ms, Drone: 9
[P1_ABORT] Time: 521ms, Drone: 43
[P1_ATTEMPT] Time: 521ms, Drone: 43
[P1_ABORT] Time: 521ms, Drone: 9
[P1_ATTEMPT] Time: 521ms, Drone: 9
[P1_SUCCESS] Time: 521ms, Drone: 41
[P1_RX] Time: 521ms, Receiver: 40, Sender: 41, RSSI: -95
[P1_RX] Time: 521ms, Receiver: 47, Sender: 41, RSSI: -97
[P1_RX] Time: 521ms, Receiver: 5, Sender: 41, RSSI: -100
[P1_RX] Time: 521ms, Receiver: 27, Sender: 41, RSSI: -101
[P1_RX] Time: 521ms, Receiver: 19, Sender: 41, RSSI: -101
[P1_RX] Time: 521ms, Receiver: 36, Sender: 41, RSSI: -101
[P1_RX] Time: 521ms, Receiver: 35, Sender: 41, RSSI: -102
[P1_RX] Time: 521ms, Receiver: 22, Sender: 41, RSSI: -103
[P1_RX] Time: 521ms, Receiver: 9, Sender: 41, RSSI: -106
[P1_ABORT] Time: 521ms, Drone: 43
[P1_ATTEMPT] Time: 521ms, Drone: 43
[P1_ABORT] Time: 521ms, Drone: 9
[P1_ATTEMPT] Time: 521ms, Drone: 9
[P1_SUCCESS] Time: 521ms, Drone: 32
[P1_RX] Time: 521ms, Receiver: 4, Sender: 32, RSSI: -102
[P1_RX] Time: 521ms, Receiver: 49, Sender: 32, RSSI: -103
[P1_RX] Time: 521ms, Receiver: 31, Sender: 32, RSSI: -103
[P1_RX] Time: 521ms, Receiver: 13, Sender: 32, RSSI: -104
[P1_RX] Time: 521ms, Receiver: 48, Sender: 32, RSSI: -106
[P1_RX] Time: 521ms, Receiver: 33, Sender: 32, RSSI: -106
[P1_RX] Time: 521ms, Receiver: 37, Sender: 32, RSSI: -108
[P1_ABORT] Time: 521ms, Drone: 43
[P1_ATTEMPT] Time: 521ms, Drone: 43
[P1_SUCCESS] Time: 522ms, Drone: 9
[P1_RX] Time: 522ms, Receiver: 39, Sender: 9, RSSI: -97
[P1_RX] Time: 522ms, Receiver: 35, Sender: 9, RSSI: -100
[P1_RX] Time: 522ms, Receiver: 5, Sender: 9, RSSI: -101
[P1_RX] Time: 522ms, Receiver: 6, Sender: 9, RSSI: -101
[P1_RX] Time: 522ms, Receiver: 22, Sender: 9, RSSI: -103
[P1_RX] Time: 522ms, Receiver: 19, Sender: 9, RSSI: -103
[P1_RX] Time: 522ms, Receiver: 0, Sender: 9, RSSI: -104
[P1_RX] Time: 522ms, Receiver: 41, Sender: 9, RSSI: -105
[P1_RX] Time: 522ms, Receiver: 40, Sender: 9, RSSI: -105
[P1_RX] Time: 522ms, Receiver: 42, Sender: 9, RSSI: -106
[P1_RX] Time: 522ms, Receiver: 36, Sender: 9, RSSI: -106
[P1_RX] Time: 522ms, Receiver: 23, Sender: 9, RSSI: -107
[P1_SUCCESS] Time: 522ms, Drone: 43
[P1_RX] Time: 522ms, Receiver: 15, Sender: 43, RSSI: -93
[P1_RX] Time: 522ms, Receiver: 38, Sender: 43, RSSI: -96
[P1_RX] Time: 522ms, Receiver: 21, Sender: 43, RSSI: -99
[P1_RX] Time: 522ms, Receiver: 18, Sender: 43, RSSI: -99
[P1_RX] Time: 522ms, Receiver: 11, Sender: 43, RSSI: -100
[P1_RX] Time: 522ms, Receiver: 32, Sender: 43, RSSI: -101
[P1_RX] Time: 522ms, Receiver: 10, Sender: 43, RSSI: -102
[P1_RX] Time: 522ms, Receiver: 17, Sender: 43, RSSI: -102
[P1_RX] Time: 522ms, Receiver: 16, Sender: 43, RSSI: -102
[P1_RX] Time: 522ms, Receiver: 1, Sender: 43, RSSI: -103
[P1_RX] Time: 522ms, Receiver: 3, Sender: 43, RSSI: -104
[P1_RX] Time: 522ms, Receiver: 49, Sender: 43, RSSI: -105
[P1_RX] Time: 522ms, Receiver: 33, Sender: 43, RSSI: -106
[P1_RX] Time: 522ms, Receiver: 45, Sender: 43, RSSI: -105
[P1_RX] Time: 522ms, Receiver: 8, Sender: 43, RSSI: -107
[P1_RX] Time: 522ms, Receiver: 37, Sender: 43, RSSI: -108
[P1_RX] Time: 522ms, Receiver: 31, Sender: 43, RSSI: -106
[P1_ATTEMPT] Time: 522ms, Drone: 46
[P1_SUCCESS] Time: 523ms, Drone: 46
[P1_RX] Time: 523ms, Receiver: 28, Sender: 46, RSSI: -82
[P1_RX] Time: 523ms, Receiver: 34, Sender: 46, RSSI: -87
[P1_RX] Time: 523ms, Receiver: 44, Sender: 46, RSSI: -100
[P1_RX] Time: 523ms, Receiver: 37, Sender: 46, RSSI: -105
[P1_RX] Time: 523ms, Receiver: 25, Sender: 46, RSSI: -106
[P1_RX] Time: 523ms, Receiver: 20, Sender: 46, RSSI: -107
[P1_RX] Time: 523ms, Receiver: 33, Sender: 46, RSSI: -109
[P1_ATTEMPT] Time: 523ms, Drone: 35
[P1_ATTEMPT] Time: 524ms, Drone: 13
[P1_ATTEMPT] Time: 524ms, Drone: 11
[P1_SUCCESS] Time: 524ms, Drone: 35
[P1_RX] Time: 524ms, Receiver: 5, Sender: 35, RSSI: -75
[P1_RX] Time: 524ms, Receiver: 39, Sender: 35, RSSI: -97
[P1_RX] Time: 524ms, Receiver: 19, Sender: 35, RSSI: -98
[P1_RX] Time: 524ms, Receiver: 40, Sender: 35, RSSI: -99
[P1_RX] Time: 524ms, Receiver: 9, Sender: 35, RSSI: -100
[P1_RX] Time: 524ms, Receiver: 41, Sender: 35, RSSI: -102
[P1_RX] Time: 524ms, Receiver: 36, Sender: 35, RSSI: -102
[P1_RX] Time: 524ms, Receiver: 47, Sender: 35, RSSI: -102
[P1_RX] Time: 524ms, Receiver: 6, Sender: 35, RSSI: -103
[P1_RX] Time: 524ms, Receiver: 22, Sender: 35, RSSI: -104
[P1_RX] Time: 524ms, Receiver: 27, Sender: 35, RSSI: -104
[P1_RX] Time: 524ms, Receiver: 42, Sender: 35, RSSI: -105
[P1_ATTEMPT] Time: 525ms, Drone: 48
[P1_SUCCESS] Time: 525ms, Drone: 13
[P1_RX] Time: 525ms, Receiver: 31, Sender: 13, RSSI: -92
[P1_RX] Time: 525ms, Receiver: 48, Sender: 13, RSSI: -93
[P1_RX] Time: 525ms, Receiver: 4, Sender: 13, RSSI: -96
[P1_RX] Time: 525ms, Receiver: 33, Sender: 13, RSSI: -104
[P1_RX] Time: 525ms, Receiver: 30, Sender: 13, RSSI: -104
[P1_RX] Time: 525ms, Receiver: 29, Sender: 13, RSSI: -105
[P1_RX] Time: 525ms, Receiver: 12, Sender: 13, RSSI: -105
[P1_RX] Time: 525ms, Receiver: 37, Sender: 13, RSSI: -107
[P1_ATTEMPT] Time: 525ms, Drone: 6
[P1_ABORT] Time: 525ms, Drone: 48
[P1_ATTEMPT] Time: 525ms, Drone: 48
[P1_ATTEMPT] Time: 525ms, Drone: 38
[P1_ABORT] Time: 525ms, Drone: 38
[P1_ATTEMPT] Time: 525ms, Drone: 38
[P1_SUCCESS] Time: 525ms, Drone: 11
[P1_RX] Time: 525ms, Receiver: 38, Sender: 11, RSSI: -94
[P1_RX] Time: 525ms, Receiver: 21, Sender: 11, RSSI: -96
[P1_RX] Time: 525ms, Receiver: 18, Sender: 11, RSSI: -98
[P1_RX] Time: 525ms, Receiver: 17, Sender: 11, RSSI: -99
[P1_RX] Time: 525ms, Receiver: 16, Sender: 11, RSSI: -102
[P1_RX] Time: 525ms, Receiver: 32, Sender: 11, RSSI: -102
[P1_RX] Time: 525ms, Receiver: 10, Sender: 11, RSSI: -105
[P1_RX] Time: 525ms, Receiver: 3, Sender: 11, RSSI: -105
[P1_RX] Time: 525ms, Receiver: 47, Sender: 11, RSSI: -104
[P1_RX] Time: 525ms, Receiver: 1, Sender: 11, RSSI: -103
[P1_RX] Time: 525ms, Receiver: 27, Sender: 11, RSSI: -104
[P1_RX] Time: 525ms, Receiver: 8, Sender: 11, RSSI: -107
[P1_RX] Time: 525ms, Receiver: 41, Sender: 11, RSSI: -106
[P1_RX] Time: 525ms, Receiver: 40, Sender: 11, RSSI: -107
[P1_ABORT] Time: 525ms, Drone: 38
[P1_ATTEMPT] Time: 525ms, Drone: 38
[P1_ATTEMPT] Time: 526ms, Drone: 15
[P1_ABORT] Time: 526ms, Drone: 15
[P1_ATTEMPT] Time: 526ms, Drone: 15
[P1_ATTEMPT] Time: 526ms, Drone: 3
[P1_SUCCESS] Time: 526ms, Drone: 6
[P1_RX] Time: 526ms, Receiver: 39, Sender: 6, RSSI: -95
[P1_RX] Time: 526ms, Receiver: 42, Sender: 6, RSSI: -98
[P1_RX] Time: 526ms, Receiver: 0, Sender: 6, RSSI: -98
[P1_RX] Time: 526ms, Receiver: 23, Sender: 6, RSSI: -99
[P1_RX] Time: 526ms, Receiver: 9, Sender: 6, RSSI: -101
[P1_RX] Time: 526ms, Receiver: 26, Sender: 6, RSSI: -100
[P1_RX] Time: 526ms, Receiver: 35, Sender: 6, RSSI: -103
[P1_RX] Time: 526ms, Receiver: 14, Sender: 6, RSSI: -101
[P1_RX] Time: 526ms, Receiver: 5, Sender: 6, RSSI: -104
[P1_ABORT] Time: 526ms, Drone: 15
[P1_ATTEMPT] Time: 526ms, Drone: 15
[P1_SUCCESS] Time: 526ms, Drone: 48
[P1_RX] Time: 526ms, Receiver: 13, Sender: 48, RSSI: -93
[P1_RX] Time: 526ms, Receiver: 4, Sender: 48, RSSI: -94
[P1_RX] Time: 526ms, Receiver: 24, Sender: 48, RSSI: -94
[P1_RX] Time: 526ms, Receiver: 2, Sender: 48, RSSI: -97
[P1_RX] Time: 526ms, Receiver: 31, Sender: 48, RSSI: -101
[P1_RX] Time: 526ms, Receiver: 45, Sender: 48, RSSI: -102
[P1_RX] Time: 526ms, Receiver: 30, Sender: 48, RSSI: -104
[P1_RX] Time: 526ms, Receiver: 29, Sender: 48, RSSI: -106
[P1_RX] Time: 526ms, Receiver: 12, Sender: 48, RSSI: -106
[P1_RX] Time: 526ms, Receiver: 7, Sender: 48, RSSI: -107
[P1_ABORT] Time: 526ms, Drone: 3
[P1_ATTEMPT] Time: 526ms, Drone: 3
[P1_ABORT] Time: 526ms, Drone: 15
[P1_ATTEMPT] Time: 526ms, Drone: 15
[P1_ABORT] Time: 526ms, Drone: 3
[P1_ATTEMPT] Time: 526ms, Drone: 3
[P1_ABORT] Time: 526ms, Drone: 15
[P1_ATTEMPT] Time: 526ms, Drone: 15
[P1_ATTEMPT] Time: 526ms, Drone: 18
[P1_SUCCESS] Time: 526ms, Drone: 38
[P1_RX] Time: 526ms, Receiver: 11, Sender: 38, RSSI: -94
[P1_RX] Time: 526ms, Receiver: 43, Sender: 38, RSSI: -96
[P1_RX] Time: 526ms, Receiver: 21, Sender: 38, RSSI: -97
[P1_RX] Time: 526ms, Receiver: 10, Sender: 38, RSSI: -98
[P1_RX] Time: 526ms, Receiver: 18, Sender: 38, RSSI: -99
[P1_RX] Time: 526ms, Receiver: 17, Sender: 38, RSSI: -102
[P1_RX] Time: 526ms, Receiver: 8, Sender: 38, RSSI: -103
[P1_ABORT] Time: 526ms, Drone: 3
[P1_ATTEMPT] Time: 526ms, Drone: 3
[P1_ABORT] Time: 526ms, Drone: 15
[P1_ATTEMPT] Time: 526ms, Drone: 15
[P1_ABORT] Time: 526ms, Drone: 18
[P1_ATTEMPT] Time: 526ms, Drone: 18
[P1_ATTEMPT] Time: 526ms, Drone: 23
[P1_SUCCESS] Time: 527ms, Drone: 3
[P1_RX] Time: 527ms, Receiver: 49, Sender: 3, RSSI: -80
[P1_RX] Time: 527ms, Receiver: 8, Sender: 3, RSSI: -101
[P1_SUCCESS] Time: 527ms, Drone: 15
[P1_RX] Time: 527ms, Receiver: 43, Sender: 15, RSSI: -92
[P1_RX] Time: 527ms, Receiver: 32, Sender: 15, RSSI: -93
[P1_RX] Time: 527ms, Receiver: 1, Sender: 15, RSSI: -95
[P1_RX] Time: 527ms, Receiver: 45, Sender: 15, RSSI: -100
[P1_RX] Time: 527ms, Receiver: 33, Sender: 15, RSSI: -101
[P1_RX] Time: 527ms, Receiver: 4, Sender: 15, RSSI: -100
[P1_RX] Time: 527ms, Receiver: 37, Sender: 15, RSSI: -103
[P1_RX] Time: 527ms, Receiver: 29, Sender: 15, RSSI: -104
[P1_SUCCESS] Time: 527ms, Drone: 18
[P1_RX] Time: 527ms, Receiver: 21, Sender: 18, RSSI: -78
[P1_RX] Time: 527ms, Receiver: 17, Sender: 18, RSSI: -86
[P1_RX] Time: 527ms, Receiver: 16, Sender: 18, RSSI: -92
[P1_RX] Time: 527ms, Receiver: 11, Sender: 18, RSSI: -96
[P1_RX] Time: 527ms, Receiver: 38, Sender: 18, RSSI: -97
[P1_RX] Time: 527ms, Receiver: 47, Sender: 18, RSSI: -100
[P1_RX] Time: 527ms, Receiver: 41, Sender: 18, RSSI: -104
[P1_SUCCESS] Time: 527ms, Drone: 23
[P1_RX] Time: 527ms, Receiver: 14, Sender: 23, RSSI: -89
[P1_RX] Time: 527ms, Receiver: 0, Sender: 23, RSSI: -89
[P1_RX] Time: 527ms, Receiver: 26, Sender: 23, RSSI: -97
[P1_RX] Time: 527ms, Receiver: 42, Sender: 23, RSSI: -97
[P1_RX] Time: 527ms, Receiver: 2, Sender: 23, RSSI: -97
[P1_RX] Time: 527ms, Receiver: 24, Sender: 23, RSSI: -98
[P1_RX] Time: 527ms, Receiver: 6, Sender: 23, RSSI: -100
[P1_RX] Time: 527ms, Receiver: 30, Sender: 23, RSSI: -102
[P1_RX] Time: 527ms, Receiver: 13, Sender: 23, RSSI: -101
[P1_RX] Time: 527ms, Receiver: 48, Sender: 23, RSSI: -102
[P1_RX] Time: 527ms, Receiver: 7, Sender: 23, RSSI: -104
[P1_RX] Time: 527ms, Receiver: 39, Sender: 23, RSSI: -105
[P1_RX] Time: 527ms, Receiver: 9, Sender: 23, RSSI: -106
[P1_RX] Time: 527ms, Receiver: 12, Sender: 23, RSSI: -106
[P1_RX] Time: 527ms, Receiver: 35, Sender: 23, RSSI: -105
[P1_ATTEMPT] Time: 528ms, Drone: 25
[P1_ATTEMPT] Time: 528ms, Drone: 27
[P1_SUCCESS] Time: 529ms, Drone: 25
[P1_RX] Time: 529ms, Receiver: 29, Sender: 25, RSSI: -93
[P1_RX] Time: 529ms, Receiver: 37, Sender: 25, RSSI: -95
[P1_RX] Time: 529ms, Receiver: 33, Sender: 25, RSSI: -98
[P1_RX] Time: 529ms, Receiver: 34, Sender: 25, RSSI: -103
[P1_RX] Time: 529ms, Receiver: 20, Sender: 25, RSSI: -104
[P1_RX] Time: 529ms, Receiver: 28, Sender: 25, RSSI: -104
[P1_RX] Time: 529ms, Receiver: 46, Sender: 25, RSSI: -106
[P1_SUCCESS] Time: 529ms, Drone: 27
[P1_RX] Time: 529ms, Receiver: 47, Sender: 27, RSSI: -95
[P1_RX] Time: 529ms, Receiver: 19, Sender: 27, RSSI: -98
[P1_RX] Time: 529ms, Receiver: 32, Sender: 27, RSSI: -100
[P1_RX] Time: 529ms, Receiver: 41, Sender: 27, RSSI: -101
[P1_RX] Time: 529ms, Receiver: 40, Sender: 27, RSSI: -101
[P1_RX] Time: 529ms, Receiver: 45, Sender: 27, RSSI: -101
[P1_RX] Time: 529ms, Receiver: 1, Sender: 27, RSSI: -102
[P1_RX] Time: 529ms, Receiver: 16, Sender: 27, RSSI: -102
[P1_RX] Time: 529ms, Receiver: 35, Sender: 27, RSSI: -104
[P1_RX] Time: 529ms, Receiver: 5, Sender: 27, RSSI: -104
[P1_RX] Time: 529ms, Receiver: 15, Sender: 27, RSSI: -104
[P1_RX] Time: 529ms, Receiver: 17, Sender: 27, RSSI: -105
[P1_RX] Time: 529ms, Receiver: 9, Sender: 27, RSSI: -105
[P1_RX] Time: 529ms, Receiver: 18, Sender: 27, RSSI: -105
[P1_RX] Time: 529ms, Receiver: 43, Sender: 27, RSSI: -105
[P1_RX] Time: 529ms, Receiver: 2, Sender: 27, RSSI: -105
[P1_RX] Time: 529ms, Receiver: 0, Sender: 27, RSSI: -106
[P1_RX] Time: 529ms, Receiver: 11, Sender: 27, RSSI: -106
[P1_RX] Time: 529ms, Receiver: 21, Sender: 27, RSSI: -106
[P1_RX] Time: 529ms, Receiver: 22, Sender: 27, RSSI: -107
[P1_RX] Time: 529ms, Receiver: 42, Sender: 27, RSSI: -107
[P1_RX] Time: 529ms, Receiver: 36, Sender: 27, RSSI: -109
[P1_ATTEMPT] Time: 529ms, Drone: 30
[P1_ATTEMPT] Time: 529ms, Drone: 40
[P1_ATTEMPT] Time: 529ms, Drone: 22
[P1_ATTEMPT] Time: 529ms, Drone: 7
[P1_ABORT] Time: 529ms, Drone: 7
[P1_ATTEMPT] Time: 529ms, Drone: 7
[P1_ABORT] Time: 529ms, Drone: 7
[P1_ATTEMPT] Time: 529ms, Drone: 7
[P1_ABORT] Time: 530ms, Drone: 7
[P1_ATTEMPT] Time: 530ms, Drone: 7
[P1_SUCCESS] Time: 530ms, Drone: 30
[P1_RX] Time: 530ms, Receiver: 7, Sender: 30, RSSI: -94
[P1_RX] Time: 530ms, Receiver: 14, Sender: 30, RSSI: -97
[P1_RX] Time: 530ms, Receiver: 12, Sender: 30, RSSI: -98
[P1_RX] Time: 530ms, Receiver: 23, Sender: 30, RSSI: -102
[P1_RX] Time: 530ms, Receiver: 24, Sender: 30, RSSI: -102
[P1_RX] Time: 530ms, Receiver: 13, Sender: 30, RSSI: -103
[P1_RX] Time: 530ms, Receiver: 48, Sender: 30, RSSI: -104
[P1_RX] Time: 530ms, Receiver: 0, Sender: 30, RSSI: -104
[P1_RX] Time: 530ms, Receiver: 26, Sender: 30, RSSI: -104
[P1_SUCCESS] Time: 530ms, Drone: 40
[P1_RX] Time: 530ms, Receiver: 47, Sender: 40, RSSI: -91
[P1_RX] Time: 530ms, Receiver: 19, Sender: 40, RSSI: -92
[P1_RX] Time: 530ms, Receiver: 41, Sender: 40, RSSI: -95
[P1_RX] Time: 530ms, Receiver: 5, Sender: 40, RSSI: -98
[P1_RX] Time: 530ms, Receiver: 35, Sender: 40, RSSI: -99
[P1_RX] Time: 530ms, Receiver: 27, Sender: 40, RSSI: -101
[P1_RX] Time: 530ms, Receiver: 16, Sender: 40, RSSI: -101
[P1_RX] Time: 530ms, Receiver: 1, Sender: 40, RSSI: -103
[P1_RX] Time: 530ms, Receiver: 17, Sender: 40, RSSI: -103
[P1_RX] Time: 530ms, Receiver: 32, Sender: 40, RSSI: -103
[P1_RX] Time: 530ms, Receiver: 18, Sender: 40, RSSI: -106
[P1_RX] Time: 530ms, Receiver: 21, Sender: 40, RSSI: -107
[P1_RX] Time: 530ms, Receiver: 15, Sender: 40, RSSI: -108
[P1_ABORT] Time: 530ms, Drone: 7
[P1_ATTEMPT] Time: 530ms, Drone: 7
[P1_SUCCESS] Time: 530ms, Drone: 22
[P1_SUCCESS] Time: 531ms, Drone: 7
[P1_RX] Time: 531ms, Receiver: 30, Sender: 7, RSSI: -94
[P1_RX] Time: 531ms, Receiver: 14, Sender: 7, RSSI: -101
[P1_RX] Time: 531ms, Receiver: 12, Sender: 7, RSSI: -103
[P1_RX] Time: 531ms, Receiver: 23, Sender: 7, RSSI: -105
[P1_RX] Time: 531ms, Receiver: 26, Sender: 7, RSSI: -106
[P1_RX] Time: 531ms, Receiver: 24, Sender: 7, RSSI: -107
[P1_RX] Time: 531ms, Receiver: 2, Sender: 7, RSSI: -109
[P1_RX] Time: 531ms, Receiver: 42, Sender: 7, RSSI: -109
[P1_ATTEMPT] Time: 531ms, Drone: 31
[P1_ATTEMPT] Time: 531ms, Drone: 39
[P1_ATTEMPT] Time: 532ms, Drone: 42
[P1_SUCCESS] Time: 532ms, Drone: 31
[P1_RX] Time: 532ms, Receiver: 45, Sender: 31, RSSI: -90
[P1_RX] Time: 532ms, Receiver: 13, Sender: 31, RSSI: -92
[P1_RX] Time: 532ms, Receiver: 4, Sender: 31, RSSI: -100
[P1_RX] Time: 532ms, Receiver: 48, Sender: 31, RSSI: -101
[P1_RX] Time: 532ms, Receiver: 2, Sender: 31, RSSI: -101
[P1_RX] Time: 532ms, Receiver: 33, Sender: 31, RSSI: -102
[P1_RX] Time: 532ms, Receiver: 24, Sender: 31, RSSI: -103
[P1_RX] Time: 532ms, Receiver: 32, Sender: 31, RSSI: -103
[P1_RX] Time: 532ms, Receiver: 15, Sender: 31, RSSI: -104
[P1_RX] Time: 532ms, Receiver: 29, Sender: 31, RSSI: -104
[P1_RX] Time: 532ms, Receiver: 37, Sender: 31, RSSI: -106
[P1_RX] Time: 532ms, Receiver: 12, Sender: 31, RSSI: -106
[P1_RX] Time: 532ms, Receiver: 30, Sender: 31, RSSI: -106
[P1_RX] Time: 532ms, Receiver: 43, Sender: 31, RSSI: -107
[P1_RX] Time: 532ms, Receiver: 16, Sender: 31, RSSI: -107
[P1_RX] Time: 532ms, Receiver: 25, Sender: 31, RSSI: -108
[P1_SUCCESS] Time: 532ms, Drone: 39
[P1_RX] Time: 532ms, Receiver: 6, Sender: 39, RSSI: -95
[P1_RX] Time: 532ms, Receiver: 35, Sender: 39, RSSI: -96
[P1_RX] Time: 532ms, Receiver: 9, Sender: 39, RSSI: -97
[P1_RX] Time: 532ms, Receiver: 5, Sender: 39, RSSI: -98
[P1_RX] Time: 532ms, Receiver: 42, Sender: 39, RSSI: -102
[P1_RX] Time: 532ms, Receiver: 19, Sender: 39, RSSI: -103
[P1_RX] Time: 532ms, Receiver: 40, Sender: 39, RSSI: -105
[P1_RX] Time: 532ms, Receiver: 22, Sender: 39, RSSI: -106
[P1_RX] Time: 532ms, Receiver: 26, Sender: 39, RSSI: -105
[P1_RX] Time: 532ms, Receiver: 41, Sender: 39, RSSI: -107
[P1_ABORT] Time: 532ms, Drone: 42
[P1_ATTEMPT] Time: 532ms, Drone: 42
[P1_ATTEMPT] Time: 532ms, Drone: 21
[P1_SUCCESS] Time: 533ms, Drone: 42
[P1_RX] Time: 533ms, Receiver: 26, Sender: 42, RSSI: -94
[P1_RX] Time: 533ms, Receiver: 2, Sender: 42, RSSI: -96
[P1_RX] Time: 533ms, Receiver: 23, Sender: 42, RSSI: -97
[P1_RX] Time: 533ms, Receiver: 24, Sender: 42, RSSI: -98
[P1_RX] Time: 533ms, Receiver: 0, Sender: 42, RSSI: -98
[P1_RX] Time: 533ms, Receiver: 6, Sender: 42, RSSI: -98
[P1_RX] Time: 533ms, Receiver: 14, Sender: 42, RSSI: -102
[P1_RX] Time: 533ms, Receiver: 19, Sender: 42, RSSI: -103
[P1_RX] Time: 533ms, Receiver: 39, Sender: 42, RSSI: -103
[P1_RX] Time: 533ms, Receiver: 35, Sender: 42, RSSI: -105
[P1_RX] Time: 533ms, Receiver: 48, Sender: 42, RSSI: -105
[P1_RX] Time: 533ms, Receiver: 13, Sender: 42, RSSI: -105
[P1_RX] Time: 533ms, Receiver: 45, Sender: 42, RSSI: -106
[P1_RX] Time: 533ms, Receiver: 5, Sender: 42, RSSI: -106
[P1_RX] Time: 533ms, Receiver: 9, Sender: 42, RSSI: -107
[P1_RX] Time: 533ms, Receiver: 31, Sender: 42, RSSI: -108
[P1_RX] Time: 533ms, Receiver: 30, Sender: 42, RSSI: -108
[P1_SUCCESS] Time: 533ms, Drone: 21
[P1_RX] Time: 533ms, Receiver: 18, Sender: 21, RSSI: -78
[P1_RX] Time: 533ms, Receiver: 17, Sender: 21, RSSI: -91
[P1_RX] Time: 533ms, Receiver: 11, Sender: 21, RSSI: -96
[P1_RX] Time: 533ms, Receiver: 38, Sender: 21, RSSI: -97
[P1_RX] Time: 533ms, Receiver: 3, Sender: 21, RSSI: -98
[P1_RX] Time: 533ms, Receiver: 43, Sender: 21, RSSI: -99
[P1_RX] Time: 533ms, Receiver: 49, Sender: 21, RSSI: -100
[P1_RX] Time: 533ms, Receiver: 15, Sender: 21, RSSI: -100
[P1_RX] Time: 533ms, Receiver: 8, Sender: 21, RSSI: -104
[P1_RX] Time: 533ms, Receiver: 10, Sender: 21, RSSI: -105
[P2_ATTEMPT] Time: 536ms, Drone: 6, Slot: 0, Channel: 21
[P2_ATTEMPT] Time: 536ms, Drone: 7, Slot: 0, Channel: 25
[P2_ATTEMPT] Time: 536ms, Drone: 11, Slot: 0, Channel: 13
[P2_ATTEMPT] Time: 536ms, Drone: 20, Slot: 0, Channel: 26
[P2_ATTEMPT] Time: 536ms, Drone: 23, Slot: 0, Channel: 23
[P2_ATTEMPT] Time: 536ms, Drone: 25, Slot: 0, Channel: 12
[P2_ATTEMPT] Time: 536ms, Drone: 36, Slot: 0, Channel: 25
[P2_ATTEMPT] Time: 536ms, Drone: 47, Slot: 0, Channel: 22
[P2_ATTEMPT] Time: 536ms, Drone: 48, Slot: 0, Channel: 15
[P2_ATTEMPT] Time: 538ms, Drone: 5, Slot: 1, Channel: 12
[P2_ATTEMPT] Time: 538ms, Drone: 8, Slot: 1, Channel: 24
[P2_ATTEMPT] Time: 538ms, Drone: 26, Slot: 1, Channel: 17
[P2_ATTEMPT] Time: 538ms, Drone: 41, Slot: 1, Channel: 19
[P2_SUCCESS] Time: 538ms, Drone: 6
[P2_SUCCESS] Time: 538ms, Drone: 7
[P2_SUCCESS] Time: 538ms, Drone: 11
[P2_SUCCESS] Time: 538ms, Drone: 20
[P2_SUCCESS] Time: 538ms, Drone: 23
[P2_SUCCESS] Time: 538ms, Drone: 25
[P2_SUCCESS] Time: 538ms, Drone: 36
[P2_SUCCESS] Time: 538ms, Drone: 47
[P2_SUCCESS] Time: 538ms, Drone: 48
[P2_ATTEMPT] Time: 541ms, Drone: 9, Slot: 2, Channel: 20
[P2_ATTEMPT] Time: 541ms, Drone: 13, Slot: 2, Channel: 21
[P2_ATTEMPT] Time: 541ms, Drone: 15, Slot: 2, Channel: 18
[P2_ATTEMPT] Time: 541ms, Drone: 18, Slot: 2, Channel: 25
[P2_ATTEMPT] Time: 541ms, Drone: 37, Slot: 2, Channel: 15
[P2_ATTEMPT] Time: 541ms, Drone: 40, Slot: 2, Channel: 15
[P2_ATTEMPT] Time: 541ms, Drone: 46, Slot: 2, Channel: 24
[P2_SUCCESS] Time: 541ms, Drone: 5
[P2_SUCCESS] Time: 541ms, Drone: 8
[P2_SUCCESS] Time: 541ms, Drone: 26
[P2_SUCCESS] Time: 541ms, Drone: 41
[P2_RX] Time: 541ms, Receiver: 35, Sender: 5, RSSI: -75
[P2_ATTEMPT] Time: 543ms, Drone: 1, Slot: 3, Channel: 22
[P2_ATTEMPT] Time: 543ms, Drone: 10, Slot: 3, Channel: 12
[P2_ATTEMPT] Time: 543ms, Drone: 21, Slot: 3, Channel: 14
[P2_ATTEMPT] Time: 543ms, Drone: 27, Slot: 3, Channel: 23
[P2_ATTEMPT] Time: 543ms, Drone: 29, Slot: 3, Channel: 20
[P2_SUCCESS] Time: 543ms, Drone: 9
[P2_SUCCESS] Time: 543ms, Drone: 13
[P2_SUCCESS] Time: 543ms, Drone: 15
[P2_SUCCESS] Time: 543ms, Drone: 18
[P2_SUCCESS] Time: 543ms, Drone: 37
[P2_SUCCESS] Time: 543ms, Drone: 40
[P2_SUCCESS] Time: 543ms, Drone: 46
[P2_RX] Time: 543ms, Receiver: 28, Sender: 46, RSSI: -82
[P2_RX] Time: 543ms, Receiver: 34, Sender: 46, RSSI: -87
[P2_RX] Time: 543ms, Receiver: 31, Sender: 13, RSSI: -92
[P2_RX] Time: 543ms, Receiver: 19, Sender: 40, RSSI: -92
[P2_RX] Time: 543ms, Receiver: 48, Sender: 13, RSSI: -93
[P2_RX] Time: 543ms, Receiver: 43, Sender: 15, RSSI: -93
[P2_RX] Time: 543ms, Receiver: 16, Sender: 18, RSSI: -94
[P2_RX] Time: 543ms, Receiver: 32, Sender: 15, RSSI: -95
[P2_RX] Time: 543ms, Receiver: 41, Sender: 40, RSSI: -95
[P2_ATTEMPT] Time: 546ms, Drone: 32, Slot: 4, Channel: 18
[P2_ATTEMPT] Time: 546ms, Drone: 44, Slot: 4, Channel: 26
[P2_ATTEMPT] Time: 546ms, Drone: 45, Slot: 4, Channel: 17
[P2_ATTEMPT] Time: 546ms, Drone: 49, Slot: 4, Channel: 17
[P2_SUCCESS] Time: 546ms, Drone: 1
[P2_SUCCESS] Time: 546ms, Drone: 10
[P2_SUCCESS] Time: 546ms, Drone: 21
[P2_SUCCESS] Time: 546ms, Drone: 27
[P2_SUCCESS] Time: 546ms, Drone: 29
[P2_RX] Time: 546ms, Receiver: 18, Sender: 21, RSSI: -78
[P2_RX] Time: 546ms, Receiver: 33, Sender: 29, RSSI: -89
[P2_RX] Time: 546ms, Receiver: 37, Sender: 29, RSSI: -89
[P2_RX] Time: 546ms, Receiver: 17, Sender: 21, RSSI: -91
[P2_RX] Time: 546ms, Receiver: 25, Sender: 29, RSSI: -93
[P2_RX] Time: 546ms, Receiver: 47, Sender: 27, RSSI: -95
[P2_SUCCESS] Time: 548ms, Drone: 32
[P2_RX] Time: 548ms, Receiver: 15, Sender: 32, RSSI: -95
[P2_RX] Time: 548ms, Receiver: 43, Sender: 32, RSSI: -101
[P2_ATTEMPT] Time: 548ms, Drone: 0, Slot: 5, Channel: 14
[P2_ATTEMPT] Time: 548ms, Drone: 4, Slot: 5, Channel: 22
[P2_ATTEMPT] Time: 548ms, Drone: 17, Slot: 5, Channel: 19
[P2_SUCCESS] Time: 548ms, Drone: 44
[P2_SUCCESS] Time: 548ms, Drone: 45
[P2_SUCCESS] Time: 548ms, Drone: 49
[P2_RX] Time: 548ms, Receiver: 3, Sender: 49, RSSI: -80
[P2_RX] Time: 548ms, Receiver: 31, Sender: 45, RSSI: -90
[P2_RX] Time: 548ms, Receiver: 20, Sender: 44, RSSI: -103
[P2_ATTEMPT] Time: 551ms, Drone: 28, Slot: 6, Channel: 20
[P2_ATTEMPT] Time: 551ms, Drone: 35, Slot: 6, Channel: 13
[P2_ATTEMPT] Time: 551ms, Drone: 38, Slot: 6, Channel: 23
[P2_ATTEMPT] Time: 551ms, Drone: 39, Slot: 6, Channel: 15
[P2_ATTEMPT] Time: 551ms, Drone: 43, Slot: 6, Channel: 19
[P2_SUCCESS] Time: 551ms, Drone: 0
[P2_SUCCESS] Time: 551ms, Drone: 4
[P2_SUCCESS] Time: 551ms, Drone: 17
[P2_RX] Time: 551ms, Receiver: 18, Sender: 17, RSSI: -86
[P2_RX] Time: 551ms, Receiver: 23, Sender: 0, RSSI: -89
[P2_RX] Time: 551ms, Receiver: 21, Sender: 17, RSSI: -91
[P2_RX] Time: 551ms, Receiver: 48, Sender: 4, RSSI: -94
[P2_RX] Time: 551ms, Receiver: 1, Sender: 4, RSSI: -101
[P2_ATTEMPT] Time: 553ms, Drone: 3, Slot: 7, Channel: 26
[P2_ATTEMPT] Time: 553ms, Drone: 19, Slot: 7, Channel: 16
[P2_ATTEMPT] Time: 553ms, Drone: 24, Slot: 7, Channel: 13
[P2_ATTEMPT] Time: 553ms, Drone: 31, Slot: 7, Channel: 13
[P2_ATTEMPT] Time: 553ms, Drone: 42, Slot: 7, Channel: 17
[P2_SUCCESS] Time: 553ms, Drone: 28
[P2_SUCCESS] Time: 553ms, Drone: 35
[P2_SUCCESS] Time: 553ms, Drone: 38
[P2_SUCCESS] Time: 553ms, Drone: 39
[P2_SUCCESS] Time: 553ms, Drone: 43
[P2_RX] Time: 553ms, Receiver: 5, Sender: 35, RSSI: -75
[P2_RX] Time: 553ms, Receiver: 34, Sender: 28, RSSI: -78
[P2_RX] Time: 553ms, Receiver: 46, Sender: 28, RSSI: -82
[P2_RX] Time: 553ms, Receiver: 15, Sender: 43, RSSI: -93
[P2_RX] Time: 553ms, Receiver: 11, Sender: 38, RSSI: -94
[P2_RX] Time: 553ms, Receiver: 6, Sender: 39, RSSI: -95
[P2_RX] Time: 553ms, Receiver: 21, Sender: 43, RSSI: -99
[P2_RX] Time: 553ms, Receiver: 18, Sender: 43, RSSI: -99
[P2_RX] Time: 553ms, Receiver: 17, Sender: 43, RSSI: -103
[P2_RX] Time: 553ms, Receiver: 37, Sender: 28, RSSI: -104
[P2_RX] Time: 553ms, Receiver: 25, Sender: 28, RSSI: -104
[P2_RX] Time: 553ms, Receiver: 29, Sender: 28, RSSI: -106
[P2_RX] Time: 553ms, Receiver: 40, Sender: 39, RSSI: -106
[P2_ATTEMPT] Time: 556ms, Drone: 2, Slot: 8, Channel: 16
[P2_ATTEMPT] Time: 556ms, Drone: 12, Slot: 8, Channel: 13
[P2_ATTEMPT] Time: 556ms, Drone: 14, Slot: 8, Channel: 12
[P2_ATTEMPT] Time: 556ms, Drone: 16, Slot: 8, Channel: 13
[P2_ATTEMPT] Time: 556ms, Drone: 22, Slot: 8, Channel: 17
[P2_ATTEMPT] Time: 556ms, Drone: 30, Slot: 8, Channel: 17
[P2_ATTEMPT] Time: 556ms, Drone: 33, Slot: 8, Channel: 17
[P2_SUCCESS] Time: 556ms, Drone: 3
[P2_SUCCESS] Time: 556ms, Drone: 19
[P2_SUCCESS] Time: 556ms, Drone: 24
[P2_SUCCESS] Time: 556ms, Drone: 31
[P2_SUCCESS] Time: 556ms, Drone: 42
[P2_RX] Time: 556ms, Receiver: 49, Sender: 3, RSSI: -80
[P2_RX] Time: 556ms, Receiver: 45, Sender: 31, RSSI: -90
[P2_RX] Time: 556ms, Receiver: 26, Sender: 42, RSSI: -94
[P2_ATTEMPT] Time: 558ms, Drone: 34, Slot: 9, Channel: 14
[P2_SUCCESS] Time: 558ms, Drone: 2
[P2_SUCCESS] Time: 558ms, Drone: 12
[P2_SUCCESS] Time: 558ms, Drone: 14
[P2_SUCCESS] Time: 558ms, Drone: 16
[P2_SUCCESS] Time: 558ms, Drone: 22
[P2_SUCCESS] Time: 558ms, Drone: 30
[P2_SUCCESS] Time: 558ms, Drone: 33
[P2_RX] Time: 558ms, Receiver: 23, Sender: 14, RSSI: -89
[P2_RX] Time: 558ms, Receiver: 29, Sender: 33, RSSI: -89
[P2_RX] Time: 558ms, Receiver: 37, Sender: 33, RSSI: -90
[P2_RX] Time: 558ms, Receiver: 7, Sender: 30, RSSI: -94
[P2_RX] Time: 558ms, Receiver: 42, Sender: 2, RSSI: -96
[P2_RX] Time: 558ms, Receiver: 13, Sender: 2, RSSI: -97
[P2_RX] Time: 558ms, Receiver: 19, Sender: 2, RSSI: -103
[P2_RX] Time: 558ms, Receiver: 26, Sender: 30, RSSI: -105
[P2_SUCCESS] Time: 561ms, Drone: 34
[P1_ATTEMPT] Time: 561ms, Drone: 36
[P1_ATTEMPT] Time: 561ms, Drone: 46
[P1_ATTEMPT] Time: 561ms, Drone: 43
[P1_ATTEMPT] Time: 561ms, Drone: 32
[P1_ATTEMPT] Time: 561ms, Drone: 5
[P1_ATTEMPT] Time: 561ms, Drone: 11
[P1_ABORT] Time: 561ms, Drone: 32
[P1_ATTEMPT] Time: 561ms, Drone: 32
[P1_ABORT] Time: 562ms, Drone: 5
[P1_ATTEMPT] Time: 562ms, Drone: 5
[P1_ABORT] Time: 562ms, Drone: 11
[P1_ATTEMPT] Time: 562ms, Drone: 11
[P1_ABORT] Time: 562ms, Drone: 32
[P1_ATTEMPT] Time: 562ms, Drone: 32
[P1_ABORT] Time: 562ms, Drone: 5
[P1_ATTEMPT] Time: 562ms, Drone: 5
[P1_ABORT] Time: 562ms, Drone: 11
[P1_ATTEMPT] Time: 562ms, Drone: 11
[P1_ABORT] Time: 562ms, Drone: 32
[P1_ATTEMPT] Time: 562ms, Drone: 32
[P1_ATTEMPT] Time: 562ms, Drone: 25
[P1_SUCCESS] Time: 562ms, Drone: 36
[P1_RX] Time: 562ms, Receiver: 22, Sender: 36, RSSI: -100
[P1_RX] Time: 562ms, Receiver: 5, Sender: 36, RSSI: -100
[P1_RX] Time: 562ms, Receiver: 41, Sender: 36, RSSI: -101
[P1_RX] Time: 562ms, Receiver: 35, Sender: 36, RSSI: -102
[P1_RX] Time: 562ms, Receiver: 40, Sender: 36, RSSI: -104
[P1_RX] Time: 562ms, Receiver: 9, Sender: 36, RSSI: -107
[P1_RX] Time: 562ms, Receiver: 39, Sender: 36, RSSI: -107
[P1_RX] Time: 562ms, Receiver: 19, Sender: 36, RSSI: -107
[P1_ABORT] Time: 562ms, Drone: 5
[P1_ATTEMPT] Time: 562ms, Drone: 5
[P1_ABORT] Time: 562ms, Drone: 11
[P1_ATTEMPT] Time: 562ms, Drone: 11
[P1_ABORT] Time: 562ms, Drone: 32
[P1_ATTEMPT] Time: 562ms, Drone: 32
[P1_ABORT] Time: 562ms, Drone: 25
[P1_ATTEMPT] Time: 562ms, Drone: 25
[P1_ABORT] Time: 562ms, Drone: 11
[P1_ATTEMPT] Time: 562ms, Drone: 11
[P1_ABORT] Time: 562ms, Drone: 32
[P1_ATTEMPT] Time: 562ms, Drone: 32
[P1_ABORT] Time: 562ms, Drone: 25
[P1_ATTEMPT] Time: 562ms, Drone: 25
[P1_SUCCESS] Time: 562ms, Drone: 46
[P1_RX] Time: 562ms, Receiver: 28, Sender: 46, RSSI: -82
[P1_RX] Time: 562ms, Receiver: 34, Sender: 46, RSSI: -87
[P1_RX] Time: 562ms, Receiver: 44, Sender: 46, RSSI: -100
[P1_RX] Time: 562ms, Receiver: 37, Sender: 46, RSSI: -103
[P1_RX] Time: 562ms, Receiver: 25, Sender: 46, RSSI: -105
[P1_SUCCESS] Time: 562ms, Drone: 43
[P1_RX] Time: 562ms, Receiver: 15, Sender: 43, RSSI: -93
[P1_RX] Time: 562ms, Receiver: 38, Sender: 43, RSSI: -96
[P1_RX] Time: 562ms, Receiver: 21, Sender: 43, RSSI: -99
[P1_RX] Time: 562ms, Receiver: 18, Sender: 43, RSSI: -99
[P1_RX] Time: 562ms, Receiver: 11, Sender: 43, RSSI: -100
[P1_RX] Time: 562ms, Receiver: 32, Sender: 43, RSSI: -101
[P1_RX] Time: 562ms, Receiver: 10, Sender: 43, RSSI: -101
[P1_RX] Time: 562ms, Receiver: 17, Sender: 43, RSSI: -102
[P1_RX] Time: 562ms, Receiver: 16, Sender: 43, RSSI: -102
[P1_RX] Time: 562ms, Receiver: 1, Sender: 43, RSSI: -103
[P1_RX] Time: 562ms, Receiver: 3, Sender: 43, RSSI: -103
[P1_RX] Time: 562ms, Receiver: 49, Sender: 43, RSSI: -104
[P1_RX] Time: 562ms, Receiver: 33, Sender: 43, RSSI: -104
[P1_RX] Time: 562ms, Receiver: 45, Sender: 43, RSSI: -106
[P1_RX] Time: 562ms, Receiver: 8, Sender: 43, RSSI: -106
[P1_RX] Time: 562ms, Receiver: 31, Sender: 43, RSSI: -107
[P1_ABORT] Time: 562ms, Drone: 11
[P1_ATTEMPT] Time: 562ms, Drone: 11
[P1_ABORT] Time: 562ms, Drone: 32
[P1_ATTEMPT] Time: 562ms, Drone: 32
[P1_ABORT] Time: 562ms, Drone: 25
[P1_ATTEMPT] Time: 562ms, Drone: 25
[P1_ATTEMPT] Time: 562ms, Drone: 23
[P1_ABORT] Time: 562ms, Drone: 23
[P1_ATTEMPT] Time: 562ms, Drone: 23
[P1_ATTEMPT] Time: 562ms, Drone: 28
[P1_ABORT] Time: 563ms, Drone: 23
[P1_ATTEMPT] Time: 563ms, Drone: 23
[P1_ABORT] Time: 563ms, Drone: 28
[P1_ATTEMPT] Time: 563ms, Drone: 28
[P1_ABORT] Time: 563ms, Drone: 23
[P1_ATTEMPT] Time: 563ms, Drone: 23
[P1_ABORT] Time: 563ms, Drone: 28
[P1_ATTEMPT] Time: 563ms, Drone: 28
[P1_SUCCESS] Time: 563ms, Drone: 5
[P1_RX] Time: 563ms, Receiver: 35, Sender: 5, RSSI: -75
[P1_RX] Time: 563ms, Receiver: 40, Sender: 5, RSSI: -98
[P1_RX] Time: 563ms, Receiver: 39, Sender: 5, RSSI: -99
[P1_RX] Time: 563ms, Receiver: 19, Sender: 5, RSSI: -99
[P1_RX] Time: 563ms, Receiver: 36, Sender: 5, RSSI: -100
[P1_RX] Time: 563ms, Receiver: 41, Sender: 5, RSSI: -100
[P1_RX] Time: 563ms, Receiver: 9, Sender: 5, RSSI: -101
[P1_RX] Time: 563ms, Receiver: 22, Sender: 5, RSSI: -103
[P1_RX] Time: 563ms, Receiver: 6, Sender: 5, RSSI: -105
[P1_RX] Time: 563ms, Receiver: 42, Sender: 5, RSSI: -106
[P1_ABORT] Time: 563ms, Drone: 23
[P1_ATTEMPT] Time: 563ms, Drone: 23
[P1_ABORT] Time: 563ms, Drone: 28
[P1_ATTEMPT] Time: 563ms, Drone: 28
[P1_ABORT] Time: 563ms, Drone: 28
[P1_ATTEMPT] Time: 563ms, Drone: 28
[P1_SUCCESS] Time: 563ms, Drone: 11
[P1_RX] Time: 563ms, Receiver: 38, Sender: 11, RSSI: -94
[P1_RX] Time: 563ms, Receiver: 21, Sender: 11, RSSI: -95
[P1_RX] Time: 563ms, Receiver: 18, Sender: 11, RSSI: -95
[P1_RX] Time: 563ms, Receiver: 43, Sender: 11, RSSI: -97
[P1_RX] Time: 563ms, Receiver: 10, Sender: 11, RSSI: -104
[P1_SUCCESS] Time: 563ms, Drone: 32
[P1_RX] Time: 563ms, Receiver: 15, Sender: 32, RSSI: -95
[P1_RX] Time: 563ms, Receiver: 4, Sender: 32, RSSI: -100
[P1_RX] Time: 563ms, Receiver: 3, Sender: 32, RSSI: -101
[P1_RX] Time: 563ms, Receiver: 49, Sender: 32, RSSI: -101
[P1_RX] Time: 563ms, Receiver: 31, Sender: 32, RSSI: -102
[P1_RX] Time: 563ms, Receiver: 13, Sender: 32, RSSI: -102
[P1_RX] Time: 563ms, Receiver: 48, Sender: 32, RSSI: -104
[P1_ABORT] Time: 563ms, Drone: 28
[P1_ATTEMPT] Time: 563ms, Drone: 28
[P1_SUCCESS] Time: 563ms, Drone: 25
[P1_RX] Time: 563ms, Receiver: 29, Sender: 25, RSSI: -93
[P1_RX] Time: 563ms, Receiver: 37, Sender: 25, RSSI: -95
[P1_RX] Time: 563ms, Receiver: 33, Sender: 25, RSSI: -98
[P1_RX] Time: 563ms, Receiver: 34, Sender: 25, RSSI: -102
[P1_RX] Time: 563ms, Receiver: 20, Sender: 25, RSSI: -103
[P1_RX] Time: 563ms, Receiver: 28, Sender: 25, RSSI: -104
[P1_RX] Time: 563ms, Receiver: 46, Sender: 25, RSSI: -105
[P1_RX] Time: 563ms, Receiver: 44, Sender: 25, RSSI: -107
[P1_ABORT] Time: 563ms, Drone: 28
[P1_ATTEMPT] Time: 563ms, Drone: 28
[P1_ATTEMPT] Time: 563ms, Drone: 7
[P1_ABORT] Time: 563ms, Drone: 7
[P1_ATTEMPT] Time: 563ms, Drone: 7
[P1_ABORT] Time: 564ms, Drone: 7
[P1_ATTEMPT] Time: 564ms, Drone: 7
[P1_ABORT] Time: 564ms, Drone: 7
[P1_ATTEMPT] Time: 564ms, Drone: 7
[P1_SUCCESS] Time: 564ms, Drone: 23
[P1_RX] Time: 564ms, Receiver: 14, Sender: 23, RSSI: -89
[P1_RX] Time: 564ms, Receiver: 0, Sender: 23, RSSI: -89
[P1_RX] Time: 564ms, Receiver: 26, Sender: 23, RSSI: -97
[P1_RX] Time: 564ms, Receiver: 42, Sender: 23, RSSI: -97
[P1_RX] Time: 564ms, Receiver: 2, Sender: 23, RSSI: -98
[P1_RX] Time: 564ms, Receiver: 24, Sender: 23, RSSI: -98
[P1_RX] Time: 564ms, Receiver: 6, Sender: 23, RSSI: -100
[P1_RX] Time: 564ms, Receiver: 30, Sender: 23, RSSI: -102
[P1_RX] Time: 564ms, Receiver: 13, Sender: 23, RSSI: -103
[P1_RX] Time: 564ms, Receiver: 45, Sender: 23, RSSI: -105
[P1_RX] Time: 564ms, Receiver: 48, Sender: 23, RSSI: -105
[P1_RX] Time: 564ms, Receiver: 7, Sender: 23, RSSI: -105
[P1_RX] Time: 564ms, Receiver: 31, Sender: 23, RSSI: -106
[P1_RX] Time: 564ms, Receiver: 39, Sender: 23, RSSI: -107
[P1_RX] Time: 564ms, Receiver: 19, Sender: 23, RSSI: -107
[P1_RX] Time: 564ms, Receiver: 9, Sender: 23, RSSI: -108
[P1_RX] Time: 564ms, Receiver: 35, Sender: 23, RSSI: -109
[P1_RX] Time: 564ms, Receiver: 5, Sender: 23, RSSI: -110
[P1_ATTEMPT] Time: 564ms, Drone: 48
[P1_ABORT] Time: 564ms, Drone: 7
[P1_ATTEMPT] Time: 564ms, Drone: 7
[P1_SUCCESS] Time: 564ms, Drone: 28
[P1_RX] Time: 564ms, Receiver: 34, Sender: 28, RSSI: -78
[P1_RX] Time: 564ms, Receiver: 46, Sender: 28, RSSI: -82
[P1_RX] Time: 564ms, Receiver: 44, Sender: 28, RSSI: -99
[P1_RX] Time: 564ms, Receiver: 25, Sender: 28, RSSI: -104
[P1_RX] Time: 564ms, Receiver: 20, Sender: 28, RSSI: -104
[P1_ATTEMPT] Time: 564ms, Drone: 22
[P1_ATTEMPT] Time: 564ms, Drone: 2
[P1_ABORT] Time: 564ms, Drone: 2
[P1_ATTEMPT] Time: 564ms, Drone: 2
[P1_ABORT] Time: 565ms, Drone: 2
[P1_ATTEMPT] Time: 565ms, Drone: 2
[P1_SUCCESS] Time: 565ms, Drone: 48
[P1_RX] Time: 565ms, Receiver: 13, Sender: 48, RSSI: -93
[P1_RX] Time: 565ms, Receiver: 4, Sender: 48, RSSI: -94
[P1_RX] Time: 565ms, Receiver: 24, Sender: 48, RSSI: -94
[P1_RX] Time: 565ms, Receiver: 2, Sender: 48, RSSI: -98
[P1_RX] Time: 565ms, Receiver: 31, Sender: 48, RSSI: -101
[P1_RX] Time: 565ms, Receiver: 45, Sender: 48, RSSI: -102
[P1_RX] Time: 565ms, Receiver: 42, Sender: 48, RSSI: -104
[P1_RX] Time: 565ms, Receiver: 1, Sender: 48, RSSI: -105
[P1_RX] Time: 565ms, Receiver: 26, Sender: 48, RSSI: -103
[P1_ABORT] Time: 565ms, Drone: 2
[P1_ATTEMPT] Time: 565ms, Drone: 2
[P1_SUCCESS] Time: 565ms, Drone: 7
[P1_RX] Time: 565ms, Receiver: 30, Sender: 7, RSSI: -93
[P1_SUCCESS] Time: 565ms, Drone: 22
[P1_RX] Time: 565ms, Receiver: 36, Sender: 22, RSSI: -99
[P1_RX] Time: 565ms, Receiver: 9, Sender: 22, RSSI: -103
[P1_RX] Time: 565ms, Receiver: 5, Sender: 22, RSSI: -103
[P1_RX] Time: 565ms, Receiver: 41, Sender: 22, RSSI: -103
[P1_RX] Time: 565ms, Receiver: 35, Sender: 22, RSSI: -104
[P1_RX] Time: 565ms, Receiver: 39, Sender: 22, RSSI: -106
[P1_ATTEMPT] Time: 565ms, Drone: 10
[P1_SUCCESS] Time: 566ms, Drone: 2
[P1_RX] Time: 566ms, Receiver: 24, Sender: 2, RSSI: -89
[P1_RX] Time: 566ms, Receiver: 42, Sender: 2, RSSI: -95
[P1_RX] Time: 566ms, Receiver: 13, Sender: 2, RSSI: -97
[P1_RX] Time: 566ms, Receiver: 23, Sender: 2, RSSI: -98
[P1_RX] Time: 566ms, Receiver: 48, Sender: 2, RSSI: -98
[P1_RX] Time: 566ms, Receiver: 0, Sender: 2, RSSI: -98
[P1_RX] Time: 566ms, Receiver: 45, Sender: 2, RSSI: -99
[P1_RX] Time: 566ms, Receiver: 14, Sender: 2, RSSI: -101
[P1_RX] Time: 566ms, Receiver: 26, Sender: 2, RSSI: -101
[P1_RX] Time: 566ms, Receiver: 4, Sender: 2, RSSI: -101
[P1_RX] Time: 566ms, Receiver: 31, Sender: 2, RSSI: -102
[P1_RX] Time: 566ms, Receiver: 19, Sender: 2, RSSI: -102
[P1_RX] Time: 566ms, Receiver: 1, Sender: 2, RSSI: -104
[P1_RX] Time: 566ms, Receiver: 6, Sender: 2, RSSI: -104
[P1_RX] Time: 566ms, Receiver: 32, Sender: 2, RSSI: -104
[P1_RX] Time: 566ms, Receiver: 30, Sender: 2, RSSI: -106
[P1_RX] Time: 566ms, Receiver: 27, Sender: 2, RSSI: -104
[P1_RX] Time: 566ms, Receiver: 47, Sender: 2, RSSI: -104
[P1_RX] Time: 566ms, Receiver: 16, Sender: 2, RSSI: -106
[P1_RX] Time: 566ms, Receiver: 7, Sender: 2, RSSI: -109
[P1_ATTEMPT] Time: 566ms, Drone: 38
[P1_SUCCESS] Time: 566ms, Drone: 10
[P1_RX] Time: 566ms, Receiver: 38, Sender: 10, RSSI: -99
[P1_RX] Time: 566ms, Receiver: 8, Sender: 10, RSSI: -101
[P1_RX] Time: 566ms, Receiver: 43, Sender: 10, RSSI: -102
[P1_RX] Time: 566ms, Receiver: 21, Sender: 10, RSSI: -105
[P1_RX] Time: 566ms, Receiver: 11, Sender: 10, RSSI: -106
[P1_RX] Time: 566ms, Receiver: 15, Sender: 10, RSSI: -106
[P1_RX] Time: 566ms, Receiver: 18, Sender: 10, RSSI: -107
[P1_RX] Time: 566ms, Receiver: 3, Sender: 10, RSSI: -107
[P1_ABORT] Time: 566ms, Drone: 38
[P1_ATTEMPT] Time: 566ms, Drone: 38
[P1_ATTEMPT] Time: 567ms, Drone: 49
[P1_SUCCESS] Time: 567ms, Drone: 38
[P1_RX] Time: 567ms, Receiver: 11, Sender: 38, RSSI: -94
[P1_RX] Time: 567ms, Receiver: 43, Sender: 38, RSSI: -96
[P1_RX] Time: 567ms, Receiver: 21, Sender: 38, RSSI: -97
[P1_RX] Time: 567ms, Receiver: 10, Sender: 38, RSSI: -99
[P1_RX] Time: 567ms, Receiver: 15, Sender: 38, RSSI: -103
[P1_RX] Time: 567ms, Receiver: 8, Sender: 38, RSSI: -103
[P1_SUCCESS] Time: 567ms, Drone: 49
[P1_RX] Time: 567ms, Receiver: 4, Sender: 49, RSSI: -105
[P1_RX] Time: 567ms, Receiver: 20, Sender: 49, RSSI: -106
[P1_RX] Time: 567ms, Receiver: 44, Sender: 49, RSSI: -108
[P1_ATTEMPT] Time: 568ms, Drone: 3
[P1_ATTEMPT] Time: 569ms, Drone: 0
[P1_ATTEMPT] Time: 569ms, Drone: 20
[P1_ABORT] Time: 569ms, Drone: 20
[P1_ATTEMPT] Time: 569ms, Drone: 20
[P1_ABORT] Time: 569ms, Drone: 20
[P1_ATTEMPT] Time: 569ms, Drone: 20
[P1_SUCCESS] Time: 569ms, Drone: 3
[P1_RX] Time: 569ms, Receiver: 49, Sender: 3, RSSI: -80
[P1_RX] Time: 569ms, Receiver: 18, Sender: 3, RSSI: -97
[P1_RX] Time: 569ms, Receiver: 21, Sender: 3, RSSI: -98
[P1_RX] Time: 569ms, Receiver: 17, Sender: 3, RSSI: -100
[P1_RX] Time: 569ms, Receiver: 16, Sender: 3, RSSI: -101
[P1_RX] Time: 569ms, Receiver: 1, Sender: 3, RSSI: -102
[P1_RX] Time: 569ms, Receiver: 15, Sender: 3, RSSI: -103
[P1_RX] Time: 569ms, Receiver: 32, Sender: 3, RSSI: -103
[P1_RX] Time: 569ms, Receiver: 8, Sender: 3, RSSI: -103
[P1_RX] Time: 569ms, Receiver: 43, Sender: 3, RSSI: -104
[P1_RX] Time: 569ms, Receiver: 38, Sender: 3, RSSI: -104
[P1_RX] Time: 569ms, Receiver: 11, Sender: 3, RSSI: -106
[P1_RX] Time: 569ms, Receiver: 10, Sender: 3, RSSI: -107
[P1_ATTEMPT] Time: 569ms, Drone: 24
[P1_ATTEMPT] Time: 570ms, Drone: 45
[P1_ABORT] Time: 570ms, Drone: 24
[P1_ATTEMPT] Time: 570ms, Drone: 24
[P1_ABORT] Time: 570ms, Drone: 45
[P1_ATTEMPT] Time: 570ms, Drone: 45
[P1_ABORT] Time: 570ms, Drone: 24
[P1_ATTEMPT] Time: 570ms, Drone: 24
[P1_ATTEMPT] Time: 570ms, Drone: 29
[P1_ABORT] Time: 570ms, Drone: 45
[P1_ATTEMPT] Time: 570ms, Drone: 45
[P1_ABORT] Time: 570ms, Drone: 24
[P1_ATTEMPT] Time: 570ms, Drone: 24
[P1_ABORT] Time: 570ms, Drone: 29
[P1_ATTEMPT] Time: 570ms, Drone: 29
[P1_SUCCESS] Time: 570ms, Drone: 0
[P1_RX] Time: 570ms, Receiver: 23, Sender: 0, RSSI: -89
[P1_RX] Time: 570ms, Receiver: 14, Sender: 0, RSSI: -97
[P1_RX] Time: 570ms, Receiver: 42, Sender: 0, RSSI: -98
[P1_RX] Time: 570ms, Receiver: 2, Sender: 0, RSSI: -98
[P1_RX] Time: 570ms, Receiver: 6, Sender: 0, RSSI: -99
[P1_RX] Time: 570ms, Receiver: 24, Sender: 0, RSSI: -101
[P1_RX] Time: 570ms, Receiver: 26, Sender: 0, RSSI: -102
[P1_RX] Time: 570ms, Receiver: 9, Sender: 0, RSSI: -105
[P1_RX] Time: 570ms, Receiver: 39, Sender: 0, RSSI: -105
[P1_RX] Time: 570ms, Receiver: 30, Sender: 0, RSSI: -105
[P1_RX] Time: 570ms, Receiver: 35, Sender: 0, RSSI: -107
[P1_ABORT] Time: 570ms, Drone: 45
[P1_ATTEMPT] Time: 570ms, Drone: 45
[P1_ABORT] Time: 570ms, Drone: 24
[P1_ATTEMPT] Time: 570ms, Drone: 24
[P1_ABORT] Time: 570ms, Drone: 29
[P1_ATTEMPT] Time: 570ms, Drone: 29
[P1_ATTEMPT] Time: 570ms, Drone: 31
[P1_ABORT] Time: 570ms, Drone: 29
[P1_ATTEMPT] Time: 570ms, Drone: 29
[P1_SUCCESS] Time: 570ms, Drone: 20
[P1_RX] Time: 570ms, Receiver: 29, Sender: 20, RSSI: -102
[P1_RX] Time: 570ms, Receiver: 44, Sender: 20, RSSI: -103
[P1_RX] Time: 570ms, Receiver: 37, Sender: 20, RSSI: -103
[P1_RX] Time: 570ms, Receiver: 25, Sender: 20, RSSI: -104
[P1_RX] Time: 570ms, Receiver: 34, Sender: 20, RSSI: -104
[P1_RX] Time: 570ms, Receiver: 28, Sender: 20, RSSI: -105
[P1_RX] Time: 570ms, Receiver: 33, Sender: 20, RSSI: -105
[P1_RX] Time: 570ms, Receiver: 4, Sender: 20, RSSI: -104
[P1_RX] Time: 570ms, Receiver: 46, Sender: 20, RSSI: -107
[P1_RX] Time: 570ms, Receiver: 49, Sender: 20, RSSI: -106
[P1_RX] Time: 570ms, Receiver: 3, Sender: 20, RSSI: -108
[P1_ABORT] Time: 570ms, Drone: 29
[P1_ATTEMPT] Time: 570ms, Drone: 29
[P1_ABORT] Time: 570ms, Drone: 29
[P1_ATTEMPT] Time: 570ms, Drone: 29
[P1_ABORT] Time: 570ms, Drone: 29
[P1_ATTEMPT] Time: 570ms, Drone: 29
[P1_ABORT] Time: 571ms, Drone: 29
[P1_ATTEMPT] Time: 571ms, Drone: 29
[P1_ABORT] Time: 571ms, Drone: 29
[P1_ATTEMPT] Time: 571ms, Drone: 29
[P1_ABORT] Time: 571ms, Drone: 29
[P1_ATTEMPT] Time: 571ms, Drone: 29
[P1_SUCCESS] Time: 571ms, Drone: 45
[P1_RX] Time: 571ms, Receiver: 32, Sender: 45, RSSI: -99
[P1_RX] Time: 571ms, Receiver: 27, Sender: 45, RSSI: -100
[P1_RX] Time: 571ms, Receiver: 1, Sender: 45, RSSI: -100
[P1_RX] Time: 571ms, Receiver: 16, Sender: 45, RSSI: -103
[P1_RX] Time: 571ms, Receiver: 17, Sender: 45, RSSI: -106
[P1_SUCCESS] Time: 571ms, Drone: 24
[P1_RX] Time: 571ms, Receiver: 2, Sender: 24, RSSI: -89
[P1_RX] Time: 571ms, Receiver: 48, Sender: 24, RSSI: -93
[P1_RX] Time: 571ms, Receiver: 42, Sender: 24, RSSI: -97
[P1_RX] Time: 571ms, Receiver: 23, Sender: 24, RSSI: -97
[P1_RX] Time: 571ms, Receiver: 26, Sender: 24, RSSI: -98
[P1_RX] Time: 571ms, Receiver: 14, Sender: 24, RSSI: -98
[P1_RX] Time: 571ms, Receiver: 30, Sender: 24, RSSI: -101
[P1_RX] Time: 571ms, Receiver: 6, Sender: 24, RSSI: -103
[P1_SUCCESS] Time: 571ms, Drone: 31
[P1_RX] Time: 571ms, Receiver: 29, Sender: 31, RSSI: -102
[P1_RX] Time: 571ms, Receiver: 37, Sender: 31, RSSI: -104
[P1_RX] Time: 571ms, Receiver: 25, Sender: 31, RSSI: -105
[P1_ABORT] Time: 571ms, Drone: 29
[P1_ATTEMPT] Time: 571ms, Drone: 29
[P1_ATTEMPT] Time: 571ms, Drone: 41
[P1_ATTEMPT] Time: 572ms, Drone: 42
[P1_SUCCESS] Time: 572ms, Drone: 29
[P1_RX] Time: 572ms, Receiver: 33, Sender: 29, RSSI: -89
[P1_RX] Time: 572ms, Receiver: 37, Sender: 29, RSSI: -89
[P1_RX] Time: 572ms, Receiver: 25, Sender: 29, RSSI: -93
[P1_RX] Time: 572ms, Receiver: 20, Sender: 29, RSSI: -103
[P1_RX] Time: 572ms, Receiver: 4, Sender: 29, RSSI: -103
[P1_RX] Time: 572ms, Receiver: 31, Sender: 29, RSSI: -105
[P1_RX] Time: 572ms, Receiver: 34, Sender: 29, RSSI: -105
[P1_RX] Time: 572ms, Receiver: 13, Sender: 29, RSSI: -105
[P1_RX] Time: 572ms, Receiver: 28, Sender: 29, RSSI: -106
[P1_RX] Time: 572ms, Receiver: 15, Sender: 29, RSSI: -106
[P1_RX] Time: 572ms, Receiver: 48, Sender: 29, RSSI: -106
[P1_RX] Time: 572ms, Receiver: 46, Sender: 29, RSSI: -107
[P1_ABORT] Time: 572ms, Drone: 42
[P1_ATTEMPT] Time: 572ms, Drone: 42
[P1_SUCCESS] Time: 572ms, Drone: 41
[P1_RX] Time: 572ms, Receiver: 40, Sender: 41, RSSI: -95
[P1_RX] Time: 572ms, Receiver: 47, Sender: 41, RSSI: -97
[P1_RX] Time: 572ms, Receiver: 5, Sender: 41, RSSI: -100
[P1_RX] Time: 572ms, Receiver: 27, Sender: 41, RSSI: -101
[P1_RX] Time: 572ms, Receiver: 19, Sender: 41, RSSI: -101
[P1_RX] Time: 572ms, Receiver: 36, Sender: 41, RSSI: -101
[P1_RX] Time: 572ms, Receiver: 35, Sender: 41, RSSI: -101
[P1_RX] Time: 572ms, Receiver: 22, Sender: 41, RSSI: -103
[P1_RX] Time: 572ms, Receiver: 17, Sender: 41, RSSI: -104
[P1_RX] Time: 572ms, Receiver: 9, Sender: 41, RSSI: -106
[P1_RX] Time: 572ms, Receiver: 18, Sender: 41, RSSI: -106
[P1_RX] Time: 572ms, Receiver: 11, Sender: 41, RSSI: -106
[P1_RX] Time: 572ms, Receiver: 21, Sender: 41, RSSI: -107
[P1_ATTEMPT] Time: 572ms, Drone: 35
[P1_ABORT] Time: 572ms, Drone: 35
[P1_ATTEMPT] Time: 572ms, Drone: 35
[P1_ABORT] Time: 573ms, Drone: 35
[P1_ATTEMPT] Time: 573ms, Drone: 35
[P1_ABORT] Time: 573ms, Drone: 35
[P1_ATTEMPT] Time: 573ms, Drone: 35
[P1_ABORT] Time: 573ms, Drone: 35
[P1_ATTEMPT] Time: 573ms, Drone: 35
[P1_SUCCESS] Time: 573ms, Drone: 42
[P1_RX] Time: 573ms, Receiver: 26, Sender: 42, RSSI: -94
[P1_RX] Time: 573ms, Receiver: 2, Sender: 42, RSSI: -96
[P1_RX] Time: 573ms, Receiver: 23, Sender: 42, RSSI: -97
[P1_RX] Time: 573ms, Receiver: 24, Sender: 42, RSSI: -98
[P1_RX] Time: 573ms, Receiver: 0, Sender: 42, RSSI: -98
[P1_RX] Time: 573ms, Receiver: 6, Sender: 42, RSSI: -98
[P1_RX] Time: 573ms, Receiver: 14, Sender: 42, RSSI: -102
[P1_RX] Time: 573ms, Receiver: 19, Sender: 42, RSSI: -103
[P1_RX] Time: 573ms, Receiver: 39, Sender: 42, RSSI: -103
[P1_RX] Time: 573ms, Receiver: 35, Sender: 42, RSSI: -105
[P1_RX] Time: 573ms, Receiver: 48, Sender: 42, RSSI: -105
[P1_RX] Time: 573ms, Receiver: 13, Sender: 42, RSSI: -105
[P1_RX] Time: 573ms, Receiver: 45, Sender: 42, RSSI: -106
[P1_RX] Time: 573ms, Receiver: 5, Sender: 42, RSSI: -106
[P1_RX] Time: 573ms, Receiver: 9, Sender: 42, RSSI: -107
[P1_RX] Time: 573ms, Receiver: 40, Sender: 42, RSSI: -107
[P1_RX] Time: 573ms, Receiver: 47, Sender: 42, RSSI: -107
[P1_RX] Time: 573ms, Receiver: 4, Sender: 42, RSSI: -108
[P1_RX] Time: 573ms, Receiver: 31, Sender: 42, RSSI: -108
[P1_RX] Time: 573ms, Receiver: 27, Sender: 42, RSSI: -108
[P1_RX] Time: 573ms, Receiver: 30, Sender: 42, RSSI: -108
[P1_RX] Time: 573ms, Receiver: 32, Sender: 42, RSSI: -109
[P1_ATTEMPT] Time: 573ms, Drone: 39
[P1_ATTEMPT] Time: 573ms, Drone: 6
[P1_ABORT] Time: 573ms, Drone: 35
[P1_ATTEMPT] Time: 573ms, Drone: 35
[P1_ATTEMPT] Time: 573ms, Drone: 12
[P1_ATTEMPT] Time: 573ms, Drone: 18
[P1_SUCCESS] Time: 574ms, Drone: 39
[P1_RX] Time: 574ms, Receiver: 9, Sender: 39, RSSI: -94
[P1_SUCCESS] Time: 574ms, Drone: 6
[P1_RX] Time: 574ms, Receiver: 42, Sender: 6, RSSI: -96
[P1_RX] Time: 574ms, Receiver: 0, Sender: 6, RSSI: -97
[P1_RX] Time: 574ms, Receiver: 23, Sender: 6, RSSI: -99
[P1_RX] Time: 574ms, Receiver: 26, Sender: 6, RSSI: -100
[P1_RX] Time: 574ms, Receiver: 14, Sender: 6, RSSI: -102
[P1_RX] Time: 574ms, Receiver: 2, Sender: 6, RSSI: -102
[P1_SUCCESS] Time: 574ms, Drone: 35
[P1_RX] Time: 574ms, Receiver: 5, Sender: 35, RSSI: -75
[P1_RX] Time: 574ms, Receiver: 19, Sender: 35, RSSI: -97
[P1_RX] Time: 574ms, Receiver: 40, Sender: 35, RSSI: -98
[P1_RX] Time: 574ms, Receiver: 41, Sender: 35, RSSI: -100
[P1_RX] Time: 574ms, Receiver: 36, Sender: 35, RSSI: -100
[P1_RX] Time: 574ms, Receiver: 47, Sender: 35, RSSI: -101
[P1_RX] Time: 574ms, Receiver: 22, Sender: 35, RSSI: -101
[P1_RX] Time: 574ms, Receiver: 27, Sender: 35, RSSI: -102
[P1_SUCCESS] Time: 574ms, Drone: 12
[P1_RX] Time: 574ms, Receiver: 7, Sender: 12, RSSI: -102
[P1_RX] Time: 574ms, Receiver: 13, Sender: 12, RSSI: -102
[P1_RX] Time: 574ms, Receiver: 48, Sender: 12, RSSI: -103
[P1_RX] Time: 574ms, Receiver: 31, Sender: 12, RSSI: -103
[P1_SUCCESS] Time: 574ms, Drone: 18
[P1_RX] Time: 574ms, Receiver: 21, Sender: 18, RSSI: -78
[P1_RX] Time: 574ms, Receiver: 17, Sender: 18, RSSI: -86
[P1_RX] Time: 574ms, Receiver: 3, Sender: 18, RSSI: -97
[P1_RX] Time: 574ms, Receiver: 11, Sender: 18, RSSI: -98
[P1_RX] Time: 574ms, Receiver: 43, Sender: 18, RSSI: -99
[P1_RX] Time: 574ms, Receiver: 38, Sender: 18, RSSI: -99
[P1_RX] Time: 574ms, Receiver: 15, Sender: 18, RSSI: -99
[P1_RX] Time: 574ms, Receiver: 49, Sender: 18, RSSI: -100
[P1_RX] Time: 574ms, Receiver: 8, Sender: 18, RSSI: -105
[P1_RX] Time: 574ms, Receiver: 10, Sender: 18, RSSI: -106
[P1_ATTEMPT] Time: 575ms, Drone: 40
[P1_SUCCESS] Time: 576ms, Drone: 40
[P1_RX] Time: 576ms, Receiver: 47, Sender: 40, RSSI: -91
[P1_RX] Time: 576ms, Receiver: 19, Sender: 40, RSSI: -92
[P1_RX] Time: 576ms, Receiver: 41, Sender: 40, RSSI: -95
[P1_RX] Time: 576ms, Receiver: 5, Sender: 40, RSSI: -98
[P1_RX] Time: 576ms, Receiver: 35, Sender: 40, RSSI: -99
[P1_RX] Time: 576ms, Receiver: 27, Sender: 40, RSSI: -101
[P1_RX] Time: 576ms, Receiver: 16, Sender: 40, RSSI: -102
[P1_RX] Time: 576ms, Receiver: 1, Sender: 40, RSSI: -103
[P1_RX] Time: 576ms, Receiver: 17, Sender: 40, RSSI: -104
[P1_RX] Time: 576ms, Receiver: 32, Sender: 40, RSSI: -104
[P1_RX] Time: 576ms, Receiver: 36, Sender: 40, RSSI: -104
[P1_RX] Time: 576ms, Receiver: 18, Sender: 40, RSSI: -106
[P1_RX] Time: 576ms, Receiver: 39, Sender: 40, RSSI: -106
[P1_RX] Time: 576ms, Receiver: 9, Sender: 40, RSSI: -107
[P1_RX] Time: 576ms, Receiver: 42, Sender: 40, RSSI: -107
[P1_RX] Time: 576ms, Receiver: 2, Sender: 40, RSSI: -107
[P1_RX] Time: 576ms, Receiver: 22, Sender: 40, RSSI: -107
[P1_RX] Time: 576ms, Receiver: 45, Sender: 40, RSSI: -108
[P1_RX] Time: 576ms, Receiver: 6, Sender: 40, RSSI: -109
[P1_RX] Time: 576ms, Receiver: 15, Sender: 40, RSSI: -109
[P1_RX] Time: 576ms, Receiver: 23, Sender: 40, RSSI: -111
[P1_ATTEMPT] Time: 577ms, Drone: 16
[P1_ATTEMPT] Time: 577ms, Drone: 30
[P1_ATTEMPT] Time: 577ms, Drone: 4
[P1_ATTEMPT] Time: 577ms, Drone: 44
[P1_ABORT] Time: 577ms, Drone: 4
[P1_ATTEMPT] Time: 577ms, Drone: 4
[P1_ATTEMPT] Time: 577ms, Drone: 47
[P1_ABORT] Time: 577ms, Drone: 4
[P1_ATTEMPT] Time: 577ms, Drone: 4
[P1_ABORT] Time: 578ms, Drone: 47
[P1_ATTEMPT] Time: 578ms, Drone: 47
[P1_ABORT] Time: 578ms, Drone: 4
[P1_ATTEMPT] Time: 578ms, Drone: 4
[P1_ABORT] Time: 578ms, Drone: 47
[P1_ATTEMPT] Time: 578ms, Drone: 47
[P1_ABORT] Time: 578ms, Drone: 4
[P1_ATTEMPT] Time: 578ms, Drone: 4
[P1_ABORT] Time: 578ms, Drone: 47
[P1_ATTEMPT] Time: 578ms, Drone: 47
[P1_ABORT] Time: 578ms, Drone: 4
[P1_ATTEMPT] Time: 578ms, Drone: 4
[P1_SUCCESS] Time: 578ms, Drone: 16
[P1_RX] Time: 578ms, Receiver: 1, Sender: 16, RSSI: -89
[P1_RX] Time: 578ms, Receiver: 32, Sender: 16, RSSI: -91
[P1_RX] Time: 578ms, Receiver: 17, Sender: 16, RSSI: -91
[P1_RX] Time: 578ms, Receiver: 18, Sender: 16, RSSI: -94
[P1_RX] Time: 578ms, Receiver: 21, Sender: 16, RSSI: -97
[P1_RX] Time: 578ms, Receiver: 47, Sender: 16, RSSI: -97
[P1_RX] Time: 578ms, Receiver: 15, Sender: 16, RSSI: -100
[P1_RX] Time: 578ms, Receiver: 3, Sender: 16, RSSI: -101
[P1_RX] Time: 578ms, Receiver: 40, Sender: 16, RSSI: -102
[P1_RX] Time: 578ms, Receiver: 49, Sender: 16, RSSI: -102
[P1_RX] Time: 578ms, Receiver: 19, Sender: 16, RSSI: -102
[P1_RX] Time: 578ms, Receiver: 27, Sender: 16, RSSI: -102
[P1_RX] Time: 578ms, Receiver: 43, Sender: 16, RSSI: -103
[P1_RX] Time: 578ms, Receiver: 11, Sender: 16, RSSI: -103
[P1_RX] Time: 578ms, Receiver: 41, Sender: 16, RSSI: -105
[P1_RX] Time: 578ms, Receiver: 38, Sender: 16, RSSI: -105
[P1_RX] Time: 578ms, Receiver: 4, Sender: 16, RSSI: -106
[P1_RX] Time: 578ms, Receiver: 5, Sender: 16, RSSI: -109
[P1_ABORT] Time: 578ms, Drone: 47
[P1_ATTEMPT] Time: 578ms, Drone: 47
[P1_ABORT] Time: 578ms, Drone: 4
[P1_ATTEMPT] Time: 578ms, Drone: 4
[P1_SUCCESS] Time: 578ms, Drone: 30
[P1_RX] Time: 578ms, Receiver: 7, Sender: 30, RSSI: -94
[P1_RX] Time: 578ms, Receiver: 14, Sender: 30, RSSI: -97
[P1_RX] Time: 578ms, Receiver: 12, Sender: 30, RSSI: -98
[P1_RX] Time: 578ms, Receiver: 23, Sender: 30, RSSI: -102
[P1_RX] Time: 578ms, Receiver: 26, Sender: 30, RSSI: -105
[P1_SUCCESS] Time: 578ms, Drone: 44
[P1_RX] Time: 578ms, Receiver: 28, Sender: 44, RSSI: -99
[P1_RX] Time: 578ms, Receiver: 46, Sender: 44, RSSI: -100
[P1_RX] Time: 578ms, Receiver: 34, Sender: 44, RSSI: -101
[P1_RX] Time: 578ms, Receiver: 20, Sender: 44, RSSI: -102
[P1_RX] Time: 578ms, Receiver: 25, Sender: 44, RSSI: -107
[P1_ATTEMPT] Time: 578ms, Drone: 15
[P1_ABORT] Time: 578ms, Drone: 15
[P1_ATTEMPT] Time: 578ms, Drone: 15
[P1_ATTEMPT] Time: 578ms, Drone: 17
[P1_ABORT] Time: 578ms, Drone: 15
[P1_ATTEMPT] Time: 578ms, Drone: 15
[P1_ABORT] Time: 579ms, Drone: 17
[P1_ATTEMPT] Time: 579ms, Drone: 17
[P1_ABORT] Time: 579ms, Drone: 15
[P1_ATTEMPT] Time: 579ms, Drone: 15
[P1_ABORT] Time: 579ms, Drone: 17
[P1_ATTEMPT] Time: 579ms, Drone: 17
[P1_ABORT] Time: 579ms, Drone: 15
[P1_ATTEMPT] Time: 579ms, Drone: 15
[P1_ABORT] Time: 579ms, Drone: 17
[P1_ATTEMPT] Time: 579ms, Drone: 17
[P1_ABORT] Time: 579ms, Drone: 15
[P1_ATTEMPT] Time: 579ms, Drone: 15
[P1_SUCCESS] Time: 579ms, Drone: 47
[P1_RX] Time: 579ms, Receiver: 40, Sender: 47, RSSI: -91
[P1_RX] Time: 579ms, Receiver: 19, Sender: 47, RSSI: -92
[P1_RX] Time: 579ms, Receiver: 27, Sender: 47, RSSI: -95
[P1_RX] Time: 579ms, Receiver: 41, Sender: 47, RSSI: -97
[P1_RX] Time: 579ms, Receiver: 16, Sender: 47, RSSI: -97
[P1_RX] Time: 579ms, Receiver: 32, Sender: 47, RSSI: -97
[P1_RX] Time: 579ms, Receiver: 1, Sender: 47, RSSI: -97
[P1_RX] Time: 579ms, Receiver: 17, Sender: 47, RSSI: -100
[P1_RX] Time: 579ms, Receiver: 5, Sender: 47, RSSI: -102
[P1_RX] Time: 579ms, Receiver: 35, Sender: 47, RSSI: -102
[P1_RX] Time: 579ms, Receiver: 18, Sender: 47, RSSI: -102
[P1_RX] Time: 579ms, Receiver: 21, Sender: 47, RSSI: -104
[P1_RX] Time: 579ms, Receiver: 11, Sender: 47, RSSI: -105
[P1_RX] Time: 579ms, Receiver: 9, Sender: 47, RSSI: -106
[P1_RX] Time: 579ms, Receiver: 42, Sender: 47, RSSI: -104
[P1_SUCCESS] Time: 579ms, Drone: 4
[P1_RX] Time: 579ms, Receiver: 48, Sender: 4, RSSI: -94
[P1_RX] Time: 579ms, Receiver: 13, Sender: 4, RSSI: -96
[P1_RX] Time: 579ms, Receiver: 31, Sender: 4, RSSI: -100
[P1_RX] Time: 579ms, Receiver: 45, Sender: 4, RSSI: -100
[P1_RX] Time: 579ms, Receiver: 2, Sender: 4, RSSI: -100
[P1_RX] Time: 579ms, Receiver: 24, Sender: 4, RSSI: -101
[P1_RX] Time: 579ms, Receiver: 33, Sender: 4, RSSI: -103
[P1_RX] Time: 579ms, Receiver: 29, Sender: 4, RSSI: -103
[P1_RX] Time: 579ms, Receiver: 20, Sender: 4, RSSI: -105
[P1_RX] Time: 579ms, Receiver: 37, Sender: 4, RSSI: -105
[P1_RX] Time: 579ms, Receiver: 49, Sender: 4, RSSI: -104
[P1_RX] Time: 579ms, Receiver: 25, Sender: 4, RSSI: -107
[P1_RX] Time: 579ms, Receiver: 23, Sender: 4, RSSI: -106
[P1_RX] Time: 579ms, Receiver: 14, Sender: 4, RSSI: -107
[P1_ABORT] Time: 579ms, Drone: 17
[P1_ATTEMPT] Time: 579ms, Drone: 17
[P1_ABORT] Time: 579ms, Drone: 15
[P1_ATTEMPT] Time: 579ms, Drone: 15
[P1_ATTEMPT] Time: 579ms, Drone: 1
[P1_ABORT] Time: 579ms, Drone: 1
[P1_ATTEMPT] Time: 579ms, Drone: 1
[P1_ABORT] Time: 579ms, Drone: 1
[P1_ATTEMPT] Time: 579ms, Drone: 1
[P1_ABORT] Time: 580ms, Drone: 1
[P1_ATTEMPT] Time: 580ms, Drone: 1
[P1_ABORT] Time: 580ms, Drone: 1
[P1_ATTEMPT] Time: 580ms, Drone: 1
[P1_ABORT] Time: 580ms, Drone: 1
[P1_ATTEMPT] Time: 580ms, Drone: 1
[P1_ATTEMPT] Time: 580ms, Drone: 37
[P1_SUCCESS] Time: 580ms, Drone: 17
[P1_RX] Time: 580ms, Receiver: 18, Sender: 17, RSSI: -86
[P1_RX] Time: 580ms, Receiver: 21, Sender: 17, RSSI: -90
[P1_RX] Time: 580ms, Receiver: 16, Sender: 17, RSSI: -91
[P1_RX] Time: 580ms, Receiver: 1, Sender: 17, RSSI: -96
[P1_RX] Time: 580ms, Receiver: 11, Sender: 17, RSSI: -98
[P1_RX] Time: 580ms, Receiver: 3, Sender: 17, RSSI: -98
[P1_RX] Time: 580ms, Receiver: 47, Sender: 17, RSSI: -99
[P1_RX] Time: 580ms, Receiver: 49, Sender: 17, RSSI: -100
[P1_RX] Time: 580ms, Receiver: 38, Sender: 17, RSSI: -100
[P1_RX] Time: 580ms, Receiver: 40, Sender: 17, RSSI: -102
[P1_RX] Time: 580ms, Receiver: 41, Sender: 17, RSSI: -104
[P1_RX] Time: 580ms, Receiver: 19, Sender: 17, RSSI: -104
[P1_SUCCESS] Time: 580ms, Drone: 15
[P1_RX] Time: 580ms, Receiver: 43, Sender: 15, RSSI: -93
[P1_RX] Time: 580ms, Receiver: 45, Sender: 15, RSSI: -102
[P1_RX] Time: 580ms, Receiver: 33, Sender: 15, RSSI: -103
[P1_RX] Time: 580ms, Receiver: 4, Sender: 15, RSSI: -103
[P1_RX] Time: 580ms, Receiver: 31, Sender: 15, RSSI: -103
[P1_RX] Time: 580ms, Receiver: 37, Sender: 15, RSSI: -105
[P1_RX] Time: 580ms, Receiver: 10, Sender: 15, RSSI: -104
[P1_RX] Time: 580ms, Receiver: 29, Sender: 15, RSSI: -105
[P1_RX] Time: 580ms, Receiver: 13, Sender: 15, RSSI: -105
[P1_RX] Time: 580ms, Receiver: 48, Sender: 15, RSSI: -107
[P1_RX] Time: 580ms, Receiver: 2, Sender: 15, RSSI: -107
[P1_ABORT] Time: 580ms, Drone: 1
[P1_ATTEMPT] Time: 580ms, Drone: 1
[P1_ABORT] Time: 580ms, Drone: 37
[P1_ATTEMPT] Time: 580ms, Drone: 37
[P1_ATTEMPT] Time: 580ms, Drone: 13
[P1_ATTEMPT] Time: 581ms, Drone: 8
[P1_SUCCESS] Time: 581ms, Drone: 1
[P1_RX] Time: 581ms, Receiver: 32, Sender: 1, RSSI: -82
[P1_RX] Time: 581ms, Receiver: 16, Sender: 1, RSSI: -89
[P1_RX] Time: 581ms, Receiver: 15, Sender: 1, RSSI: -97
[P1_RX] Time: 581ms, Receiver: 17, Sender: 1, RSSI: -99
[P1_RX] Time: 581ms, Receiver: 18, Sender: 1, RSSI: -99
[P1_RX] Time: 581ms, Receiver: 47, Sender: 1, RSSI: -99
[P1_RX] Time: 581ms, Receiver: 21, Sender: 1, RSSI: -101
[P1_RX] Time: 581ms, Receiver: 19, Sender: 1, RSSI: -100
[P1_RX] Time: 581ms, Receiver: 27, Sender: 1, RSSI: -101
[P1_RX] Time: 581ms, Receiver: 40, Sender: 1, RSSI: -102
[P1_RX] Time: 581ms, Receiver: 43, Sender: 1, RSSI: -101
[P1_SUCCESS] Time: 581ms, Drone: 37
[P1_RX] Time: 581ms, Receiver: 29, Sender: 37, RSSI: -89
[P1_RX] Time: 581ms, Receiver: 33, Sender: 37, RSSI: -90
[P1_RX] Time: 581ms, Receiver: 25, Sender: 37, RSSI: -95
[P1_RX] Time: 581ms, Receiver: 34, Sender: 37, RSSI: -102
[P1_RX] Time: 581ms, Receiver: 20, Sender: 37, RSSI: -102
[P1_RX] Time: 581ms, Receiver: 28, Sender: 37, RSSI: -103
[P1_RX] Time: 581ms, Receiver: 46, Sender: 37, RSSI: -104
[P1_SUCCESS] Time: 581ms, Drone: 13
[P1_RX] Time: 581ms, Receiver: 31, Sender: 13, RSSI: -92
[P1_RX] Time: 581ms, Receiver: 48, Sender: 13, RSSI: -92
[P1_RX] Time: 581ms, Receiver: 45, Sender: 13, RSSI: -95
[P1_RX] Time: 581ms, Receiver: 4, Sender: 13, RSSI: -95
[P1_RX] Time: 581ms, Receiver: 2, Sender: 13, RSSI: -96
[P1_RX] Time: 581ms, Receiver: 24, Sender: 13, RSSI: -97
[P1_RX] Time: 581ms, Receiver: 23, Sender: 13, RSSI: -102
[P1_RX] Time: 581ms, Receiver: 0, Sender: 13, RSSI: -102
[P1_RX] Time: 581ms, Receiver: 14, Sender: 13, RSSI: -103
[P1_RX] Time: 581ms, Receiver: 30, Sender: 13, RSSI: -103
[P1_RX] Time: 581ms, Receiver: 12, Sender: 13, RSSI: -104
[P1_RX] Time: 581ms, Receiver: 42, Sender: 13, RSSI: -103
[P1_RX] Time: 581ms, Receiver: 26, Sender: 13, RSSI: -105
[P1_RX] Time: 581ms, Receiver: 7, Sender: 13, RSSI: -107
[P1_ATTEMPT] Time: 581ms, Drone: 34
[P1_SUCCESS] Time: 581ms, Drone: 8
[P1_ATTEMPT] Time: 582ms, Drone: 14
[P1_SUCCESS] Time: 582ms, Drone: 34
[P1_RX] Time: 582ms, Receiver: 28, Sender: 34, RSSI: -78
[P1_RX] Time: 582ms, Receiver: 46, Sender: 34, RSSI: -87
[P1_RX] Time: 582ms, Receiver: 44, Sender: 34, RSSI: -101
[P1_RX] Time: 582ms, Receiver: 37, Sender: 34, RSSI: -102
[P1_RX] Time: 582ms, Receiver: 25, Sender: 34, RSSI: -103
[P1_RX] Time: 582ms, Receiver: 20, Sender: 34, RSSI: -105
[P1_RX] Time: 582ms, Receiver: 29, Sender: 34, RSSI: -105
[P1_RX] Time: 582ms, Receiver: 33, Sender: 34, RSSI: -107
[P1_ATTEMPT] Time: 582ms, Drone: 33
[P1_ATTEMPT] Time: 582ms, Drone: 19
[P1_ATTEMPT] Time: 582ms, Drone: 26
[P1_ATTEMPT] Time: 582ms, Drone: 21
[P1_ABORT] Time: 583ms, Drone: 21
[P1_ATTEMPT] Time: 583ms, Drone: 21
[P1_ABORT] Time: 583ms, Drone: 21
[P1_ATTEMPT] Time: 583ms, Drone: 21
[P1_ABORT] Time: 583ms, Drone: 21
[P1_ATTEMPT] Time: 583ms, Drone: 21
[P1_SUCCESS] Time: 583ms, Drone: 14
[P1_RX] Time: 583ms, Receiver: 23, Sender: 14, RSSI: -89
[P1_RX] Time: 583ms, Receiver: 0, Sender: 14, RSSI: -97
[P1_RX] Time: 583ms, Receiver: 30, Sender: 14, RSSI: -97
[P1_RX] Time: 583ms, Receiver: 24, Sender: 14, RSSI: -99
[P1_RX] Time: 583ms, Receiver: 7, Sender: 14, RSSI: -100
[P1_RX] Time: 583ms, Receiver: 12, Sender: 14, RSSI: -104
[P1_ABORT] Time: 583ms, Drone: 21
[P1_ATTEMPT] Time: 583ms, Drone: 21
[P1_SUCCESS] Time: 583ms, Drone: 33
[P1_RX] Time: 583ms, Receiver: 29, Sender: 33, RSSI: -89
[P1_RX] Time: 583ms, Receiver: 37, Sender: 33, RSSI: -90
[P1_RX] Time: 583ms, Receiver: 25, Sender: 33, RSSI: -98
[P1_RX] Time: 583ms, Receiver: 31, Sender: 33, RSSI: -100
[P1_RX] Time: 583ms, Receiver: 4, Sender: 33, RSSI: -100
[P1_RX] Time: 583ms, Receiver: 15, Sender: 33, RSSI: -102
[P1_RX] Time: 583ms, Receiver: 20, Sender: 33, RSSI: -104
[P1_RX] Time: 583ms, Receiver: 34, Sender: 33, RSSI: -106
[P1_RX] Time: 583ms, Receiver: 28, Sender: 33, RSSI: -107
[P1_SUCCESS] Time: 583ms, Drone: 19
[P1_RX] Time: 583ms, Receiver: 40, Sender: 19, RSSI: -92
[P1_RX] Time: 583ms, Receiver: 47, Sender: 19, RSSI: -92
[P1_RX] Time: 583ms, Receiver: 27, Sender: 19, RSSI: -98
[P1_RX] Time: 583ms, Receiver: 35, Sender: 19, RSSI: -98
[P1_RX] Time: 583ms, Receiver: 5, Sender: 19, RSSI: -98
[P1_RX] Time: 583ms, Receiver: 41, Sender: 19, RSSI: -100
[P1_RX] Time: 583ms, Receiver: 1, Sender: 19, RSSI: -100
[P1_RX] Time: 583ms, Receiver: 32, Sender: 19, RSSI: -100
[P1_RX] Time: 583ms, Receiver: 16, Sender: 19, RSSI: -101
[P1_RX] Time: 583ms, Receiver: 17, Sender: 19, RSSI: -104
[P1_RX] Time: 583ms, Receiver: 36, Sender: 19, RSSI: -106
[P1_ABORT] Time: 583ms, Drone: 21
[P1_ATTEMPT] Time: 583ms, Drone: 21
[P1_SUCCESS] Time: 583ms, Drone: 26
[P1_ATTEMPT] Time: 583ms, Drone: 9
[P1_ATTEMPT] Time: 583ms, Drone: 27
[P1_ABORT] Time: 584ms, Drone: 27
[P1_SUCCESS] Time: 584ms, Drone: 21
[P1_RX] Time: 584ms, Receiver: 18, Sender: 21, RSSI: -78
[P1_RX] Time: 584ms, Receiver: 17, Sender: 21, RSSI: -91
[P1_RX] Time: 584ms, Receiver: 11, Sender: 21, RSSI: -96
[P1_RX] Time: 584ms, Receiver: 16, Sender: 21, RSSI: -97
[P1_RX] Time: 584ms, Receiver: 38, Sender: 21, RSSI: -97
[P1_RX] Time: 584ms, Receiver: 3, Sender: 21, RSSI: -98
[P1_RX] Time: 584ms, Receiver: 43, Sender: 21, RSSI: -99
[P1_RX] Time: 584ms, Receiver: 49, Sender: 21, RSSI: -100
[P1_RX] Time: 584ms, Receiver: 15, Sender: 21, RSSI: -100
[P1_RX] Time: 584ms, Receiver: 32, Sender: 21, RSSI: -101
[P1_RX] Time: 584ms, Receiver: 1, Sender: 21, RSSI: -101
[P1_RX] Time: 584ms, Receiver: 8, Sender: 21, RSSI: -104
[P1_RX] Time: 584ms, Receiver: 10, Sender: 21, RSSI: -105
[P1_SUCCESS] Time: 584ms, Drone: 9
[P1_RX] Time: 584ms, Receiver: 39, Sender: 9, RSSI: -97
[P1_RX] Time: 584ms, Receiver: 35, Sender: 9, RSSI: -100
[P1_RX] Time: 584ms, Receiver: 5, Sender: 9, RSSI: -101
[P1_RX] Time: 584ms, Receiver: 6, Sender: 9, RSSI: -101
[P1_RX] Time: 584ms, Receiver: 22, Sender: 9, RSSI: -103
[P1_RX] Time: 584ms, Receiver: 19, Sender: 9, RSSI: -103
[P1_RX] Time: 584ms, Receiver: 0, Sender: 9, RSSI: -105
[P1_RX] Time: 584ms, Receiver: 42, Sender: 9, RSSI: -106
[P1_RX] Time: 584ms, Receiver: 36, Sender: 9, RSSI: -106
[P1_RX] Time: 584ms, Receiver: 23, Sender: 9, RSSI: -107
[P2_ATTEMPT] Time: 587ms, Drone: 2, Slot: 0, Channel: 26
[P2_ATTEMPT] Time: 587ms, Drone: 3, Slot: 0, Channel: 15
[P2_ATTEMPT] Time: 587ms, Drone: 6, Slot: 0, Channel: 23
[P2_ATTEMPT] Time: 587ms, Drone: 18, Slot: 0, Channel: 21
[P2_ATTEMPT] Time: 587ms, Drone: 32, Slot: 0, Channel: 18
[P2_ATTEMPT] Time: 589ms, Drone: 9, Slot: 1, Channel: 26
[P2_ATTEMPT] Time: 589ms, Drone: 12, Slot: 1, Channel: 25
[P2_ATTEMPT] Time: 589ms, Drone: 19, Slot: 1, Channel: 15
[P2_ATTEMPT] Time: 589ms, Drone: 23, Slot: 1, Channel: 18
[P2_ATTEMPT] Time: 589ms, Drone: 25, Slot: 1, Channel: 18
[P2_ATTEMPT] Time: 589ms, Drone: 41, Slot: 1, Channel: 17
[P2_SUCCESS] Time: 589ms, Drone: 2
[P2_SUCCESS] Time: 589ms, Drone: 3
[P2_SUCCESS] Time: 589ms, Drone: 6
[P2_SUCCESS] Time: 589ms, Drone: 18
[P2_SUCCESS] Time: 589ms, Drone: 32
[P2_ATTEMPT] Time: 592ms, Drone: 0, Slot: 2, Channel: 12
[P2_ATTEMPT] Time: 592ms, Drone: 22, Slot: 2, Channel: 19
[P2_ATTEMPT] Time: 592ms, Drone: 24, Slot: 2, Channel: 18
[P2_ATTEMPT] Time: 592ms, Drone: 37, Slot: 2, Channel: 12
[P2_ATTEMPT] Time: 592ms, Drone: 40, Slot: 2, Channel: 23
[P2_ATTEMPT] Time: 592ms, Drone: 43, Slot: 2, Channel: 22
[P2_ATTEMPT] Time: 592ms, Drone: 46, Slot: 2, Channel: 13
[P2_SUCCESS] Time: 592ms, Drone: 9
[P2_SUCCESS] Time: 592ms, Drone: 12
[P2_SUCCESS] Time: 592ms, Drone: 19
[P2_SUCCESS] Time: 592ms, Drone: 23
[P2_SUCCESS] Time: 592ms, Drone: 25
[P2_SUCCESS] Time: 592ms, Drone: 41
[P2_RX] Time: 592ms, Receiver: 14, Sender: 23, RSSI: -89
[P2_ATTEMPT] Time: 594ms, Drone: 16, Slot: 3, Channel: 15
[P2_ATTEMPT] Time: 594ms, Drone: 44, Slot: 3, Channel: 20
[P2_ATTEMPT] Time: 594ms, Drone: 49, Slot: 3, Channel: 17
[P2_SUCCESS] Time: 594ms, Drone: 0
[P2_SUCCESS] Time: 594ms, Drone: 22
[P2_SUCCESS] Time: 594ms, Drone: 24
[P2_SUCCESS] Time: 594ms, Drone: 37
[P2_SUCCESS] Time: 594ms, Drone: 40
[P2_SUCCESS] Time: 594ms, Drone: 43
[P2_SUCCESS] Time: 594ms, Drone: 46
[P2_RX] Time: 594ms, Receiver: 28, Sender: 46, RSSI: -82
[P2_RX] Time: 594ms, Receiver: 34, Sender: 46, RSSI: -87
[P2_RX] Time: 594ms, Receiver: 29, Sender: 37, RSSI: -89
[P2_RX] Time: 594ms, Receiver: 23, Sender: 0, RSSI: -89
[P2_RX] Time: 594ms, Receiver: 2, Sender: 24, RSSI: -89
[P2_RX] Time: 594ms, Receiver: 33, Sender: 37, RSSI: -90
[P2_RX] Time: 594ms, Receiver: 47, Sender: 40, RSSI: -91
[P2_RX] Time: 594ms, Receiver: 19, Sender: 40, RSSI: -92
[P2_RX] Time: 594ms, Receiver: 48, Sender: 24, RSSI: -95
[P2_RX] Time: 594ms, Receiver: 25, Sender: 37, RSSI: -95
[P2_RX] Time: 594ms, Receiver: 41, Sender: 40, RSSI: -95
[P2_RX] Time: 594ms, Receiver: 14, Sender: 24, RSSI: -99
[P2_ATTEMPT] Time: 597ms, Drone: 29, Slot: 4, Channel: 17
[P2_ATTEMPT] Time: 597ms, Drone: 30, Slot: 4, Channel: 24
[P2_ATTEMPT] Time: 597ms, Drone: 47, Slot: 4, Channel: 25
[P2_SUCCESS] Time: 597ms, Drone: 16
[P2_SUCCESS] Time: 597ms, Drone: 44
[P2_SUCCESS] Time: 597ms, Drone: 49
[P2_RX] Time: 597ms, Receiver: 1, Sender: 16, RSSI: -89
[P2_RX] Time: 597ms, Receiver: 32, Sender: 16, RSSI: -91
[P2_RX] Time: 597ms, Receiver: 18, Sender: 16, RSSI: -94
[P2_RX] Time: 597ms, Receiver: 3, Sender: 16, RSSI: -101
[P2_ATTEMPT] Time: 599ms, Drone: 7, Slot: 5, Channel: 16
[P2_ATTEMPT] Time: 599ms, Drone: 8, Slot: 5, Channel: 25
[P2_ATTEMPT] Time: 599ms, Drone: 14, Slot: 5, Channel: 18
[P2_ATTEMPT] Time: 599ms, Drone: 26, Slot: 5, Channel: 15
[P2_ATTEMPT] Time: 599ms, Drone: 31, Slot: 5, Channel: 23
[P2_ATTEMPT] Time: 599ms, Drone: 34, Slot: 5, Channel: 24
[P2_ATTEMPT] Time: 599ms, Drone: 35, Slot: 5, Channel: 21
[P2_ATTEMPT] Time: 599ms, Drone: 36, Slot: 5, Channel: 22
[P2_ATTEMPT] Time: 599ms, Drone: 38, Slot: 5, Channel: 19
[P2_ATTEMPT] Time: 599ms, Drone: 39, Slot: 5, Channel: 23
[P2_SUCCESS] Time: 599ms, Drone: 29
[P2_SUCCESS] Time: 599ms, Drone: 30
[P2_SUCCESS] Time: 599ms, Drone: 47
[P2_RX] Time: 599ms, Receiver: 33, Sender: 29, RSSI: -89
[P2_RX] Time: 599ms, Receiver: 37, Sender: 29, RSSI: -89
[P2_RX] Time: 599ms, Receiver: 40, Sender: 47, RSSI: -91
[P2_RX] Time: 599ms, Receiver: 19, Sender: 47, RSSI: -92
[P2_RX] Time: 599ms, Receiver: 25, Sender: 29, RSSI: -93
[P2_RX] Time: 599ms, Receiver: 27, Sender: 47, RSSI: -95
[P2_SUCCESS] Time: 601ms, Drone: 14
[P2_RX] Time: 601ms, Receiver: 23, Sender: 14, RSSI: -89
[P2_RX] Time: 601ms, Receiver: 24, Sender: 14, RSSI: -99
[P2_RX] Time: 601ms, Receiver: 2, Sender: 14, RSSI: -101
[P2_RX] Time: 601ms, Receiver: 48, Sender: 14, RSSI: -105
[P2_ATTEMPT] Time: 602ms, Drone: 15, Slot: 6, Channel: 16
[P2_ATTEMPT] Time: 602ms, Drone: 20, Slot: 6, Channel: 18
[P2_ATTEMPT] Time: 602ms, Drone: 28, Slot: 6, Channel: 13
[P2_SUCCESS] Time: 602ms, Drone: 7
[P2_SUCCESS] Time: 602ms, Drone: 8
[P2_SUCCESS] Time: 602ms, Drone: 26
[P2_SUCCESS] Time: 602ms, Drone: 31
[P2_SUCCESS] Time: 602ms, Drone: 34
[P2_SUCCESS] Time: 602ms, Drone: 35
[P2_SUCCESS] Time: 602ms, Drone: 36
[P2_SUCCESS] Time: 602ms, Drone: 38
[P2_SUCCESS] Time: 602ms, Drone: 39
[P2_RX] Time: 602ms, Receiver: 5, Sender: 35, RSSI: -75
[P2_RX] Time: 602ms, Receiver: 30, Sender: 7, RSSI: -94
[P2_RX] Time: 602ms, Receiver: 11, Sender: 38, RSSI: -94
[P2_RX] Time: 602ms, Receiver: 6, Sender: 39, RSSI: -95
[P2_RX] Time: 602ms, Receiver: 9, Sender: 39, RSSI: -97
[P2_ATTEMPT] Time: 604ms, Drone: 4, Slot: 7, Channel: 23
[P2_ATTEMPT] Time: 604ms, Drone: 5, Slot: 7, Channel: 16
[P2_ATTEMPT] Time: 604ms, Drone: 10, Slot: 7, Channel: 25
[P2_ATTEMPT] Time: 604ms, Drone: 11, Slot: 7, Channel: 24
[P2_SUCCESS] Time: 604ms, Drone: 15
[P2_SUCCESS] Time: 604ms, Drone: 20
[P2_SUCCESS] Time: 604ms, Drone: 28
[P2_RX] Time: 604ms, Receiver: 34, Sender: 28, RSSI: -78
[P2_RX] Time: 604ms, Receiver: 46, Sender: 28, RSSI: -82
[P2_RX] Time: 604ms, Receiver: 43, Sender: 15, RSSI: -93
[P2_ATTEMPT] Time: 607ms, Drone: 1, Slot: 8, Channel: 25
[P2_ATTEMPT] Time: 607ms, Drone: 13, Slot: 8, Channel: 22
[P2_ATTEMPT] Time: 607ms, Drone: 21, Slot: 8, Channel: 12
[P2_ATTEMPT] Time: 607ms, Drone: 33, Slot: 8, Channel: 15
[P2_SUCCESS] Time: 607ms, Drone: 4
[P2_SUCCESS] Time: 607ms, Drone: 5
[P2_SUCCESS] Time: 607ms, Drone: 10
[P2_SUCCESS] Time: 607ms, Drone: 11
[P2_RX] Time: 607ms, Receiver: 35, Sender: 5, RSSI: -75
[P2_RX] Time: 607ms, Receiver: 38, Sender: 11, RSSI: -94
[P2_RX] Time: 607ms, Receiver: 8, Sender: 10, RSSI: -101
[P2_ATTEMPT] Time: 609ms, Drone: 17, Slot: 9, Channel: 18
[P2_ATTEMPT] Time: 609ms, Drone: 27, Slot: 9, Channel: 24
[P2_ATTEMPT] Time: 609ms, Drone: 42, Slot: 9, Channel: 15
[P2_ATTEMPT] Time: 609ms, Drone: 45, Slot: 9, Channel: 22
[P2_ATTEMPT] Time: 609ms, Drone: 48, Slot: 9, Channel: 18
[P2_ABORT] Time: 609ms, Drone: 45
[P2_SUCCESS] Time: 609ms, Drone: 1
[P2_SUCCESS] Time: 609ms, Drone: 13
[P2_SUCCESS] Time: 609ms, Drone: 21
[P2_SUCCESS] Time: 609ms, Drone: 33
[P2_RX] Time: 609ms, Receiver: 32, Sender: 1, RSSI: -82
[P2_RX] Time: 609ms, Receiver: 29, Sender: 33, RSSI: -89
[P2_RX] Time: 609ms, Receiver: 37, Sender: 33, RSSI: -90
[P2_RX] Time: 609ms, Receiver: 31, Sender: 13, RSSI: -92
[P2_RX] Time: 609ms, Receiver: 45, Sender: 13, RSSI: -96
[P2_RX] Time: 609ms, Receiver: 47, Sender: 1, RSSI: -99
[P2_RX] Time: 609ms, Receiver: 19, Sender: 1, RSSI: -102
[P2_RX] Time: 609ms, Receiver: 40, Sender: 1, RSSI: -103
[P2_SUCCESS] Time: 612ms, Drone: 17
[P2_SUCCESS] Time: 612ms, Drone: 27
[P2_SUCCESS] Time: 612ms, Drone: 42
[P2_SUCCESS] Time: 612ms, Drone: 48
[P1_ATTEMPT] Time: 612ms, Drone: 18
[P1_ATTEMPT] Time: 612ms, Drone: 44
[P1_ATTEMPT] Time: 612ms, Drone: 36
[P1_SUCCESS] Time: 613ms, Drone: 18
[P1_RX] Time: 613ms, Receiver: 21, Sender: 18, RSSI: -78
[P1_RX] Time: 613ms, Receiver: 17, Sender: 18, RSSI: -86
[P1_RX] Time: 613ms, Receiver: 16, Sender: 18, RSSI: -94
[P1_RX] Time: 613ms, Receiver: 3, Sender: 18, RSSI: -97
[P1_RX] Time: 613ms, Receiver: 11, Sender: 18, RSSI: -98
[P1_RX] Time: 613ms, Receiver: 32, Sender: 18, RSSI: -99
[P1_RX] Time: 613ms, Receiver: 1, Sender: 18, RSSI: -99
[P1_RX] Time: 613ms, Receiver: 43, Sender: 18, RSSI: -99
[P1_RX] Time: 613ms, Receiver: 38, Sender: 18, RSSI: -100
[P1_RX] Time: 613ms, Receiver: 15, Sender: 18, RSSI: -100
[P1_RX] Time: 613ms, Receiver: 49, Sender: 18, RSSI: -100
[P1_RX] Time: 613ms, Receiver: 47, Sender: 18, RSSI: -103
[P1_RX] Time: 613ms, Receiver: 27, Sender: 18, RSSI: -106
[P1_RX] Time: 613ms, Receiver: 8, Sender: 18, RSSI: -106
[P1_ATTEMPT] Time: 613ms, Drone: 42
[P1_ATTEMPT] Time: 613ms, Drone: 4
[P1_ATTEMPT] Time: 613ms, Drone: 33
[P1_SUCCESS] Time: 613ms, Drone: 44
[P1_RX] Time: 613ms, Receiver: 28, Sender: 44, RSSI: -99
[P1_RX] Time: 613ms, Receiver: 46, Sender: 44, RSSI: -100
[P1_RX] Time: 613ms, Receiver: 34, Sender: 44, RSSI: -101
[P1_RX] Time: 613ms, Receiver: 20, Sender: 44, RSSI: -102
[P1_SUCCESS] Time: 613ms, Drone: 36
[P1_RX] Time: 613ms, Receiver: 22, Sender: 36, RSSI: -99
[P1_RX] Time: 613ms, Receiver: 5, Sender: 36, RSSI: -100
[P1_RX] Time: 613ms, Receiver: 35, Sender: 36, RSSI: -101
[P1_ATTEMPT] Time: 613ms, Drone: 15
[P1_ABORT] Time: 614ms, Drone: 15
[P1_ATTEMPT] Time: 614ms, Drone: 15
[P1_ABORT] Time: 614ms, Drone: 15
[P1_ATTEMPT] Time: 614ms, Drone: 15
[P1_ATTEMPT] Time: 614ms, Drone: 38
[P1_ABORT] Time: 614ms, Drone: 15
[P1_ATTEMPT] Time: 614ms, Drone: 15
[P1_SUCCESS] Time: 614ms, Drone: 42
[P1_RX] Time: 614ms, Receiver: 26, Sender: 42, RSSI: -94
[P1_RX] Time: 614ms, Receiver: 2, Sender: 42, RSSI: -95
[P1_RX] Time: 614ms, Receiver: 23, Sender: 42, RSSI: -97
[P1_RX] Time: 614ms, Receiver: 24, Sender: 42, RSSI: -96
[P1_RX] Time: 614ms, Receiver: 0, Sender: 42, RSSI: -98
[P1_RX] Time: 614ms, Receiver: 6, Sender: 42, RSSI: -98
[P1_RX] Time: 614ms, Receiver: 14, Sender: 42, RSSI: -101
[P1_RX] Time: 614ms, Receiver: 19, Sender: 42, RSSI: -101
[P1_RX] Time: 614ms, Receiver: 40, Sender: 42, RSSI: -105
[P1_ABORT] Time: 614ms, Drone: 15
[P1_ATTEMPT] Time: 614ms, Drone: 15
[P1_ATTEMPT] Time: 614ms, Drone: 6
[P1_SUCCESS] Time: 614ms, Drone: 4
[P1_RX] Time: 614ms, Receiver: 48, Sender: 4, RSSI: -94
[P1_RX] Time: 614ms, Receiver: 13, Sender: 4, RSSI: -96
[P1_RX] Time: 614ms, Receiver: 31, Sender: 4, RSSI: -100
[P1_RX] Time: 614ms, Receiver: 1, Sender: 4, RSSI: -100
[P1_RX] Time: 614ms, Receiver: 45, Sender: 4, RSSI: -100
[P1_RX] Time: 614ms, Receiver: 32, Sender: 4, RSSI: -101
[P1_RX] Time: 614ms, Receiver: 15, Sender: 4, RSSI: -103
[P1_RX] Time: 614ms, Receiver: 16, Sender: 4, RSSI: -104
[P1_RX] Time: 614ms, Receiver: 49, Sender: 4, RSSI: -106
[P1_RX] Time: 614ms, Receiver: 3, Sender: 4, RSSI: -106
[P1_ABORT] Time: 614ms, Drone: 15
[P1_ATTEMPT] Time: 614ms, Drone: 15
[P1_SUCCESS] Time: 614ms, Drone: 33
[P1_RX] Time: 614ms, Receiver: 34, Sender: 33, RSSI: -105
[P1_RX] Time: 614ms, Receiver: 28, Sender: 33, RSSI: -106
[P1_ATTEMPT] Time: 614ms, Drone: 14
[P1_ABORT] Time: 614ms, Drone: 15
[P1_ATTEMPT] Time: 614ms, Drone: 15
[P1_ABORT] Time: 614ms, Drone: 14
[P1_ATTEMPT] Time: 614ms, Drone: 14
[P1_ABORT] Time: 614ms, Drone: 15
[P1_ATTEMPT] Time: 614ms, Drone: 15
[P1_ATTEMPT] Time: 614ms, Drone: 0
[P1_ABORT] Time: 614ms, Drone: 14
[P1_ATTEMPT] Time: 614ms, Drone: 14
[P1_ABORT] Time: 614ms, Drone: 15
[P1_ATTEMPT] Time: 614ms, Drone: 15
[P1_ABORT] Time: 614ms, Drone: 0
[P1_ATTEMPT] Time: 614ms, Drone: 0
[P1_ATTEMPT] Time: 615ms, Drone: 13
[P1_ABORT] Time: 615ms, Drone: 14
[P1_ATTEMPT] Time: 615ms, Drone: 14
[P1_ABORT] Time: 615ms, Drone: 15
[P1_ATTEMPT] Time: 615ms, Drone: 15
[P1_ABORT] Time: 615ms, Drone: 0
[P1_ATTEMPT] Time: 615ms, Drone: 0
[P1_SUCCESS] Time: 615ms, Drone: 38
[P1_RX] Time: 615ms, Receiver: 11, Sender: 38, RSSI: -94
[P1_RX] Time: 615ms, Receiver: 43, Sender: 38, RSSI: -96
[P1_RX] Time: 615ms, Receiver: 21, Sender: 38, RSSI: -97
[P1_RX] Time: 615ms, Receiver: 18, Sender: 38, RSSI: -99
[P1_RX] Time: 615ms, Receiver: 17, Sender: 38, RSSI: -102
[P1_RX] Time: 615ms, Receiver: 15, Sender: 38, RSSI: -100
[P1_RX] Time: 615ms, Receiver: 8, Sender: 38, RSSI: -103
[P1_RX] Time: 615ms, Receiver: 3, Sender: 38, RSSI: -103
[P1_RX] Time: 615ms, Receiver: 16, Sender: 38, RSSI: -104
[P1_RX] Time: 615ms, Receiver: 49, Sender: 38, RSSI: -104
[P1_RX] Time: 615ms, Receiver: 32, Sender: 38, RSSI: -104
[P1_ABORT] Time: 615ms, Drone: 13
[P1_ATTEMPT] Time: 615ms, Drone: 13
[P1_ABORT] Time: 615ms, Drone: 14
[P1_ATTEMPT] Time: 615ms, Drone: 14
[P1_ABORT] Time: 615ms, Drone: 15
[P1_ATTEMPT] Time: 615ms, Drone: 15
[P1_ABORT] Time: 615ms, Drone: 0
[P1_ATTEMPT] Time: 615ms, Drone: 0
[P1_ABORT] Time: 615ms, Drone: 13
[P1_ATTEMPT] Time: 615ms, Drone: 13
[P1_ABORT] Time: 615ms, Drone: 14
[P1_ATTEMPT] Time: 615ms, Drone: 14
[P1_ABORT] Time: 615ms, Drone: 0
[P1_ATTEMPT] Time: 615ms, Drone: 0
[P1_SUCCESS] Time: 615ms, Drone: 6
[P1_RX] Time: 615ms, Receiver: 39, Sender: 6, RSSI: -95
[P1_RX] Time: 615ms, Receiver: 42, Sender: 6, RSSI: -98
[P1_RX] Time: 615ms, Receiver: 0, Sender: 6, RSSI: -99
[P1_RX] Time: 615ms, Receiver: 23, Sender: 6, RSSI: -100
[P1_RX] Time: 615ms, Receiver: 9, Sender: 6, RSSI: -101
[P1_RX] Time: 615ms, Receiver: 26, Sender: 6, RSSI: -102
[P1_RX] Time: 615ms, Receiver: 35, Sender: 6, RSSI: -103
[P1_RX] Time: 615ms, Receiver: 14, Sender: 6, RSSI: -104
[P1_RX] Time: 615ms, Receiver: 2, Sender: 6, RSSI: -104
[P1_RX] Time: 615ms, Receiver: 5, Sender: 6, RSSI: -104
[P1_RX] Time: 615ms, Receiver: 19, Sender: 6, RSSI: -105
[P1_RX] Time: 615ms, Receiver: 24, Sender: 6, RSSI: -106
[P1_RX] Time: 615ms, Receiver: 45, Sender: 6, RSSI: -107
[P1_ABORT] Time: 615ms, Drone: 14
[P1_ATTEMPT] Time: 615ms, Drone: 14
[P1_ABORT] Time: 615ms, Drone: 0
[P1_ATTEMPT] Time: 615ms, Drone: 0
[P1_SUCCESS] Time: 616ms, Drone: 15
[P1_RX] Time: 616ms, Receiver: 43, Sender: 15, RSSI: -93
[P1_RX] Time: 616ms, Receiver: 32, Sender: 15, RSSI: -95
[P1_RX] Time: 616ms, Receiver: 1, Sender: 15, RSSI: -97
[P1_RX] Time: 616ms, Receiver: 18, Sender: 15, RSSI: -100
[P1_RX] Time: 616ms, Receiver: 16, Sender: 15, RSSI: -100
[P1_RX] Time: 616ms, Receiver: 21, Sender: 15, RSSI: -100
[P1_RX] Time: 616ms, Receiver: 3, Sender: 15, RSSI: -102
[P1_RX] Time: 616ms, Receiver: 17, Sender: 15, RSSI: -102
[P1_RX] Time: 616ms, Receiver: 49, Sender: 15, RSSI: -102
[P1_RX] Time: 616ms, Receiver: 38, Sender: 15, RSSI: -103
[P1_RX] Time: 616ms, Receiver: 11, Sender: 15, RSSI: -104
[P1_RX] Time: 616ms, Receiver: 10, Sender: 15, RSSI: -105
[P1_SUCCESS] Time: 616ms, Drone: 13
[P1_RX] Time: 616ms, Receiver: 31, Sender: 13, RSSI: -92
[P1_RX] Time: 616ms, Receiver: 48, Sender: 13, RSSI: -93
[P1_RX] Time: 616ms, Receiver: 45, Sender: 13, RSSI: -95
[P1_RX] Time: 616ms, Receiver: 4, Sender: 13, RSSI: -95
[P1_RX] Time: 616ms, Receiver: 2, Sender: 13, RSSI: -97
[P1_SUCCESS] Time: 616ms, Drone: 14
[P1_ATTEMPT] Time: 616ms, Drone: 27
[P1_SUCCESS] Time: 616ms, Drone: 0
[P1_RX] Time: 616ms, Receiver: 9, Sender: 0, RSSI: -103
[P1_RX] Time: 616ms, Receiver: 39, Sender: 0, RSSI: -103
[P1_RX] Time: 616ms, Receiver: 35, Sender: 0, RSSI: -104
[P1_RX] Time: 616ms, Receiver: 5, Sender: 0, RSSI: -105
[P1_ATTEMPT] Time: 616ms, Drone: 23
[P1_ABORT] Time: 616ms, Drone: 23
[P1_ATTEMPT] Time: 616ms, Drone: 23
[P1_ABORT] Time: 617ms, Drone: 23
[P1_ATTEMPT] Time: 617ms, Drone: 23
[P1_ABORT] Time: 617ms, Drone: 23
[P1_ATTEMPT] Time: 617ms, Drone: 23
[P1_SUCCESS] Time: 617ms, Drone: 27
[P1_RX] Time: 617ms, Receiver: 47, Sender: 27, RSSI: -95
[P1_RX] Time: 617ms, Receiver: 19, Sender: 27, RSSI: -98
[P1_RX] Time: 617ms, Receiver: 32, Sender: 27, RSSI: -100
[P1_RX] Time: 617ms, Receiver: 41, Sender: 27, RSSI: -101
[P1_RX] Time: 617ms, Receiver: 40, Sender: 27, RSSI: -101
[P1_RX] Time: 617ms, Receiver: 45, Sender: 27, RSSI: -102
[P1_RX] Time: 617ms, Receiver: 1, Sender: 27, RSSI: -102
[P1_RX] Time: 617ms, Receiver: 16, Sender: 27, RSSI: -102
[P1_RX] Time: 617ms, Receiver: 35, Sender: 27, RSSI: -104
[P1_RX] Time: 617ms, Receiver: 5, Sender: 27, RSSI: -105
[P1_RX] Time: 617ms, Receiver: 15, Sender: 27, RSSI: -105
[P1_RX] Time: 617ms, Receiver: 17, Sender: 27, RSSI: -105
[P1_RX] Time: 617ms, Receiver: 9, Sender: 27, RSSI: -105
[P1_RX] Time: 617ms, Receiver: 18, Sender: 27, RSSI: -106
[P1_RX] Time: 617ms, Receiver: 43, Sender: 27, RSSI: -106
[P1_RX] Time: 617ms, Receiver: 31, Sender: 27, RSSI: -106
[P1_RX] Time: 617ms, Receiver: 2, Sender: 27, RSSI: -106
[P1_RX] Time: 617ms, Receiver: 0, Sender: 27, RSSI: -107
[P1_RX] Time: 617ms, Receiver: 11, Sender: 27, RSSI: -107
[P1_RX] Time: 617ms, Receiver: 21, Sender: 27, RSSI: -107
[P1_RX] Time: 617ms, Receiver: 22, Sender: 27, RSSI: -108
[P1_RX] Time: 617ms, Receiver: 13, Sender: 27, RSSI: -108
[P1_RX] Time: 617ms, Receiver: 42, Sender: 27, RSSI: -108
[P1_ATTEMPT] Time: 617ms, Drone: 11
[P1_ATTEMPT] Time: 617ms, Drone: 8
[P1_SUCCESS] Time: 618ms, Drone: 23
[P1_RX] Time: 618ms, Receiver: 14, Sender: 23, RSSI: -89
[P1_RX] Time: 618ms, Receiver: 0, Sender: 23, RSSI: -89
[P1_RX] Time: 618ms, Receiver: 26, Sender: 23, RSSI: -97
[P1_RX] Time: 618ms, Receiver: 42, Sender: 23, RSSI: -97
[P1_RX] Time: 618ms, Receiver: 2, Sender: 23, RSSI: -98
[P1_RX] Time: 618ms, Receiver: 24, Sender: 23, RSSI: -98
[P1_RX] Time: 618ms, Receiver: 6, Sender: 23, RSSI: -100
[P1_RX] Time: 618ms, Receiver: 30, Sender: 23, RSSI: -102
[P1_RX] Time: 618ms, Receiver: 13, Sender: 23, RSSI: -103
[P1_RX] Time: 618ms, Receiver: 45, Sender: 23, RSSI: -105
[P1_RX] Time: 618ms, Receiver: 48, Sender: 23, RSSI: -105
[P1_RX] Time: 618ms, Receiver: 7, Sender: 23, RSSI: -105
[P1_RX] Time: 618ms, Receiver: 31, Sender: 23, RSSI: -106
[P1_RX] Time: 618ms, Receiver: 39, Sender: 23, RSSI: -107
[P1_RX] Time: 618ms, Receiver: 9, Sender: 23, RSSI: -108
[P1_RX] Time: 618ms, Receiver: 4, Sender: 23, RSSI: -108
[P1_RX] Time: 618ms, Receiver: 12, Sender: 23, RSSI: -108
[P1_SUCCESS] Time: 618ms, Drone: 11
[P1_RX] Time: 618ms, Receiver: 38, Sender: 11, RSSI: -94
[P1_RX] Time: 618ms, Receiver: 21, Sender: 11, RSSI: -96
[P1_RX] Time: 618ms, Receiver: 18, Sender: 11, RSSI: -98
[P1_RX] Time: 618ms, Receiver: 17, Sender: 11, RSSI: -99
[P1_RX] Time: 618ms, Receiver: 43, Sender: 11, RSSI: -100
[P1_RX] Time: 618ms, Receiver: 16, Sender: 11, RSSI: -103
[P1_RX] Time: 618ms, Receiver: 15, Sender: 11, RSSI: -104
[P1_RX] Time: 618ms, Receiver: 41, Sender: 11, RSSI: -106
[P1_ATTEMPT] Time: 618ms, Drone: 34
[P1_SUCCESS] Time: 618ms, Drone: 8
[P1_RX] Time: 618ms, Receiver: 44, Sender: 8, RSSI: -108
[P1_ATTEMPT] Time: 619ms, Drone: 20
[P1_ATTEMPT] Time: 619ms, Drone: 31
[P1_SUCCESS] Time: 619ms, Drone: 34
[P1_RX] Time: 619ms, Receiver: 28, Sender: 34, RSSI: -78
[P1_RX] Time: 619ms, Receiver: 46, Sender: 34, RSSI: -87
[P1_RX] Time: 619ms, Receiver: 44, Sender: 34, RSSI: -101
[P1_RX] Time: 619ms, Receiver: 37, Sender: 34, RSSI: -102
[P1_RX] Time: 619ms, Receiver: 25, Sender: 34, RSSI: -103
[P1_RX] Time: 619ms, Receiver: 20, Sender: 34, RSSI: -105
[P1_RX] Time: 619ms, Receiver: 29, Sender: 34, RSSI: -105
[P1_RX] Time: 619ms, Receiver: 33, Sender: 34, RSSI: -107
[P1_ABORT] Time: 619ms, Drone: 20
[P1_ATTEMPT] Time: 619ms, Drone: 20
[P1_ATTEMPT] Time: 619ms, Drone: 43
[P1_ATTEMPT] Time: 619ms, Drone: 40
[P1_ATTEMPT] Time: 620ms, Drone: 30
[P1_ABORT] Time: 620ms, Drone: 30
[P1_ATTEMPT] Time: 620ms, Drone: 30
[P1_ATTEMPT] Time: 620ms, Drone: 19
[P1_SUCCESS] Time: 620ms, Drone: 31
[P1_RX] Time: 620ms, Receiver: 45, Sender: 31, RSSI: -90
[P1_RX] Time: 620ms, Receiver: 13, Sender: 31, RSSI: -92
[P1_RX] Time: 620ms, Receiver: 4, Sender: 31, RSSI: -99
[P1_RX] Time: 620ms, Receiver: 48, Sender: 31, RSSI: -101
[P1_RX] Time: 620ms, Receiver: 2, Sender: 31, RSSI: -101
[P1_RX] Time: 620ms, Receiver: 33, Sender: 31, RSSI: -101
[P1_RX] Time: 620ms, Receiver: 24, Sender: 31, RSSI: -103
[P1_RX] Time: 620ms, Receiver: 0, Sender: 31, RSSI: -104
[P1_RX] Time: 620ms, Receiver: 23, Sender: 31, RSSI: -105
[P1_RX] Time: 620ms, Receiver: 14, Sender: 31, RSSI: -106
[P1_RX] Time: 620ms, Receiver: 30, Sender: 31, RSSI: -106
[P1_ABORT] Time: 620ms, Drone: 30
[P1_ATTEMPT] Time: 620ms, Drone: 30
[P1_ABORT] Time: 620ms, Drone: 19
[P1_ATTEMPT] Time: 620ms, Drone: 19
[P1_SUCCESS] Time: 620ms, Drone: 20
[P1_RX] Time: 620ms, Receiver: 44, Sender: 20, RSSI: -103
[P1_RX] Time: 620ms, Receiver: 25, Sender: 20, RSSI: -103
[P1_RX] Time: 620ms, Receiver: 34, Sender: 20, RSSI: -104
[P1_RX] Time: 620ms, Receiver: 28, Sender: 20, RSSI: -104
[P1_RX] Time: 620ms, Receiver: 46, Sender: 20, RSSI: -106
[P1_ATTEMPT] Time: 620ms, Drone: 21
[P1_ABORT] Time: 620ms, Drone: 19
[P1_ATTEMPT] Time: 620ms, Drone: 19
[P1_SUCCESS] Time: 620ms, Drone: 43
[P1_RX] Time: 620ms, Receiver: 38, Sender: 43, RSSI: -96
[P1_RX] Time: 620ms, Receiver: 21, Sender: 43, RSSI: -98
[P1_RX] Time: 620ms, Receiver: 11, Sender: 43, RSSI: -99
[P1_RX] Time: 620ms, Receiver: 10, Sender: 43, RSSI: -101
[P1_RX] Time: 620ms, Receiver: 17, Sender: 43, RSSI: -100
[P1_ABORT] Time: 620ms, Drone: 21
[P1_ATTEMPT] Time: 620ms, Drone: 21
[P1_ABORT] Time: 620ms, Drone: 19
[P1_ATTEMPT] Time: 620ms, Drone: 19
[P1_SUCCESS] Time: 620ms, Drone: 40
[P1_RX] Time: 620ms, Receiver: 41, Sender: 40, RSSI: -95
[P1_RX] Time: 620ms, Receiver: 5, Sender: 40, RSSI: -98
[P1_RX] Time: 620ms, Receiver: 35, Sender: 40, RSSI: -98
[P1_RX] Time: 620ms, Receiver: 36, Sender: 40, RSSI: -104
[P1_RX] Time: 620ms, Receiver: 39, Sender: 40, RSSI: -105
[P1_RX] Time: 620ms, Receiver: 9, Sender: 40, RSSI: -105
[P1_RX] Time: 620ms, Receiver: 22, Sender: 40, RSSI: -106
[P1_ABORT] Time: 620ms, Drone: 19
[P1_ATTEMPT] Time: 620ms, Drone: 19
[P1_SUCCESS] Time: 621ms, Drone: 30
[P1_RX] Time: 621ms, Receiver: 7, Sender: 30, RSSI: -94
[P1_RX] Time: 621ms, Receiver: 14, Sender: 30, RSSI: -97
[P1_RX] Time: 621ms, Receiver: 12, Sender: 30, RSSI: -98
[P1_RX] Time: 621ms, Receiver: 23, Sender: 30, RSSI: -102
[P1_RX] Time: 621ms, Receiver: 24, Sender: 30, RSSI: -103
[P1_RX] Time: 621ms, Receiver: 13, Sender: 30, RSSI: -104
[P1_RX] Time: 621ms, Receiver: 48, Sender: 30, RSSI: -105
[P1_RX] Time: 621ms, Receiver: 26, Sender: 30, RSSI: -106
[P1_SUCCESS] Time: 621ms, Drone: 21
[P1_RX] Time: 621ms, Receiver: 18, Sender: 21, RSSI: -78
[P1_RX] Time: 621ms, Receiver: 17, Sender: 21, RSSI: -91
[P1_RX] Time: 621ms, Receiver: 11, Sender: 21, RSSI: -96
[P1_RX] Time: 621ms, Receiver: 16, Sender: 21, RSSI: -97
[P1_RX] Time: 621ms, Receiver: 38, Sender: 21, RSSI: -97
[P1_RX] Time: 621ms, Receiver: 3, Sender: 21, RSSI: -98
[P1_RX] Time: 621ms, Receiver: 43, Sender: 21, RSSI: -99
[P1_RX] Time: 621ms, Receiver: 49, Sender: 21, RSSI: -100
[P1_RX] Time: 621ms, Receiver: 15, Sender: 21, RSSI: -100
[P1_RX] Time: 621ms, Receiver: 32, Sender: 21, RSSI: -101
[P1_RX] Time: 621ms, Receiver: 1, Sender: 21, RSSI: -101
[P1_RX] Time: 621ms, Receiver: 8, Sender: 21, RSSI: -104
[P1_SUCCESS] Time: 621ms, Drone: 19
[P1_RX] Time: 621ms, Receiver: 35, Sender: 19, RSSI: -98
[P1_RX] Time: 621ms, Receiver: 5, Sender: 19, RSSI: -98
[P1_RX] Time: 621ms, Receiver: 39, Sender: 19, RSSI: -103
[P1_RX] Time: 621ms, Receiver: 9, Sender: 19, RSSI: -104
[P1_ATTEMPT] Time: 621ms, Drone: 2
[P1_SUCCESS] Time: 622ms, Drone: 2
[P1_RX] Time: 622ms, Receiver: 24, Sender: 2, RSSI: -89
[P1_RX] Time: 622ms, Receiver: 42, Sender: 2, RSSI: -96
[P1_RX] Time: 622ms, Receiver: 13, Sender: 2, RSSI: -97
[P1_RX] Time: 622ms, Receiver: 23, Sender: 2, RSSI: -98
[P1_RX] Time: 622ms, Receiver: 48, Sender: 2, RSSI: -98
[P1_RX] Time: 622ms, Receiver: 0, Sender: 2, RSSI: -98
[P1_RX] Time: 622ms, Receiver: 45, Sender: 2, RSSI: -99
[P1_RX] Time: 622ms, Receiver: 14, Sender: 2, RSSI: -101
[P1_RX] Time: 622ms, Receiver: 26, Sender: 2, RSSI: -101
[P1_RX] Time: 622ms, Receiver: 4, Sender: 2, RSSI: -102
[P1_RX] Time: 622ms, Receiver: 31, Sender: 2, RSSI: -102
[P1_RX] Time: 622ms, Receiver: 19, Sender: 2, RSSI: -103
[P1_RX] Time: 622ms, Receiver: 1, Sender: 2, RSSI: -105
[P1_RX] Time: 622ms, Receiver: 6, Sender: 2, RSSI: -105
[P1_RX] Time: 622ms, Receiver: 32, Sender: 2, RSSI: -105
[P1_RX] Time: 622ms, Receiver: 30, Sender: 2, RSSI: -106
[P1_RX] Time: 622ms, Receiver: 27, Sender: 2, RSSI: -106
[P1_RX] Time: 622ms, Receiver: 47, Sender: 2, RSSI: -106
[P1_RX] Time: 622ms, Receiver: 40, Sender: 2, RSSI: -107
[P1_RX] Time: 622ms, Receiver: 16, Sender: 2, RSSI: -108
[P1_RX] Time: 622ms, Receiver: 35, Sender: 2, RSSI: -108
[P1_ATTEMPT] Time: 622ms, Drone: 46
[P1_ATTEMPT] Time: 623ms, Drone: 9
[P1_ATTEMPT] Time: 623ms, Drone: 7
[P1_ATTEMPT] Time: 623ms, Drone: 37
[P1_ABORT] Time: 623ms, Drone: 37
[P1_ATTEMPT] Time: 623ms, Drone: 37
[P1_SUCCESS] Time: 623ms, Drone: 46
[P1_RX] Time: 623ms, Receiver: 28, Sender: 46, RSSI: -82
[P1_RX] Time: 623ms, Receiver: 34, Sender: 46, RSSI: -87
[P1_RX] Time: 623ms, Receiver: 44, Sender: 46, RSSI: -100
[P1_RX] Time: 623ms, Receiver: 37, Sender: 46, RSSI: -105
[P1_RX] Time: 623ms, Receiver: 25, Sender: 46, RSSI: -106
[P1_RX] Time: 623ms, Receiver: 20, Sender: 46, RSSI: -107
[P1_RX] Time: 623ms, Receiver: 29, Sender: 46, RSSI: -107
[P1_ABORT] Time: 623ms, Drone: 37
[P1_ATTEMPT] Time: 623ms, Drone: 37
[P1_SUCCESS] Time: 623ms, Drone: 9
[P1_RX] Time: 623ms, Receiver: 39, Sender: 9, RSSI: -97
[P1_RX] Time: 623ms, Receiver: 35, Sender: 9, RSSI: -100
[P1_RX] Time: 623ms, Receiver: 5, Sender: 9, RSSI: -101
[P1_RX] Time: 623ms, Receiver: 6, Sender: 9, RSSI: -101
[P1_RX] Time: 623ms, Receiver: 22, Sender: 9, RSSI: -103
[P1_RX] Time: 623ms, Receiver: 19, Sender: 9, RSSI: -104
[P1_RX] Time: 623ms, Receiver: 0, Sender: 9, RSSI: -105
[P1_RX] Time: 623ms, Receiver: 27, Sender: 9, RSSI: -105
[P1_RX] Time: 623ms, Receiver: 41, Sender: 9, RSSI: -106
[P1_RX] Time: 623ms, Receiver: 40, Sender: 9, RSSI: -106
[P1_RX] Time: 623ms, Receiver: 42, Sender: 9, RSSI: -107
[P1_RX] Time: 623ms, Receiver: 36, Sender: 9, RSSI: -107
[P1_RX] Time: 623ms, Receiver: 47, Sender: 9, RSSI: -107
[P1_ATTEMPT] Time: 624ms, Drone: 26
[P1_ATTEMPT] Time: 624ms, Drone: 32
[P1_ABORT] Time: 624ms, Drone: 26
[P1_ATTEMPT] Time: 624ms, Drone: 26
[P1_ATTEMPT] Time: 624ms, Drone: 10
[P1_ABORT] Time: 624ms, Drone: 32
[P1_ATTEMPT] Time: 624ms, Drone: 32
[P1_ABORT] Time: 624ms, Drone: 26
[P1_ATTEMPT] Time: 624ms, Drone: 26
[P1_ABORT] Time: 624ms, Drone: 10
[P1_ABORT] Time: 624ms, Drone: 32
[P1_ATTEMPT] Time: 624ms, Drone: 10
[P1_ATTEMPT] Time: 624ms, Drone: 32
[P1_SUCCESS] Time: 624ms, Drone: 7
[P1_RX] Time: 624ms, Receiver: 30, Sender: 7, RSSI: -94
[P1_RX] Time: 624ms, Receiver: 12, Sender: 7, RSSI: -103
[P1_ABORT] Time: 624ms, Drone: 26
[P1_ATTEMPT] Time: 624ms, Drone: 26
[P1_ABORT] Time: 624ms, Drone: 10
[P1_ABORT] Time: 624ms, Drone: 32
[P1_ATTEMPT] Time: 624ms, Drone: 10
[P1_ATTEMPT] Time: 624ms, Drone: 32
[P1_ABORT] Time: 624ms, Drone: 10
[P1_ABORT] Time: 624ms, Drone: 32
[P1_ATTEMPT] Time: 624ms, Drone: 10
[P1_ATTEMPT] Time: 624ms, Drone: 32
[P1_SUCCESS] Time: 624ms, Drone: 37
[P1_RX] Time: 624ms, Receiver: 29, Sender: 37, RSSI: -89
[P1_RX] Time: 624ms, Receiver: 33, Sender: 37, RSSI: -90
[P1_RX] Time: 624ms, Receiver: 25, Sender: 37, RSSI: -95
[P1_RX] Time: 624ms, Receiver: 34, Sender: 37, RSSI: -102
[P1_RX] Time: 624ms, Receiver: 20, Sender: 37, RSSI: -103
[P1_RX] Time: 624ms, Receiver: 28, Sender: 37, RSSI: -103
[P1_RX] Time: 624ms, Receiver: 46, Sender: 37, RSSI: -105
[P1_RX] Time: 624ms, Receiver: 15, Sender: 37, RSSI: -105
[P1_RX] Time: 624ms, Receiver: 4, Sender: 37, RSSI: -105
[P1_RX] Time: 624ms, Receiver: 44, Sender: 37, RSSI: -107
[P1_RX] Time: 624ms, Receiver: 43, Sender: 37, RSSI: -108
[P1_SUCCESS] Time: 625ms, Drone: 26
[P1_RX] Time: 625ms, Receiver: 42, Sender: 26, RSSI: -94
[P1_RX] Time: 625ms, Receiver: 23, Sender: 26, RSSI: -97
[P1_RX] Time: 625ms, Receiver: 14, Sender: 26, RSSI: -99
[P1_RX] Time: 625ms, Receiver: 24, Sender: 26, RSSI: -99
[P1_RX] Time: 625ms, Receiver: 2, Sender: 26, RSSI: -101
[P1_RX] Time: 625ms, Receiver: 0, Sender: 26, RSSI: -102
[P1_RX] Time: 625ms, Receiver: 6, Sender: 26, RSSI: -102
[P1_RX] Time: 625ms, Receiver: 30, Sender: 26, RSSI: -106
[P1_RX] Time: 625ms, Receiver: 7, Sender: 26, RSSI: -106
[P1_RX] Time: 625ms, Receiver: 39, Sender: 26, RSSI: -107
[P1_ATTEMPT] Time: 625ms, Drone: 28
[P1_SUCCESS] Time: 625ms, Drone: 10
[P1_SUCCESS] Time: 625ms, Drone: 32
[P1_RX] Time: 625ms, Receiver: 16, Sender: 32, RSSI: -91
[P1_RX] Time: 625ms, Receiver: 15, Sender: 32, RSSI: -95
[P1_RX] Time: 625ms, Receiver: 38, Sender: 10, RSSI: -98
[P1_RX] Time: 625ms, Receiver: 18, Sender: 32, RSSI: -98
[P1_RX] Time: 625ms, Receiver: 17, Sender: 32, RSSI: -99
[P1_RX] Time: 625ms, Receiver: 27, Sender: 32, RSSI: -100
[P1_RX] Time: 625ms, Receiver: 21, Sender: 32, RSSI: -100
[P1_RX] Time: 625ms, Receiver: 43, Sender: 32, RSSI: -99
[P1_RX] Time: 625ms, Receiver: 8, Sender: 10, RSSI: -101
[P1_RX] Time: 625ms, Receiver: 3, Sender: 32, RSSI: -101
[P1_RX] Time: 625ms, Receiver: 49, Sender: 32, RSSI: -102
[P1_RX] Time: 625ms, Receiver: 41, Sender: 32, RSSI: -105
[P1_ATTEMPT] Time: 626ms, Drone: 5
[P1_SUCCESS] Time: 626ms, Drone: 28
[P1_RX] Time: 626ms, Receiver: 34, Sender: 28, RSSI: -78
[P1_RX] Time: 626ms, Receiver: 46, Sender: 28, RSSI: -82
[P1_RX] Time: 626ms, Receiver: 44, Sender: 28, RSSI: -99
[P1_RX] Time: 626ms, Receiver: 37, Sender: 28, RSSI: -104
[P1_RX] Time: 626ms, Receiver: 25, Sender: 28, RSSI: -104
[P1_RX] Time: 626ms, Receiver: 20, Sender: 28, RSSI: -105
[P1_RX] Time: 626ms, Receiver: 29, Sender: 28, RSSI: -106
[P1_ATTEMPT] Time: 626ms, Drone: 1
[P1_ABORT] Time: 626ms, Drone: 1
[P1_ATTEMPT] Time: 626ms, Drone: 1
[P1_ATTEMPT] Time: 626ms, Drone: 49
[P1_ABORT] Time: 626ms, Drone: 1
[P1_ATTEMPT] Time: 626ms, Drone: 1
[P1_ATTEMPT] Time: 627ms, Drone: 41
[P1_ABORT] Time: 627ms, Drone: 1
[P1_ATTEMPT] Time: 627ms, Drone: 1
[P1_SUCCESS] Time: 627ms, Drone: 5
[P1_RX] Time: 627ms, Receiver: 35, Sender: 5, RSSI: -75
[P1_RX] Time: 627ms, Receiver: 40, Sender: 5, RSSI: -98
[P1_RX] Time: 627ms, Receiver: 39, Sender: 5, RSSI: -99
[P1_RX] Time: 627ms, Receiver: 19, Sender: 5, RSSI: -99
[P1_RX] Time: 627ms, Receiver: 36, Sender: 5, RSSI: -100
[P1_RX] Time: 627ms, Receiver: 41, Sender: 5, RSSI: -100
[P1_RX] Time: 627ms, Receiver: 9, Sender: 5, RSSI: -101
[P1_RX] Time: 627ms, Receiver: 47, Sender: 5, RSSI: -102
[P1_RX] Time: 627ms, Receiver: 22, Sender: 5, RSSI: -103
[P1_RX] Time: 627ms, Receiver: 27, Sender: 5, RSSI: -105
[P1_RX] Time: 627ms, Receiver: 6, Sender: 5, RSSI: -105
[P1_RX] Time: 627ms, Receiver: 42, Sender: 5, RSSI: -106
[P1_RX] Time: 627ms, Receiver: 2, Sender: 5, RSSI: -108
[P1_ABORT] Time: 627ms, Drone: 41
[P1_ATTEMPT] Time: 627ms, Drone: 41
[P1_ATTEMPT] Time: 627ms, Drone: 35
[P1_ABORT] Time: 627ms, Drone: 35
[P1_ATTEMPT] Time: 627ms, Drone: 35
[P1_SUCCESS] Time: 627ms, Drone: 49
[P1_RX] Time: 627ms, Receiver: 3, Sender: 49, RSSI: -80
[P1_RX] Time: 627ms, Receiver: 21, Sender: 49, RSSI: -100
[P1_RX] Time: 627ms, Receiver: 8, Sender: 49, RSSI: -104
[P1_RX] Time: 627ms, Receiver: 20, Sender: 49, RSSI: -107
[P1_ABORT] Time: 627ms, Drone: 35
[P1_ATTEMPT] Time: 627ms, Drone: 35
[P1_SUCCESS] Time: 627ms, Drone: 1
[P1_RX] Time: 627ms, Receiver: 2, Sender: 1, RSSI: -103
[P1_ABORT] Time: 628ms, Drone: 35
[P1_ATTEMPT] Time: 628ms, Drone: 35
[P1_ATTEMPT] Time: 628ms, Drone: 29
[P1_SUCCESS] Time: 628ms, Drone: 41
[P1_RX] Time: 628ms, Receiver: 5, Sender: 41, RSSI: -100
[P1_RX] Time: 628ms, Receiver: 36, Sender: 41, RSSI: -101
[P1_RX] Time: 628ms, Receiver: 35, Sender: 41, RSSI: -101
[P1_RX] Time: 628ms, Receiver: 22, Sender: 41, RSSI: -103
[P1_RX] Time: 628ms, Receiver: 9, Sender: 41, RSSI: -105
[P1_ABORT] Time: 628ms, Drone: 35
[P1_ATTEMPT] Time: 628ms, Drone: 35
[P1_SUCCESS] Time: 628ms, Drone: 29
[P1_RX] Time: 628ms, Receiver: 33, Sender: 29, RSSI: -89
[P1_RX] Time: 628ms, Receiver: 37, Sender: 29, RSSI: -89
[P1_RX] Time: 628ms, Receiver: 25, Sender: 29, RSSI: -93
[P1_RX] Time: 628ms, Receiver: 20, Sender: 29, RSSI: -103
[P1_RX] Time: 628ms, Receiver: 4, Sender: 29, RSSI: -103
[P1_RX] Time: 628ms, Receiver: 31, Sender: 29, RSSI: -104
[P1_RX] Time: 628ms, Receiver: 34, Sender: 29, RSSI: -105
[P1_RX] Time: 628ms, Receiver: 13, Sender: 29, RSSI: -104
[P1_RX] Time: 628ms, Receiver: 28, Sender: 29, RSSI: -106
[P1_RX] Time: 628ms, Receiver: 15, Sender: 29, RSSI: -105
[P1_RX] Time: 628ms, Receiver: 48, Sender: 29, RSSI: -105
[P1_RX] Time: 628ms, Receiver: 46, Sender: 29, RSSI: -107
[P1_SUCCESS] Time: 629ms, Drone: 35
[P1_RX] Time: 629ms, Receiver: 5, Sender: 35, RSSI: -75
[P1_RX] Time: 629ms, Receiver: 39, Sender: 35, RSSI: -97
[P1_RX] Time: 629ms, Receiver: 19, Sender: 35, RSSI: -98
[P1_RX] Time: 629ms, Receiver: 40, Sender: 35, RSSI: -99
[P1_RX] Time: 629ms, Receiver: 9, Sender: 35, RSSI: -100
[P1_RX] Time: 629ms, Receiver: 41, Sender: 35, RSSI: -101
[P1_RX] Time: 629ms, Receiver: 36, Sender: 35, RSSI: -102
[P1_RX] Time: 629ms, Receiver: 47, Sender: 35, RSSI: -102
[P1_RX] Time: 629ms, Receiver: 6, Sender: 35, RSSI: -103
[P1_RX] Time: 629ms, Receiver: 22, Sender: 35, RSSI: -104
[P1_RX] Time: 629ms, Receiver: 27, Sender: 35, RSSI: -104
[P1_RX] Time: 629ms, Receiver: 42, Sender: 35, RSSI: -104
[P1_RX] Time: 629ms, Receiver: 0, Sender: 35, RSSI: -106
[P1_RX] Time: 629ms, Receiver: 2, Sender: 35, RSSI: -106
[P1_RX] Time: 629ms, Receiver: 17, Sender: 35, RSSI: -108
[P1_ATTEMPT] Time: 630ms, Drone: 39
[P1_ATTEMPT] Time: 630ms, Drone: 47
[P1_ATTEMPT] Time: 631ms, Drone: 3
[P1_ABORT] Time: 631ms, Drone: 3
[P1_ATTEMPT] Time: 631ms, Drone: 3
[P1_ABORT] Time: 631ms, Drone: 3
[P1_ATTEMPT] Time: 631ms, Drone: 3
[P1_SUCCESS] Time: 631ms, Drone: 39
[P1_RX] Time: 631ms, Receiver: 6, Sender: 39, RSSI: -95
[P1_RX] Time: 631ms, Receiver: 35, Sender: 39, RSSI: -97
[P1_RX] Time: 631ms, Receiver: 9, Sender: 39, RSSI: -97
[P1_RX] Time: 631ms, Receiver: 5, Sender: 39, RSSI: -99
[P1_RX] Time: 631ms, Receiver: 42, Sender: 39, RSSI: -103
[P1_RX] Time: 631ms, Receiver: 0, Sender: 39, RSSI: -105
[P1_RX] Time: 631ms, Receiver: 23, Sender: 39, RSSI: -107
[P1_RX] Time: 631ms, Receiver: 22, Sender: 39, RSSI: -107
[P1_RX] Time: 631ms, Receiver: 26, Sender: 39, RSSI: -107
[P1_ABORT] Time: 631ms, Drone: 3
[P1_ATTEMPT] Time: 631ms, Drone: 3
[P1_SUCCESS] Time: 631ms, Drone: 47
[P1_RX] Time: 631ms, Receiver: 16, Sender: 47, RSSI: -97
[P1_RX] Time: 631ms, Receiver: 32, Sender: 47, RSSI: -99
[P1_RX] Time: 631ms, Receiver: 1, Sender: 47, RSSI: -99
[P1_RX] Time: 631ms, Receiver: 17, Sender: 47, RSSI: -100
[P1_RX] Time: 631ms, Receiver: 18, Sender: 47, RSSI: -103
[P1_RX] Time: 631ms, Receiver: 21, Sender: 47, RSSI: -105
[P1_RX] Time: 631ms, Receiver: 15, Sender: 47, RSSI: -105
[P1_RX] Time: 631ms, Receiver: 11, Sender: 47, RSSI: -106
[P1_RX] Time: 631ms, Receiver: 43, Sender: 47, RSSI: -106
[P1_RX] Time: 631ms, Receiver: 49, Sender: 47, RSSI: -108
[P1_RX] Time: 631ms, Receiver: 13, Sender: 47, RSSI: -107
[P1_RX] Time: 631ms, Receiver: 38, Sender: 47, RSSI: -109
[P1_ATTEMPT] Time: 631ms, Drone: 16
[P1_ABORT] Time: 631ms, Drone: 16
[P1_ATTEMPT] Time: 631ms, Drone: 16
[P1_ABORT] Time: 632ms, Drone: 16
[P1_ATTEMPT] Time: 632ms, Drone: 16
[P1_ABORT] Time: 632ms, Drone: 16
[P1_ATTEMPT] Time: 632ms, Drone: 16
[P1_ATTEMPT] Time: 632ms, Drone: 12
[P1_ABORT] Time: 632ms, Drone: 16
[P1_ATTEMPT] Time: 632ms, Drone: 16
[P1_ATTEMPT] Time: 632ms, Drone: 48
[P1_ABORT] Time: 632ms, Drone: 16
[P1_ATTEMPT] Time: 632ms, Drone: 16
[P1_SUCCESS] Time: 632ms, Drone: 3
[P1_RX] Time: 632ms, Receiver: 49, Sender: 3, RSSI: -80
[P1_RX] Time: 632ms, Receiver: 18, Sender: 3, RSSI: -97
[P1_RX] Time: 632ms, Receiver: 21, Sender: 3, RSSI: -98
[P1_RX] Time: 632ms, Receiver: 17, Sender: 3, RSSI: -100
[P1_RX] Time: 632ms, Receiver: 16, Sender: 3, RSSI: -101
[P1_RX] Time: 632ms, Receiver: 1, Sender: 3, RSSI: -102
[P1_RX] Time: 632ms, Receiver: 15, Sender: 3, RSSI: -103
[P1_RX] Time: 632ms, Receiver: 32, Sender: 3, RSSI: -103
[P1_RX] Time: 632ms, Receiver: 8, Sender: 3, RSSI: -103
[P1_RX] Time: 632ms, Receiver: 43, Sender: 3, RSSI: -104
[P1_RX] Time: 632ms, Receiver: 38, Sender: 3, RSSI: -104
[P1_RX] Time: 632ms, Receiver: 11, Sender: 3, RSSI: -106
[P1_RX] Time: 632ms, Receiver: 4, Sender: 3, RSSI: -107
[P1_RX] Time: 632ms, Receiver: 10, Sender: 3, RSSI: -107
[P1_ABORT] Time: 632ms, Drone: 16
[P1_ATTEMPT] Time: 632ms, Drone: 16
[P1_ATTEMPT] Time: 632ms, Drone: 25
[P1_ABORT] Time: 632ms, Drone: 25
[P1_ATTEMPT] Time: 632ms, Drone: 25
[P1_ABORT] Time: 633ms, Drone: 25
[P1_ATTEMPT] Time: 633ms, Drone: 25
[P1_SUCCESS] Time: 633ms, Drone: 12
[P1_RX] Time: 633ms, Receiver: 30, Sender: 12, RSSI: -98
[P1_RX] Time: 633ms, Receiver: 7, Sender: 12, RSSI: -103
[P1_ABORT] Time: 633ms, Drone: 25
[P1_ATTEMPT] Time: 633ms, Drone: 25
[P1_SUCCESS] Time: 633ms, Drone: 48
[P1_RX] Time: 633ms, Receiver: 42, Sender: 48, RSSI: -104
[P1_SUCCESS] Time: 633ms, Drone: 16
[P1_RX] Time: 633ms, Receiver: 17, Sender: 16, RSSI: -91
[P1_RX] Time: 633ms, Receiver: 18, Sender: 16, RSSI: -94
[P1_RX] Time: 633ms, Receiver: 21, Sender: 16, RSSI: -97
[P1_RX] Time: 633ms, Receiver: 40, Sender: 16, RSSI: -101
[P1_RX] Time: 633ms, Receiver: 43, Sender: 16, RSSI: -102
[P1_RX] Time: 633ms, Receiver: 11, Sender: 16, RSSI: -103
[P1_RX] Time: 633ms, Receiver: 41, Sender: 16, RSSI: -104
[P1_RX] Time: 633ms, Receiver: 38, Sender: 16, RSSI: -105
[P1_ATTEMPT] Time: 633ms, Drone: 24
[P1_SUCCESS] Time: 634ms, Drone: 25
[P1_RX] Time: 634ms, Receiver: 29, Sender: 25, RSSI: -93
[P1_RX] Time: 634ms, Receiver: 37, Sender: 25, RSSI: -95
[P1_RX] Time: 634ms, Receiver: 33, Sender: 25, RSSI: -99
[P1_RX] Time: 634ms, Receiver: 34, Sender: 25, RSSI: -103
[P1_RX] Time: 634ms, Receiver: 20, Sender: 25, RSSI: -104
[P1_RX] Time: 634ms, Receiver: 28, Sender: 25, RSSI: -104
[P1_RX] Time: 634ms, Receiver: 46, Sender: 25, RSSI: -106
[P1_SUCCESS] Time: 634ms, Drone: 24
[P1_RX] Time: 634ms, Receiver: 2, Sender: 24, RSSI: -89
[P1_RX] Time: 634ms, Receiver: 48, Sender: 24, RSSI: -95
[P1_RX] Time: 634ms, Receiver: 42, Sender: 24, RSSI: -98
[P1_RX] Time: 634ms, Receiver: 23, Sender: 24, RSSI: -98
[P1_RX] Time: 634ms, Receiver: 26, Sender: 24, RSSI: -99
[P1_RX] Time: 634ms, Receiver: 14, Sender: 24, RSSI: -99
[P1_RX] Time: 634ms, Receiver: 0, Sender: 24, RSSI: -101
[P1_RX] Time: 634ms, Receiver: 30, Sender: 24, RSSI: -103
[P1_RX] Time: 634ms, Receiver: 6, Sender: 24, RSSI: -106
[P1_RX] Time: 634ms, Receiver: 19, Sender: 24, RSSI: -106
[P1_RX] Time: 634ms, Receiver: 7, Sender: 24, RSSI: -106
[P1_RX] Time: 634ms, Receiver: 1, Sender: 24, RSSI: -106
[P1_RX] Time: 634ms, Receiver: 32, Sender: 24, RSSI: -106
[P1_ATTEMPT] Time: 634ms, Drone: 22
[P1_ATTEMPT] Time: 634ms, Drone: 45
[P1_ATTEMPT] Time: 634ms, Drone: 17
[P1_SUCCESS] Time: 635ms, Drone: 22
[P1_RX] Time: 635ms, Receiver: 36, Sender: 22, RSSI: -99
[P1_RX] Time: 635ms, Receiver: 9, Sender: 22, RSSI: -102
[P1_RX] Time: 635ms, Receiver: 5, Sender: 22, RSSI: -102
[P1_RX] Time: 635ms, Receiver: 35, Sender: 22, RSSI: -103
[P1_SUCCESS] Time: 635ms, Drone: 45
[P1_RX] Time: 635ms, Receiver: 31, Sender: 45, RSSI: -90
[P1_RX] Time: 635ms, Receiver: 13, Sender: 45, RSSI: -96
[P1_RX] Time: 635ms, Receiver: 2, Sender: 45, RSSI: -99
[P1_RX] Time: 635ms, Receiver: 4, Sender: 45, RSSI: -100
[P1_RX] Time: 635ms, Receiver: 27, Sender: 45, RSSI: -99
[P1_RX] Time: 635ms, Receiver: 0, Sender: 45, RSSI: -102
[P1_RX] Time: 635ms, Receiver: 48, Sender: 45, RSSI: -102
[P1_RX] Time: 635ms, Receiver: 24, Sender: 45, RSSI: -102
[P1_RX] Time: 635ms, Receiver: 15, Sender: 45, RSSI: -100
[P1_RX] Time: 635ms, Receiver: 23, Sender: 45, RSSI: -104
[P1_RX] Time: 635ms, Receiver: 33, Sender: 45, RSSI: -104
[P1_RX] Time: 635ms, Receiver: 42, Sender: 45, RSSI: -104
[P1_RX] Time: 635ms, Receiver: 14, Sender: 45, RSSI: -105
[P1_RX] Time: 635ms, Receiver: 29, Sender: 45, RSSI: -106
[P1_RX] Time: 635ms, Receiver: 30, Sender: 45, RSSI: -107
[P1_RX] Time: 635ms, Receiver: 6, Sender: 45, RSSI: -106
[P1_SUCCESS] Time: 635ms, Drone: 17
[P1_RX] Time: 635ms, Receiver: 18, Sender: 17, RSSI: -86
[P1_RX] Time: 635ms, Receiver: 21, Sender: 17, RSSI: -91
[P1_RX] Time: 635ms, Receiver: 16, Sender: 17, RSSI: -91
[P1_RX] Time: 635ms, Receiver: 11, Sender: 17, RSSI: -99
[P1_RX] Time: 635ms, Receiver: 3, Sender: 17, RSSI: -100
[P1_RX] Time: 635ms, Receiver: 47, Sender: 17, RSSI: -99
[P1_RX] Time: 635ms, Receiver: 49, Sender: 17, RSSI: -102
[P1_RX] Time: 635ms, Receiver: 43, Sender: 17, RSSI: -101
[P1_RX] Time: 635ms, Receiver: 38, Sender: 17, RSSI: -102
[P2_ATTEMPT] Time: 638ms, Drone: 0, Slot: 0, Channel: 22
[P2_ATTEMPT] Time: 638ms, Drone: 4, Slot: 0, Channel: 12
[P2_ATTEMPT] Time: 638ms, Drone: 12, Slot: 0, Channel: 22
[P2_ATTEMPT] Time: 638ms, Drone: 16, Slot: 0, Channel: 21
[P2_ATTEMPT] Time: 638ms, Drone: 19, Slot: 0, Channel: 21
[P2_ATTEMPT] Time: 638ms, Drone: 30, Slot: 0, Channel: 19
[P2_ATTEMPT] Time: 638ms, Drone: 34, Slot: 0, Channel: 17
[P2_ATTEMPT] Time: 638ms, Drone: 39, Slot: 0, Channel: 18
[P2_ATTEMPT] Time: 638ms, Drone: 43, Slot: 0, Channel: 14
[P2_ATTEMPT] Time: 638ms, Drone: 45, Slot: 0, Channel: 18
[P2_ATTEMPT] Time: 640ms, Drone: 15, Slot: 1, Channel: 24
[P2_ATTEMPT] Time: 640ms, Drone: 18, Slot: 1, Channel: 23
[P2_ATTEMPT] Time: 640ms, Drone: 20, Slot: 1, Channel: 13
[P2_ATTEMPT] Time: 640ms, Drone: 38, Slot: 1, Channel: 17
[P2_ATTEMPT] Time: 640ms, Drone: 44, Slot: 1, Channel: 16
[P2_SUCCESS] Time: 640ms, Drone: 0
[P2_SUCCESS] Time: 640ms, Drone: 4
[P2_SUCCESS] Time: 640ms, Drone: 12
[P2_SUCCESS] Time: 640ms, Drone: 16
[P2_SUCCESS] Time: 640ms, Drone: 19
[P2_SUCCESS] Time: 640ms, Drone: 30
[P2_SUCCESS] Time: 640ms, Drone: 34
[P2_SUCCESS] Time: 640ms, Drone: 39
[P2_SUCCESS] Time: 640ms, Drone: 43
[P2_SUCCESS] Time: 640ms, Drone: 45
[P2_ATTEMPT] Time: 643ms, Drone: 21, Slot: 2, Channel: 15
[P2_ATTEMPT] Time: 643ms, Drone: 31, Slot: 2, Channel: 19
[P2_ATTEMPT] Time: 643ms, Drone: 42, Slot: 2, Channel: 17
[P2_ATTEMPT] Time: 643ms, Drone: 49, Slot: 2, Channel: 24
[P2_SUCCESS] Time: 643ms, Drone: 15
[P2_SUCCESS] Time: 643ms, Drone: 18
[P2_SUCCESS] Time: 643ms, Drone: 20
[P2_SUCCESS] Time: 643ms, Drone: 38
[P2_SUCCESS] Time: 643ms, Drone: 44
[P2_RX] Time: 643ms, Receiver: 43, Sender: 15, RSSI: -93
[P2_RX] Time: 643ms, Receiver: 16, Sender: 18, RSSI: -94
[P2_RX] Time: 643ms, Receiver: 11, Sender: 38, RSSI: -94
[P2_RX] Time: 643ms, Receiver: 32, Sender: 15, RSSI: -95
[P2_ATTEMPT] Time: 645ms, Drone: 2, Slot: 3, Channel: 14
[P2_ATTEMPT] Time: 645ms, Drone: 7, Slot: 3, Channel: 20
[P2_ATTEMPT] Time: 645ms, Drone: 28, Slot: 3, Channel: 18
[P2_ATTEMPT] Time: 645ms, Drone: 29, Slot: 3, Channel: 14
[P2_SUCCESS] Time: 645ms, Drone: 21
[P2_SUCCESS] Time: 645ms, Drone: 31
[P2_SUCCESS] Time: 645ms, Drone: 42
[P2_SUCCESS] Time: 645ms, Drone: 49
[P2_RX] Time: 645ms, Receiver: 18, Sender: 21, RSSI: -78
[P2_RX] Time: 645ms, Receiver: 3, Sender: 49, RSSI: -80
[P2_RX] Time: 645ms, Receiver: 45, Sender: 31, RSSI: -90
[P2_RX] Time: 645ms, Receiver: 13, Sender: 31, RSSI: -92
[P2_RX] Time: 645ms, Receiver: 26, Sender: 42, RSSI: -94
[P2_RX] Time: 645ms, Receiver: 15, Sender: 49, RSSI: -103
[P2_RX] Time: 645ms, Receiver: 32, Sender: 49, RSSI: -103
[P2_RX] Time: 645ms, Receiver: 43, Sender: 49, RSSI: -105
[P2_ATTEMPT] Time: 648ms, Drone: 3, Slot: 4, Channel: 13
[P2_ATTEMPT] Time: 648ms, Drone: 14, Slot: 4, Channel: 25
[P2_ATTEMPT] Time: 648ms, Drone: 23, Slot: 4, Channel: 24
[P2_ATTEMPT] Time: 648ms, Drone: 46, Slot: 4, Channel: 22
[P2_ATTEMPT] Time: 648ms, Drone: 47, Slot: 4, Channel: 15
[P2_SUCCESS] Time: 648ms, Drone: 2
[P2_SUCCESS] Time: 648ms, Drone: 7
[P2_SUCCESS] Time: 648ms, Drone: 28
[P2_SUCCESS] Time: 648ms, Drone: 29
[P2_RX] Time: 648ms, Receiver: 33, Sender: 29, RSSI: -89
[P2_RX] Time: 648ms, Receiver: 37, Sender: 29, RSSI: -89
[P2_RX] Time: 648ms, Receiver: 24, Sender: 2, RSSI: -89
[P2_RX] Time: 648ms, Receiver: 25, Sender: 29, RSSI: -93
[P2_RX] Time: 648ms, Receiver: 30, Sender: 7, RSSI: -94
[P2_ATTEMPT] Time: 650ms, Drone: 5, Slot: 5, Channel: 16
[P2_ATTEMPT] Time: 650ms, Drone: 22, Slot: 5, Channel: 22
[P2_ATTEMPT] Time: 650ms, Drone: 27, Slot: 5, Channel: 25
[P2_ATTEMPT] Time: 650ms, Drone: 33, Slot: 5, Channel: 15
[P2_ATTEMPT] Time: 650ms, Drone: 48, Slot: 5, Channel: 26
[P2_SUCCESS] Time: 650ms, Drone: 3
[P2_SUCCESS] Time: 650ms, Drone: 14
[P2_SUCCESS] Time: 650ms, Drone: 23
[P2_SUCCESS] Time: 650ms, Drone: 46
[P2_SUCCESS] Time: 650ms, Drone: 47
[P2_RX] Time: 650ms, Receiver: 49, Sender: 3, RSSI: -80
[P2_RX] Time: 650ms, Receiver: 28, Sender: 46, RSSI: -82
[P2_RX] Time: 650ms, Receiver: 34, Sender: 46, RSSI: -87
[P2_RX] Time: 650ms, Receiver: 0, Sender: 23, RSSI: -89
[P2_RX] Time: 650ms, Receiver: 18, Sender: 47, RSSI: -103
[P2_RX] Time: 650ms, Receiver: 21, Sender: 47, RSSI: -105
[P2_ATTEMPT] Time: 653ms, Drone: 6, Slot: 6, Channel: 13
[P2_ATTEMPT] Time: 653ms, Drone: 10, Slot: 6, Channel: 22
[P2_ATTEMPT] Time: 653ms, Drone: 25, Slot: 6, Channel: 16
[P2_ATTEMPT] Time: 653ms, Drone: 35, Slot: 6, Channel: 23
[P2_SUCCESS] Time: 653ms, Drone: 5
[P2_SUCCESS] Time: 653ms, Drone: 22
[P2_SUCCESS] Time: 653ms, Drone: 27
[P2_SUCCESS] Time: 653ms, Drone: 33
[P2_SUCCESS] Time: 653ms, Drone: 48
[P2_RX] Time: 653ms, Receiver: 47, Sender: 27, RSSI: -95
[P2_ATTEMPT] Time: 655ms, Drone: 11, Slot: 7, Channel: 22
[P2_ATTEMPT] Time: 655ms, Drone: 13, Slot: 7, Channel: 25
[P2_SUCCESS] Time: 655ms, Drone: 6
[P2_SUCCESS] Time: 655ms, Drone: 10
[P2_SUCCESS] Time: 655ms, Drone: 25
[P2_SUCCESS] Time: 655ms, Drone: 35
[P2_RX] Time: 655ms, Receiver: 5, Sender: 35, RSSI: -75
[P2_RX] Time: 655ms, Receiver: 29, Sender: 25, RSSI: -93
[P2_RX] Time: 655ms, Receiver: 39, Sender: 6, RSSI: -95
[P2_RX] Time: 655ms, Receiver: 37, Sender: 25, RSSI: -95
[P2_ATTEMPT] Time: 658ms, Drone: 1, Slot: 8, Channel: 12
[P2_ATTEMPT] Time: 658ms, Drone: 8, Slot: 8, Channel: 24
[P2_ATTEMPT] Time: 658ms, Drone: 24, Slot: 8, Channel: 23
[P2_ATTEMPT] Time: 658ms, Drone: 26, Slot: 8, Channel: 13
[P2_ATTEMPT] Time: 658ms, Drone: 40, Slot: 8, Channel: 17
[P2_SUCCESS] Time: 658ms, Drone: 11
[P2_SUCCESS] Time: 658ms, Drone: 13
[P2_RX] Time: 658ms, Receiver: 31, Sender: 13, RSSI: -92
[P2_RX] Time: 658ms, Receiver: 38, Sender: 11, RSSI: -94
[P2_RX] Time: 658ms, Receiver: 45, Sender: 13, RSSI: -96
[P2_RX] Time: 658ms, Receiver: 4, Sender: 13, RSSI: -96
[P2_RX] Time: 658ms, Receiver: 14, Sender: 13, RSSI: -104
[P2_RX] Time: 658ms, Receiver: 10, Sender: 11, RSSI: -106
[P2_ATTEMPT] Time: 660ms, Drone: 9, Slot: 9, Channel: 18
[P2_ATTEMPT] Time: 660ms, Drone: 17, Slot: 9, Channel: 17
[P2_ATTEMPT] Time: 660ms, Drone: 32, Slot: 9, Channel: 22
[P2_ATTEMPT] Time: 660ms, Drone: 36, Slot: 9, Channel: 16
[P2_ATTEMPT] Time: 660ms, Drone: 37, Slot: 9, Channel: 16
[P2_ATTEMPT] Time: 660ms, Drone: 41, Slot: 9, Channel: 14
[P2_SUCCESS] Time: 660ms, Drone: 1
[P2_SUCCESS] Time: 660ms, Drone: 8
[P2_SUCCESS] Time: 660ms, Drone: 24
[P2_SUCCESS] Time: 660ms, Drone: 26
[P2_SUCCESS] Time: 660ms, Drone: 40
[P2_RX] Time: 660ms, Receiver: 2, Sender: 24, RSSI: -89
[P2_RX] Time: 660ms, Receiver: 42, Sender: 26, RSSI: -94
[P2_RX] Time: 660ms, Receiver: 48, Sender: 24, RSSI: -95
[P2_RX] Time: 660ms, Receiver: 6, Sender: 26, RSSI: -102
[P2_RX] Time: 660ms, Receiver: 39, Sender: 26, RSSI: -107
[P2_SUCCESS] Time: 662ms, Drone: 37
[P2_RX] Time: 662ms, Receiver: 29, Sender: 37, RSSI: -89
[P2_RX] Time: 662ms, Receiver: 33, Sender: 37, RSSI: -90
[P2_RX] Time: 662ms, Receiver: 25, Sender: 37, RSSI: -95
[P2_RX] Time: 662ms, Receiver: 44, Sender: 37, RSSI: -107
[P2_SUCCESS] Time: 663ms, Drone: 9
[P2_SUCCESS] Time: 663ms, Drone: 17
[P2_SUCCESS] Time: 663ms, Drone: 32
[P2_SUCCESS] Time: 663ms, Drone: 36
[P2_SUCCESS] Time: 663ms, Drone: 41
[P1_ATTEMPT] Time: 663ms, Drone: 21
[P1_ATTEMPT] Time: 663ms, Drone: 28
[P1_ATTEMPT] Time: 664ms, Drone: 27
[P1_SUCCESS] Time: 664ms, Drone: 21
[P1_RX] Time: 664ms, Receiver: 18, Sender: 21, RSSI: -78
[P1_RX] Time: 664ms, Receiver: 17, Sender: 21, RSSI: -91
[P1_RX] Time: 664ms, Receiver: 11, Sender: 21, RSSI: -96
[P1_RX] Time: 664ms, Receiver: 16, Sender: 21, RSSI: -97
[P1_RX] Time: 664ms, Receiver: 38, Sender: 21, RSSI: -97
[P1_RX] Time: 664ms, Receiver: 3, Sender: 21, RSSI: -98
[P1_RX] Time: 664ms, Receiver: 43, Sender: 21, RSSI: -99
[P1_RX] Time: 664ms, Receiver: 49, Sender: 21, RSSI: -100
[P1_RX] Time: 664ms, Receiver: 15, Sender: 21, RSSI: -101
[P1_RX] Time: 664ms, Receiver: 32, Sender: 21, RSSI: -101
[P1_RX] Time: 664ms, Receiver: 1, Sender: 21, RSSI: -101
[P1_RX] Time: 664ms, Receiver: 8, Sender: 21, RSSI: -105
[P1_RX] Time: 664ms, Receiver: 47, Sender: 21, RSSI: -105
[P1_RX] Time: 664ms, Receiver: 10, Sender: 21, RSSI: -105
[P1_RX] Time: 664ms, Receiver: 27, Sender: 21, RSSI: -107
[P1_RX] Time: 664ms, Receiver: 40, Sender: 21, RSSI: -107
[P1_RX] Time: 664ms, Receiver: 41, Sender: 21, RSSI: -108
[P1_ATTEMPT] Time: 664ms, Drone: 41
[P1_ABORT] Time: 664ms, Drone: 41
[P1_ATTEMPT] Time: 664ms, Drone: 41
[P1_SUCCESS] Time: 664ms, Drone: 28
[P1_RX] Time: 664ms, Receiver: 34, Sender: 28, RSSI: -78
[P1_RX] Time: 664ms, Receiver: 46, Sender: 28, RSSI: -82
[P1_RX] Time: 664ms, Receiver: 20, Sender: 28, RSSI: -104
[P1_ABORT] Time: 664ms, Drone: 41
[P1_ATTEMPT] Time: 664ms, Drone: 41
[P1_ABORT] Time: 664ms, Drone: 41
[P1_ATTEMPT] Time: 664ms, Drone: 41
[P1_ABORT] Time: 664ms, Drone: 41
[P1_ATTEMPT] Time: 664ms, Drone: 41
[P1_SUCCESS] Time: 664ms, Drone: 27
[P1_RX] Time: 664ms, Receiver: 47, Sender: 27, RSSI: -95
[P1_RX] Time: 664ms, Receiver: 19, Sender: 27, RSSI: -98
[P1_RX] Time: 664ms, Receiver: 32, Sender: 27, RSSI: -100
[P1_RX] Time: 664ms, Receiver: 41, Sender: 27, RSSI: -101
[P1_RX] Time: 664ms, Receiver: 40, Sender: 27, RSSI: -101
[P1_RX] Time: 664ms, Receiver: 45, Sender: 27, RSSI: -102
[P1_RX] Time: 664ms, Receiver: 1, Sender: 27, RSSI: -102
[P1_RX] Time: 664ms, Receiver: 16, Sender: 27, RSSI: -102
[P1_RX] Time: 664ms, Receiver: 35, Sender: 27, RSSI: -104
[P1_RX] Time: 664ms, Receiver: 5, Sender: 27, RSSI: -105
[P1_RX] Time: 664ms, Receiver: 15, Sender: 27, RSSI: -105
[P1_RX] Time: 664ms, Receiver: 17, Sender: 27, RSSI: -105
[P1_RX] Time: 664ms, Receiver: 9, Sender: 27, RSSI: -105
[P1_RX] Time: 664ms, Receiver: 18, Sender: 27, RSSI: -106
[P1_RX] Time: 664ms, Receiver: 43, Sender: 27, RSSI: -106
[P1_RX] Time: 664ms, Receiver: 31, Sender: 27, RSSI: -106
[P1_RX] Time: 664ms, Receiver: 2, Sender: 27, RSSI: -106
[P1_RX] Time: 664ms, Receiver: 0, Sender: 27, RSSI: -107
[P1_RX] Time: 664ms, Receiver: 11, Sender: 27, RSSI: -107
[P1_RX] Time: 664ms, Receiver: 21, Sender: 27, RSSI: -107
[P1_RX] Time: 664ms, Receiver: 22, Sender: 27, RSSI: -108
[P1_RX] Time: 664ms, Receiver: 13, Sender: 27, RSSI: -108
[P1_RX] Time: 664ms, Receiver: 42, Sender: 27, RSSI: -108
[P1_RX] Time: 664ms, Receiver: 39, Sender: 27, RSSI: -108
[P1_RX] Time: 664ms, Receiver: 4, Sender: 27, RSSI: -108
[P1_RX] Time: 664ms, Receiver: 6, Sender: 27, RSSI: -109
[P1_RX] Time: 664ms, Receiver: 36, Sender: 27, RSSI: -109
[P1_ABORT] Time: 665ms, Drone: 41
[P1_ATTEMPT] Time: 665ms, Drone: 41
[P1_ATTEMPT] Time: 665ms, Drone: 7
[P1_ATTEMPT] Time: 665ms, Drone: 0
[P1_ABORT] Time: 665ms, Drone: 0
[P1_ATTEMPT] Time: 665ms, Drone: 0
[P1_ABORT] Time: 665ms, Drone: 0
[P1_ATTEMPT] Time: 665ms, Drone: 0
[P1_ATTEMPT] Time: 665ms, Drone: 35
[P1_SUCCESS] Time: 665ms, Drone: 41
[P1_RX] Time: 665ms, Receiver: 40, Sender: 41, RSSI: -95
[P1_RX] Time: 665ms, Receiver: 47, Sender: 41, RSSI: -97
[P1_RX] Time: 665ms, Receiver: 5, Sender: 41, RSSI: -100
[P1_RX] Time: 665ms, Receiver: 27, Sender: 41, RSSI: -101
[P1_RX] Time: 665ms, Receiver: 19, Sender: 41, RSSI: -101
[P1_RX] Time: 665ms, Receiver: 36, Sender: 41, RSSI: -101
[P1_RX] Time: 665ms, Receiver: 35, Sender: 41, RSSI: -101
[P1_RX] Time: 665ms, Receiver: 22, Sender: 41, RSSI: -103
[P1_RX] Time: 665ms, Receiver: 17, Sender: 41, RSSI: -104
[P1_RX] Time: 665ms, Receiver: 16, Sender: 41, RSSI: -104
[P1_RX] Time: 665ms, Receiver: 9, Sender: 41, RSSI: -106
[P1_RX] Time: 665ms, Receiver: 32, Sender: 41, RSSI: -106
[P1_RX] Time: 665ms, Receiver: 1, Sender: 41, RSSI: -106
[P1_RX] Time: 665ms, Receiver: 18, Sender: 41, RSSI: -107
[P1_RX] Time: 665ms, Receiver: 11, Sender: 41, RSSI: -107
[P1_ABORT] Time: 665ms, Drone: 0
[P1_ATTEMPT] Time: 665ms, Drone: 0
[P1_SUCCESS] Time: 666ms, Drone: 7
[P1_RX] Time: 666ms, Receiver: 30, Sender: 7, RSSI: -94
[P1_RX] Time: 666ms, Receiver: 14, Sender: 7, RSSI: -100
[P1_RX] Time: 666ms, Receiver: 12, Sender: 7, RSSI: -103
[P1_RX] Time: 666ms, Receiver: 23, Sender: 7, RSSI: -104
[P1_RX] Time: 666ms, Receiver: 26, Sender: 7, RSSI: -105
[P1_RX] Time: 666ms, Receiver: 24, Sender: 7, RSSI: -106
[P1_RX] Time: 666ms, Receiver: 0, Sender: 7, RSSI: -106
[P1_RX] Time: 666ms, Receiver: 48, Sender: 7, RSSI: -107
[P1_RX] Time: 666ms, Receiver: 2, Sender: 7, RSSI: -107
[P1_ABORT] Time: 666ms, Drone: 35
[P1_ATTEMPT] Time: 666ms, Drone: 35
[P1_SUCCESS] Time: 666ms, Drone: 0
[P1_RX] Time: 666ms, Receiver: 23, Sender: 0, RSSI: -89
[P1_RX] Time: 666ms, Receiver: 14, Sender: 0, RSSI: -97
[P1_RX] Time: 666ms, Receiver: 42, Sender: 0, RSSI: -97
[P1_RX] Time: 666ms, Receiver: 2, Sender: 0, RSSI: -98
[P1_RX] Time: 666ms, Receiver: 6, Sender: 0, RSSI: -97
[P1_RX] Time: 666ms, Receiver: 24, Sender: 0, RSSI: -100
[P1_RX] Time: 666ms, Receiver: 26, Sender: 0, RSSI: -101
[P1_RX] Time: 666ms, Receiver: 45, Sender: 0, RSSI: -102
[P1_RX] Time: 666ms, Receiver: 13, Sender: 0, RSSI: -103
[P1_RX] Time: 666ms, Receiver: 31, Sender: 0, RSSI: -104
[P1_RX] Time: 666ms, Receiver: 30, Sender: 0, RSSI: -105
[P1_RX] Time: 666ms, Receiver: 48, Sender: 0, RSSI: -105
[P1_RX] Time: 666ms, Receiver: 7, Sender: 0, RSSI: -107
[P1_SUCCESS] Time: 666ms, Drone: 35
[P1_RX] Time: 666ms, Receiver: 5, Sender: 35, RSSI: -75
[P1_RX] Time: 666ms, Receiver: 39, Sender: 35, RSSI: -96
[P1_RX] Time: 666ms, Receiver: 19, Sender: 35, RSSI: -97
[P1_RX] Time: 666ms, Receiver: 40, Sender: 35, RSSI: -98
[P1_RX] Time: 666ms, Receiver: 9, Sender: 35, RSSI: -99
[P1_RX] Time: 666ms, Receiver: 41, Sender: 35, RSSI: -101
[P1_RX] Time: 666ms, Receiver: 36, Sender: 35, RSSI: -101
[P1_RX] Time: 666ms, Receiver: 47, Sender: 35, RSSI: -102
[P1_RX] Time: 666ms, Receiver: 22, Sender: 35, RSSI: -103
[P1_RX] Time: 666ms, Receiver: 16, Sender: 35, RSSI: -107
[P1_RX] Time: 666ms, Receiver: 17, Sender: 35, RSSI: -109
[P1_ATTEMPT] Time: 667ms, Drone: 42
[P1_ATTEMPT] Time: 667ms, Drone: 1
[P1_ATTEMPT] Time: 667ms, Drone: 11
[P1_ATTEMPT] Time: 667ms, Drone: 2
[P1_ATTEMPT] Time: 667ms, Drone: 20
[P1_ABORT] Time: 667ms, Drone: 2
[P1_ATTEMPT] Time: 667ms, Drone: 2
[P1_ABORT] Time: 667ms, Drone: 20
[P1_ATTEMPT] Time: 667ms, Drone: 20
[P1_ABORT] Time: 667ms, Drone: 2
[P1_ATTEMPT] Time: 667ms, Drone: 2
[P1_ABORT] Time: 668ms, Drone: 20
[P1_ATTEMPT] Time: 668ms, Drone: 20
[P1_ABORT] Time: 668ms, Drone: 2
[P1_ATTEMPT] Time: 668ms, Drone: 2
[P1_ATTEMPT] Time: 668ms, Drone: 9
[P1_SUCCESS] Time: 668ms, Drone: 42
[P1_RX] Time: 668ms, Receiver: 26, Sender: 42, RSSI: -94
[P1_RX] Time: 668ms, Receiver: 2, Sender: 42, RSSI: -96
[P1_RX] Time: 668ms, Receiver: 23, Sender: 42, RSSI: -97
[P1_RX] Time: 668ms, Receiver: 24, Sender: 42, RSSI: -98
[P1_RX] Time: 668ms, Receiver: 0, Sender: 42, RSSI: -98
[P1_RX] Time: 668ms, Receiver: 6, Sender: 42, RSSI: -98
[P1_RX] Time: 668ms, Receiver: 14, Sender: 42, RSSI: -102
[P1_RX] Time: 668ms, Receiver: 39, Sender: 42, RSSI: -103
[P1_RX] Time: 668ms, Receiver: 35, Sender: 42, RSSI: -105
[P1_RX] Time: 668ms, Receiver: 5, Sender: 42, RSSI: -106
[P1_ABORT] Time: 668ms, Drone: 20
[P1_ATTEMPT] Time: 668ms, Drone: 20
[P1_ABORT] Time: 668ms, Drone: 2
[P1_ATTEMPT] Time: 668ms, Drone: 2
[P1_ABORT] Time: 668ms, Drone: 9
[P1_ATTEMPT] Time: 668ms, Drone: 9
[P1_ATTEMPT] Time: 668ms, Drone: 26
[P1_SUCCESS] Time: 668ms, Drone: 1
[P1_RX] Time: 668ms, Receiver: 15, Sender: 1, RSSI: -97
[P1_RX] Time: 668ms, Receiver: 18, Sender: 1, RSSI: -95
[P1_RX] Time: 668ms, Receiver: 3, Sender: 1, RSSI: -100
[P1_RX] Time: 668ms, Receiver: 49, Sender: 1, RSSI: -101
[P1_SUCCESS] Time: 668ms, Drone: 11
[P1_RX] Time: 668ms, Receiver: 38, Sender: 11, RSSI: -94
[P1_RX] Time: 668ms, Receiver: 21, Sender: 11, RSSI: -95
[P1_RX] Time: 668ms, Receiver: 10, Sender: 11, RSSI: -104
[P1_ABORT] Time: 668ms, Drone: 2
[P1_ATTEMPT] Time: 668ms, Drone: 2
[P1_ATTEMPT] Time: 668ms, Drone: 24
[P1_ABORT] Time: 668ms, Drone: 24
[P1_ATTEMPT] Time: 668ms, Drone: 24
[P1_ABORT] Time: 668ms, Drone: 24
[P1_ATTEMPT] Time: 668ms, Drone: 24
[P1_ABORT] Time: 668ms, Drone: 24
[P1_ATTEMPT] Time: 668ms, Drone: 24
[P1_ABORT] Time: 669ms, Drone: 24
[P1_ATTEMPT] Time: 669ms, Drone: 24
[P1_SUCCESS] Time: 669ms, Drone: 20
[P1_RX] Time: 669ms, Receiver: 34, Sender: 20, RSSI: -104
[P1_RX] Time: 669ms, Receiver: 28, Sender: 20, RSSI: -105
[P1_RX] Time: 669ms, Receiver: 46, Sender: 20, RSSI: -106
[P1_SUCCESS] Time: 669ms, Drone: 9
[P1_RX] Time: 669ms, Receiver: 39, Sender: 9, RSSI: -96
[P1_RX] Time: 669ms, Receiver: 35, Sender: 9, RSSI: -99
[P1_RX] Time: 669ms, Receiver: 5, Sender: 9, RSSI: -100
[P1_RX] Time: 669ms, Receiver: 6, Sender: 9, RSSI: -97
[P1_RX] Time: 669ms, Receiver: 22, Sender: 9, RSSI: -102
[P1_RX] Time: 669ms, Receiver: 27, Sender: 9, RSSI: -102
[P1_RX] Time: 669ms, Receiver: 36, Sender: 9, RSSI: -105
[P1_ABORT] Time: 669ms, Drone: 24
[P1_ATTEMPT] Time: 669ms, Drone: 24
[P1_SUCCESS] Time: 669ms, Drone: 26
[P1_RX] Time: 669ms, Receiver: 42, Sender: 26, RSSI: -92
[P1_RX] Time: 669ms, Receiver: 23, Sender: 26, RSSI: -94
[P1_RX] Time: 669ms, Receiver: 14, Sender: 26, RSSI: -97
[P1_RX] Time: 669ms, Receiver: 7, Sender: 26, RSSI: -104
[P1_SUCCESS] Time: 669ms, Drone: 2
[P1_RX] Time: 669ms, Receiver: 24, Sender: 2, RSSI: -89
[P1_RX] Time: 669ms, Receiver: 13, Sender: 2, RSSI: -97
[P1_RX] Time: 669ms, Receiver: 48, Sender: 2, RSSI: -97
[P1_RX] Time: 669ms, Receiver: 45, Sender: 2, RSSI: -98
[P1_RX] Time: 669ms, Receiver: 31, Sender: 2, RSSI: -100
[P1_RX] Time: 669ms, Receiver: 1, Sender: 2, RSSI: -102
[P1_RX] Time: 669ms, Receiver: 32, Sender: 2, RSSI: -103
[P1_RX] Time: 669ms, Receiver: 16, Sender: 2, RSSI: -104
[P1_ABORT] Time: 669ms, Drone: 24
[P1_ATTEMPT] Time: 669ms, Drone: 24
[P1_ATTEMPT] Time: 669ms, Drone: 45
[P1_ATTEMPT] Time: 669ms, Drone: 23
[P1_SUCCESS] Time: 670ms, Drone: 24
[P1_RX] Time: 670ms, Receiver: 2, Sender: 24, RSSI: -88
[P1_RX] Time: 670ms, Receiver: 48, Sender: 24, RSSI: -94
[P1_RX] Time: 670ms, Receiver: 42, Sender: 24, RSSI: -94
[P1_RX] Time: 670ms, Receiver: 4, Sender: 24, RSSI: -98
[P1_SUCCESS] Time: 670ms, Drone: 45
[P1_RX] Time: 670ms, Receiver: 31, Sender: 45, RSSI: -89
[P1_RX] Time: 670ms, Receiver: 32, Sender: 45, RSSI: -100
[P1_RX] Time: 670ms, Receiver: 27, Sender: 45, RSSI: -100
[P1_RX] Time: 670ms, Receiver: 1, Sender: 45, RSSI: -101
[P1_RX] Time: 670ms, Receiver: 15, Sender: 45, RSSI: -102
[P1_RX] Time: 670ms, Receiver: 19, Sender: 45, RSSI: -101
[P1_RX] Time: 670ms, Receiver: 47, Sender: 45, RSSI: -103
[P1_RX] Time: 670ms, Receiver: 16, Sender: 45, RSSI: -104
[P1_RX] Time: 670ms, Receiver: 43, Sender: 45, RSSI: -106
[P1_RX] Time: 670ms, Receiver: 17, Sender: 45, RSSI: -107
[P1_SUCCESS] Time: 670ms, Drone: 23
[P1_RX] Time: 670ms, Receiver: 14, Sender: 23, RSSI: -88
[P1_RX] Time: 670ms, Receiver: 0, Sender: 23, RSSI: -89
[P1_RX] Time: 670ms, Receiver: 6, Sender: 23, RSSI: -99
[P1_RX] Time: 670ms, Receiver: 39, Sender: 23, RSSI: -104
[P1_RX] Time: 670ms, Receiver: 9, Sender: 23, RSSI: -104
[P1_ATTEMPT] Time: 670ms, Drone: 4
[P1_SUCCESS] Time: 671ms, Drone: 4
[P1_RX] Time: 671ms, Receiver: 48, Sender: 4, RSSI: -94
[P1_RX] Time: 671ms, Receiver: 13, Sender: 4, RSSI: -96
[P1_RX] Time: 671ms, Receiver: 31, Sender: 4, RSSI: -101
[P1_RX] Time: 671ms, Receiver: 1, Sender: 4, RSSI: -101
[P1_RX] Time: 671ms, Receiver: 45, Sender: 4, RSSI: -101
[P1_RX] Time: 671ms, Receiver: 2, Sender: 4, RSSI: -102
[P1_RX] Time: 671ms, Receiver: 24, Sender: 4, RSSI: -102
[P1_RX] Time: 671ms, Receiver: 32, Sender: 4, RSSI: -102
[P1_RX] Time: 671ms, Receiver: 15, Sender: 4, RSSI: -104
[P1_RX] Time: 671ms, Receiver: 16, Sender: 4, RSSI: -106
[P1_RX] Time: 671ms, Receiver: 20, Sender: 4, RSSI: -106
[P1_RX] Time: 671ms, Receiver: 49, Sender: 4, RSSI: -106
[P1_RX] Time: 671ms, Receiver: 3, Sender: 4, RSSI: -107
[P1_RX] Time: 671ms, Receiver: 0, Sender: 4, RSSI: -108
[P1_RX] Time: 671ms, Receiver: 18, Sender: 4, RSSI: -108
[P1_RX] Time: 671ms, Receiver: 27, Sender: 4, RSSI: -108
[P1_RX] Time: 671ms, Receiver: 14, Sender: 4, RSSI: -109
[P1_RX] Time: 671ms, Receiver: 30, Sender: 4, RSSI: -109
[P1_ATTEMPT] Time: 672ms, Drone: 37
[P1_ATTEMPT] Time: 672ms, Drone: 30
[P1_ATTEMPT] Time: 673ms, Drone: 15
[P1_ATTEMPT] Time: 673ms, Drone: 19
[P1_ABORT] Time: 673ms, Drone: 19
[P1_ATTEMPT] Time: 673ms, Drone: 19
[P1_ABORT] Time: 673ms, Drone: 19
[P1_ATTEMPT] Time: 673ms, Drone: 19
[P1_SUCCESS] Time: 673ms, Drone: 30
[P1_RX] Time: 673ms, Receiver: 7, Sender: 30, RSSI: -94
[P1_RX] Time: 673ms, Receiver: 14, Sender: 30, RSSI: -97
[P1_RX] Time: 673ms, Receiver: 12, Sender: 30, RSSI: -98
[P1_RX] Time: 673ms, Receiver: 23, Sender: 30, RSSI: -102
[P1_RX] Time: 673ms, Receiver: 24, Sender: 30, RSSI: -103
[P1_RX] Time: 673ms, Receiver: 48, Sender: 30, RSSI: -105
[P1_RX] Time: 673ms, Receiver: 0, Sender: 30, RSSI: -105
[P1_RX] Time: 673ms, Receiver: 26, Sender: 30, RSSI: -106
[P1_RX] Time: 673ms, Receiver: 2, Sender: 30, RSSI: -106
[P1_RX] Time: 673ms, Receiver: 42, Sender: 30, RSSI: -108
[P1_ATTEMPT] Time: 673ms, Drone: 38
[P1_ABORT] Time: 673ms, Drone: 19
[P1_ATTEMPT] Time: 673ms, Drone: 19
[P1_SUCCESS] Time: 673ms, Drone: 37
[P1_RX] Time: 673ms, Receiver: 34, Sender: 37, RSSI: -102
[P1_RX] Time: 673ms, Receiver: 20, Sender: 37, RSSI: -102
[P1_RX] Time: 673ms, Receiver: 28, Sender: 37, RSSI: -103
[P1_RX] Time: 673ms, Receiver: 46, Sender: 37, RSSI: -104
[P1_ABORT] Time: 673ms, Drone: 38
[P1_ATTEMPT] Time: 673ms, Drone: 38
[P1_ABORT] Time: 674ms, Drone: 19
[P1_ATTEMPT] Time: 674ms, Drone: 19
[P1_SUCCESS] Time: 674ms, Drone: 15
[P1_RX] Time: 674ms, Receiver: 43, Sender: 15, RSSI: -93
[P1_RX] Time: 674ms, Receiver: 32, Sender: 15, RSSI: -95
[P1_RX] Time: 674ms, Receiver: 1, Sender: 15, RSSI: -98
[P1_RX] Time: 674ms, Receiver: 18, Sender: 15, RSSI: -100
[P1_RX] Time: 674ms, Receiver: 16, Sender: 15, RSSI: -100
[P1_RX] Time: 674ms, Receiver: 21, Sender: 15, RSSI: -100
[P1_RX] Time: 674ms, Receiver: 3, Sender: 15, RSSI: -102
[P1_RX] Time: 674ms, Receiver: 17, Sender: 15, RSSI: -102
[P1_RX] Time: 674ms, Receiver: 49, Sender: 15, RSSI: -102
[P1_RX] Time: 674ms, Receiver: 38, Sender: 15, RSSI: -102
[P1_RX] Time: 674ms, Receiver: 11, Sender: 15, RSSI: -104
[P1_RX] Time: 674ms, Receiver: 27, Sender: 15, RSSI: -104
[P1_RX] Time: 674ms, Receiver: 47, Sender: 15, RSSI: -105
[P1_RX] Time: 674ms, Receiver: 10, Sender: 15, RSSI: -104
[P1_RX] Time: 674ms, Receiver: 19, Sender: 15, RSSI: -106
[P1_RX] Time: 674ms, Receiver: 8, Sender: 15, RSSI: -107
[P1_ABORT] Time: 674ms, Drone: 38
[P1_ATTEMPT] Time: 674ms, Drone: 38
[P1_ATTEMPT] Time: 674ms, Drone: 8
[P1_ABORT] Time: 674ms, Drone: 8
[P1_ATTEMPT] Time: 674ms, Drone: 8
[P1_ATTEMPT] Time: 674ms, Drone: 10
[P1_ABORT] Time: 674ms, Drone: 8
[P1_ATTEMPT] Time: 674ms, Drone: 8
[P1_ABORT] Time: 674ms, Drone: 10
[P1_ATTEMPT] Time: 674ms, Drone: 10
[P1_ABORT] Time: 674ms, Drone: 8
[P1_ATTEMPT] Time: 674ms, Drone: 8
[P1_ATTEMPT] Time: 674ms, Drone: 12
[P1_ABORT] Time: 674ms, Drone: 10
[P1_ATTEMPT] Time: 674ms, Drone: 10
[P1_ABORT] Time: 674ms, Drone: 8
[P1_ATTEMPT] Time: 674ms, Drone: 8
[P1_ABORT] Time: 674ms, Drone: 10
[P1_ATTEMPT] Time: 674ms, Drone: 10
[P1_ATTEMPT] Time: 674ms, Drone: 22
[P1_SUCCESS] Time: 674ms, Drone: 19
[P1_RX] Time: 674ms, Receiver: 40, Sender: 19, RSSI: -92
[P1_RX] Time: 674ms, Receiver: 47, Sender: 19, RSSI: -92
[P1_RX] Time: 674ms, Receiver: 27, Sender: 19, RSSI: -98
[P1_RX] Time: 674ms, Receiver: 35, Sender: 19, RSSI: -98
[P1_RX] Time: 674ms, Receiver: 5, Sender: 19, RSSI: -99
[P1_RX] Time: 674ms, Receiver: 41, Sender: 19, RSSI: -101
[P1_RX] Time: 674ms, Receiver: 1, Sender: 19, RSSI: -101
[P1_RX] Time: 674ms, Receiver: 32, Sender: 19, RSSI: -101
[P1_RX] Time: 674ms, Receiver: 16, Sender: 19, RSSI: -101
[P1_RX] Time: 674ms, Receiver: 42, Sender: 19, RSSI: -102
[P1_RX] Time: 674ms, Receiver: 2, Sender: 19, RSSI: -102
[P1_RX] Time: 674ms, Receiver: 39, Sender: 19, RSSI: -104
[P1_RX] Time: 674ms, Receiver: 45, Sender: 19, RSSI: -103
[P1_RX] Time: 674ms, Receiver: 9, Sender: 19, RSSI: -104
[P1_RX] Time: 674ms, Receiver: 0, Sender: 19, RSSI: -105
[P1_RX] Time: 674ms, Receiver: 6, Sender: 19, RSSI: -105
[P1_RX] Time: 674ms, Receiver: 24, Sender: 19, RSSI: -106
[P1_RX] Time: 674ms, Receiver: 23, Sender: 19, RSSI: -107
[P1_RX] Time: 674ms, Receiver: 36, Sender: 19, RSSI: -107
[P1_RX] Time: 674ms, Receiver: 13, Sender: 19, RSSI: -107
[P1_RX] Time: 674ms, Receiver: 31, Sender: 19, RSSI: -107
[P1_RX] Time: 674ms, Receiver: 26, Sender: 19, RSSI: -108
[P1_RX] Time: 674ms, Receiver: 48, Sender: 19, RSSI: -107
[P1_ABORT] Time: 674ms, Drone: 8
[P1_ATTEMPT] Time: 674ms, Drone: 8
[P1_SUCCESS] Time: 675ms, Drone: 38
[P1_RX] Time: 675ms, Receiver: 11, Sender: 38, RSSI: -94
[P1_RX] Time: 675ms, Receiver: 43, Sender: 38, RSSI: -96
[P1_RX] Time: 675ms, Receiver: 21, Sender: 38, RSSI: -97
[P1_RX] Time: 675ms, Receiver: 10, Sender: 38, RSSI: -98
[P1_RX] Time: 675ms, Receiver: 18, Sender: 38, RSSI: -99
[P1_RX] Time: 675ms, Receiver: 15, Sender: 38, RSSI: -102
[P1_RX] Time: 675ms, Receiver: 8, Sender: 38, RSSI: -103
[P1_RX] Time: 675ms, Receiver: 3, Sender: 38, RSSI: -103
[P1_RX] Time: 675ms, Receiver: 49, Sender: 38, RSSI: -104
[P1_ABORT] Time: 675ms, Drone: 10
[P1_ATTEMPT] Time: 675ms, Drone: 10
[P1_ABORT] Time: 675ms, Drone: 8
[P1_ATTEMPT] Time: 675ms, Drone: 8
[P1_ATTEMPT] Time: 675ms, Drone: 44
[P1_ATTEMPT] Time: 675ms, Drone: 5
[P1_ABORT] Time: 675ms, Drone: 5
[P1_ATTEMPT] Time: 675ms, Drone: 5
[P1_ATTEMPT] Time: 675ms, Drone: 3
[P1_ABORT] Time: 675ms, Drone: 5
[P1_ATTEMPT] Time: 675ms, Drone: 5
[P1_ABORT] Time: 675ms, Drone: 3
[P1_ATTEMPT] Time: 675ms, Drone: 3
[P1_ABORT] Time: 675ms, Drone: 5
[P1_ATTEMPT] Time: 675ms, Drone: 5
[P1_SUCCESS] Time: 675ms, Drone: 12
[P1_RX] Time: 675ms, Receiver: 30, Sender: 12, RSSI: -98
[P1_RX] Time: 675ms, Receiver: 7, Sender: 12, RSSI: -103
[P1_RX] Time: 675ms, Receiver: 13, Sender: 12, RSSI: -105
[P1_RX] Time: 675ms, Receiver: 48, Sender: 12, RSSI: -106
[P1_RX] Time: 675ms, Receiver: 31, Sender: 12, RSSI: -107
[P1_RX] Time: 675ms, Receiver: 24, Sender: 12, RSSI: -108
[P1_ABORT] Time: 675ms, Drone: 3
[P1_ATTEMPT] Time: 675ms, Drone: 3
[P1_ABORT] Time: 675ms, Drone: 5
[P1_ATTEMPT] Time: 675ms, Drone: 5
[P1_ABORT] Time: 675ms, Drone: 3
[P1_ATTEMPT] Time: 675ms, Drone: 3
[P1_SUCCESS] Time: 675ms, Drone: 22
[P1_RX] Time: 675ms, Receiver: 36, Sender: 22, RSSI: -99
[P1_RX] Time: 675ms, Receiver: 9, Sender: 22, RSSI: -103
[P1_RX] Time: 675ms, Receiver: 5, Sender: 22, RSSI: -103
[P1_RX] Time: 675ms, Receiver: 41, Sender: 22, RSSI: -103
[P1_RX] Time: 675ms, Receiver: 35, Sender: 22, RSSI: -104
[P1_RX] Time: 675ms, Receiver: 39, Sender: 22, RSSI: -106
[P1_ABORT] Time: 675ms, Drone: 5
[P1_ATTEMPT] Time: 675ms, Drone: 5
[P1_ABORT] Time: 675ms, Drone: 3
[P1_ATTEMPT] Time: 675ms, Drone: 3
[P1_SUCCESS] Time: 675ms, Drone: 10
[P1_RX] Time: 675ms, Receiver: 38, Sender: 10, RSSI: -97
[P1_RX] Time: 675ms, Receiver: 43, Sender: 10, RSSI: -101
[P1_RX] Time: 675ms, Receiver: 15, Sender: 10, RSSI: -103
[P1_SUCCESS] Time: 676ms, Drone: 8
[P1_RX] Time: 676ms, Receiver: 3, Sender: 8, RSSI: -102
[P1_RX] Time: 676ms, Receiver: 49, Sender: 8, RSSI: -102
[P1_ABORT] Time: 676ms, Drone: 3
[P1_ATTEMPT] Time: 676ms, Drone: 3
[P1_ATTEMPT] Time: 676ms, Drone: 16
[P1_ATTEMPT] Time: 676ms, Drone: 17
[P1_SUCCESS] Time: 676ms, Drone: 44
[P1_RX] Time: 676ms, Receiver: 28, Sender: 44, RSSI: -99
[P1_RX] Time: 676ms, Receiver: 46, Sender: 44, RSSI: -99
[P1_RX] Time: 676ms, Receiver: 34, Sender: 44, RSSI: -100
[P1_RX] Time: 676ms, Receiver: 20, Sender: 44, RSSI: -102
[P1_SUCCESS] Time: 676ms, Drone: 5
[P1_RX] Time: 676ms, Receiver: 35, Sender: 5, RSSI: -75
[P1_RX] Time: 676ms, Receiver: 40, Sender: 5, RSSI: -98
[P1_RX] Time: 676ms, Receiver: 39, Sender: 5, RSSI: -99
[P1_RX] Time: 676ms, Receiver: 19, Sender: 5, RSSI: -99
[P1_RX] Time: 676ms, Receiver: 36, Sender: 5, RSSI: -100
[P1_RX] Time: 676ms, Receiver: 41, Sender: 5, RSSI: -100
[P1_RX] Time: 676ms, Receiver: 9, Sender: 5, RSSI: -101
[P1_RX] Time: 676ms, Receiver: 22, Sender: 5, RSSI: -103
[P1_RX] Time: 676ms, Receiver: 6, Sender: 5, RSSI: -105
[P1_SUCCESS] Time: 677ms, Drone: 3
[P1_RX] Time: 677ms, Receiver: 49, Sender: 3, RSSI: -80
[P1_RX] Time: 677ms, Receiver: 8, Sender: 3, RSSI: -102
[P1_RX] Time: 677ms, Receiver: 10, Sender: 3, RSSI: -105
[P1_SUCCESS] Time: 677ms, Drone: 16
[P1_SUCCESS] Time: 677ms, Drone: 17
[P1_ATTEMPT] Time: 677ms, Drone: 47
[P1_ATTEMPT] Time: 678ms, Drone: 14
[P1_SUCCESS] Time: 678ms, Drone: 47
[P1_RX] Time: 678ms, Receiver: 40, Sender: 47, RSSI: -91
[P1_RX] Time: 678ms, Receiver: 19, Sender: 47, RSSI: -92
[P1_RX] Time: 678ms, Receiver: 27, Sender: 47, RSSI: -95
[P1_RX] Time: 678ms, Receiver: 41, Sender: 47, RSSI: -97
[P1_RX] Time: 678ms, Receiver: 16, Sender: 47, RSSI: -97
[P1_RX] Time: 678ms, Receiver: 32, Sender: 47, RSSI: -99
[P1_RX] Time: 678ms, Receiver: 1, Sender: 47, RSSI: -99
[P1_RX] Time: 678ms, Receiver: 17, Sender: 47, RSSI: -101
[P1_RX] Time: 678ms, Receiver: 5, Sender: 47, RSSI: -102
[P1_RX] Time: 678ms, Receiver: 35, Sender: 47, RSSI: -102
[P1_RX] Time: 678ms, Receiver: 18, Sender: 47, RSSI: -103
[P1_RX] Time: 678ms, Receiver: 21, Sender: 47, RSSI: -105
[P1_RX] Time: 678ms, Receiver: 45, Sender: 47, RSSI: -105
[P1_RX] Time: 678ms, Receiver: 15, Sender: 47, RSSI: -106
[P1_RX] Time: 678ms, Receiver: 2, Sender: 47, RSSI: -106
[P1_RX] Time: 678ms, Receiver: 11, Sender: 47, RSSI: -106
[P1_RX] Time: 678ms, Receiver: 43, Sender: 47, RSSI: -107
[P1_RX] Time: 678ms, Receiver: 9, Sender: 47, RSSI: -107
[P1_RX] Time: 678ms, Receiver: 36, Sender: 47, RSSI: -107
[P1_RX] Time: 678ms, Receiver: 42, Sender: 47, RSSI: -107
[P1_RX] Time: 678ms, Receiver: 22, Sender: 47, RSSI: -108
[P1_RX] Time: 678ms, Receiver: 49, Sender: 47, RSSI: -109
[P1_RX] Time: 678ms, Receiver: 38, Sender: 47, RSSI: -109
[P1_RX] Time: 678ms, Receiver: 6, Sender: 47, RSSI: -109
[P1_ATTEMPT] Time: 678ms, Drone: 40
[P1_ATTEMPT] Time: 679ms, Drone: 32
[P1_ABORT] Time: 679ms, Drone: 32
[P1_ATTEMPT] Time: 679ms, Drone: 32
[P1_ABORT] Time: 679ms, Drone: 32
[P1_ATTEMPT] Time: 679ms, Drone: 32
[P1_SUCCESS] Time: 679ms, Drone: 14
[P1_RX] Time: 679ms, Receiver: 23, Sender: 14, RSSI: -89
[P1_RX] Time: 679ms, Receiver: 0, Sender: 14, RSSI: -97
[P1_RX] Time: 679ms, Receiver: 30, Sender: 14, RSSI: -97
[P1_RX] Time: 679ms, Receiver: 26, Sender: 14, RSSI: -99
[P1_RX] Time: 679ms, Receiver: 24, Sender: 14, RSSI: -99
[P1_RX] Time: 679ms, Receiver: 7, Sender: 14, RSSI: -101
[P1_RX] Time: 679ms, Receiver: 2, Sender: 14, RSSI: -101
[P1_RX] Time: 679ms, Receiver: 42, Sender: 14, RSSI: -102
[P1_RX] Time: 679ms, Receiver: 13, Sender: 14, RSSI: -104
[P1_RX] Time: 679ms, Receiver: 6, Sender: 14, RSSI: -104
[P1_RX] Time: 679ms, Receiver: 48, Sender: 14, RSSI: -105
[P1_RX] Time: 679ms, Receiver: 12, Sender: 14, RSSI: -106
[P1_RX] Time: 679ms, Receiver: 31, Sender: 14, RSSI: -106
[P1_RX] Time: 679ms, Receiver: 45, Sender: 14, RSSI: -106
[P1_ATTEMPT] Time: 679ms, Drone: 48
[P1_ABORT] Time: 679ms, Drone: 32
[P1_ATTEMPT] Time: 679ms, Drone: 32
[P1_SUCCESS] Time: 679ms, Drone: 40
[P1_RX] Time: 679ms, Receiver: 47, Sender: 40, RSSI: -91
[P1_RX] Time: 679ms, Receiver: 41, Sender: 40, RSSI: -95
[P1_RX] Time: 679ms, Receiver: 5, Sender: 40, RSSI: -98
[P1_RX] Time: 679ms, Receiver: 16, Sender: 40, RSSI: -101
[P1_RX] Time: 679ms, Receiver: 1, Sender: 40, RSSI: -103
[P1_RX] Time: 679ms, Receiver: 17, Sender: 40, RSSI: -103
[P1_RX] Time: 679ms, Receiver: 32, Sender: 40, RSSI: -103
[P1_RX] Time: 679ms, Receiver: 36, Sender: 40, RSSI: -104
[P1_RX] Time: 679ms, Receiver: 18, Sender: 40, RSSI: -106
[P1_RX] Time: 679ms, Receiver: 21, Sender: 40, RSSI: -107
[P1_RX] Time: 679ms, Receiver: 11, Sender: 40, RSSI: -108
[P1_ABORT] Time: 679ms, Drone: 32
[P1_ATTEMPT] Time: 679ms, Drone: 32
[P1_ATTEMPT] Time: 680ms, Drone: 31
[P1_ABORT] Time: 680ms, Drone: 31
[P1_ATTEMPT] Time: 680ms, Drone: 31
[P1_ATTEMPT] Time: 680ms, Drone: 43
[P1_ABORT] Time: 680ms, Drone: 31
[P1_ATTEMPT] Time: 680ms, Drone: 31
[P1_ABORT] Time: 680ms, Drone: 43
[P1_ATTEMPT] Time: 680ms, Drone: 43
[P1_ATTEMPT] Time: 680ms, Drone: 46
[P1_ABORT] Time: 680ms, Drone: 31
[P1_ATTEMPT] Time: 680ms, Drone: 31
[P1_ATTEMPT] Time: 680ms, Drone: 25
[P1_ABORT] Time: 680ms, Drone: 43
[P1_ATTEMPT] Time: 680ms, Drone: 43
[P1_ABORT] Time: 680ms, Drone: 31
[P1_ATTEMPT] Time: 680ms, Drone: 31
[P1_SUCCESS] Time: 680ms, Drone: 48
[P1_RX] Time: 680ms, Receiver: 13, Sender: 48, RSSI: -93
[P1_RX] Time: 680ms, Receiver: 4, Sender: 48, RSSI: -94
[P1_RX] Time: 680ms, Receiver: 24, Sender: 48, RSSI: -95
[P1_RX] Time: 680ms, Receiver: 2, Sender: 48, RSSI: -98
[P1_RX] Time: 680ms, Receiver: 31, Sender: 48, RSSI: -101
[P1_RX] Time: 680ms, Receiver: 14, Sender: 48, RSSI: -105
[P1_RX] Time: 680ms, Receiver: 30, Sender: 48, RSSI: -105
[P1_RX] Time: 680ms, Receiver: 23, Sender: 48, RSSI: -105
[P1_RX] Time: 680ms, Receiver: 42, Sender: 48, RSSI: -105
[P1_RX] Time: 680ms, Receiver: 26, Sender: 48, RSSI: -106
[P1_RX] Time: 680ms, Receiver: 12, Sender: 48, RSSI: -106
[P1_RX] Time: 680ms, Receiver: 7, Sender: 48, RSSI: -109
[P1_ABORT] Time: 680ms, Drone: 43
[P1_ATTEMPT] Time: 680ms, Drone: 43
[P1_ABORT] Time: 680ms, Drone: 31
[P1_ATTEMPT] Time: 680ms, Drone: 31
[P1_ABORT] Time: 680ms, Drone: 43
[P1_ATTEMPT] Time: 680ms, Drone: 43
[P1_ABORT] Time: 680ms, Drone: 25
[P1_ATTEMPT] Time: 680ms, Drone: 25
[P1_SUCCESS] Time: 680ms, Drone: 32
[P1_RX] Time: 680ms, Receiver: 18, Sender: 32, RSSI: -99
[P1_RX] Time: 680ms, Receiver: 17, Sender: 32, RSSI: -99
[P1_RX] Time: 680ms, Receiver: 21, Sender: 32, RSSI: -101
[P1_RX] Time: 680ms, Receiver: 43, Sender: 32, RSSI: -101
[P1_RX] Time: 680ms, Receiver: 11, Sender: 32, RSSI: -105
[P1_RX] Time: 680ms, Receiver: 38, Sender: 32, RSSI: -106
[P1_RX] Time: 680ms, Receiver: 41, Sender: 32, RSSI: -106
[P1_RX] Time: 680ms, Receiver: 35, Sender: 32, RSSI: -107
[P1_RX] Time: 680ms, Receiver: 5, Sender: 32, RSSI: -108
[P1_ABORT] Time: 680ms, Drone: 31
[P1_ATTEMPT] Time: 680ms, Drone: 31
[P1_ABORT] Time: 681ms, Drone: 43
[P1_ATTEMPT] Time: 681ms, Drone: 43
[P1_ABORT] Time: 681ms, Drone: 25
[P1_ATTEMPT] Time: 681ms, Drone: 25
[P1_ATTEMPT] Time: 681ms, Drone: 33
[P1_ABORT] Time: 681ms, Drone: 25
[P1_ATTEMPT] Time: 681ms, Drone: 25
[P1_ABORT] Time: 681ms, Drone: 25
[P1_ATTEMPT] Time: 681ms, Drone: 25
[P1_ATTEMPT] Time: 681ms, Drone: 39
[P1_ABORT] Time: 681ms, Drone: 33
[P1_ATTEMPT] Time: 681ms, Drone: 33
[P1_ABORT] Time: 681ms, Drone: 25
[P1_ATTEMPT] Time: 681ms, Drone: 25
[P1_SUCCESS] Time: 681ms, Drone: 46
[P1_RX] Time: 681ms, Receiver: 28, Sender: 46, RSSI: -82
[P1_RX] Time: 681ms, Receiver: 34, Sender: 46, RSSI: -87
[P1_RX] Time: 681ms, Receiver: 44, Sender: 46, RSSI: -100
[P1_RX] Time: 681ms, Receiver: 25, Sender: 46, RSSI: -106
[P1_RX] Time: 681ms, Receiver: 20, Sender: 46, RSSI: -107
[P1_ABORT] Time: 681ms, Drone: 33
[P1_ATTEMPT] Time: 681ms, Drone: 33
[P1_ABORT] Time: 681ms, Drone: 25
[P1_ATTEMPT] Time: 681ms, Drone: 25
[P1_ABORT] Time: 681ms, Drone: 33
[P1_ATTEMPT] Time: 681ms, Drone: 33
[P1_ABORT] Time: 681ms, Drone: 33
[P1_ATTEMPT] Time: 681ms, Drone: 33
[P1_SUCCESS] Time: 681ms, Drone: 31
[P1_RX] Time: 681ms, Receiver: 45, Sender: 31, RSSI: -90
[P1_RX] Time: 681ms, Receiver: 13, Sender: 31, RSSI: -92
[P1_RX] Time: 681ms, Receiver: 4, Sender: 31, RSSI: -100
[P1_RX] Time: 681ms, Receiver: 48, Sender: 31, RSSI: -101
[P1_RX] Time: 681ms, Receiver: 2, Sender: 31, RSSI: -101
[P1_RX] Time: 681ms, Receiver: 24, Sender: 31, RSSI: -103
[P1_RX] Time: 681ms, Receiver: 0, Sender: 31, RSSI: -104
[P1_RX] Time: 681ms, Receiver: 14, Sender: 31, RSSI: -106
[P1_RX] Time: 681ms, Receiver: 30, Sender: 31, RSSI: -106
[P1_ATTEMPT] Time: 681ms, Drone: 49
[P1_ABORT] Time: 681ms, Drone: 33
[P1_ATTEMPT] Time: 681ms, Drone: 33
[P1_SUCCESS] Time: 681ms, Drone: 43
[P1_RX] Time: 681ms, Receiver: 15, Sender: 43, RSSI: -93
[P1_RX] Time: 681ms, Receiver: 38, Sender: 43, RSSI: -96
[P1_RX] Time: 681ms, Receiver: 21, Sender: 43, RSSI: -99
[P1_RX] Time: 681ms, Receiver: 18, Sender: 43, RSSI: -99
[P1_RX] Time: 681ms, Receiver: 11, Sender: 43, RSSI: -100
[P1_RX] Time: 681ms, Receiver: 10, Sender: 43, RSSI: -102
[P1_RX] Time: 681ms, Receiver: 17, Sender: 43, RSSI: -102
[P1_RX] Time: 681ms, Receiver: 16, Sender: 43, RSSI: -102
[P1_RX] Time: 681ms, Receiver: 3, Sender: 43, RSSI: -103
[P1_RX] Time: 681ms, Receiver: 49, Sender: 43, RSSI: -104
[P1_RX] Time: 681ms, Receiver: 8, Sender: 43, RSSI: -107
[P1_ABORT] Time: 681ms, Drone: 49
[P1_ATTEMPT] Time: 681ms, Drone: 49
[P1_ABORT] Time: 682ms, Drone: 33
[P1_ATTEMPT] Time: 682ms, Drone: 33
[P1_ATTEMPT] Time: 682ms, Drone: 29
[P1_ABORT] Time: 682ms, Drone: 33
[P1_ATTEMPT] Time: 682ms, Drone: 33
[P1_ABORT] Time: 682ms, Drone: 33
[P1_ATTEMPT] Time: 682ms, Drone: 33
[P1_SUCCESS] Time: 682ms, Drone: 39
[P1_RX] Time: 682ms, Receiver: 35, Sender: 39, RSSI: -96
[P1_RX] Time: 682ms, Receiver: 9, Sender: 39, RSSI: -97
[P1_RX] Time: 682ms, Receiver: 5, Sender: 39, RSSI: -98
[P1_RX] Time: 682ms, Receiver: 36, Sender: 39, RSSI: -106
[P1_ABORT] Time: 682ms, Drone: 29
[P1_ATTEMPT] Time: 682ms, Drone: 29
[P1_ATTEMPT] Time: 682ms, Drone: 13
[P1_ABORT] Time: 682ms, Drone: 33
[P1_ATTEMPT] Time: 682ms, Drone: 33
[P1_SUCCESS] Time: 682ms, Drone: 25
[P1_RX] Time: 682ms, Receiver: 37, Sender: 25, RSSI: -95
[P1_RX] Time: 682ms, Receiver: 33, Sender: 25, RSSI: -98
[P1_RX] Time: 682ms, Receiver: 34, Sender: 25, RSSI: -103
[P1_RX] Time: 682ms, Receiver: 20, Sender: 25, RSSI: -104
[P1_RX] Time: 682ms, Receiver: 28, Sender: 25, RSSI: -104
[P1_RX] Time: 682ms, Receiver: 46, Sender: 25, RSSI: -106
[P1_ABORT] Time: 682ms, Drone: 29
[P1_ATTEMPT] Time: 682ms, Drone: 29
[P1_ABORT] Time: 682ms, Drone: 33
[P1_ATTEMPT] Time: 682ms, Drone: 33
[P1_SUCCESS] Time: 682ms, Drone: 49
[P1_RX] Time: 682ms, Receiver: 3, Sender: 49, RSSI: -80
[P1_RX] Time: 682ms, Receiver: 18, Sender: 49, RSSI: -100
[P1_RX] Time: 682ms, Receiver: 21, Sender: 49, RSSI: -100
[P1_RX] Time: 682ms, Receiver: 16, Sender: 49, RSSI: -102
[P1_RX] Time: 682ms, Receiver: 17, Sender: 49, RSSI: -102
[P1_RX] Time: 682ms, Receiver: 8, Sender: 49, RSSI: -104
[P1_ATTEMPT] Time: 683ms, Drone: 34
[P1_SUCCESS] Time: 683ms, Drone: 13
[P1_RX] Time: 683ms, Receiver: 31, Sender: 13, RSSI: -92
[P1_RX] Time: 683ms, Receiver: 48, Sender: 13, RSSI: -93
[P1_RX] Time: 683ms, Receiver: 45, Sender: 13, RSSI: -95
[P1_RX] Time: 683ms, Receiver: 4, Sender: 13, RSSI: -95
[P1_RX] Time: 683ms, Receiver: 2, Sender: 13, RSSI: -97
[P1_RX] Time: 683ms, Receiver: 24, Sender: 13, RSSI: -97
[P1_RX] Time: 683ms, Receiver: 23, Sender: 13, RSSI: -103
[P1_RX] Time: 683ms, Receiver: 0, Sender: 13, RSSI: -103
[P1_RX] Time: 683ms, Receiver: 14, Sender: 13, RSSI: -103
[P1_RX] Time: 683ms, Receiver: 30, Sender: 13, RSSI: -103
[P1_RX] Time: 683ms, Receiver: 12, Sender: 13, RSSI: -104
[P1_RX] Time: 683ms, Receiver: 42, Sender: 13, RSSI: -104
[P1_RX] Time: 683ms, Receiver: 26, Sender: 13, RSSI: -106
[P1_SUCCESS] Time: 683ms, Drone: 29
[P1_RX] Time: 683ms, Receiver: 37, Sender: 29, RSSI: -86
[P1_RX] Time: 683ms, Receiver: 25, Sender: 29, RSSI: -92
[P1_RX] Time: 683ms, Receiver: 20, Sender: 29, RSSI: -100
[P1_RX] Time: 683ms, Receiver: 34, Sender: 29, RSSI: -102
[P1_RX] Time: 683ms, Receiver: 28, Sender: 29, RSSI: -103
[P1_ABORT] Time: 683ms, Drone: 34
[P1_ATTEMPT] Time: 683ms, Drone: 34
[P1_SUCCESS] Time: 683ms, Drone: 33
[P1_SUCCESS] Time: 684ms, Drone: 34
[P1_RX] Time: 684ms, Receiver: 28, Sender: 34, RSSI: -78
[P1_RX] Time: 684ms, Receiver: 46, Sender: 34, RSSI: -87
[P1_RX] Time: 684ms, Receiver: 44, Sender: 34, RSSI: -101
[P1_RX] Time: 684ms, Receiver: 37, Sender: 34, RSSI: -102
[P1_RX] Time: 684ms, Receiver: 25, Sender: 34, RSSI: -103
[P1_RX] Time: 684ms, Receiver: 20, Sender: 34, RSSI: -105
[P1_RX] Time: 684ms, Receiver: 29, Sender: 34, RSSI: -105
[P1_RX] Time: 684ms, Receiver: 33, Sender: 34, RSSI: -107
[P1_ATTEMPT] Time: 684ms, Drone: 18
[P1_ATTEMPT] Time: 684ms, Drone: 6
[P1_ATTEMPT] Time: 685ms, Drone: 36
[P1_SUCCESS] Time: 685ms, Drone: 18
[P1_RX] Time: 685ms, Receiver: 21, Sender: 18, RSSI: -78
[P1_RX] Time: 685ms, Receiver: 17, Sender: 18, RSSI: -86
[P1_RX] Time: 685ms, Receiver: 16, Sender: 18, RSSI: -94
[P1_RX] Time: 685ms, Receiver: 3, Sender: 18, RSSI: -97
[P1_RX] Time: 685ms, Receiver: 11, Sender: 18, RSSI: -98
[P1_RX] Time: 685ms, Receiver: 32, Sender: 18, RSSI: -99
[P1_RX] Time: 685ms, Receiver: 1, Sender: 18, RSSI: -99
[P1_RX] Time: 685ms, Receiver: 43, Sender: 18, RSSI: -99
[P1_RX] Time: 685ms, Receiver: 38, Sender: 18, RSSI: -100
[P1_RX] Time: 685ms, Receiver: 15, Sender: 18, RSSI: -100
[P1_RX] Time: 685ms, Receiver: 49, Sender: 18, RSSI: -100
[P1_RX] Time: 685ms, Receiver: 47, Sender: 18, RSSI: -103
[P1_RX] Time: 685ms, Receiver: 27, Sender: 18, RSSI: -106
[P1_RX] Time: 685ms, Receiver: 8, Sender: 18, RSSI: -106
[P1_RX] Time: 685ms, Receiver: 10, Sender: 18, RSSI: -107
[P1_RX] Time: 685ms, Receiver: 41, Sender: 18, RSSI: -107
[P1_RX] Time: 685ms, Receiver: 4, Sender: 18, RSSI: -108
[P1_SUCCESS] Time: 685ms, Drone: 6
[P1_RX] Time: 685ms, Receiver: 39, Sender: 6, RSSI: -95
[P1_RX] Time: 685ms, Receiver: 42, Sender: 6, RSSI: -98
[P1_RX] Time: 685ms, Receiver: 0, Sender: 6, RSSI: -99
[P1_RX] Time: 685ms, Receiver: 23, Sender: 6, RSSI: -100
[P1_RX] Time: 685ms, Receiver: 9, Sender: 6, RSSI: -101
[P1_RX] Time: 685ms, Receiver: 26, Sender: 6, RSSI: -102
[P1_RX] Time: 685ms, Receiver: 35, Sender: 6, RSSI: -103
[P1_RX] Time: 685ms, Receiver: 14, Sender: 6, RSSI: -104
[P1_RX] Time: 685ms, Receiver: 5, Sender: 6, RSSI: -104
[P1_RX] Time: 685ms, Receiver: 24, Sender: 6, RSSI: -105
[P1_SUCCESS] Time: 686ms, Drone: 36
[P1_RX] Time: 686ms, Receiver: 22, Sender: 36, RSSI: -100
[P1_RX] Time: 686ms, Receiver: 5, Sender: 36, RSSI: -100
[P1_RX] Time: 686ms, Receiver: 41, Sender: 36, RSSI: -101
[P1_RX] Time: 686ms, Receiver: 35, Sender: 36, RSSI: -102
[P1_RX] Time: 686ms, Receiver: 40, Sender: 36, RSSI: -104
[P1_RX] Time: 686ms, Receiver: 9, Sender: 36, RSSI: -107
[P1_RX] Time: 686ms, Receiver: 39, Sender: 36, RSSI: -107
[P1_RX] Time: 686ms, Receiver: 19, Sender: 36, RSSI: -107
[P2_ATTEMPT] Time: 689ms, Drone: 9, Slot: 0, Channel: 26
[P2_ATTEMPT] Time: 689ms, Drone: 19, Slot: 0, Channel: 26
[P2_ATTEMPT] Time: 689ms, Drone: 43, Slot: 0, Channel: 20
[P2_ATTEMPT] Time: 691ms, Drone: 0, Slot: 1, Channel: 19
[P2_ATTEMPT] Time: 691ms, Drone: 17, Slot: 1, Channel: 12
[P2_ATTEMPT] Time: 691ms, Drone: 36, Slot: 1, Channel: 26
[P2_ATTEMPT] Time: 691ms, Drone: 46, Slot: 1, Channel: 12
[P2_SUCCESS] Time: 691ms, Drone: 9
[P2_SUCCESS] Time: 691ms, Drone: 19
[P2_SUCCESS] Time: 691ms, Drone: 43
[P2_ATTEMPT] Time: 694ms, Drone: 3, Slot: 2, Channel: 13
[P2_ATTEMPT] Time: 694ms, Drone: 13, Slot: 2, Channel: 16
[P2_ATTEMPT] Time: 694ms, Drone: 14, Slot: 2, Channel: 18
[P2_ATTEMPT] Time: 694ms, Drone: 21, Slot: 2, Channel: 17
[P2_ATTEMPT] Time: 694ms, Drone: 26, Slot: 2, Channel: 14
[P2_ATTEMPT] Time: 694ms, Drone: 37, Slot: 2, Channel: 22
[P2_ATTEMPT] Time: 694ms, Drone: 38, Slot: 2, Channel: 24
[P2_ATTEMPT] Time: 694ms, Drone: 41, Slot: 2, Channel: 14
[P2_ATTEMPT] Time: 694ms, Drone: 45, Slot: 2, Channel: 15
[P2_SUCCESS] Time: 694ms, Drone: 0
[P2_SUCCESS] Time: 694ms, Drone: 17
[P2_SUCCESS] Time: 694ms, Drone: 36
[P2_SUCCESS] Time: 694ms, Drone: 46
[P2_RX] Time: 694ms, Receiver: 28, Sender: 46, RSSI: -82
[P2_RX] Time: 694ms, Receiver: 34, Sender: 46, RSSI: -87
[P2_RX] Time: 694ms, Receiver: 9, Sender: 36, RSSI: -107
[P2_RX] Time: 694ms, Receiver: 19, Sender: 36, RSSI: -107
[P2_ATTEMPT] Time: 696ms, Drone: 4, Slot: 3, Channel: 24
[P2_ATTEMPT] Time: 696ms, Drone: 32, Slot: 3, Channel: 18
[P2_ATTEMPT] Time: 696ms, Drone: 34, Slot: 3, Channel: 26
[P2_SUCCESS] Time: 696ms, Drone: 3
[P2_SUCCESS] Time: 696ms, Drone: 13
[P2_SUCCESS] Time: 696ms, Drone: 14
[P2_SUCCESS] Time: 696ms, Drone: 21
[P2_SUCCESS] Time: 696ms, Drone: 26
[P2_SUCCESS] Time: 696ms, Drone: 37
[P2_SUCCESS] Time: 696ms, Drone: 38
[P2_SUCCESS] Time: 696ms, Drone: 41
[P2_SUCCESS] Time: 696ms, Drone: 45
[P2_RX] Time: 696ms, Receiver: 18, Sender: 21, RSSI: -78
[P2_RX] Time: 696ms, Receiver: 49, Sender: 3, RSSI: -80
[P2_RX] Time: 696ms, Receiver: 23, Sender: 14, RSSI: -89
[P2_RX] Time: 696ms, Receiver: 31, Sender: 45, RSSI: -90
[P2_RX] Time: 696ms, Receiver: 17, Sender: 21, RSSI: -91
[P2_RX] Time: 696ms, Receiver: 11, Sender: 38, RSSI: -94
[P2_RX] Time: 696ms, Receiver: 42, Sender: 26, RSSI: -94
[P2_ATTEMPT] Time: 699ms, Drone: 6, Slot: 4, Channel: 25
[P2_ATTEMPT] Time: 699ms, Drone: 12, Slot: 4, Channel: 18
[P2_ATTEMPT] Time: 699ms, Drone: 18, Slot: 4, Channel: 16
[P2_ATTEMPT] Time: 699ms, Drone: 33, Slot: 4, Channel: 24
[P2_ATTEMPT] Time: 699ms, Drone: 40, Slot: 4, Channel: 18
[P2_ATTEMPT] Time: 699ms, Drone: 48, Slot: 4, Channel: 22
[P2_SUCCESS] Time: 699ms, Drone: 4
[P2_SUCCESS] Time: 699ms, Drone: 32
[P2_SUCCESS] Time: 699ms, Drone: 34
[P2_RX] Time: 699ms, Receiver: 28, Sender: 34, RSSI: -78
[P2_RX] Time: 699ms, Receiver: 46, Sender: 34, RSSI: -87
[P2_ATTEMPT] Time: 701ms, Drone: 5, Slot: 5, Channel: 17
[P2_ATTEMPT] Time: 701ms, Drone: 31, Slot: 5, Channel: 16
[P2_ATTEMPT] Time: 701ms, Drone: 47, Slot: 5, Channel: 13
[P2_ATTEMPT] Time: 701ms, Drone: 49, Slot: 5, Channel: 18
[P2_SUCCESS] Time: 701ms, Drone: 6
[P2_SUCCESS] Time: 701ms, Drone: 12
[P2_SUCCESS] Time: 701ms, Drone: 18
[P2_SUCCESS] Time: 701ms, Drone: 33
[P2_SUCCESS] Time: 701ms, Drone: 40
[P2_SUCCESS] Time: 701ms, Drone: 48
[P2_RX] Time: 701ms, Receiver: 21, Sender: 18, RSSI: -78
[P2_RX] Time: 701ms, Receiver: 17, Sender: 18, RSSI: -86
[P2_RX] Time: 701ms, Receiver: 16, Sender: 18, RSSI: -94
[P2_RX] Time: 701ms, Receiver: 4, Sender: 48, RSSI: -94
[P2_RX] Time: 701ms, Receiver: 24, Sender: 48, RSSI: -95
[P2_RX] Time: 701ms, Receiver: 39, Sender: 6, RSSI: -95
[P2_RX] Time: 701ms, Receiver: 41, Sender: 40, RSSI: -95
[P2_RX] Time: 701ms, Receiver: 32, Sender: 40, RSSI: -103
[P2_ATTEMPT] Time: 704ms, Drone: 7, Slot: 6, Channel: 26
[P2_ATTEMPT] Time: 704ms, Drone: 16, Slot: 6, Channel: 18
[P2_ATTEMPT] Time: 704ms, Drone: 39, Slot: 6, Channel: 23
[P2_ATTEMPT] Time: 704ms, Drone: 44, Slot: 6, Channel: 17
[P2_SUCCESS] Time: 704ms, Drone: 5
[P2_SUCCESS] Time: 704ms, Drone: 31
[P2_SUCCESS] Time: 704ms, Drone: 47
[P2_SUCCESS] Time: 704ms, Drone: 49
[P2_RX] Time: 704ms, Receiver: 35, Sender: 5, RSSI: -75
[P2_RX] Time: 704ms, Receiver: 3, Sender: 49, RSSI: -80
[P2_RX] Time: 704ms, Receiver: 45, Sender: 31, RSSI: -90
[P2_RX] Time: 704ms, Receiver: 40, Sender: 47, RSSI: -91
[P2_RX] Time: 704ms, Receiver: 13, Sender: 31, RSSI: -92
[P2_RX] Time: 704ms, Receiver: 19, Sender: 47, RSSI: -92
[P2_RX] Time: 704ms, Receiver: 27, Sender: 47, RSSI: -95
[P2_RX] Time: 704ms, Receiver: 32, Sender: 49, RSSI: -103
[P2_ATTEMPT] Time: 706ms, Drone: 8, Slot: 7, Channel: 23
[P2_ATTEMPT] Time: 706ms, Drone: 10, Slot: 7, Channel: 22
[P2_ATTEMPT] Time: 706ms, Drone: 15, Slot: 7, Channel: 17
[P2_ATTEMPT] Time: 706ms, Drone: 20, Slot: 7, Channel: 25
[P2_ATTEMPT] Time: 706ms, Drone: 22, Slot: 7, Channel: 24
[P2_ATTEMPT] Time: 706ms, Drone: 24, Slot: 7, Channel: 20
[P2_ATTEMPT] Time: 706ms, Drone: 25, Slot: 7, Channel: 14
[P2_ATTEMPT] Time: 706ms, Drone: 42, Slot: 7, Channel: 12
[P2_SUCCESS] Time: 706ms, Drone: 7
[P2_SUCCESS] Time: 706ms, Drone: 16
[P2_SUCCESS] Time: 706ms, Drone: 39
[P2_SUCCESS] Time: 706ms, Drone: 44
[P2_RX] Time: 706ms, Receiver: 30, Sender: 7, RSSI: -94
[P2_RX] Time: 706ms, Receiver: 3, Sender: 16, RSSI: -101
[P2_RX] Time: 706ms, Receiver: 49, Sender: 16, RSSI: -102
[P2_RX] Time: 706ms, Receiver: 41, Sender: 16, RSSI: -105
[P2_ATTEMPT] Time: 709ms, Drone: 1, Slot: 8, Channel: 24
[P2_ATTEMPT] Time: 709ms, Drone: 11, Slot: 8, Channel: 16
[P2_ATTEMPT] Time: 709ms, Drone: 27, Slot: 8, Channel: 18
[P2_ATTEMPT] Time: 709ms, Drone: 28, Slot: 8, Channel: 23
[P2_ATTEMPT] Time: 709ms, Drone: 30, Slot: 8, Channel: 22
[P2_SUCCESS] Time: 709ms, Drone: 8
[P2_SUCCESS] Time: 709ms, Drone: 10
[P2_SUCCESS] Time: 709ms, Drone: 15
[P2_SUCCESS] Time: 709ms, Drone: 20
[P2_SUCCESS] Time: 709ms, Drone: 22
[P2_SUCCESS] Time: 709ms, Drone: 24
[P2_SUCCESS] Time: 709ms, Drone: 25
[P2_SUCCESS] Time: 709ms, Drone: 42
[P2_RX] Time: 709ms, Receiver: 2, Sender: 24, RSSI: -89
[P2_RX] Time: 709ms, Receiver: 43, Sender: 15, RSSI: -93
[P2_RX] Time: 709ms, Receiver: 26, Sender: 42, RSSI: -94
[P2_RX] Time: 709ms, Receiver: 48, Sender: 24, RSSI: -95
[P2_RX] Time: 709ms, Receiver: 37, Sender: 25, RSSI: -95
[P2_RX] Time: 709ms, Receiver: 32, Sender: 15, RSSI: -95
[P2_ATTEMPT] Time: 711ms, Drone: 2, Slot: 9, Channel: 24
[P2_ATTEMPT] Time: 711ms, Drone: 23, Slot: 9, Channel: 20
[P2_ATTEMPT] Time: 711ms, Drone: 29, Slot: 9, Channel: 20
[P2_ATTEMPT] Time: 711ms, Drone: 35, Slot: 9, Channel: 12
[P2_SUCCESS] Time: 711ms, Drone: 1
[P2_SUCCESS] Time: 711ms, Drone: 11
[P2_SUCCESS] Time: 711ms, Drone: 27
[P2_SUCCESS] Time: 711ms, Drone: 28
[P2_SUCCESS] Time: 711ms, Drone: 30
[P2_RX] Time: 711ms, Receiver: 34, Sender: 28, RSSI: -78
[P2_RX] Time: 711ms, Receiver: 46, Sender: 28, RSSI: -82
[P2_RX] Time: 711ms, Receiver: 7, Sender: 30, RSSI: -94
[P2_RX] Time: 711ms, Receiver: 38, Sender: 11, RSSI: -94
[P2_RX] Time: 711ms, Receiver: 47, Sender: 27, RSSI: -95
[P2_RX] Time: 711ms, Receiver: 21, Sender: 11, RSSI: -96
[P2_RX] Time: 711ms, Receiver: 17, Sender: 11, RSSI: -99
[P2_RX] Time: 711ms, Receiver: 18, Sender: 1, RSSI: -99
[P2_RX] Time: 711ms, Receiver: 41, Sender: 27, RSSI: -101
[P2_RX] Time: 711ms, Receiver: 16, Sender: 27, RSSI: -102
[P2_RX] Time: 711ms, Receiver: 33, Sender: 1, RSSI: -108
[P1_ATTEMPT] Time: 714ms, Drone: 41
[P2_SUCCESS] Time: 714ms, Drone: 2
[P2_SUCCESS] Time: 714ms, Drone: 23
[P2_SUCCESS] Time: 714ms, Drone: 29
[P2_SUCCESS] Time: 714ms, Drone: 35
[P1_ATTEMPT] Time: 714ms, Drone: 42
[P1_SUCCESS] Time: 715ms, Drone: 41
[P1_RX] Time: 715ms, Receiver: 40, Sender: 41, RSSI: -95
[P1_RX] Time: 715ms, Receiver: 47, Sender: 41, RSSI: -97
[P1_RX] Time: 715ms, Receiver: 5, Sender: 41, RSSI: -100
[P1_RX] Time: 715ms, Receiver: 27, Sender: 41, RSSI: -101
[P1_RX] Time: 715ms, Receiver: 19, Sender: 41, RSSI: -101
[P1_RX] Time: 715ms, Receiver: 36, Sender: 41, RSSI: -101
[P1_RX] Time: 715ms, Receiver: 35, Sender: 41, RSSI: -102
[P1_RX] Time: 715ms, Receiver: 22, Sender: 41, RSSI: -103
[P1_RX] Time: 715ms, Receiver: 17, Sender: 41, RSSI: -105
[P1_RX] Time: 715ms, Receiver: 16, Sender: 41, RSSI: -105
[P1_RX] Time: 715ms, Receiver: 18, Sender: 41, RSSI: -107
[P1_RX] Time: 715ms, Receiver: 11, Sender: 41, RSSI: -107
[P1_RX] Time: 715ms, Receiver: 21, Sender: 41, RSSI: -108
[P1_ATTEMPT] Time: 715ms, Drone: 44
[P1_SUCCESS] Time: 715ms, Drone: 42
[P1_RX] Time: 715ms, Receiver: 26, Sender: 42, RSSI: -94
[P1_RX] Time: 715ms, Receiver: 23, Sender: 42, RSSI: -97
[P1_RX] Time: 715ms, Receiver: 24, Sender: 42, RSSI: -98
[P1_RX] Time: 715ms, Receiver: 14, Sender: 42, RSSI: -101
[P1_RX] Time: 715ms, Receiver: 48, Sender: 42, RSSI: -104
[P1_RX] Time: 715ms, Receiver: 13, Sender: 42, RSSI: -105
[P1_RX] Time: 715ms, Receiver: 4, Sender: 42, RSSI: -106
[P1_RX] Time: 715ms, Receiver: 31, Sender: 42, RSSI: -106
[P1_RX] Time: 715ms, Receiver: 30, Sender: 42, RSSI: -107
[P1_ATTEMPT] Time: 715ms, Drone: 23
[P1_SUCCESS] Time: 716ms, Drone: 44
[P1_RX] Time: 716ms, Receiver: 28, Sender: 44, RSSI: -99
[P1_RX] Time: 716ms, Receiver: 46, Sender: 44, RSSI: -100
[P1_RX] Time: 716ms, Receiver: 34, Sender: 44, RSSI: -101
[P1_RX] Time: 716ms, Receiver: 20, Sender: 44, RSSI: -103
[P1_RX] Time: 716ms, Receiver: 37, Sender: 44, RSSI: -107
[P1_RX] Time: 716ms, Receiver: 49, Sender: 44, RSSI: -109
[P1_ATTEMPT] Time: 716ms, Drone: 39
[P1_ATTEMPT] Time: 716ms, Drone: 26
[P1_ABORT] Time: 716ms, Drone: 39
[P1_ATTEMPT] Time: 716ms, Drone: 39
[P1_SUCCESS] Time: 716ms, Drone: 23
[P1_RX] Time: 716ms, Receiver: 14, Sender: 23, RSSI: -89
[P1_RX] Time: 716ms, Receiver: 0, Sender: 23, RSSI: -89
[P1_RX] Time: 716ms, Receiver: 26, Sender: 23, RSSI: -97
[P1_RX] Time: 716ms, Receiver: 42, Sender: 23, RSSI: -97
[P1_RX] Time: 716ms, Receiver: 2, Sender: 23, RSSI: -98
[P1_RX] Time: 716ms, Receiver: 24, Sender: 23, RSSI: -98
[P1_RX] Time: 716ms, Receiver: 6, Sender: 23, RSSI: -100
[P1_RX] Time: 716ms, Receiver: 30, Sender: 23, RSSI: -102
[P1_RX] Time: 716ms, Receiver: 13, Sender: 23, RSSI: -103
[P1_RX] Time: 716ms, Receiver: 45, Sender: 23, RSSI: -105
[P1_RX] Time: 716ms, Receiver: 48, Sender: 23, RSSI: -105
[P1_RX] Time: 716ms, Receiver: 7, Sender: 23, RSSI: -105
[P1_RX] Time: 716ms, Receiver: 31, Sender: 23, RSSI: -106
[P1_RX] Time: 716ms, Receiver: 39, Sender: 23, RSSI: -107
[P1_RX] Time: 716ms, Receiver: 19, Sender: 23, RSSI: -107
[P1_RX] Time: 716ms, Receiver: 4, Sender: 23, RSSI: -108
[P1_RX] Time: 716ms, Receiver: 12, Sender: 23, RSSI: -108
[P1_RX] Time: 716ms, Receiver: 35, Sender: 23, RSSI: -109
[P1_ABORT] Time: 716ms, Drone: 26
[P1_ATTEMPT] Time: 716ms, Drone: 26
[P1_ATTEMPT] Time: 716ms, Drone: 4
[P1_ATTEMPT] Time: 717ms, Drone: 12
[P1_ABORT] Time: 717ms, Drone: 12
[P1_ATTEMPT] Time: 717ms, Drone: 12
[P1_ABORT] Time: 717ms, Drone: 12
[P1_ATTEMPT] Time: 717ms, Drone: 12
[P1_SUCCESS] Time: 717ms, Drone: 39
[P1_RX] Time: 717ms, Receiver: 6, Sender: 39, RSSI: -94
[P1_RX] Time: 717ms, Receiver: 35, Sender: 39, RSSI: -96
[P1_RX] Time: 717ms, Receiver: 9, Sender: 39, RSSI: -97
[P1_RX] Time: 717ms, Receiver: 5, Sender: 39, RSSI: -98
[P1_RX] Time: 717ms, Receiver: 22, Sender: 39, RSSI: -106
[P1_RX] Time: 717ms, Receiver: 36, Sender: 39, RSSI: -106
[P1_ABORT] Time: 717ms, Drone: 12
[P1_ATTEMPT] Time: 717ms, Drone: 12
[P1_SUCCESS] Time: 717ms, Drone: 26
[P1_RX] Time: 717ms, Receiver: 42, Sender: 26, RSSI: -94
[P1_RX] Time: 717ms, Receiver: 23, Sender: 26, RSSI: -96
[P1_RX] Time: 717ms, Receiver: 14, Sender: 26, RSSI: -98
[P1_RX] Time: 717ms, Receiver: 24, Sender: 26, RSSI: -97
[P1_RX] Time: 717ms, Receiver: 2, Sender: 26, RSSI: -98
[P1_RX] Time: 717ms, Receiver: 30, Sender: 26, RSSI: -103
[P1_RX] Time: 717ms, Receiver: 7, Sender: 26, RSSI: -105
[P1_ATTEMPT] Time: 717ms, Drone: 48
[P1_ABORT] Time: 717ms, Drone: 12
[P1_ATTEMPT] Time: 717ms, Drone: 12
[P1_SUCCESS] Time: 717ms, Drone: 4
[P1_RX] Time: 717ms, Receiver: 48, Sender: 4, RSSI: -94
[P1_RX] Time: 717ms, Receiver: 13, Sender: 4, RSSI: -96
[P1_RX] Time: 717ms, Receiver: 31, Sender: 4, RSSI: -100
[P1_RX] Time: 717ms, Receiver: 1, Sender: 4, RSSI: -100
[P1_RX] Time: 717ms, Receiver: 45, Sender: 4, RSSI: -100
[P1_RX] Time: 717ms, Receiver: 32, Sender: 4, RSSI: -101
[P1_RX] Time: 717ms, Receiver: 33, Sender: 4, RSSI: -103
[P1_RX] Time: 717ms, Receiver: 29, Sender: 4, RSSI: -103
[P1_RX] Time: 717ms, Receiver: 15, Sender: 4, RSSI: -103
[P1_RX] Time: 717ms, Receiver: 16, Sender: 4, RSSI: -104
[P1_RX] Time: 717ms, Receiver: 20, Sender: 4, RSSI: -105
[P1_RX] Time: 717ms, Receiver: 37, Sender: 4, RSSI: -105
[P1_RX] Time: 717ms, Receiver: 49, Sender: 4, RSSI: -105
[P1_RX] Time: 717ms, Receiver: 3, Sender: 4, RSSI: -106
[P1_RX] Time: 717ms, Receiver: 25, Sender: 4, RSSI: -107
[P1_RX] Time: 717ms, Receiver: 18, Sender: 4, RSSI: -107
[P1_RX] Time: 717ms, Receiver: 12, Sender: 4, RSSI: -107
[P1_RX] Time: 717ms, Receiver: 21, Sender: 4, RSSI: -108
[P1_ABORT] Time: 717ms, Drone: 48
[P1_ATTEMPT] Time: 717ms, Drone: 48
[P1_SUCCESS] Time: 718ms, Drone: 12
[P1_RX] Time: 718ms, Receiver: 30, Sender: 12, RSSI: -97
[P1_RX] Time: 718ms, Receiver: 7, Sender: 12, RSSI: -102
[P1_SUCCESS] Time: 718ms, Drone: 48
[P1_RX] Time: 718ms, Receiver: 13, Sender: 48, RSSI: -93
[P1_RX] Time: 718ms, Receiver: 4, Sender: 48, RSSI: -94
[P1_RX] Time: 718ms, Receiver: 24, Sender: 48, RSSI: -94
[P1_RX] Time: 718ms, Receiver: 2, Sender: 48, RSSI: -98
[P1_RX] Time: 718ms, Receiver: 31, Sender: 48, RSSI: -100
[P1_RX] Time: 718ms, Receiver: 45, Sender: 48, RSSI: -102
[P1_RX] Time: 718ms, Receiver: 23, Sender: 48, RSSI: -103
[P1_RX] Time: 718ms, Receiver: 42, Sender: 48, RSSI: -104
[P1_RX] Time: 718ms, Receiver: 1, Sender: 48, RSSI: -105
[P1_RX] Time: 718ms, Receiver: 26, Sender: 48, RSSI: -105
[P1_RX] Time: 718ms, Receiver: 0, Sender: 48, RSSI: -104
[P1_RX] Time: 718ms, Receiver: 29, Sender: 48, RSSI: -104
[P1_RX] Time: 718ms, Receiver: 32, Sender: 48, RSSI: -106
[P1_RX] Time: 718ms, Receiver: 33, Sender: 48, RSSI: -105
[P1_RX] Time: 718ms, Receiver: 19, Sender: 48, RSSI: -108
[P1_RX] Time: 718ms, Receiver: 37, Sender: 48, RSSI: -107
[P1_ATTEMPT] Time: 719ms, Drone: 28
[P1_ATTEMPT] Time: 719ms, Drone: 34
[P1_ABORT] Time: 719ms, Drone: 34
[P1_ATTEMPT] Time: 719ms, Drone: 34
[P1_ABORT] Time: 720ms, Drone: 34
[P1_ATTEMPT] Time: 720ms, Drone: 34
[P1_ABORT] Time: 720ms, Drone: 34
[P1_ATTEMPT] Time: 720ms, Drone: 34
[P1_SUCCESS] Time: 720ms, Drone: 28
[P1_RX] Time: 720ms, Receiver: 34, Sender: 28, RSSI: -78
[P1_RX] Time: 720ms, Receiver: 46, Sender: 28, RSSI: -82
[P1_RX] Time: 720ms, Receiver: 44, Sender: 28, RSSI: -99
[P1_RX] Time: 720ms, Receiver: 37, Sender: 28, RSSI: -104
[P1_RX] Time: 720ms, Receiver: 25, Sender: 28, RSSI: -104
[P1_RX] Time: 720ms, Receiver: 20, Sender: 28, RSSI: -105
[P1_RX] Time: 720ms, Receiver: 29, Sender: 28, RSSI: -106
[P1_RX] Time: 720ms, Receiver: 33, Sender: 28, RSSI: -107
[P1_ABORT] Time: 720ms, Drone: 34
[P1_ATTEMPT] Time: 720ms, Drone: 34
[P1_ATTEMPT] Time: 720ms, Drone: 36
[P1_ATTEMPT] Time: 720ms, Drone: 15
[P1_ATTEMPT] Time: 720ms, Drone: 31
[P1_ABORT] Time: 721ms, Drone: 31
[P1_ATTEMPT] Time: 721ms, Drone: 31
[P1_SUCCESS] Time: 721ms, Drone: 34
[P1_RX] Time: 721ms, Receiver: 28, Sender: 34, RSSI: -78
[P1_RX] Time: 721ms, Receiver: 46, Sender: 34, RSSI: -87
[P1_RX] Time: 721ms, Receiver: 44, Sender: 34, RSSI: -101
[P1_RX] Time: 721ms, Receiver: 37, Sender: 34, RSSI: -102
[P1_RX] Time: 721ms, Receiver: 25, Sender: 34, RSSI: -103
[P1_RX] Time: 721ms, Receiver: 20, Sender: 34, RSSI: -104
[P1_RX] Time: 721ms, Receiver: 29, Sender: 34, RSSI: -105
[P1_ATTEMPT] Time: 721ms, Drone: 43
[P1_SUCCESS] Time: 721ms, Drone: 36
[P1_RX] Time: 721ms, Receiver: 22, Sender: 36, RSSI: -99
[P1_RX] Time: 721ms, Receiver: 5, Sender: 36, RSSI: -100
[P1_RX] Time: 721ms, Receiver: 41, Sender: 36, RSSI: -101
[P1_RX] Time: 721ms, Receiver: 35, Sender: 36, RSSI: -102
[P1_RX] Time: 721ms, Receiver: 40, Sender: 36, RSSI: -104
[P1_RX] Time: 721ms, Receiver: 9, Sender: 36, RSSI: -107
[P1_RX] Time: 721ms, Receiver: 39, Sender: 36, RSSI: -107
[P1_ABORT] Time: 721ms, Drone: 31
[P1_ATTEMPT] Time: 721ms, Drone: 31
[P1_ABORT] Time: 721ms, Drone: 43
[P1_ATTEMPT] Time: 721ms, Drone: 43
[P1_ABORT] Time: 721ms, Drone: 31
[P1_ATTEMPT] Time: 721ms, Drone: 31
[P1_ABORT] Time: 721ms, Drone: 43
[P1_ATTEMPT] Time: 721ms, Drone: 43
[P1_ABORT] Time: 721ms, Drone: 31
[P1_ATTEMPT] Time: 721ms, Drone: 31
[P1_ABORT] Time: 721ms, Drone: 43
[P1_ATTEMPT] Time: 721ms, Drone: 43
[P1_ABORT] Time: 721ms, Drone: 31
[P1_ATTEMPT] Time: 721ms, Drone: 31
[P1_SUCCESS] Time: 721ms, Drone: 15
[P1_RX] Time: 721ms, Receiver: 43, Sender: 15, RSSI: -93
[P1_RX] Time: 721ms, Receiver: 32, Sender: 15, RSSI: -95
[P1_RX] Time: 721ms, Receiver: 1, Sender: 15, RSSI: -98
[P1_RX] Time: 721ms, Receiver: 18, Sender: 15, RSSI: -100
[P1_RX] Time: 721ms, Receiver: 16, Sender: 15, RSSI: -100
[P1_RX] Time: 721ms, Receiver: 21, Sender: 15, RSSI: -101
[P1_RX] Time: 721ms, Receiver: 3, Sender: 15, RSSI: -103
[P1_RX] Time: 721ms, Receiver: 17, Sender: 15, RSSI: -103
[P1_RX] Time: 721ms, Receiver: 49, Sender: 15, RSSI: -103
[P1_RX] Time: 721ms, Receiver: 38, Sender: 15, RSSI: -103
[P1_RX] Time: 721ms, Receiver: 45, Sender: 15, RSSI: -103
[P1_RX] Time: 721ms, Receiver: 4, Sender: 15, RSSI: -104
[P1_RX] Time: 721ms, Receiver: 31, Sender: 15, RSSI: -104
[P1_RX] Time: 721ms, Receiver: 11, Sender: 15, RSSI: -104
[P1_RX] Time: 721ms, Receiver: 13, Sender: 15, RSSI: -106
[P1_RX] Time: 721ms, Receiver: 48, Sender: 15, RSSI: -108
[P1_ABORT] Time: 721ms, Drone: 43
[P1_ATTEMPT] Time: 721ms, Drone: 43
[P1_ABORT] Time: 721ms, Drone: 31
[P1_ATTEMPT] Time: 721ms, Drone: 31
[P1_ATTEMPT] Time: 722ms, Drone: 40
[P1_ABORT] Time: 722ms, Drone: 40
[P1_ATTEMPT] Time: 722ms, Drone: 40
[P1_ABORT] Time: 722ms, Drone: 40
[P1_ATTEMPT] Time: 722ms, Drone: 40
[P1_ATTEMPT] Time: 722ms, Drone: 35
[P1_ABORT] Time: 722ms, Drone: 40
[P1_ATTEMPT] Time: 722ms, Drone: 40
[P1_ABORT] Time: 722ms, Drone: 40
[P1_ATTEMPT] Time: 722ms, Drone: 40
[P1_SUCCESS] Time: 722ms, Drone: 43
[P1_RX] Time: 722ms, Receiver: 15, Sender: 43, RSSI: -93
[P1_RX] Time: 722ms, Receiver: 38, Sender: 43, RSSI: -96
[P1_RX] Time: 722ms, Receiver: 21, Sender: 43, RSSI: -99
[P1_RX] Time: 722ms, Receiver: 18, Sender: 43, RSSI: -99
[P1_RX] Time: 722ms, Receiver: 11, Sender: 43, RSSI: -100
[P1_RX] Time: 722ms, Receiver: 32, Sender: 43, RSSI: -99
[P1_RX] Time: 722ms, Receiver: 10, Sender: 43, RSSI: -102
[P1_RX] Time: 722ms, Receiver: 17, Sender: 43, RSSI: -102
[P1_RX] Time: 722ms, Receiver: 16, Sender: 43, RSSI: -102
[P1_RX] Time: 722ms, Receiver: 1, Sender: 43, RSSI: -101
[P1_RX] Time: 722ms, Receiver: 3, Sender: 43, RSSI: -103
[P1_RX] Time: 722ms, Receiver: 49, Sender: 43, RSSI: -104
[P1_RX] Time: 722ms, Receiver: 47, Sender: 43, RSSI: -105
[P1_RX] Time: 722ms, Receiver: 8, Sender: 43, RSSI: -107
[P1_SUCCESS] Time: 722ms, Drone: 31
[P1_RX] Time: 722ms, Receiver: 45, Sender: 31, RSSI: -90
[P1_RX] Time: 722ms, Receiver: 13, Sender: 31, RSSI: -92
[P1_RX] Time: 722ms, Receiver: 4, Sender: 31, RSSI: -100
[P1_RX] Time: 722ms, Receiver: 48, Sender: 31, RSSI: -101
[P1_RX] Time: 722ms, Receiver: 2, Sender: 31, RSSI: -101
[P1_RX] Time: 722ms, Receiver: 33, Sender: 31, RSSI: -101
[P1_RX] Time: 722ms, Receiver: 24, Sender: 31, RSSI: -103
[P1_RX] Time: 722ms, Receiver: 0, Sender: 31, RSSI: -104
[P1_RX] Time: 722ms, Receiver: 29, Sender: 31, RSSI: -103
[P1_RX] Time: 722ms, Receiver: 23, Sender: 31, RSSI: -105
[P1_RX] Time: 722ms, Receiver: 14, Sender: 31, RSSI: -106
[P1_RX] Time: 722ms, Receiver: 12, Sender: 31, RSSI: -106
[P1_RX] Time: 722ms, Receiver: 30, Sender: 31, RSSI: -106
[P1_RX] Time: 722ms, Receiver: 42, Sender: 31, RSSI: -107
[P1_SUCCESS] Time: 723ms, Drone: 35
[P1_RX] Time: 723ms, Receiver: 5, Sender: 35, RSSI: -75
[P1_RX] Time: 723ms, Receiver: 39, Sender: 35, RSSI: -97
[P1_RX] Time: 723ms, Receiver: 9, Sender: 35, RSSI: -100
[P1_RX] Time: 723ms, Receiver: 36, Sender: 35, RSSI: -102
[P1_RX] Time: 723ms, Receiver: 6, Sender: 35, RSSI: -103
[P1_RX] Time: 723ms, Receiver: 22, Sender: 35, RSSI: -104
[P1_RX] Time: 723ms, Receiver: 42, Sender: 35, RSSI: -105
[P1_SUCCESS] Time: 723ms, Drone: 40
[P1_RX] Time: 723ms, Receiver: 18, Sender: 40, RSSI: -105
[P1_RX] Time: 723ms, Receiver: 21, Sender: 40, RSSI: -106
[P1_RX] Time: 723ms, Receiver: 11, Sender: 40, RSSI: -107
[P1_RX] Time: 723ms, Receiver: 15, Sender: 40, RSSI: -107
[P1_ATTEMPT] Time: 723ms, Drone: 21
[P1_ATTEMPT] Time: 723ms, Drone: 5
[P1_ATTEMPT] Time: 724ms, Drone: 19
[P1_SUCCESS] Time: 724ms, Drone: 21
[P1_RX] Time: 724ms, Receiver: 18, Sender: 21, RSSI: -78
[P1_RX] Time: 724ms, Receiver: 17, Sender: 21, RSSI: -91
[P1_RX] Time: 724ms, Receiver: 11, Sender: 21, RSSI: -96
[P1_RX] Time: 724ms, Receiver: 16, Sender: 21, RSSI: -97
[P1_RX] Time: 724ms, Receiver: 38, Sender: 21, RSSI: -97
[P1_RX] Time: 724ms, Receiver: 3, Sender: 21, RSSI: -98
[P1_RX] Time: 724ms, Receiver: 43, Sender: 21, RSSI: -99
[P1_RX] Time: 724ms, Receiver: 49, Sender: 21, RSSI: -100
[P1_RX] Time: 724ms, Receiver: 15, Sender: 21, RSSI: -101
[P1_RX] Time: 724ms, Receiver: 32, Sender: 21, RSSI: -101
[P1_RX] Time: 724ms, Receiver: 1, Sender: 21, RSSI: -101
[P1_RX] Time: 724ms, Receiver: 8, Sender: 21, RSSI: -105
[P1_RX] Time: 724ms, Receiver: 10, Sender: 21, RSSI: -105
[P1_ABORT] Time: 724ms, Drone: 19
[P1_ATTEMPT] Time: 724ms, Drone: 19
[P1_ABORT] Time: 724ms, Drone: 19
[P1_ATTEMPT] Time: 724ms, Drone: 19
[P1_SUCCESS] Time: 724ms, Drone: 5
[P1_RX] Time: 724ms, Receiver: 35, Sender: 5, RSSI: -75
[P1_RX] Time: 724ms, Receiver: 39, Sender: 5, RSSI: -99
[P1_RX] Time: 724ms, Receiver: 36, Sender: 5, RSSI: -100
[P1_RX] Time: 724ms, Receiver: 9, Sender: 5, RSSI: -101
[P1_RX] Time: 724ms, Receiver: 22, Sender: 5, RSSI: -103
[P1_RX] Time: 724ms, Receiver: 6, Sender: 5, RSSI: -104
[P1_RX] Time: 724ms, Receiver: 42, Sender: 5, RSSI: -105
[P1_RX] Time: 724ms, Receiver: 0, Sender: 5, RSSI: -107
[P1_ABORT] Time: 724ms, Drone: 19
[P1_ATTEMPT] Time: 724ms, Drone: 19
[P1_SUCCESS] Time: 725ms, Drone: 19
[P1_RX] Time: 725ms, Receiver: 40, Sender: 19, RSSI: -92
[P1_RX] Time: 725ms, Receiver: 47, Sender: 19, RSSI: -92
[P1_RX] Time: 725ms, Receiver: 27, Sender: 19, RSSI: -98
[P1_RX] Time: 725ms, Receiver: 35, Sender: 19, RSSI: -98
[P1_RX] Time: 725ms, Receiver: 5, Sender: 19, RSSI: -99
[P1_RX] Time: 725ms, Receiver: 41, Sender: 19, RSSI: -101
[P1_RX] Time: 725ms, Receiver: 1, Sender: 19, RSSI: -102
[P1_RX] Time: 725ms, Receiver: 32, Sender: 19, RSSI: -102
[P1_RX] Time: 725ms, Receiver: 16, Sender: 19, RSSI: -102
[P1_RX] Time: 725ms, Receiver: 42, Sender: 19, RSSI: -103
[P1_RX] Time: 725ms, Receiver: 2, Sender: 19, RSSI: -103
[P1_RX] Time: 725ms, Receiver: 39, Sender: 19, RSSI: -104
[P1_RX] Time: 725ms, Receiver: 45, Sender: 19, RSSI: -104
[P1_RX] Time: 725ms, Receiver: 9, Sender: 19, RSSI: -105
[P1_RX] Time: 725ms, Receiver: 0, Sender: 19, RSSI: -105
[P1_RX] Time: 725ms, Receiver: 6, Sender: 19, RSSI: -105
[P1_RX] Time: 725ms, Receiver: 17, Sender: 19, RSSI: -106
[P1_RX] Time: 725ms, Receiver: 24, Sender: 19, RSSI: -106
[P1_RX] Time: 725ms, Receiver: 23, Sender: 19, RSSI: -107
[P1_RX] Time: 725ms, Receiver: 36, Sender: 19, RSSI: -107
[P1_RX] Time: 725ms, Receiver: 13, Sender: 19, RSSI: -108
[P1_RX] Time: 725ms, Receiver: 4, Sender: 19, RSSI: -108
[P1_RX] Time: 725ms, Receiver: 31, Sender: 19, RSSI: -108
[P1_RX] Time: 725ms, Receiver: 48, Sender: 19, RSSI: -108
[P1_ATTEMPT] Time: 725ms, Drone: 30
[P1_ATTEMPT] Time: 725ms, Drone: 33
[P1_ATTEMPT] Time: 726ms, Drone: 7
[P1_ABORT] Time: 726ms, Drone: 7
[P1_ATTEMPT] Time: 726ms, Drone: 7
[P1_ABORT] Time: 726ms, Drone: 7
[P1_ATTEMPT] Time: 726ms, Drone: 7
[P1_ABORT] Time: 726ms, Drone: 7
[P1_ATTEMPT] Time: 726ms, Drone: 7
[P1_ATTEMPT] Time: 726ms, Drone: 24
[P1_ABORT] Time: 726ms, Drone: 7
[P1_ATTEMPT] Time: 726ms, Drone: 7
[P1_ATTEMPT] Time: 726ms, Drone: 0
[P1_SUCCESS] Time: 726ms, Drone: 30
[P1_RX] Time: 726ms, Receiver: 7, Sender: 30, RSSI: -94
[P1_RX] Time: 726ms, Receiver: 14, Sender: 30, RSSI: -97
[P1_RX] Time: 726ms, Receiver: 12, Sender: 30, RSSI: -98
[P1_RX] Time: 726ms, Receiver: 23, Sender: 30, RSSI: -102
[P1_RX] Time: 726ms, Receiver: 24, Sender: 30, RSSI: -103
[P1_RX] Time: 726ms, Receiver: 48, Sender: 30, RSSI: -105
[P1_RX] Time: 726ms, Receiver: 0, Sender: 30, RSSI: -105
[P1_RX] Time: 726ms, Receiver: 26, Sender: 30, RSSI: -106
[P1_RX] Time: 726ms, Receiver: 2, Sender: 30, RSSI: -106
[P1_RX] Time: 726ms, Receiver: 42, Sender: 30, RSSI: -108
[P1_ABORT] Time: 726ms, Drone: 24
[P1_ATTEMPT] Time: 726ms, Drone: 24
[P1_ABORT] Time: 726ms, Drone: 7
[P1_ATTEMPT] Time: 726ms, Drone: 7
[P1_ABORT] Time: 726ms, Drone: 0
[P1_ATTEMPT] Time: 726ms, Drone: 0
[P1_SUCCESS] Time: 726ms, Drone: 33
[P1_RX] Time: 726ms, Receiver: 29, Sender: 33, RSSI: -89
[P1_RX] Time: 726ms, Receiver: 37, Sender: 33, RSSI: -90
[P1_RX] Time: 726ms, Receiver: 25, Sender: 33, RSSI: -98
[P1_RX] Time: 726ms, Receiver: 15, Sender: 33, RSSI: -103
[P1_RX] Time: 726ms, Receiver: 20, Sender: 33, RSSI: -105
[P1_RX] Time: 726ms, Receiver: 34, Sender: 33, RSSI: -106
[P1_RX] Time: 726ms, Receiver: 43, Sender: 33, RSSI: -106
[P1_RX] Time: 726ms, Receiver: 32, Sender: 33, RSSI: -106
[P1_RX] Time: 726ms, Receiver: 28, Sender: 33, RSSI: -107
[P1_RX] Time: 726ms, Receiver: 1, Sender: 33, RSSI: -107
[P1_RX] Time: 726ms, Receiver: 49, Sender: 33, RSSI: -108
[P1_ATTEMPT] Time: 727ms, Drone: 1
[P1_ABORT] Time: 727ms, Drone: 1
[P1_ATTEMPT] Time: 727ms, Drone: 1
[P1_ABORT] Time: 727ms, Drone: 1
[P1_ATTEMPT] Time: 727ms, Drone: 1
[P1_SUCCESS] Time: 727ms, Drone: 24
[P1_RX] Time: 727ms, Receiver: 2, Sender: 24, RSSI: -89
[P1_RX] Time: 727ms, Receiver: 48, Sender: 24, RSSI: -94
[P1_RX] Time: 727ms, Receiver: 13, Sender: 24, RSSI: -97
[P1_RX] Time: 727ms, Receiver: 42, Sender: 24, RSSI: -95
[P1_RX] Time: 727ms, Receiver: 26, Sender: 24, RSSI: -97
[P1_RX] Time: 727ms, Receiver: 4, Sender: 24, RSSI: -101
[P1_RX] Time: 727ms, Receiver: 31, Sender: 24, RSSI: -101
[P1_SUCCESS] Time: 727ms, Drone: 7
[P1_RX] Time: 727ms, Receiver: 30, Sender: 7, RSSI: -93
[P1_RX] Time: 727ms, Receiver: 12, Sender: 7, RSSI: -101
[P1_SUCCESS] Time: 727ms, Drone: 0
[P1_RX] Time: 727ms, Receiver: 23, Sender: 0, RSSI: -88
[P1_RX] Time: 727ms, Receiver: 6, Sender: 0, RSSI: -98
[P1_RX] Time: 727ms, Receiver: 9, Sender: 0, RSSI: -104
[P1_RX] Time: 727ms, Receiver: 39, Sender: 0, RSSI: -103
[P1_RX] Time: 727ms, Receiver: 27, Sender: 0, RSSI: -104
[P1_RX] Time: 727ms, Receiver: 35, Sender: 0, RSSI: -105
[P1_RX] Time: 727ms, Receiver: 5, Sender: 0, RSSI: -106
[P1_ABORT] Time: 727ms, Drone: 1
[P1_ATTEMPT] Time: 727ms, Drone: 1
[P1_ATTEMPT] Time: 728ms, Drone: 22
[P1_SUCCESS] Time: 728ms, Drone: 1
[P1_RX] Time: 728ms, Receiver: 32, Sender: 1, RSSI: -82
[P1_RX] Time: 728ms, Receiver: 16, Sender: 1, RSSI: -89
[P1_RX] Time: 728ms, Receiver: 15, Sender: 1, RSSI: -98
[P1_RX] Time: 728ms, Receiver: 17, Sender: 1, RSSI: -99
[P1_RX] Time: 728ms, Receiver: 18, Sender: 1, RSSI: -99
[P1_RX] Time: 728ms, Receiver: 47, Sender: 1, RSSI: -99
[P1_RX] Time: 728ms, Receiver: 4, Sender: 1, RSSI: -101
[P1_RX] Time: 728ms, Receiver: 21, Sender: 1, RSSI: -101
[P1_RX] Time: 728ms, Receiver: 19, Sender: 1, RSSI: -102
[P1_RX] Time: 728ms, Receiver: 3, Sender: 1, RSSI: -102
[P1_RX] Time: 728ms, Receiver: 49, Sender: 1, RSSI: -102
[P1_RX] Time: 728ms, Receiver: 45, Sender: 1, RSSI: -102
[P1_RX] Time: 728ms, Receiver: 27, Sender: 1, RSSI: -102
[P1_RX] Time: 728ms, Receiver: 40, Sender: 1, RSSI: -103
[P1_RX] Time: 728ms, Receiver: 43, Sender: 1, RSSI: -103
[P1_RX] Time: 728ms, Receiver: 2, Sender: 1, RSSI: -105
[P1_RX] Time: 728ms, Receiver: 13, Sender: 1, RSSI: -105
[P1_RX] Time: 728ms, Receiver: 31, Sender: 1, RSSI: -105
[P1_RX] Time: 728ms, Receiver: 48, Sender: 1, RSSI: -106
[P1_RX] Time: 728ms, Receiver: 11, Sender: 1, RSSI: -106
[P1_RX] Time: 728ms, Receiver: 33, Sender: 1, RSSI: -108
[P1_RX] Time: 728ms, Receiver: 42, Sender: 1, RSSI: -108
[P1_ATTEMPT] Time: 728ms, Drone: 2
[P1_ATTEMPT] Time: 728ms, Drone: 9
[P1_ABORT] Time: 728ms, Drone: 9
[P1_ATTEMPT] Time: 728ms, Drone: 9
[P1_SUCCESS] Time: 729ms, Drone: 22
[P1_RX] Time: 729ms, Receiver: 36, Sender: 22, RSSI: -99
[P1_RX] Time: 729ms, Receiver: 9, Sender: 22, RSSI: -102
[P1_ABORT] Time: 729ms, Drone: 9
[P1_ATTEMPT] Time: 729ms, Drone: 9
[P1_ATTEMPT] Time: 729ms, Drone: 25
[P1_ATTEMPT] Time: 729ms, Drone: 3
[P1_SUCCESS] Time: 729ms, Drone: 2
[P1_RX] Time: 729ms, Receiver: 24, Sender: 2, RSSI: -89
[P1_RX] Time: 729ms, Receiver: 42, Sender: 2, RSSI: -96
[P1_RX] Time: 729ms, Receiver: 13, Sender: 2, RSSI: -97
[P1_RX] Time: 729ms, Receiver: 23, Sender: 2, RSSI: -98
[P1_RX] Time: 729ms, Receiver: 48, Sender: 2, RSSI: -98
[P1_RX] Time: 729ms, Receiver: 0, Sender: 2, RSSI: -98
[P1_RX] Time: 729ms, Receiver: 45, Sender: 2, RSSI: -99
[P1_RX] Time: 729ms, Receiver: 14, Sender: 2, RSSI: -101
[P1_RX] Time: 729ms, Receiver: 26, Sender: 2, RSSI: -101
[P1_RX] Time: 729ms, Receiver: 4, Sender: 2, RSSI: -102
[P1_RX] Time: 729ms, Receiver: 31, Sender: 2, RSSI: -102
[P1_RX] Time: 729ms, Receiver: 19, Sender: 2, RSSI: -103
[P1_RX] Time: 729ms, Receiver: 1, Sender: 2, RSSI: -105
[P1_RX] Time: 729ms, Receiver: 32, Sender: 2, RSSI: -105
[P1_RX] Time: 729ms, Receiver: 30, Sender: 2, RSSI: -106
[P1_ATTEMPT] Time: 729ms, Drone: 17
[P1_SUCCESS] Time: 730ms, Drone: 9
[P1_RX] Time: 730ms, Receiver: 39, Sender: 9, RSSI: -97
[P1_RX] Time: 730ms, Receiver: 22, Sender: 9, RSSI: -102
[P1_RX] Time: 730ms, Receiver: 36, Sender: 9, RSSI: -106
[P1_ATTEMPT] Time: 730ms, Drone: 8
[P1_SUCCESS] Time: 730ms, Drone: 25
[P1_RX] Time: 730ms, Receiver: 37, Sender: 25, RSSI: -95
[P1_RX] Time: 730ms, Receiver: 34, Sender: 25, RSSI: -103
[P1_RX] Time: 730ms, Receiver: 20, Sender: 25, RSSI: -104
[P1_RX] Time: 730ms, Receiver: 28, Sender: 25, RSSI: -104
[P1_RX] Time: 730ms, Receiver: 46, Sender: 25, RSSI: -106
[P1_ABORT] Time: 730ms, Drone: 8
[P1_ATTEMPT] Time: 730ms, Drone: 8
[P1_ABORT] Time: 730ms, Drone: 8
[P1_ATTEMPT] Time: 730ms, Drone: 8
[P1_SUCCESS] Time: 730ms, Drone: 3
[P1_RX] Time: 730ms, Receiver: 49, Sender: 3, RSSI: -80
[P1_RX] Time: 730ms, Receiver: 1, Sender: 3, RSSI: -97
[P1_RX] Time: 730ms, Receiver: 15, Sender: 3, RSSI: -99
[P1_RX] Time: 730ms, Receiver: 8, Sender: 3, RSSI: -102
[P1_RX] Time: 730ms, Receiver: 10, Sender: 3, RSSI: -104
[P1_ABORT] Time: 730ms, Drone: 8
[P1_ATTEMPT] Time: 730ms, Drone: 8
[P1_SUCCESS] Time: 730ms, Drone: 17
[P1_RX] Time: 730ms, Receiver: 18, Sender: 17, RSSI: -86
[P1_RX] Time: 730ms, Receiver: 21, Sender: 17, RSSI: -90
[P1_RX] Time: 730ms, Receiver: 16, Sender: 17, RSSI: -91
[P1_RX] Time: 730ms, Receiver: 11, Sender: 17, RSSI: -98
[P1_RX] Time: 730ms, Receiver: 47, Sender: 17, RSSI: -100
[P1_RX] Time: 730ms, Receiver: 40, Sender: 17, RSSI: -102
[P1_RX] Time: 730ms, Receiver: 41, Sender: 17, RSSI: -104
[P1_RX] Time: 730ms, Receiver: 27, Sender: 17, RSSI: -103
[P1_RX] Time: 730ms, Receiver: 19, Sender: 17, RSSI: -104
[P1_ATTEMPT] Time: 731ms, Drone: 27
[P1_SUCCESS] Time: 731ms, Drone: 8
[P1_RX] Time: 731ms, Receiver: 10, Sender: 8, RSSI: -101
[P1_RX] Time: 731ms, Receiver: 38, Sender: 8, RSSI: -103
[P1_RX] Time: 731ms, Receiver: 3, Sender: 8, RSSI: -103
[P1_RX] Time: 731ms, Receiver: 49, Sender: 8, RSSI: -104
[P1_RX] Time: 731ms, Receiver: 21, Sender: 8, RSSI: -105
[P1_RX] Time: 731ms, Receiver: 18, Sender: 8, RSSI: -106
[P1_RX] Time: 731ms, Receiver: 43, Sender: 8, RSSI: -107
[P1_RX] Time: 731ms, Receiver: 11, Sender: 8, RSSI: -107
[P1_RX] Time: 731ms, Receiver: 17, Sender: 8, RSSI: -108
[P1_RX] Time: 731ms, Receiver: 15, Sender: 8, RSSI: -109
[P1_ATTEMPT] Time: 731ms, Drone: 47
[P1_ATTEMPT] Time: 731ms, Drone: 37
[P1_SUCCESS] Time: 732ms, Drone: 27
[P1_RX] Time: 732ms, Receiver: 45, Sender: 27, RSSI: -102
[P1_RX] Time: 732ms, Receiver: 9, Sender: 27, RSSI: -105
[P1_ATTEMPT] Time: 732ms, Drone: 11
[P1_SUCCESS] Time: 732ms, Drone: 47
[P1_ABORT] Time: 732ms, Drone: 11
[P1_ATTEMPT] Time: 732ms, Drone: 11
[P1_SUCCESS] Time: 732ms, Drone: 37
[P1_RX] Time: 732ms, Receiver: 29, Sender: 37, RSSI: -89
[P1_RX] Time: 732ms, Receiver: 25, Sender: 37, RSSI: -95
[P1_RX] Time: 732ms, Receiver: 34, Sender: 37, RSSI: -102
[P1_RX] Time: 732ms, Receiver: 20, Sender: 37, RSSI: -103
[P1_RX] Time: 732ms, Receiver: 28, Sender: 37, RSSI: -103
[P1_RX] Time: 732ms, Receiver: 46, Sender: 37, RSSI: -105
[P1_RX] Time: 732ms, Receiver: 44, Sender: 37, RSSI: -107
[P1_ATTEMPT] Time: 733ms, Drone: 6
[P1_ATTEMPT] Time: 733ms, Drone: 14
[P1_ABORT] Time: 733ms, Drone: 14
[P1_ATTEMPT] Time: 733ms, Drone: 14
[P1_SUCCESS] Time: 733ms, Drone: 11
[P1_RX] Time: 733ms, Receiver: 38, Sender: 11, RSSI: -94
[P1_RX] Time: 733ms, Receiver: 21, Sender: 11, RSSI: -96
[P1_RX] Time: 733ms, Receiver: 18, Sender: 11, RSSI: -98
[P1_RX] Time: 733ms, Receiver: 17, Sender: 11, RSSI: -99
[P1_RX] Time: 733ms, Receiver: 43, Sender: 11, RSSI: -100
[P1_RX] Time: 733ms, Receiver: 16, Sender: 11, RSSI: -103
[P1_RX] Time: 733ms, Receiver: 15, Sender: 11, RSSI: -104
[P1_RX] Time: 733ms, Receiver: 32, Sender: 11, RSSI: -105
[P1_RX] Time: 733ms, Receiver: 10, Sender: 11, RSSI: -106
[P1_RX] Time: 733ms, Receiver: 3, Sender: 11, RSSI: -106
[P1_RX] Time: 733ms, Receiver: 47, Sender: 11, RSSI: -106
[P1_RX] Time: 733ms, Receiver: 1, Sender: 11, RSSI: -106
[P1_RX] Time: 733ms, Receiver: 8, Sender: 11, RSSI: -107
[P1_RX] Time: 733ms, Receiver: 49, Sender: 11, RSSI: -107
[P1_RX] Time: 733ms, Receiver: 40, Sender: 11, RSSI: -109
[P1_ABORT] Time: 733ms, Drone: 14
[P1_ATTEMPT] Time: 733ms, Drone: 14
[P1_ATTEMPT] Time: 733ms, Drone: 32
[P1_ATTEMPT] Time: 733ms, Drone: 18
[P1_ABORT] Time: 733ms, Drone: 14
[P1_ATTEMPT] Time: 733ms, Drone: 14
[P1_ABORT] Time: 733ms, Drone: 14
[P1_ATTEMPT] Time: 733ms, Drone: 14
[P1_SUCCESS] Time: 734ms, Drone: 6
[P1_RX] Time: 734ms, Receiver: 39, Sender: 6, RSSI: -95
[P1_RX] Time: 734ms, Receiver: 42, Sender: 6, RSSI: -98
[P1_RX] Time: 734ms, Receiver: 0, Sender: 6, RSSI: -99
[P1_RX] Time: 734ms, Receiver: 23, Sender: 6, RSSI: -100
[P1_RX] Time: 734ms, Receiver: 9, Sender: 6, RSSI: -101
[P1_RX] Time: 734ms, Receiver: 26, Sender: 6, RSSI: -102
[P1_RX] Time: 734ms, Receiver: 35, Sender: 6, RSSI: -103
[P1_RX] Time: 734ms, Receiver: 14, Sender: 6, RSSI: -104
[P1_RX] Time: 734ms, Receiver: 2, Sender: 6, RSSI: -104
[P1_RX] Time: 734ms, Receiver: 5, Sender: 6, RSSI: -104
[P1_RX] Time: 734ms, Receiver: 24, Sender: 6, RSSI: -106
[P1_ABORT] Time: 734ms, Drone: 14
[P1_ATTEMPT] Time: 734ms, Drone: 14
[P1_ATTEMPT] Time: 734ms, Drone: 16
[P1_ABORT] Time: 734ms, Drone: 16
[P1_ATTEMPT] Time: 734ms, Drone: 16
[P1_ABORT] Time: 734ms, Drone: 16
[P1_ATTEMPT] Time: 734ms, Drone: 16
[P1_SUCCESS] Time: 734ms, Drone: 32
[P1_RX] Time: 734ms, Receiver: 1, Sender: 32, RSSI: -82
[P1_RX] Time: 734ms, Receiver: 16, Sender: 32, RSSI: -89
[P1_RX] Time: 734ms, Receiver: 15, Sender: 32, RSSI: -94
[P1_RX] Time: 734ms, Receiver: 47, Sender: 32, RSSI: -98
[P1_RX] Time: 734ms, Receiver: 27, Sender: 32, RSSI: -99
[P1_RX] Time: 734ms, Receiver: 45, Sender: 32, RSSI: -100
[P1_RX] Time: 734ms, Receiver: 4, Sender: 32, RSSI: -101
[P1_RX] Time: 734ms, Receiver: 19, Sender: 32, RSSI: -101
[P1_RX] Time: 734ms, Receiver: 40, Sender: 32, RSSI: -102
[P1_SUCCESS] Time: 734ms, Drone: 18
[P1_RX] Time: 734ms, Receiver: 21, Sender: 18, RSSI: -78
[P1_RX] Time: 734ms, Receiver: 17, Sender: 18, RSSI: -86
[P1_RX] Time: 734ms, Receiver: 3, Sender: 18, RSSI: -96
[P1_RX] Time: 734ms, Receiver: 11, Sender: 18, RSSI: -97
[P1_RX] Time: 734ms, Receiver: 38, Sender: 18, RSSI: -99
[P1_RX] Time: 734ms, Receiver: 8, Sender: 18, RSSI: -105
[P1_RX] Time: 734ms, Receiver: 10, Sender: 18, RSSI: -105
[P1_ATTEMPT] Time: 734ms, Drone: 29
[P1_ATTEMPT] Time: 734ms, Drone: 20
[P1_ABORT] Time: 734ms, Drone: 16
[P1_ATTEMPT] Time: 734ms, Drone: 16
[P1_ATTEMPT] Time: 734ms, Drone: 13
[P1_ABORT] Time: 734ms, Drone: 13
[P1_ATTEMPT] Time: 734ms, Drone: 13
[P1_SUCCESS] Time: 735ms, Drone: 14
[P1_RX] Time: 735ms, Receiver: 30, Sender: 14, RSSI: -97
[P1_RX] Time: 735ms, Receiver: 26, Sender: 14, RSSI: -99
[P1_RX] Time: 735ms, Receiver: 7, Sender: 14, RSSI: -100
[P1_RX] Time: 735ms, Receiver: 6, Sender: 14, RSSI: -103
[P1_RX] Time: 735ms, Receiver: 12, Sender: 14, RSSI: -105
[P1_ATTEMPT] Time: 735ms, Drone: 46
[P1_ABORT] Time: 735ms, Drone: 13
[P1_ATTEMPT] Time: 735ms, Drone: 13
[P1_ABORT] Time: 735ms, Drone: 46
[P1_ATTEMPT] Time: 735ms, Drone: 46
[P1_ABORT] Time: 735ms, Drone: 13
[P1_ATTEMPT] Time: 735ms, Drone: 13
[P1_ABORT] Time: 735ms, Drone: 46
[P1_ATTEMPT] Time: 735ms, Drone: 46
[P1_ABORT] Time: 735ms, Drone: 13
[P1_ATTEMPT] Time: 735ms, Drone: 13
[P1_ABORT] Time: 735ms, Drone: 46
[P1_ATTEMPT] Time: 735ms, Drone: 46
[P1_ABORT] Time: 735ms, Drone: 13
[P1_ATTEMPT] Time: 735ms, Drone: 13
[P1_ABORT] Time: 735ms, Drone: 46
[P1_ATTEMPT] Time: 735ms, Drone: 46
[P1_ABORT] Time: 735ms, Drone: 13
[P1_ATTEMPT] Time: 735ms, Drone: 13
[P1_SUCCESS] Time: 735ms, Drone: 29
[P1_RX] Time: 735ms, Receiver: 33, Sender: 29, RSSI: -89
[P1_RX] Time: 735ms, Receiver: 37, Sender: 29, RSSI: -89
[P1_RX] Time: 735ms, Receiver: 25, Sender: 29, RSSI: -92
[P1_RX] Time: 735ms, Receiver: 4, Sender: 29, RSSI: -100
[P1_RX] Time: 735ms, Receiver: 31, Sender: 29, RSSI: -102
[P1_SUCCESS] Time: 735ms, Drone: 20
[P1_RX] Time: 735ms, Receiver: 44, Sender: 20, RSSI: -102
[P1_SUCCESS] Time: 735ms, Drone: 16
[P1_RX] Time: 735ms, Receiver: 1, Sender: 16, RSSI: -89
[P1_RX] Time: 735ms, Receiver: 32, Sender: 16, RSSI: -91
[P1_RX] Time: 735ms, Receiver: 17, Sender: 16, RSSI: -91
[P1_RX] Time: 735ms, Receiver: 18, Sender: 16, RSSI: -94
[P1_RX] Time: 735ms, Receiver: 21, Sender: 16, RSSI: -97
[P1_RX] Time: 735ms, Receiver: 47, Sender: 16, RSSI: -97
[P1_RX] Time: 735ms, Receiver: 15, Sender: 16, RSSI: -99
[P1_RX] Time: 735ms, Receiver: 3, Sender: 16, RSSI: -100
[P1_RX] Time: 735ms, Receiver: 40, Sender: 16, RSSI: -101
[P1_RX] Time: 735ms, Receiver: 49, Sender: 16, RSSI: -100
[P1_RX] Time: 735ms, Receiver: 19, Sender: 16, RSSI: -102
[P1_RX] Time: 735ms, Receiver: 27, Sender: 16, RSSI: -102
[P1_RX] Time: 735ms, Receiver: 43, Sender: 16, RSSI: -101
[P1_RX] Time: 735ms, Receiver: 11, Sender: 16, RSSI: -103
[P1_RX] Time: 735ms, Receiver: 41, Sender: 16, RSSI: -104
[P1_RX] Time: 735ms, Receiver: 38, Sender: 16, RSSI: -104
[P1_RX] Time: 735ms, Receiver: 2, Sender: 16, RSSI: -105
[P1_RX] Time: 735ms, Receiver: 5, Sender: 16, RSSI: -108
[P1_ABORT] Time: 735ms, Drone: 46
[P1_ATTEMPT] Time: 735ms, Drone: 46
[P1_ABORT] Time: 735ms, Drone: 13
[P1_ATTEMPT] Time: 735ms, Drone: 13
[P1_ATTEMPT] Time: 735ms, Drone: 49
[P1_ATTEMPT] Time: 735ms, Drone: 10
[P1_ATTEMPT] Time: 736ms, Drone: 38
[P1_ABORT] Time: 736ms, Drone: 38
[P1_ATTEMPT] Time: 736ms, Drone: 38
[P1_ATTEMPT] Time: 736ms, Drone: 45
[P1_ABORT] Time: 736ms, Drone: 38
[P1_ATTEMPT] Time: 736ms, Drone: 38
[P1_SUCCESS] Time: 736ms, Drone: 46
[P1_RX] Time: 736ms, Receiver: 28, Sender: 46, RSSI: -82
[P1_RX] Time: 736ms, Receiver: 34, Sender: 46, RSSI: -87
[P1_RX] Time: 736ms, Receiver: 44, Sender: 46, RSSI: -99
[P1_ABORT] Time: 736ms, Drone: 45
[P1_ATTEMPT] Time: 736ms, Drone: 45
[P1_ABORT] Time: 736ms, Drone: 38
[P1_ATTEMPT] Time: 736ms, Drone: 38
[P1_SUCCESS] Time: 736ms, Drone: 13
[P1_RX] Time: 736ms, Receiver: 31, Sender: 13, RSSI: -92
[P1_RX] Time: 736ms, Receiver: 48, Sender: 13, RSSI: -93
[P1_RX] Time: 736ms, Receiver: 45, Sender: 13, RSSI: -96
[P1_RX] Time: 736ms, Receiver: 4, Sender: 13, RSSI: -96
[P1_RX] Time: 736ms, Receiver: 2, Sender: 13, RSSI: -97
[P1_RX] Time: 736ms, Receiver: 24, Sender: 13, RSSI: -98
[P1_RX] Time: 736ms, Receiver: 23, Sender: 13, RSSI: -103
[P1_RX] Time: 736ms, Receiver: 0, Sender: 13, RSSI: -103
[P1_RX] Time: 736ms, Receiver: 14, Sender: 13, RSSI: -103
[P1_RX] Time: 736ms, Receiver: 33, Sender: 13, RSSI: -101
[P1_RX] Time: 736ms, Receiver: 30, Sender: 13, RSSI: -104
[P1_RX] Time: 736ms, Receiver: 12, Sender: 13, RSSI: -105
[P1_RX] Time: 736ms, Receiver: 42, Sender: 13, RSSI: -104
[P1_RX] Time: 736ms, Receiver: 26, Sender: 13, RSSI: -106
[P1_SUCCESS] Time: 736ms, Drone: 49
[P1_RX] Time: 736ms, Receiver: 3, Sender: 49, RSSI: -80
[P1_RX] Time: 736ms, Receiver: 18, Sender: 49, RSSI: -99
[P1_RX] Time: 736ms, Receiver: 21, Sender: 49, RSSI: -99
[P1_RX] Time: 736ms, Receiver: 16, Sender: 49, RSSI: -100
[P1_RX] Time: 736ms, Receiver: 17, Sender: 49, RSSI: -101
[P1_RX] Time: 736ms, Receiver: 15, Sender: 49, RSSI: -100
[P1_SUCCESS] Time: 736ms, Drone: 10
[P1_RX] Time: 736ms, Receiver: 38, Sender: 10, RSSI: -98
[P1_ABORT] Time: 736ms, Drone: 45
[P1_ATTEMPT] Time: 736ms, Drone: 45
[P1_ABORT] Time: 736ms, Drone: 38
[P1_ATTEMPT] Time: 736ms, Drone: 38
[P1_SUCCESS] Time: 737ms, Drone: 45
[P1_RX] Time: 737ms, Receiver: 31, Sender: 45, RSSI: -90
[P1_RX] Time: 737ms, Receiver: 13, Sender: 45, RSSI: -96
[P1_RX] Time: 737ms, Receiver: 2, Sender: 45, RSSI: -99
[P1_RX] Time: 737ms, Receiver: 32, Sender: 45, RSSI: -100
[P1_RX] Time: 737ms, Receiver: 4, Sender: 45, RSSI: -101
[P1_RX] Time: 737ms, Receiver: 27, Sender: 45, RSSI: -101
[P1_RX] Time: 737ms, Receiver: 1, Sender: 45, RSSI: -101
[P1_RX] Time: 737ms, Receiver: 0, Sender: 45, RSSI: -102
[P1_RX] Time: 737ms, Receiver: 48, Sender: 45, RSSI: -102
[P1_RX] Time: 737ms, Receiver: 24, Sender: 45, RSSI: -103
[P1_RX] Time: 737ms, Receiver: 15, Sender: 45, RSSI: -100
[P1_RX] Time: 737ms, Receiver: 19, Sender: 45, RSSI: -104
[P1_RX] Time: 737ms, Receiver: 23, Sender: 45, RSSI: -104
[P1_RX] Time: 737ms, Receiver: 47, Sender: 45, RSSI: -104
[P1_RX] Time: 737ms, Receiver: 33, Sender: 45, RSSI: -104
[P1_RX] Time: 737ms, Receiver: 42, Sender: 45, RSSI: -105
[P1_RX] Time: 737ms, Receiver: 14, Sender: 45, RSSI: -106
[P1_RX] Time: 737ms, Receiver: 40, Sender: 45, RSSI: -106
[P1_RX] Time: 737ms, Receiver: 30, Sender: 45, RSSI: -108
[P1_RX] Time: 737ms, Receiver: 26, Sender: 45, RSSI: -108
[P1_SUCCESS] Time: 737ms, Drone: 38
[P1_RX] Time: 737ms, Receiver: 11, Sender: 38, RSSI: -94
[P1_RX] Time: 737ms, Receiver: 43, Sender: 38, RSSI: -96
[P1_RX] Time: 737ms, Receiver: 21, Sender: 38, RSSI: -97
[P1_RX] Time: 737ms, Receiver: 10, Sender: 38, RSSI: -98
[P1_RX] Time: 737ms, Receiver: 18, Sender: 38, RSSI: -99
[P1_RX] Time: 737ms, Receiver: 17, Sender: 38, RSSI: -102
[P1_RX] Time: 737ms, Receiver: 8, Sender: 38, RSSI: -103
[P1_RX] Time: 737ms, Receiver: 3, Sender: 38, RSSI: -103
[P1_RX] Time: 737ms, Receiver: 49, Sender: 38, RSSI: -104
[P2_ATTEMPT] Time: 740ms, Drone: 3, Slot: 0, Channel: 23
[P2_ATTEMPT] Time: 740ms, Drone: 24, Slot: 0, Channel: 22
[P2_ATTEMPT] Time: 740ms, Drone: 27, Slot: 0, Channel: 23
[P2_ATTEMPT] Time: 740ms, Drone: 43, Slot: 0, Channel: 19
[P2_ATTEMPT] Time: 742ms, Drone: 5, Slot: 1, Channel: 17
[P2_ATTEMPT] Time: 742ms, Drone: 9, Slot: 1, Channel: 13
[P2_ATTEMPT] Time: 742ms, Drone: 10, Slot: 1, Channel: 23
[P2_ATTEMPT] Time: 742ms, Drone: 15, Slot: 1, Channel: 21
[P2_ATTEMPT] Time: 742ms, Drone: 17, Slot: 1, Channel: 22
[P2_SUCCESS] Time: 742ms, Drone: 3
[P2_SUCCESS] Time: 742ms, Drone: 24
[P2_SUCCESS] Time: 742ms, Drone: 27
[P2_SUCCESS] Time: 742ms, Drone: 43
[P2_ATTEMPT] Time: 745ms, Drone: 7, Slot: 2, Channel: 25
[P2_ATTEMPT] Time: 745ms, Drone: 19, Slot: 2, Channel: 15
[P2_ATTEMPT] Time: 745ms, Drone: 34, Slot: 2, Channel: 16
[P2_ATTEMPT] Time: 745ms, Drone: 36, Slot: 2, Channel: 21
[P2_ATTEMPT] Time: 745ms, Drone: 39, Slot: 2, Channel: 12
[P2_SUCCESS] Time: 745ms, Drone: 5
[P2_SUCCESS] Time: 745ms, Drone: 9
[P2_SUCCESS] Time: 745ms, Drone: 10
[P2_SUCCESS] Time: 745ms, Drone: 15
[P2_SUCCESS] Time: 745ms, Drone: 17
[P2_RX] Time: 745ms, Receiver: 35, Sender: 5, RSSI: -75
[P2_RX] Time: 745ms, Receiver: 18, Sender: 17, RSSI: -86
[P2_RX] Time: 745ms, Receiver: 21, Sender: 17, RSSI: -91
[P2_RX] Time: 745ms, Receiver: 16, Sender: 17, RSSI: -91
[P2_RX] Time: 745ms, Receiver: 43, Sender: 15, RSSI: -93
[P2_RX] Time: 745ms, Receiver: 32, Sender: 15, RSSI: -95
[P2_RX] Time: 745ms, Receiver: 3, Sender: 10, RSSI: -107
[P2_ATTEMPT] Time: 747ms, Drone: 14, Slot: 3, Channel: 21
[P2_ATTEMPT] Time: 747ms, Drone: 22, Slot: 3, Channel: 20
[P2_ATTEMPT] Time: 747ms, Drone: 28, Slot: 3, Channel: 24
[P2_ATTEMPT] Time: 747ms, Drone: 30, Slot: 3, Channel: 14
[P2_ATTEMPT] Time: 747ms, Drone: 49, Slot: 3, Channel: 16
[P2_SUCCESS] Time: 747ms, Drone: 7
[P2_SUCCESS] Time: 747ms, Drone: 19
[P2_SUCCESS] Time: 747ms, Drone: 34
[P2_SUCCESS] Time: 747ms, Drone: 36
[P2_SUCCESS] Time: 747ms, Drone: 39
[P2_RX] Time: 747ms, Receiver: 40, Sender: 19, RSSI: -92
[P2_RX] Time: 747ms, Receiver: 47, Sender: 19, RSSI: -92
[P2_RX] Time: 747ms, Receiver: 6, Sender: 39, RSSI: -95
[P2_ATTEMPT] Time: 750ms, Drone: 1, Slot: 4, Channel: 15
[P2_ATTEMPT] Time: 750ms, Drone: 2, Slot: 4, Channel: 25
[P2_ATTEMPT] Time: 750ms, Drone: 6, Slot: 4, Channel: 13
[P2_ATTEMPT] Time: 750ms, Drone: 8, Slot: 4, Channel: 16
[P2_ATTEMPT] Time: 750ms, Drone: 21, Slot: 4, Channel: 12
[P2_ATTEMPT] Time: 750ms, Drone: 25, Slot: 4, Channel: 23
[P2_ATTEMPT] Time: 750ms, Drone: 42, Slot: 4, Channel: 22
[P2_ATTEMPT] Time: 750ms, Drone: 47, Slot: 4, Channel: 17
[P2_SUCCESS] Time: 750ms, Drone: 14
[P2_SUCCESS] Time: 750ms, Drone: 22
[P2_SUCCESS] Time: 750ms, Drone: 28
[P2_SUCCESS] Time: 750ms, Drone: 30
[P2_SUCCESS] Time: 750ms, Drone: 49
[P2_RX] Time: 750ms, Receiver: 34, Sender: 28, RSSI: -78
[P2_RX] Time: 750ms, Receiver: 3, Sender: 49, RSSI: -80
[P2_RX] Time: 750ms, Receiver: 46, Sender: 28, RSSI: -82
[P2_RX] Time: 750ms, Receiver: 7, Sender: 30, RSSI: -94
[P2_ATTEMPT] Time: 752ms, Drone: 11, Slot: 5, Channel: 25
[P2_ATTEMPT] Time: 752ms, Drone: 18, Slot: 5, Channel: 15
[P2_ATTEMPT] Time: 752ms, Drone: 20, Slot: 5, Channel: 20
[P2_ATTEMPT] Time: 752ms, Drone: 32, Slot: 5, Channel: 22
[P2_ATTEMPT] Time: 752ms, Drone: 40, Slot: 5, Channel: 23
[P2_ATTEMPT] Time: 752ms, Drone: 44, Slot: 5, Channel: 24
[P2_ATTEMPT] Time: 752ms, Drone: 48, Slot: 5, Channel: 19
[P2_SUCCESS] Time: 752ms, Drone: 1
[P2_SUCCESS] Time: 752ms, Drone: 2
[P2_SUCCESS] Time: 752ms, Drone: 6
[P2_SUCCESS] Time: 752ms, Drone: 8
[P2_SUCCESS] Time: 752ms, Drone: 21
[P2_SUCCESS] Time: 752ms, Drone: 25
[P2_SUCCESS] Time: 752ms, Drone: 42
[P2_SUCCESS] Time: 752ms, Drone: 47
[P2_RX] Time: 752ms, Receiver: 26, Sender: 42, RSSI: -94
[P2_RX] Time: 752ms, Receiver: 39, Sender: 6, RSSI: -95
[P2_RX] Time: 752ms, Receiver: 37, Sender: 25, RSSI: -95
[P2_RX] Time: 752ms, Receiver: 9, Sender: 6, RSSI: -101
[P2_RX] Time: 752ms, Receiver: 19, Sender: 1, RSSI: -102
[P2_RX] Time: 752ms, Receiver: 5, Sender: 47, RSSI: -102
[P2_RX] Time: 752ms, Receiver: 35, Sender: 47, RSSI: -102
[P2_RX] Time: 752ms, Receiver: 3, Sender: 8, RSSI: -103
[P2_RX] Time: 752ms, Receiver: 49, Sender: 8, RSSI: -104
[P2_ATTEMPT] Time: 755ms, Drone: 4, Slot: 6, Channel: 15
[P2_ATTEMPT] Time: 755ms, Drone: 12, Slot: 6, Channel: 13
[P2_ATTEMPT] Time: 755ms, Drone: 26, Slot: 6, Channel: 14
[P2_ATTEMPT] Time: 755ms, Drone: 31, Slot: 6, Channel: 18
[P2_ATTEMPT] Time: 755ms, Drone: 33, Slot: 6, Channel: 16
[P2_ATTEMPT] Time: 755ms, Drone: 35, Slot: 6, Channel: 25
[P2_SUCCESS] Time: 755ms, Drone: 11
[P2_SUCCESS] Time: 755ms, Drone: 18
[P2_SUCCESS] Time: 755ms, Drone: 20
[P2_SUCCESS] Time: 755ms, Drone: 32
[P2_SUCCESS] Time: 755ms, Drone: 40
[P2_SUCCESS] Time: 755ms, Drone: 44
[P2_SUCCESS] Time: 755ms, Drone: 48
[P2_RX] Time: 755ms, Receiver: 21, Sender: 18, RSSI: -78
[P2_RX] Time: 755ms, Receiver: 1, Sender: 32, RSSI: -82
[P2_RX] Time: 755ms, Receiver: 17, Sender: 18, RSSI: -86
[P2_RX] Time: 755ms, Receiver: 16, Sender: 32, RSSI: -91
[P2_RX] Time: 755ms, Receiver: 38, Sender: 11, RSSI: -94
[P2_RX] Time: 755ms, Receiver: 24, Sender: 48, RSSI: -95
[P2_RX] Time: 755ms, Receiver: 15, Sender: 32, RSSI: -95
[P2_RX] Time: 755ms, Receiver: 28, Sender: 44, RSSI: -99
[P2_RX] Time: 755ms, Receiver: 46, Sender: 44, RSSI: -100
[P2_RX] Time: 755ms, Receiver: 34, Sender: 44, RSSI: -101
[P2_RX] Time: 755ms, Receiver: 27, Sender: 40, RSSI: -101
[P2_ATTEMPT] Time: 757ms, Drone: 23, Slot: 7, Channel: 12
[P2_ATTEMPT] Time: 757ms, Drone: 29, Slot: 7, Channel: 15
[P2_ATTEMPT] Time: 757ms, Drone: 41, Slot: 7, Channel: 12
[P2_ATTEMPT] Time: 757ms, Drone: 45, Slot: 7, Channel: 18
[P2_ABORT] Time: 757ms, Drone: 45
[P2_SUCCESS] Time: 757ms, Drone: 4
[P2_SUCCESS] Time: 757ms, Drone: 12
[P2_SUCCESS] Time: 757ms, Drone: 26
[P2_SUCCESS] Time: 757ms, Drone: 31
[P2_SUCCESS] Time: 757ms, Drone: 33
[P2_SUCCESS] Time: 757ms, Drone: 35
[P2_RX] Time: 757ms, Receiver: 5, Sender: 35, RSSI: -75
[P2_RX] Time: 757ms, Receiver: 45, Sender: 31, RSSI: -90
[P2_RX] Time: 757ms, Receiver: 13, Sender: 31, RSSI: -92
[P2_RX] Time: 757ms, Receiver: 48, Sender: 4, RSSI: -94
[P2_RX] Time: 757ms, Receiver: 42, Sender: 26, RSSI: -94
[P2_RX] Time: 757ms, Receiver: 30, Sender: 26, RSSI: -106
[P2_RX] Time: 757ms, Receiver: 7, Sender: 26, RSSI: -106
[P2_ATTEMPT] Time: 760ms, Drone: 13, Slot: 8, Channel: 20
[P2_ATTEMPT] Time: 760ms, Drone: 16, Slot: 8, Channel: 26
[P2_ATTEMPT] Time: 760ms, Drone: 37, Slot: 8, Channel: 19
[P2_ATTEMPT] Time: 760ms, Drone: 38, Slot: 8, Channel: 13
[P2_ATTEMPT] Time: 760ms, Drone: 46, Slot: 8, Channel: 17
[P2_SUCCESS] Time: 760ms, Drone: 23
[P2_SUCCESS] Time: 760ms, Drone: 29
[P2_SUCCESS] Time: 760ms, Drone: 41
[P2_RX] Time: 760ms, Receiver: 14, Sender: 23, RSSI: -89
[P2_RX] Time: 760ms, Receiver: 33, Sender: 29, RSSI: -89
[P2_RX] Time: 760ms, Receiver: 0, Sender: 23, RSSI: -89
[P2_RX] Time: 760ms, Receiver: 40, Sender: 41, RSSI: -95
[P2_RX] Time: 760ms, Receiver: 4, Sender: 29, RSSI: -103
[P2_ATTEMPT] Time: 762ms, Drone: 0, Slot: 9, Channel: 12
[P2_SUCCESS] Time: 762ms, Drone: 13
[P2_SUCCESS] Time: 762ms, Drone: 16
[P2_SUCCESS] Time: 762ms, Drone: 37
[P2_SUCCESS] Time: 762ms, Drone: 38
[P2_SUCCESS] Time: 762ms, Drone: 46
[P2_RX] Time: 762ms, Receiver: 28, Sender: 46, RSSI: -82
[P2_RX] Time: 762ms, Receiver: 34, Sender: 46, RSSI: -87
[P2_RX] Time: 762ms, Receiver: 29, Sender: 37, RSSI: -89
[P2_RX] Time: 762ms, Receiver: 1, Sender: 16, RSSI: -89
[P2_RX] Time: 762ms, Receiver: 32, Sender: 16, RSSI: -91
[P2_RX] Time: 762ms, Receiver: 17, Sender: 16, RSSI: -91
[P2_RX] Time: 762ms, Receiver: 31, Sender: 13, RSSI: -92
[P2_RX] Time: 762ms, Receiver: 48, Sender: 13, RSSI: -93
[P2_RX] Time: 762ms, Receiver: 18, Sender: 16, RSSI: -94
[P2_RX] Time: 762ms, Receiver: 11, Sender: 38, RSSI: -94
[P2_RX] Time: 762ms, Receiver: 25, Sender: 37, RSSI: -95
[P2_SUCCESS] Time: 764ms, Drone: 0
[P2_RX] Time: 764ms, Receiver: 23, Sender: 0, RSSI: -89
[P2_RX] Time: 764ms, Receiver: 14, Sender: 0, RSSI: -97
[P1_ATTEMPT] Time: 765ms, Drone: 1
[P1_ATTEMPT] Time: 765ms, Drone: 13
[P1_ATTEMPT] Time: 765ms, Drone: 48
[P1_ATTEMPT] Time: 765ms, Drone: 22
[P1_SUCCESS] Time: 766ms, Drone: 1
[P1_SUCCESS] Time: 766ms, Drone: 13
[P1_SUCCESS] Time: 766ms, Drone: 48
[P1_SUCCESS] Time: 766ms, Drone: 22
[P1_ATTEMPT] Time: 766ms, Drone: 38
[P1_ATTEMPT] Time: 766ms, Drone: 32
[P1_ATTEMPT] Time: 767ms, Drone: 14
[P1_ATTEMPT] Time: 767ms, Drone: 23
[P1_ATTEMPT] Time: 767ms, Drone: 10
[P1_ABORT] Time: 767ms, Drone: 10
[P1_ATTEMPT] Time: 767ms, Drone: 10
[P1_SUCCESS] Time: 767ms, Drone: 38
[P1_SUCCESS] Time: 767ms, Drone: 32
[P1_RX] Time: 767ms, Receiver: 1, Sender: 32, RSSI: -82
[P1_ATTEMPT] Time: 767ms, Drone: 29
[P1_ABORT] Time: 767ms, Drone: 10
[P1_ATTEMPT] Time: 767ms, Drone: 10
[P1_SUCCESS] Time: 768ms, Drone: 14
[P1_SUCCESS] Time: 768ms, Drone: 23
[P1_SUCCESS] Time: 768ms, Drone: 10
[P1_RX] Time: 768ms, Receiver: 38, Sender: 10, RSSI: -99
[P1_SUCCESS] Time: 769ms, Drone: 29
[P1_RX] Time: 769ms, Receiver: 13, Sender: 29, RSSI: -105
[P1_RX] Time: 769ms, Receiver: 48, Sender: 29, RSSI: -106
[P1_ATTEMPT] Time: 769ms, Drone: 25
[P1_ATTEMPT] Time: 769ms, Drone: 42
[P1_ATTEMPT] Time: 770ms, Drone: 15
[P1_SUCCESS] Time: 770ms, Drone: 25
[P1_RX] Time: 770ms, Receiver: 29, Sender: 25, RSSI: -93
[P1_ATTEMPT] Time: 770ms, Drone: 0
[P1_SUCCESS] Time: 770ms, Drone: 42
[P1_RX] Time: 770ms, Receiver: 23, Sender: 42, RSSI: -97
[P1_RX] Time: 770ms, Receiver: 14, Sender: 42, RSSI: -102
[P1_SUCCESS] Time: 771ms, Drone: 15
[P1_RX] Time: 771ms, Receiver: 38, Sender: 15, RSSI: -103
[P1_RX] Time: 771ms, Receiver: 10, Sender: 15, RSSI: -106
[P1_RX] Time: 771ms, Receiver: 29, Sender: 15, RSSI: -106
[P1_ATTEMPT] Time: 771ms, Drone: 16
[P1_SUCCESS] Time: 771ms, Drone: 0
[P1_RX] Time: 771ms, Receiver: 23, Sender: 0, RSSI: -89
[P1_RX] Time: 771ms, Receiver: 14, Sender: 0, RSSI: -97
[P1_RX] Time: 771ms, Receiver: 42, Sender: 0, RSSI: -98
[P1_ATTEMPT] Time: 771ms, Drone: 47
[P1_ATTEMPT] Time: 772ms, Drone: 8
[P1_ATTEMPT] Time: 772ms, Drone: 11
[P1_ABORT] Time: 772ms, Drone: 47
[P1_ATTEMPT] Time: 772ms, Drone: 47
[P1_ABORT] Time: 772ms, Drone: 47
[P1_ATTEMPT] Time: 772ms, Drone: 47
[P1_ABORT] Time: 772ms, Drone: 11
[P1_ATTEMPT] Time: 772ms, Drone: 11
[P1_ABORT] Time: 772ms, Drone: 47
[P1_ATTEMPT] Time: 772ms, Drone: 47
[P1_ABORT] Time: 772ms, Drone: 11
[P1_ATTEMPT] Time: 772ms, Drone: 11
[P1_ABORT] Time: 772ms, Drone: 47
[P1_ATTEMPT] Time: 772ms, Drone: 47
[P1_ABORT] Time: 772ms, Drone: 11
[P1_ATTEMPT] Time: 772ms, Drone: 11
[P1_ATTEMPT] Time: 772ms, Drone: 34
[P1_ABORT] Time: 772ms, Drone: 47
[P1_ATTEMPT] Time: 772ms, Drone: 47
[P1_ABORT] Time: 772ms, Drone: 11
[P1_ATTEMPT] Time: 772ms, Drone: 11
[P1_SUCCESS] Time: 772ms, Drone: 16
[P1_RX] Time: 772ms, Receiver: 1, Sender: 16, RSSI: -89
[P1_RX] Time: 772ms, Receiver: 32, Sender: 16, RSSI: -91
[P1_RX] Time: 772ms, Receiver: 47, Sender: 16, RSSI: -97
[P1_RX] Time: 772ms, Receiver: 15, Sender: 16, RSSI: -100
[P1_RX] Time: 772ms, Receiver: 13, Sender: 16, RSSI: -108
[P1_RX] Time: 772ms, Receiver: 48, Sender: 16, RSSI: -109
[P1_RX] Time: 772ms, Receiver: 42, Sender: 16, RSSI: -110
[P1_ABORT] Time: 772ms, Drone: 47
[P1_ATTEMPT] Time: 772ms, Drone: 47
[P1_ABORT] Time: 772ms, Drone: 11
[P1_ATTEMPT] Time: 772ms, Drone: 11
[P1_SUCCESS] Time: 773ms, Drone: 8
[P1_ATTEMPT] Time: 773ms, Drone: 3
[P1_ABORT] Time: 773ms, Drone: 3
[P1_ATTEMPT] Time: 773ms, Drone: 3
[P1_ABORT] Time: 773ms, Drone: 3
[P1_ATTEMPT] Time: 773ms, Drone: 3
[P1_ABORT] Time: 773ms, Drone: 3
[P1_ATTEMPT] Time: 773ms, Drone: 3
[P1_SUCCESS] Time: 773ms, Drone: 47
[P1_RX] Time: 773ms, Receiver: 16, Sender: 47, RSSI: -96
[P1_RX] Time: 773ms, Receiver: 32, Sender: 47, RSSI: -98
[P1_RX] Time: 773ms, Receiver: 1, Sender: 47, RSSI: -98
[P1_RX] Time: 773ms, Receiver: 42, Sender: 47, RSSI: -106
[P1_RX] Time: 773ms, Receiver: 22, Sender: 47, RSSI: -107
[P1_SUCCESS] Time: 773ms, Drone: 34
[P1_RX] Time: 773ms, Receiver: 25, Sender: 34, RSSI: -102
[P1_RX] Time: 773ms, Receiver: 29, Sender: 34, RSSI: -104
[P1_SUCCESS] Time: 773ms, Drone: 11
[P1_RX] Time: 773ms, Receiver: 38, Sender: 11, RSSI: -94
[P1_RX] Time: 773ms, Receiver: 10, Sender: 11, RSSI: -104
[P1_ABORT] Time: 773ms, Drone: 3
[P1_ATTEMPT] Time: 773ms, Drone: 3
[P1_ATTEMPT] Time: 774ms, Drone: 4
[P1_ATTEMPT] Time: 774ms, Drone: 19
[P1_SUCCESS] Time: 774ms, Drone: 3
[P1_RX] Time: 774ms, Receiver: 16, Sender: 3, RSSI: -101
[P1_RX] Time: 774ms, Receiver: 1, Sender: 3, RSSI: -102
[P1_RX] Time: 774ms, Receiver: 15, Sender: 3, RSSI: -103
[P1_RX] Time: 774ms, Receiver: 32, Sender: 3, RSSI: -103
[P1_RX] Time: 774ms, Receiver: 8, Sender: 3, RSSI: -103
[P1_RX] Time: 774ms, Receiver: 38, Sender: 3, RSSI: -104
[P1_RX] Time: 774ms, Receiver: 11, Sender: 3, RSSI: -106
[P1_RX] Time: 774ms, Receiver: 10, Sender: 3, RSSI: -107
[P1_ABORT] Time: 774ms, Drone: 19
[P1_ATTEMPT] Time: 774ms, Drone: 19
[P1_ATTEMPT] Time: 774ms, Drone: 12
[P1_ABORT] Time: 774ms, Drone: 19
[P1_ATTEMPT] Time: 774ms, Drone: 19
[P1_ABORT] Time: 775ms, Drone: 19
[P1_ATTEMPT] Time: 775ms, Drone: 19
[P1_ABORT] Time: 775ms, Drone: 19
[P1_ATTEMPT] Time: 775ms, Drone: 19
[P1_SUCCESS] Time: 775ms, Drone: 4
[P1_ABORT] Time: 775ms, Drone: 19
[P1_ATTEMPT] Time: 775ms, Drone: 19
[P1_RX] Time: 775ms, Receiver: 42, Sender: 4, RSSI: -108
[P1_RX] Time: 775ms, Receiver: 19, Sender: 4, RSSI: -108
[P1_RX] Time: 775ms, Receiver: 25, Sender: 4, RSSI: -108
[P1_RX] Time: 775ms, Receiver: 23, Sender: 4, RSSI: -108
[P1_RX] Time: 775ms, Receiver: 0, Sender: 4, RSSI: -108
[P1_ATTEMPT] Time: 775ms, Drone: 26
[P1_ATTEMPT] Time: 775ms, Drone: 21
[P1_ATTEMPT] Time: 775ms, Drone: 45
[P1_ATTEMPT] Time: 775ms, Drone: 31
[P1_ABORT] Time: 775ms, Drone: 45
[P1_ATTEMPT] Time: 775ms, Drone: 45
[P1_SUCCESS] Time: 776ms, Drone: 12
[P1_ABORT] Time: 776ms, Drone: 45
[P1_ATTEMPT] Time: 776ms, Drone: 45
[P1_ABORT] Time: 776ms, Drone: 31
[P1_ATTEMPT] Time: 776ms, Drone: 31
[P1_ABORT] Time: 776ms, Drone: 45
[P1_ATTEMPT] Time: 776ms, Drone: 45
[P1_ABORT] Time: 776ms, Drone: 31
[P1_ATTEMPT] Time: 776ms, Drone: 31
[P1_ATTEMPT] Time: 776ms, Drone: 46
[P1_SUCCESS] Time: 776ms, Drone: 19
[P1_RX] Time: 776ms, Receiver: 47, Sender: 19, RSSI: -92
[P1_ABORT] Time: 776ms, Drone: 45
[P1_ATTEMPT] Time: 776ms, Drone: 45
[P1_ABORT] Time: 776ms, Drone: 31
[P1_ATTEMPT] Time: 776ms, Drone: 31
[P1_SUCCESS] Time: 776ms, Drone: 26
[P1_SUCCESS] Time: 776ms, Drone: 21
[P1_RX] Time: 776ms, Receiver: 38, Sender: 21, RSSI: -97
[P1_RX] Time: 776ms, Receiver: 8, Sender: 21, RSSI: -104
[P1_RX] Time: 776ms, Receiver: 10, Sender: 21, RSSI: -105
[P1_ATTEMPT] Time: 776ms, Drone: 5
[P1_SUCCESS] Time: 777ms, Drone: 45
[P1_RX] Time: 777ms, Receiver: 32, Sender: 45, RSSI: -99
[P1_RX] Time: 777ms, Receiver: 4, Sender: 45, RSSI: -98
[P1_RX] Time: 777ms, Receiver: 1, Sender: 45, RSSI: -100
[P1_RX] Time: 777ms, Receiver: 0, Sender: 45, RSSI: -100
[P1_RX] Time: 777ms, Receiver: 15, Sender: 45, RSSI: -101
[P1_SUCCESS] Time: 777ms, Drone: 31
[P1_RX] Time: 777ms, Receiver: 12, Sender: 31, RSSI: -105
[P1_SUCCESS] Time: 777ms, Drone: 46
[P1_RX] Time: 777ms, Receiver: 34, Sender: 46, RSSI: -87
[P1_RX] Time: 777ms, Receiver: 25, Sender: 46, RSSI: -103
[P1_ATTEMPT] Time: 777ms, Drone: 40
[P1_SUCCESS] Time: 777ms, Drone: 5
[P1_RX] Time: 777ms, Receiver: 22, Sender: 5, RSSI: -103
[P1_ATTEMPT] Time: 777ms, Drone: 39
[P1_ATTEMPT] Time: 778ms, Drone: 17
[P1_ATTEMPT] Time: 778ms, Drone: 28
[P1_ABORT] Time: 778ms, Drone: 17
[P1_ATTEMPT] Time: 778ms, Drone: 17
[P1_SUCCESS] Time: 778ms, Drone: 40
[P1_RX] Time: 778ms, Receiver: 47, Sender: 40, RSSI: -91
[P1_RX] Time: 778ms, Receiver: 19, Sender: 40, RSSI: -92
[P1_RX] Time: 778ms, Receiver: 5, Sender: 40, RSSI: -95
[P1_RX] Time: 778ms, Receiver: 16, Sender: 40, RSSI: -101
[P1_RX] Time: 778ms, Receiver: 1, Sender: 40, RSSI: -103
[P1_RX] Time: 778ms, Receiver: 32, Sender: 40, RSSI: -103
[P1_ABORT] Time: 778ms, Drone: 17
[P1_ATTEMPT] Time: 778ms, Drone: 17
[P1_SUCCESS] Time: 778ms, Drone: 39
[P1_RX] Time: 778ms, Receiver: 42, Sender: 39, RSSI: -102
[P1_RX] Time: 778ms, Receiver: 0, Sender: 39, RSSI: -104
[P1_RX] Time: 778ms, Receiver: 26, Sender: 39, RSSI: -105
[P1_ATTEMPT] Time: 779ms, Drone: 20
[P1_ABORT] Time: 779ms, Drone: 20
[P1_ATTEMPT] Time: 779ms, Drone: 20
[P1_SUCCESS] Time: 779ms, Drone: 17
[P1_RX] Time: 779ms, Receiver: 21, Sender: 17, RSSI: -91
[P1_RX] Time: 779ms, Receiver: 16, Sender: 17, RSSI: -91
[P1_RX] Time: 779ms, Receiver: 1, Sender: 17, RSSI: -99
[P1_RX] Time: 779ms, Receiver: 11, Sender: 17, RSSI: -99
[P1_RX] Time: 779ms, Receiver: 32, Sender: 17, RSSI: -99
[P1_RX] Time: 779ms, Receiver: 3, Sender: 17, RSSI: -100
[P1_RX] Time: 779ms, Receiver: 47, Sender: 17, RSSI: -101
[P1_RX] Time: 779ms, Receiver: 15, Sender: 17, RSSI: -102
[P1_RX] Time: 779ms, Receiver: 38, Sender: 17, RSSI: -103
[P1_RX] Time: 779ms, Receiver: 40, Sender: 17, RSSI: -103
[P1_RX] Time: 779ms, Receiver: 19, Sender: 17, RSSI: -105
[P1_RX] Time: 779ms, Receiver: 8, Sender: 17, RSSI: -107
[P1_SUCCESS] Time: 779ms, Drone: 28
[P1_RX] Time: 779ms, Receiver: 34, Sender: 28, RSSI: -78
[P1_RX] Time: 779ms, Receiver: 46, Sender: 28, RSSI: -82
[P1_RX] Time: 779ms, Receiver: 25, Sender: 28, RSSI: -104
[P1_RX] Time: 779ms, Receiver: 29, Sender: 28, RSSI: -105
[P1_ABORT] Time: 779ms, Drone: 20
[P1_ATTEMPT] Time: 779ms, Drone: 20
[P1_ATTEMPT] Time: 780ms, Drone: 36
[P1_ATTEMPT] Time: 780ms, Drone: 43
[P1_SUCCESS] Time: 780ms, Drone: 20
[P1_RX] Time: 780ms, Receiver: 29, Sender: 20, RSSI: -103
[P1_RX] Time: 780ms, Receiver: 25, Sender: 20, RSSI: -104
[P1_RX] Time: 780ms, Receiver: 34, Sender: 20, RSSI: -105
[P1_RX] Time: 780ms, Receiver: 28, Sender: 20, RSSI: -105
[P1_RX] Time: 780ms, Receiver: 4, Sender: 20, RSSI: -106
[P1_RX] Time: 780ms, Receiver: 46, Sender: 20, RSSI: -107
[P1_ATTEMPT] Time: 780ms, Drone: 6
[P1_ATTEMPT] Time: 780ms, Drone: 41
[P1_ATTEMPT] Time: 781ms, Drone: 27
[P1_ATTEMPT] Time: 781ms, Drone: 30
[P1_SUCCESS] Time: 781ms, Drone: 36
[P1_RX] Time: 781ms, Receiver: 22, Sender: 36, RSSI: -99
[P1_RX] Time: 781ms, Receiver: 5, Sender: 36, RSSI: -100
[P1_RX] Time: 781ms, Receiver: 40, Sender: 36, RSSI: -103
[P1_RX] Time: 781ms, Receiver: 39, Sender: 36, RSSI: -106
[P1_SUCCESS] Time: 781ms, Drone: 43
[P1_RX] Time: 781ms, Receiver: 38, Sender: 43, RSSI: -96
[P1_RX] Time: 781ms, Receiver: 21, Sender: 43, RSSI: -99
[P1_RX] Time: 781ms, Receiver: 11, Sender: 43, RSSI: -100
[P1_RX] Time: 781ms, Receiver: 10, Sender: 43, RSSI: -102
[P1_RX] Time: 781ms, Receiver: 17, Sender: 43, RSSI: -102
[P1_RX] Time: 781ms, Receiver: 16, Sender: 43, RSSI: -102
[P1_RX] Time: 781ms, Receiver: 8, Sender: 43, RSSI: -106
[P1_ABORT] Time: 781ms, Drone: 41
[P1_ATTEMPT] Time: 781ms, Drone: 41
[P1_SUCCESS] Time: 781ms, Drone: 6
[P1_RX] Time: 781ms, Receiver: 39, Sender: 6, RSSI: -95
[P1_RX] Time: 781ms, Receiver: 42, Sender: 6, RSSI: -98
[P1_RX] Time: 781ms, Receiver: 0, Sender: 6, RSSI: -99
[P1_RX] Time: 781ms, Receiver: 23, Sender: 6, RSSI: -100
[P1_RX] Time: 781ms, Receiver: 26, Sender: 6, RSSI: -102
[P1_ATTEMPT] Time: 782ms, Drone: 18
[P1_SUCCESS] Time: 782ms, Drone: 41
[P1_RX] Time: 782ms, Receiver: 17, Sender: 41, RSSI: -101
[P1_SUCCESS] Time: 782ms, Drone: 27
[P1_RX] Time: 782ms, Receiver: 32, Sender: 27, RSSI: -99
[P1_RX] Time: 782ms, Receiver: 1, Sender: 27, RSSI: -100
[P1_RX] Time: 782ms, Receiver: 15, Sender: 27, RSSI: -103
[P1_RX] Time: 782ms, Receiver: 43, Sender: 27, RSSI: -104
[P1_SUCCESS] Time: 782ms, Drone: 30
[P1_RX] Time: 782ms, Receiver: 12, Sender: 30, RSSI: -98
[P1_SUCCESS] Time: 783ms, Drone: 18
[P1_RX] Time: 783ms, Receiver: 21, Sender: 18, RSSI: -78
[P1_RX] Time: 783ms, Receiver: 17, Sender: 18, RSSI: -86
[P1_RX] Time: 783ms, Receiver: 16, Sender: 18, RSSI: -94
[P1_RX] Time: 783ms, Receiver: 3, Sender: 18, RSSI: -97
[P1_RX] Time: 783ms, Receiver: 11, Sender: 18, RSSI: -98
[P1_RX] Time: 783ms, Receiver: 32, Sender: 18, RSSI: -99
[P1_RX] Time: 783ms, Receiver: 1, Sender: 18, RSSI: -99
[P1_RX] Time: 783ms, Receiver: 43, Sender: 18, RSSI: -99
[P1_RX] Time: 783ms, Receiver: 38, Sender: 18, RSSI: -100
[P1_RX] Time: 783ms, Receiver: 15, Sender: 18, RSSI: -100
[P1_RX] Time: 783ms, Receiver: 47, Sender: 18, RSSI: -103
[P1_RX] Time: 783ms, Receiver: 27, Sender: 18, RSSI: -106
[P1_RX] Time: 783ms, Receiver: 8, Sender: 18, RSSI: -106
[P1_RX] Time: 783ms, Receiver: 40, Sender: 18, RSSI: -106
[P1_RX] Time: 783ms, Receiver: 10, Sender: 18, RSSI: -107
[P1_RX] Time: 783ms, Receiver: 41, Sender: 18, RSSI: -107
[P1_RX] Time: 783ms, Receiver: 19, Sender: 18, RSSI: -107
[P1_RX] Time: 783ms, Receiver: 4, Sender: 18, RSSI: -108
[P1_ATTEMPT] Time: 783ms, Drone: 37
[P1_ATTEMPT] Time: 784ms, Drone: 49
[P1_SUCCESS] Time: 784ms, Drone: 37
[P1_RX] Time: 784ms, Receiver: 29, Sender: 37, RSSI: -89
[P1_RX] Time: 784ms, Receiver: 25, Sender: 37, RSSI: -95
[P1_RX] Time: 784ms, Receiver: 34, Sender: 37, RSSI: -102
[P1_RX] Time: 784ms, Receiver: 20, Sender: 37, RSSI: -103
[P1_RX] Time: 784ms, Receiver: 28, Sender: 37, RSSI: -104
[P1_RX] Time: 784ms, Receiver: 46, Sender: 37, RSSI: -105
[P1_RX] Time: 784ms, Receiver: 15, Sender: 37, RSSI: -105
[P1_RX] Time: 784ms, Receiver: 4, Sender: 37, RSSI: -106
[P1_RX] Time: 784ms, Receiver: 31, Sender: 37, RSSI: -106
[P1_RX] Time: 784ms, Receiver: 13, Sender: 37, RSSI: -108
[P1_RX] Time: 784ms, Receiver: 43, Sender: 37, RSSI: -108
[P1_RX] Time: 784ms, Receiver: 45, Sender: 37, RSSI: -109
[P1_RX] Time: 784ms, Receiver: 48, Sender: 37, RSSI: -109
[P1_ATTEMPT] Time: 785ms, Drone: 24
[P1_SUCCESS] Time: 785ms, Drone: 49
[P1_RX] Time: 785ms, Receiver: 3, Sender: 49, RSSI: -80
[P1_RX] Time: 785ms, Receiver: 18, Sender: 49, RSSI: -100
[P1_RX] Time: 785ms, Receiver: 21, Sender: 49, RSSI: -100
[P1_RX] Time: 785ms, Receiver: 16, Sender: 49, RSSI: -102
[P1_RX] Time: 785ms, Receiver: 1, Sender: 49, RSSI: -102
[P1_RX] Time: 785ms, Receiver: 17, Sender: 49, RSSI: -103
[P1_RX] Time: 785ms, Receiver: 15, Sender: 49, RSSI: -103
[P1_RX] Time: 785ms, Receiver: 32, Sender: 49, RSSI: -103
[P1_RX] Time: 785ms, Receiver: 8, Sender: 49, RSSI: -104
[P1_RX] Time: 785ms, Receiver: 43, Sender: 49, RSSI: -105
[P1_RX] Time: 785ms, Receiver: 38, Sender: 49, RSSI: -106
[P1_RX] Time: 785ms, Receiver: 4, Sender: 49, RSSI: -106
[P1_RX] Time: 785ms, Receiver: 20, Sender: 49, RSSI: -107
[P1_RX] Time: 785ms, Receiver: 37, Sender: 49, RSSI: -109
[P1_ATTEMPT] Time: 785ms, Drone: 2
[P1_ABORT] Time: 786ms, Drone: 2
[P1_ATTEMPT] Time: 786ms, Drone: 2
[P1_SUCCESS] Time: 786ms, Drone: 24
[P1_RX] Time: 786ms, Receiver: 48, Sender: 24, RSSI: -95
[P1_RX] Time: 786ms, Receiver: 13, Sender: 24, RSSI: -98
[P1_RX] Time: 786ms, Receiver: 42, Sender: 24, RSSI: -98
[P1_RX] Time: 786ms, Receiver: 23, Sender: 24, RSSI: -98
[P1_RX] Time: 786ms, Receiver: 26, Sender: 24, RSSI: -99
[P1_RX] Time: 786ms, Receiver: 14, Sender: 24, RSSI: -99
[P1_RX] Time: 786ms, Receiver: 0, Sender: 24, RSSI: -101
[P1_RX] Time: 786ms, Receiver: 4, Sender: 24, RSSI: -102
[P1_RX] Time: 786ms, Receiver: 45, Sender: 24, RSSI: -103
[P1_RX] Time: 786ms, Receiver: 30, Sender: 24, RSSI: -103
[P1_RX] Time: 786ms, Receiver: 31, Sender: 24, RSSI: -104
[P1_RX] Time: 786ms, Receiver: 6, Sender: 24, RSSI: -106
[P1_RX] Time: 786ms, Receiver: 19, Sender: 24, RSSI: -106
[P1_RX] Time: 786ms, Receiver: 1, Sender: 24, RSSI: -107
[P1_RX] Time: 786ms, Receiver: 32, Sender: 24, RSSI: -108
[P1_RX] Time: 786ms, Receiver: 12, Sender: 24, RSSI: -108
[P1_RX] Time: 786ms, Receiver: 27, Sender: 24, RSSI: -109
[P1_RX] Time: 786ms, Receiver: 47, Sender: 24, RSSI: -109
[P1_ABORT] Time: 786ms, Drone: 2
[P1_ATTEMPT] Time: 786ms, Drone: 2
[P1_ATTEMPT] Time: 786ms, Drone: 44
[P1_ATTEMPT] Time: 786ms, Drone: 33
[P1_ATTEMPT] Time: 786ms, Drone: 7
[P1_SUCCESS] Time: 787ms, Drone: 2
[P1_RX] Time: 787ms, Receiver: 24, Sender: 2, RSSI: -89
[P1_RX] Time: 787ms, Receiver: 42, Sender: 2, RSSI: -96
[P1_RX] Time: 787ms, Receiver: 13, Sender: 2, RSSI: -97
[P1_RX] Time: 787ms, Receiver: 23, Sender: 2, RSSI: -98
[P1_RX] Time: 787ms, Receiver: 48, Sender: 2, RSSI: -98
[P1_RX] Time: 787ms, Receiver: 0, Sender: 2, RSSI: -98
[P1_RX] Time: 787ms, Receiver: 45, Sender: 2, RSSI: -99
[P1_RX] Time: 787ms, Receiver: 14, Sender: 2, RSSI: -101
[P1_RX] Time: 787ms, Receiver: 26, Sender: 2, RSSI: -101
[P1_RX] Time: 787ms, Receiver: 4, Sender: 2, RSSI: -102
[P1_RX] Time: 787ms, Receiver: 31, Sender: 2, RSSI: -102
[P1_RX] Time: 787ms, Receiver: 19, Sender: 2, RSSI: -103
[P1_RX] Time: 787ms, Receiver: 1, Sender: 2, RSSI: -105
[P1_RX] Time: 787ms, Receiver: 6, Sender: 2, RSSI: -105
[P1_RX] Time: 787ms, Receiver: 32, Sender: 2, RSSI: -105
[P1_RX] Time: 787ms, Receiver: 30, Sender: 2, RSSI: -106
[P1_RX] Time: 787ms, Receiver: 27, Sender: 2, RSSI: -106
[P1_RX] Time: 787ms, Receiver: 47, Sender: 2, RSSI: -106
[P1_RX] Time: 787ms, Receiver: 40, Sender: 2, RSSI: -107
[P1_RX] Time: 787ms, Receiver: 16, Sender: 2, RSSI: -108
[P1_RX] Time: 787ms, Receiver: 39, Sender: 2, RSSI: -108
[P1_ATTEMPT] Time: 787ms, Drone: 35
[P1_SUCCESS] Time: 787ms, Drone: 44
[P1_RX] Time: 787ms, Receiver: 28, Sender: 44, RSSI: -99
[P1_RX] Time: 787ms, Receiver: 46, Sender: 44, RSSI: -100
[P1_RX] Time: 787ms, Receiver: 34, Sender: 44, RSSI: -101
[P1_RX] Time: 787ms, Receiver: 20, Sender: 44, RSSI: -103
[P1_SUCCESS] Time: 787ms, Drone: 33
[P1_RX] Time: 787ms, Receiver: 29, Sender: 33, RSSI: -89
[P1_RX] Time: 787ms, Receiver: 31, Sender: 33, RSSI: -102
[P1_RX] Time: 787ms, Receiver: 4, Sender: 33, RSSI: -103
[P1_RX] Time: 787ms, Receiver: 15, Sender: 33, RSSI: -103
[P1_RX] Time: 787ms, Receiver: 13, Sender: 33, RSSI: -104
[P1_RX] Time: 787ms, Receiver: 45, Sender: 33, RSSI: -105
[P1_RX] Time: 787ms, Receiver: 43, Sender: 33, RSSI: -106
[P1_RX] Time: 787ms, Receiver: 32, Sender: 33, RSSI: -106
[P1_RX] Time: 787ms, Receiver: 1, Sender: 33, RSSI: -107
[P1_ATTEMPT] Time: 787ms, Drone: 9
[P1_SUCCESS] Time: 788ms, Drone: 7
[P1_RX] Time: 788ms, Receiver: 30, Sender: 7, RSSI: -94
[P1_RX] Time: 788ms, Receiver: 14, Sender: 7, RSSI: -100
[P1_RX] Time: 788ms, Receiver: 23, Sender: 7, RSSI: -104
[P1_RX] Time: 788ms, Receiver: 26, Sender: 7, RSSI: -105
[P1_ABORT] Time: 788ms, Drone: 9
[P1_SUCCESS] Time: 788ms, Drone: 35
[P1_RX] Time: 788ms, Receiver: 5, Sender: 35, RSSI: -75
[P1_RX] Time: 788ms, Receiver: 39, Sender: 35, RSSI: -97
[P1_RX] Time: 788ms, Receiver: 19, Sender: 35, RSSI: -98
[P1_RX] Time: 788ms, Receiver: 40, Sender: 35, RSSI: -99
[P1_RX] Time: 788ms, Receiver: 9, Sender: 35, RSSI: -100
[P1_RX] Time: 788ms, Receiver: 41, Sender: 35, RSSI: -102
[P1_RX] Time: 788ms, Receiver: 36, Sender: 35, RSSI: -102
[P1_RX] Time: 788ms, Receiver: 47, Sender: 35, RSSI: -102
[P1_RX] Time: 788ms, Receiver: 6, Sender: 35, RSSI: -103
[P1_RX] Time: 788ms, Receiver: 22, Sender: 35, RSSI: -104
[P1_RX] Time: 788ms, Receiver: 27, Sender: 35, RSSI: -104
[P1_RX] Time: 788ms, Receiver: 42, Sender: 35, RSSI: -105
[P1_RX] Time: 788ms, Receiver: 0, Sender: 35, RSSI: -107
[P1_RX] Time: 788ms, Receiver: 2, Sender: 35, RSSI: -108
[P1_RX] Time: 788ms, Receiver: 23, Sender: 35, RSSI: -109
[P1_RX] Time: 788ms, Receiver: 17, Sender: 35, RSSI: -110
[P2_ATTEMPT] Time: 791ms, Drone: 5, Slot: 0, Channel: 13
[P2_ATTEMPT] Time: 791ms, Drone: 10, Slot: 0, Channel: 12
[P2_ATTEMPT] Time: 791ms, Drone: 11, Slot: 0, Channel: 19
[P2_ATTEMPT] Time: 791ms, Drone: 40, Slot: 0, Channel: 18
[P2_ATTEMPT] Time: 791ms, Drone: 42, Slot: 0, Channel: 14
[P2_ATTEMPT] Time: 793ms, Drone: 14, Slot: 1, Channel: 23
[P2_ATTEMPT] Time: 793ms, Drone: 47, Slot: 1, Channel: 24
[P2_SUCCESS] Time: 793ms, Drone: 5
[P2_SUCCESS] Time: 793ms, Drone: 10
[P2_SUCCESS] Time: 793ms, Drone: 11
[P2_SUCCESS] Time: 793ms, Drone: 40
[P2_SUCCESS] Time: 793ms, Drone: 42
[P2_ATTEMPT] Time: 796ms, Drone: 18, Slot: 2, Channel: 19
[P2_ATTEMPT] Time: 796ms, Drone: 22, Slot: 2, Channel: 21
[P2_ATTEMPT] Time: 796ms, Drone: 46, Slot: 2, Channel: 14
[P2_SUCCESS] Time: 796ms, Drone: 14
[P2_SUCCESS] Time: 796ms, Drone: 47
[P2_ATTEMPT] Time: 798ms, Drone: 25, Slot: 3, Channel: 26
[P2_ATTEMPT] Time: 798ms, Drone: 32, Slot: 3, Channel: 17
[P2_ATTEMPT] Time: 798ms, Drone: 37, Slot: 3, Channel: 21
[P2_ATTEMPT] Time: 798ms, Drone: 45, Slot: 3, Channel: 22
[P2_SUCCESS] Time: 798ms, Drone: 18
[P2_SUCCESS] Time: 798ms, Drone: 22
[P2_SUCCESS] Time: 798ms, Drone: 46
[P2_RX] Time: 798ms, Receiver: 21, Sender: 18, RSSI: -78
[P2_RX] Time: 798ms, Receiver: 17, Sender: 18, RSSI: -86
[P2_RX] Time: 798ms, Receiver: 34, Sender: 46, RSSI: -87
[P2_RX] Time: 798ms, Receiver: 16, Sender: 18, RSSI: -94
[P2_RX] Time: 798ms, Receiver: 11, Sender: 18, RSSI: -98
[P2_ATTEMPT] Time: 801ms, Drone: 8, Slot: 4, Channel: 24
[P2_ATTEMPT] Time: 801ms, Drone: 9, Slot: 4, Channel: 17
[P2_ATTEMPT] Time: 801ms, Drone: 26, Slot: 4, Channel: 15
[P2_ATTEMPT] Time: 801ms, Drone: 38, Slot: 4, Channel: 20
[P2_SUCCESS] Time: 801ms, Drone: 25
[P2_SUCCESS] Time: 801ms, Drone: 32
[P2_SUCCESS] Time: 801ms, Drone: 37
[P2_SUCCESS] Time: 801ms, Drone: 45
[P2_RX] Time: 801ms, Receiver: 1, Sender: 32, RSSI: -82
[P2_RX] Time: 801ms, Receiver: 29, Sender: 37, RSSI: -89
[P2_ATTEMPT] Time: 803ms, Drone: 0, Slot: 5, Channel: 13
[P2_ATTEMPT] Time: 803ms, Drone: 7, Slot: 5, Channel: 15
[P2_ATTEMPT] Time: 803ms, Drone: 16, Slot: 5, Channel: 25
[P2_ATTEMPT] Time: 803ms, Drone: 17, Slot: 5, Channel: 26
[P2_ATTEMPT] Time: 803ms, Drone: 20, Slot: 5, Channel: 13
[P2_ATTEMPT] Time: 803ms, Drone: 31, Slot: 5, Channel: 13
[P2_SUCCESS] Time: 803ms, Drone: 8
[P2_SUCCESS] Time: 803ms, Drone: 9
[P2_SUCCESS] Time: 803ms, Drone: 26
[P2_SUCCESS] Time: 803ms, Drone: 38
[P2_ATTEMPT] Time: 806ms, Drone: 4, Slot: 6, Channel: 16
[P2_ATTEMPT] Time: 806ms, Drone: 23, Slot: 6, Channel: 18
[P2_ATTEMPT] Time: 806ms, Drone: 27, Slot: 6, Channel: 24
[P2_ATTEMPT] Time: 806ms, Drone: 30, Slot: 6, Channel: 12
[P2_ATTEMPT] Time: 806ms, Drone: 39, Slot: 6, Channel: 23
[P2_ATTEMPT] Time: 806ms, Drone: 41, Slot: 6, Channel: 20
[P2_ATTEMPT] Time: 806ms, Drone: 49, Slot: 6, Channel: 16
[P2_SUCCESS] Time: 806ms, Drone: 0
[P2_SUCCESS] Time: 806ms, Drone: 7
[P2_SUCCESS] Time: 806ms, Drone: 16
[P2_SUCCESS] Time: 806ms, Drone: 17
[P2_SUCCESS] Time: 806ms, Drone: 20
[P2_SUCCESS] Time: 806ms, Drone: 31
[P2_RX] Time: 806ms, Receiver: 1, Sender: 16, RSSI: -89
[P2_RX] Time: 806ms, Receiver: 21, Sender: 17, RSSI: -91
[P2_RX] Time: 806ms, Receiver: 32, Sender: 16, RSSI: -91
[P2_RX] Time: 806ms, Receiver: 26, Sender: 7, RSSI: -106
[P2_ATTEMPT] Time: 808ms, Drone: 6, Slot: 7, Channel: 19
[P2_ATTEMPT] Time: 808ms, Drone: 28, Slot: 7, Channel: 20
[P2_ATTEMPT] Time: 808ms, Drone: 35, Slot: 7, Channel: 16
[P2_ATTEMPT] Time: 808ms, Drone: 48, Slot: 7, Channel: 18
[P2_SUCCESS] Time: 808ms, Drone: 4
[P2_SUCCESS] Time: 808ms, Drone: 23
[P2_SUCCESS] Time: 808ms, Drone: 27
[P2_SUCCESS] Time: 808ms, Drone: 30
[P2_SUCCESS] Time: 808ms, Drone: 39
[P2_SUCCESS] Time: 808ms, Drone: 41
[P2_SUCCESS] Time: 808ms, Drone: 49
[P2_RX] Time: 808ms, Receiver: 3, Sender: 49, RSSI: -80
[P2_RX] Time: 808ms, Receiver: 47, Sender: 27, RSSI: -95
[P2_ATTEMPT] Time: 811ms, Drone: 1, Slot: 8, Channel: 20
[P2_ATTEMPT] Time: 811ms, Drone: 3, Slot: 8, Channel: 13
[P2_ATTEMPT] Time: 811ms, Drone: 33, Slot: 8, Channel: 14
[P2_ATTEMPT] Time: 811ms, Drone: 43, Slot: 8, Channel: 20
[P2_SUCCESS] Time: 811ms, Drone: 6
[P2_SUCCESS] Time: 811ms, Drone: 28
[P2_SUCCESS] Time: 811ms, Drone: 35
[P2_SUCCESS] Time: 811ms, Drone: 48
[P2_RX] Time: 811ms, Receiver: 5, Sender: 35, RSSI: -75
[P2_RX] Time: 811ms, Receiver: 34, Sender: 28, RSSI: -78
[P2_RX] Time: 811ms, Receiver: 46, Sender: 28, RSSI: -82
[P2_RX] Time: 811ms, Receiver: 39, Sender: 6, RSSI: -95
[P2_RX] Time: 811ms, Receiver: 23, Sender: 48, RSSI: -105
[P2_ATTEMPT] Time: 813ms, Drone: 2, Slot: 9, Channel: 14
[P2_ATTEMPT] Time: 813ms, Drone: 12, Slot: 9, Channel: 26
[P2_ATTEMPT] Time: 813ms, Drone: 13, Slot: 9, Channel: 13
[P2_ATTEMPT] Time: 813ms, Drone: 15, Slot: 9, Channel: 17
[P2_ATTEMPT] Time: 813ms, Drone: 19, Slot: 9, Channel: 25
[P2_ATTEMPT] Time: 813ms, Drone: 21, Slot: 9, Channel: 19
[P2_ATTEMPT] Time: 813ms, Drone: 24, Slot: 9, Channel: 26
[P2_ATTEMPT] Time: 813ms, Drone: 29, Slot: 9, Channel: 13
[P2_ATTEMPT] Time: 813ms, Drone: 34, Slot: 9, Channel: 21
[P2_ATTEMPT] Time: 813ms, Drone: 36, Slot: 9, Channel: 24
[P2_ATTEMPT] Time: 813ms, Drone: 44, Slot: 9, Channel: 18
[P2_SUCCESS] Time: 813ms, Drone: 1
[P2_SUCCESS] Time: 813ms, Drone: 3
[P2_SUCCESS] Time: 813ms, Drone: 33
[P2_SUCCESS] Time: 813ms, Drone: 43
[P2_RX] Time: 813ms, Receiver: 38, Sender: 43, RSSI: -96
[P2_SUCCESS] Time: 816ms, Drone: 2
[P2_SUCCESS] Time: 816ms, Drone: 12
[P2_SUCCESS] Time: 816ms, Drone: 13
[P2_SUCCESS] Time: 816ms, Drone: 15
[P2_SUCCESS] Time: 816ms, Drone: 19
[P2_SUCCESS] Time: 816ms, Drone: 21
[P2_SUCCESS] Time: 816ms, Drone: 24
[P2_SUCCESS] Time: 816ms, Drone: 29
[P2_SUCCESS] Time: 816ms, Drone: 34
[P2_SUCCESS] Time: 816ms, Drone: 36
[P2_SUCCESS] Time: 816ms, Drone: 44
[P1_ATTEMPT] Time: 817ms, Drone: 40
[P1_ATTEMPT] Time: 818ms, Drone: 2
[P1_ABORT] Time: 818ms, Drone: 2
[P1_ATTEMPT] Time: 818ms, Drone: 2
[P1_ABORT] Time: 818ms, Drone: 2
[P1_ATTEMPT] Time: 818ms, Drone: 2
[P1_SUCCESS] Time: 818ms, Drone: 40
[P1_RX] Time: 818ms, Receiver: 47, Sender: 40, RSSI: -91
[P1_RX] Time: 818ms, Receiver: 19, Sender: 40, RSSI: -92
[P1_RX] Time: 818ms, Receiver: 41, Sender: 40, RSSI: -95
[P1_RX] Time: 818ms, Receiver: 5, Sender: 40, RSSI: -98
[P1_RX] Time: 818ms, Receiver: 35, Sender: 40, RSSI: -99
[P1_RX] Time: 818ms, Receiver: 27, Sender: 40, RSSI: -101
[P1_RX] Time: 818ms, Receiver: 16, Sender: 40, RSSI: -102
[P1_RX] Time: 818ms, Receiver: 1, Sender: 40, RSSI: -103
[P1_RX] Time: 818ms, Receiver: 17, Sender: 40, RSSI: -104
[P1_RX] Time: 818ms, Receiver: 32, Sender: 40, RSSI: -104
[P1_RX] Time: 818ms, Receiver: 36, Sender: 40, RSSI: -104
[P1_RX] Time: 818ms, Receiver: 18, Sender: 40, RSSI: -106
[P1_RX] Time: 818ms, Receiver: 39, Sender: 40, RSSI: -106
[P1_RX] Time: 818ms, Receiver: 42, Sender: 40, RSSI: -107
[P1_RX] Time: 818ms, Receiver: 6, Sender: 40, RSSI: -109
[P1_RX] Time: 818ms, Receiver: 11, Sender: 40, RSSI: -109
[P1_RX] Time: 818ms, Receiver: 15, Sender: 40, RSSI: -109
[P1_ATTEMPT] Time: 819ms, Drone: 22
[P1_ATTEMPT] Time: 819ms, Drone: 34
[P1_SUCCESS] Time: 819ms, Drone: 2
[P1_RX] Time: 819ms, Receiver: 24, Sender: 2, RSSI: -89
[P1_RX] Time: 819ms, Receiver: 42, Sender: 2, RSSI: -96
[P1_RX] Time: 819ms, Receiver: 13, Sender: 2, RSSI: -97
[P1_RX] Time: 819ms, Receiver: 23, Sender: 2, RSSI: -98
[P1_RX] Time: 819ms, Receiver: 48, Sender: 2, RSSI: -98
[P1_RX] Time: 819ms, Receiver: 0, Sender: 2, RSSI: -98
[P1_RX] Time: 819ms, Receiver: 45, Sender: 2, RSSI: -99
[P1_RX] Time: 819ms, Receiver: 14, Sender: 2, RSSI: -101
[P1_RX] Time: 819ms, Receiver: 26, Sender: 2, RSSI: -101
[P1_RX] Time: 819ms, Receiver: 4, Sender: 2, RSSI: -102
[P1_RX] Time: 819ms, Receiver: 31, Sender: 2, RSSI: -102
[P1_RX] Time: 819ms, Receiver: 19, Sender: 2, RSSI: -103
[P1_RX] Time: 819ms, Receiver: 1, Sender: 2, RSSI: -105
[P1_RX] Time: 819ms, Receiver: 6, Sender: 2, RSSI: -105
[P1_RX] Time: 819ms, Receiver: 32, Sender: 2, RSSI: -105
[P1_RX] Time: 819ms, Receiver: 30, Sender: 2, RSSI: -106
[P1_RX] Time: 819ms, Receiver: 16, Sender: 2, RSSI: -108
[P1_ATTEMPT] Time: 819ms, Drone: 17
[P1_ATTEMPT] Time: 820ms, Drone: 20
[P1_SUCCESS] Time: 820ms, Drone: 22
[P1_RX] Time: 820ms, Receiver: 36, Sender: 22, RSSI: -99
[P1_SUCCESS] Time: 820ms, Drone: 34
[P1_RX] Time: 820ms, Receiver: 28, Sender: 34, RSSI: -78
[P1_RX] Time: 820ms, Receiver: 46, Sender: 34, RSSI: -87
[P1_RX] Time: 820ms, Receiver: 44, Sender: 34, RSSI: -101
[P1_RX] Time: 820ms, Receiver: 37, Sender: 34, RSSI: -102
[P1_RX] Time: 820ms, Receiver: 25, Sender: 34, RSSI: -102
[P1_RX] Time: 820ms, Receiver: 20, Sender: 34, RSSI: -104
[P1_ABORT] Time: 820ms, Drone: 20
[P1_ATTEMPT] Time: 820ms, Drone: 20
[P1_ATTEMPT] Time: 820ms, Drone: 37
[P1_ATTEMPT] Time: 820ms, Drone: 0
[P1_ATTEMPT] Time: 820ms, Drone: 29
[P1_ABORT] Time: 820ms, Drone: 29
[P1_ATTEMPT] Time: 820ms, Drone: 29
[P1_ABORT] Time: 820ms, Drone: 29
[P1_ATTEMPT] Time: 820ms, Drone: 29
[P1_SUCCESS] Time: 820ms, Drone: 17
[P1_RX] Time: 820ms, Receiver: 18, Sender: 17, RSSI: -86
[P1_RX] Time: 820ms, Receiver: 21, Sender: 17, RSSI: -91
[P1_RX] Time: 820ms, Receiver: 16, Sender: 17, RSSI: -91
[P1_RX] Time: 820ms, Receiver: 1, Sender: 17, RSSI: -99
[P1_RX] Time: 820ms, Receiver: 11, Sender: 17, RSSI: -99
[P1_RX] Time: 820ms, Receiver: 32, Sender: 17, RSSI: -99
[P1_RX] Time: 820ms, Receiver: 3, Sender: 17, RSSI: -100
[P1_RX] Time: 820ms, Receiver: 47, Sender: 17, RSSI: -101
[P1_RX] Time: 820ms, Receiver: 49, Sender: 17, RSSI: -103
[P1_RX] Time: 820ms, Receiver: 15, Sender: 17, RSSI: -103
[P1_RX] Time: 820ms, Receiver: 43, Sender: 17, RSSI: -103
[P1_RX] Time: 820ms, Receiver: 38, Sender: 17, RSSI: -103
[P1_RX] Time: 820ms, Receiver: 40, Sender: 17, RSSI: -104
[P1_RX] Time: 820ms, Receiver: 41, Sender: 17, RSSI: -105
[P1_ABORT] Time: 820ms, Drone: 29
[P1_ATTEMPT] Time: 820ms, Drone: 29
[P1_ABORT] Time: 820ms, Drone: 29
[P1_ATTEMPT] Time: 820ms, Drone: 29
[P1_ABORT] Time: 821ms, Drone: 29
[P1_ATTEMPT] Time: 821ms, Drone: 29
[P1_SUCCESS] Time: 821ms, Drone: 20
[P1_RX] Time: 821ms, Receiver: 44, Sender: 20, RSSI: -101
[P1_SUCCESS] Time: 821ms, Drone: 37
[P1_RX] Time: 821ms, Receiver: 29, Sender: 37, RSSI: -89
[P1_RX] Time: 821ms, Receiver: 33, Sender: 37, RSSI: -90
[P1_RX] Time: 821ms, Receiver: 25, Sender: 37, RSSI: -95
[P1_SUCCESS] Time: 821ms, Drone: 0
[P1_RX] Time: 821ms, Receiver: 23, Sender: 0, RSSI: -89
[P1_RX] Time: 821ms, Receiver: 14, Sender: 0, RSSI: -97
[P1_RX] Time: 821ms, Receiver: 42, Sender: 0, RSSI: -98
[P1_RX] Time: 821ms, Receiver: 6, Sender: 0, RSSI: -99
[P1_RX] Time: 821ms, Receiver: 24, Sender: 0, RSSI: -100
[P1_RX] Time: 821ms, Receiver: 26, Sender: 0, RSSI: -101
[P1_RX] Time: 821ms, Receiver: 9, Sender: 0, RSSI: -104
[P1_RX] Time: 821ms, Receiver: 39, Sender: 0, RSSI: -104
[P1_RX] Time: 821ms, Receiver: 30, Sender: 0, RSSI: -104
[P1_RX] Time: 821ms, Receiver: 48, Sender: 0, RSSI: -102
[P1_RX] Time: 821ms, Receiver: 7, Sender: 0, RSSI: -106
[P1_ABORT] Time: 821ms, Drone: 29
[P1_ATTEMPT] Time: 821ms, Drone: 29
[P1_ATTEMPT] Time: 821ms, Drone: 42
[P1_ATTEMPT] Time: 821ms, Drone: 26
[P1_ABORT] Time: 821ms, Drone: 26
[P1_ATTEMPT] Time: 821ms, Drone: 26
[P1_ABORT] Time: 821ms, Drone: 26
[P1_ATTEMPT] Time: 821ms, Drone: 26
[P1_ABORT] Time: 822ms, Drone: 26
[P1_ATTEMPT] Time: 822ms, Drone: 26
[P1_SUCCESS] Time: 822ms, Drone: 29
[P1_RX] Time: 822ms, Receiver: 33, Sender: 29, RSSI: -89
[P1_RX] Time: 822ms, Receiver: 37, Sender: 29, RSSI: -89
[P1_RX] Time: 822ms, Receiver: 25, Sender: 29, RSSI: -93
[P1_RX] Time: 822ms, Receiver: 20, Sender: 29, RSSI: -103
[P1_RX] Time: 822ms, Receiver: 4, Sender: 29, RSSI: -103
[P1_RX] Time: 822ms, Receiver: 31, Sender: 29, RSSI: -105
[P1_RX] Time: 822ms, Receiver: 34, Sender: 29, RSSI: -105
[P1_RX] Time: 822ms, Receiver: 13, Sender: 29, RSSI: -105
[P1_RX] Time: 822ms, Receiver: 28, Sender: 29, RSSI: -106
[P1_RX] Time: 822ms, Receiver: 15, Sender: 29, RSSI: -106
[P1_RX] Time: 822ms, Receiver: 46, Sender: 29, RSSI: -107
[P1_RX] Time: 822ms, Receiver: 49, Sender: 29, RSSI: -110
[P1_ABORT] Time: 822ms, Drone: 26
[P1_ATTEMPT] Time: 822ms, Drone: 26
[P1_ATTEMPT] Time: 822ms, Drone: 14
[P1_ABORT] Time: 822ms, Drone: 26
[P1_ATTEMPT] Time: 822ms, Drone: 26
[P1_SUCCESS] Time: 822ms, Drone: 42
[P1_RX] Time: 822ms, Receiver: 26, Sender: 42, RSSI: -94
[P1_RX] Time: 822ms, Receiver: 23, Sender: 42, RSSI: -97
[P1_RX] Time: 822ms, Receiver: 0, Sender: 42, RSSI: -98
[P1_RX] Time: 822ms, Receiver: 6, Sender: 42, RSSI: -98
[P1_RX] Time: 822ms, Receiver: 14, Sender: 42, RSSI: -101
[P1_RX] Time: 822ms, Receiver: 19, Sender: 42, RSSI: -102
[P1_RX] Time: 822ms, Receiver: 39, Sender: 42, RSSI: -103
[P1_RX] Time: 822ms, Receiver: 35, Sender: 42, RSSI: -105
[P1_RX] Time: 822ms, Receiver: 5, Sender: 42, RSSI: -106
[P1_RX] Time: 822ms, Receiver: 9, Sender: 42, RSSI: -106
[P1_RX] Time: 822ms, Receiver: 40, Sender: 42, RSSI: -106
[P1_RX] Time: 822ms, Receiver: 47, Sender: 42, RSSI: -106
[P1_RX] Time: 822ms, Receiver: 27, Sender: 42, RSSI: -107
[P1_ABORT] Time: 822ms, Drone: 14
[P1_ATTEMPT] Time: 822ms, Drone: 14
[P1_ABORT] Time: 822ms, Drone: 26
[P1_ATTEMPT] Time: 822ms, Drone: 26
[P1_ATTEMPT] Time: 822ms, Drone: 39
[P1_ABORT] Time: 822ms, Drone: 39
[P1_ATTEMPT] Time: 822ms, Drone: 39
[P1_ABORT] Time: 822ms, Drone: 39
[P1_ATTEMPT] Time: 822ms, Drone: 39
[P1_ABORT] Time: 823ms, Drone: 39
[P1_ATTEMPT] Time: 823ms, Drone: 39
[P1_ABORT] Time: 823ms, Drone: 39
[P1_ATTEMPT] Time: 823ms, Drone: 39
[P1_ABORT] Time: 823ms, Drone: 39
[P1_ATTEMPT] Time: 823ms, Drone: 39
[P1_SUCCESS] Time: 823ms, Drone: 14
[P1_RX] Time: 823ms, Receiver: 23, Sender: 14, RSSI: -88
[P1_RX] Time: 823ms, Receiver: 0, Sender: 14, RSSI: -96
[P1_RX] Time: 823ms, Receiver: 30, Sender: 14, RSSI: -97
[P1_RX] Time: 823ms, Receiver: 24, Sender: 14, RSSI: -96
[P1_RX] Time: 823ms, Receiver: 7, Sender: 14, RSSI: -100
[P1_RX] Time: 823ms, Receiver: 2, Sender: 14, RSSI: -98
[P1_RX] Time: 823ms, Receiver: 13, Sender: 14, RSSI: -102
[P1_RX] Time: 823ms, Receiver: 48, Sender: 14, RSSI: -102
[P1_RX] Time: 823ms, Receiver: 12, Sender: 14, RSSI: -105
[P1_RX] Time: 823ms, Receiver: 31, Sender: 14, RSSI: -105
[P1_RX] Time: 823ms, Receiver: 45, Sender: 14, RSSI: -104
[P1_SUCCESS] Time: 823ms, Drone: 26
[P1_RX] Time: 823ms, Receiver: 42, Sender: 26, RSSI: -94
[P1_RX] Time: 823ms, Receiver: 39, Sender: 26, RSSI: -105
[P1_RX] Time: 823ms, Receiver: 19, Sender: 26, RSSI: -106
[P1_RX] Time: 823ms, Receiver: 35, Sender: 26, RSSI: -107
[P1_ABORT] Time: 823ms, Drone: 39
[P1_ATTEMPT] Time: 823ms, Drone: 39
[P1_ATTEMPT] Time: 823ms, Drone: 12
[P1_ATTEMPT] Time: 823ms, Drone: 3
[P1_SUCCESS] Time: 824ms, Drone: 39
[P1_RX] Time: 824ms, Receiver: 6, Sender: 39, RSSI: -95
[P1_RX] Time: 824ms, Receiver: 35, Sender: 39, RSSI: -97
[P1_RX] Time: 824ms, Receiver: 9, Sender: 39, RSSI: -97
[P1_RX] Time: 824ms, Receiver: 5, Sender: 39, RSSI: -99
[P1_RX] Time: 824ms, Receiver: 42, Sender: 39, RSSI: -103
[P1_RX] Time: 824ms, Receiver: 19, Sender: 39, RSSI: -104
[P1_RX] Time: 824ms, Receiver: 0, Sender: 39, RSSI: -105
[P1_RX] Time: 824ms, Receiver: 22, Sender: 39, RSSI: -107
[P1_RX] Time: 824ms, Receiver: 36, Sender: 39, RSSI: -107
[P1_ATTEMPT] Time: 824ms, Drone: 11
[P1_ATTEMPT] Time: 824ms, Drone: 1
[P1_SUCCESS] Time: 824ms, Drone: 12
[P1_RX] Time: 824ms, Receiver: 30, Sender: 12, RSSI: -98
[P1_RX] Time: 824ms, Receiver: 7, Sender: 12, RSSI: -103
[P1_RX] Time: 824ms, Receiver: 13, Sender: 12, RSSI: -105
[P1_RX] Time: 824ms, Receiver: 48, Sender: 12, RSSI: -105
[P1_RX] Time: 824ms, Receiver: 31, Sender: 12, RSSI: -106
[P1_ATTEMPT] Time: 824ms, Drone: 19
[P1_ABORT] Time: 824ms, Drone: 11
[P1_ATTEMPT] Time: 824ms, Drone: 11
[P1_ABORT] Time: 824ms, Drone: 1
[P1_ATTEMPT] Time: 824ms, Drone: 1
[P1_ABORT] Time: 824ms, Drone: 11
[P1_ATTEMPT] Time: 824ms, Drone: 11
[P1_ABORT] Time: 824ms, Drone: 1
[P1_ATTEMPT] Time: 824ms, Drone: 1
[P1_SUCCESS] Time: 824ms, Drone: 3
[P1_RX] Time: 824ms, Receiver: 49, Sender: 3, RSSI: -80
[P1_RX] Time: 824ms, Receiver: 18, Sender: 3, RSSI: -97
[P1_RX] Time: 824ms, Receiver: 21, Sender: 3, RSSI: -98
[P1_RX] Time: 824ms, Receiver: 17, Sender: 3, RSSI: -100
[P1_RX] Time: 824ms, Receiver: 16, Sender: 3, RSSI: -100
[P1_RX] Time: 824ms, Receiver: 1, Sender: 3, RSSI: -102
[P1_RX] Time: 824ms, Receiver: 15, Sender: 3, RSSI: -102
[P1_RX] Time: 824ms, Receiver: 32, Sender: 3, RSSI: -103
[P1_RX] Time: 824ms, Receiver: 8, Sender: 3, RSSI: -103
[P1_RX] Time: 824ms, Receiver: 43, Sender: 3, RSSI: -104
[P1_RX] Time: 824ms, Receiver: 38, Sender: 3, RSSI: -104
[P1_RX] Time: 824ms, Receiver: 11, Sender: 3, RSSI: -106
[P1_ABORT] Time: 824ms, Drone: 11
[P1_ATTEMPT] Time: 824ms, Drone: 11
[P1_ABORT] Time: 824ms, Drone: 1
[P1_ATTEMPT] Time: 824ms, Drone: 1
[P1_ATTEMPT] Time: 825ms, Drone: 7
[P1_ABORT] Time: 825ms, Drone: 1
[P1_ATTEMPT] Time: 825ms, Drone: 1
[P1_ABORT] Time: 825ms, Drone: 1
[P1_ATTEMPT] Time: 825ms, Drone: 1
[P1_ABORT] Time: 825ms, Drone: 1
[P1_ATTEMPT] Time: 825ms, Drone: 1
[P1_ABORT] Time: 825ms, Drone: 1
[P1_ATTEMPT] Time: 825ms, Drone: 1
[P1_SUCCESS] Time: 825ms, Drone: 19
[P1_RX] Time: 825ms, Receiver: 40, Sender: 19, RSSI: -92
[P1_RX] Time: 825ms, Receiver: 47, Sender: 19, RSSI: -92
[P1_RX] Time: 825ms, Receiver: 27, Sender: 19, RSSI: -98
[P1_RX] Time: 825ms, Receiver: 35, Sender: 19, RSSI: -98
[P1_RX] Time: 825ms, Receiver: 5, Sender: 19, RSSI: -99
[P1_RX] Time: 825ms, Receiver: 41, Sender: 19, RSSI: -101
[P1_RX] Time: 825ms, Receiver: 1, Sender: 19, RSSI: -102
[P1_RX] Time: 825ms, Receiver: 32, Sender: 19, RSSI: -102
[P1_RX] Time: 825ms, Receiver: 16, Sender: 19, RSSI: -102
[P1_RX] Time: 825ms, Receiver: 42, Sender: 19, RSSI: -103
[P1_RX] Time: 825ms, Receiver: 2, Sender: 19, RSSI: -103
[P1_RX] Time: 825ms, Receiver: 39, Sender: 19, RSSI: -104
[P1_RX] Time: 825ms, Receiver: 45, Sender: 19, RSSI: -104
[P1_RX] Time: 825ms, Receiver: 9, Sender: 19, RSSI: -105
[P1_RX] Time: 825ms, Receiver: 0, Sender: 19, RSSI: -105
[P1_RX] Time: 825ms, Receiver: 6, Sender: 19, RSSI: -105
[P1_ABORT] Time: 825ms, Drone: 1
[P1_ATTEMPT] Time: 825ms, Drone: 1
[P1_ABORT] Time: 825ms, Drone: 1
[P1_ATTEMPT] Time: 825ms, Drone: 1
[P1_ABORT] Time: 825ms, Drone: 1
[P1_ATTEMPT] Time: 825ms, Drone: 1
[P1_SUCCESS] Time: 825ms, Drone: 11
[P1_RX] Time: 825ms, Receiver: 38, Sender: 11, RSSI: -94
[P1_RX] Time: 825ms, Receiver: 10, Sender: 11, RSSI: -105
[P1_RX] Time: 825ms, Receiver: 3, Sender: 11, RSSI: -104
[P1_RX] Time: 825ms, Receiver: 8, Sender: 11, RSSI: -106
[P1_ABORT] Time: 825ms, Drone: 1
[P1_ATTEMPT] Time: 825ms, Drone: 1
[P1_SUCCESS] Time: 825ms, Drone: 7
[P1_RX] Time: 825ms, Receiver: 30, Sender: 7, RSSI: -94
[P1_RX] Time: 825ms, Receiver: 12, Sender: 7, RSSI: -103
[P1_ATTEMPT] Time: 826ms, Drone: 35
[P1_ATTEMPT] Time: 826ms, Drone: 18
[P1_ABORT] Time: 826ms, Drone: 18
[P1_ATTEMPT] Time: 826ms, Drone: 18
[P1_ABORT] Time: 826ms, Drone: 18
[P1_ATTEMPT] Time: 826ms, Drone: 18
[P1_ABORT] Time: 826ms, Drone: 18
[P1_ATTEMPT] Time: 826ms, Drone: 18
[P1_ABORT] Time: 826ms, Drone: 18
[P1_ATTEMPT] Time: 826ms, Drone: 18
[P1_SUCCESS] Time: 826ms, Drone: 1
[P1_RX] Time: 826ms, Receiver: 32, Sender: 1, RSSI: -82
[P1_RX] Time: 826ms, Receiver: 16, Sender: 1, RSSI: -89
[P1_RX] Time: 826ms, Receiver: 15, Sender: 1, RSSI: -98
[P1_RX] Time: 826ms, Receiver: 17, Sender: 1, RSSI: -99
[P1_RX] Time: 826ms, Receiver: 18, Sender: 1, RSSI: -99
[P1_RX] Time: 826ms, Receiver: 47, Sender: 1, RSSI: -99
[P1_RX] Time: 826ms, Receiver: 4, Sender: 1, RSSI: -101
[P1_RX] Time: 826ms, Receiver: 21, Sender: 1, RSSI: -101
[P1_RX] Time: 826ms, Receiver: 3, Sender: 1, RSSI: -102
[P1_RX] Time: 826ms, Receiver: 49, Sender: 1, RSSI: -102
[P1_RX] Time: 826ms, Receiver: 45, Sender: 1, RSSI: -102
[P1_RX] Time: 826ms, Receiver: 27, Sender: 1, RSSI: -102
[P1_RX] Time: 826ms, Receiver: 43, Sender: 1, RSSI: -103
[P1_RX] Time: 826ms, Receiver: 2, Sender: 1, RSSI: -105
[P1_RX] Time: 826ms, Receiver: 13, Sender: 1, RSSI: -105
[P1_RX] Time: 826ms, Receiver: 31, Sender: 1, RSSI: -105
[P1_RX] Time: 826ms, Receiver: 48, Sender: 1, RSSI: -106
[P1_RX] Time: 826ms, Receiver: 11, Sender: 1, RSSI: -106
[P1_RX] Time: 826ms, Receiver: 38, Sender: 1, RSSI: -107
[P1_RX] Time: 826ms, Receiver: 33, Sender: 1, RSSI: -108
[P1_RX] Time: 826ms, Receiver: 29, Sender: 1, RSSI: -109
[P1_ABORT] Time: 826ms, Drone: 18
[P1_ATTEMPT] Time: 826ms, Drone: 18
[P1_SUCCESS] Time: 827ms, Drone: 35
[P1_RX] Time: 827ms, Receiver: 39, Sender: 35, RSSI: -96
[P1_RX] Time: 827ms, Receiver: 9, Sender: 35, RSSI: -100
[P1_RX] Time: 827ms, Receiver: 36, Sender: 35, RSSI: -101
[P1_RX] Time: 827ms, Receiver: 6, Sender: 35, RSSI: -103
[P1_RX] Time: 827ms, Receiver: 22, Sender: 35, RSSI: -103
[P1_ATTEMPT] Time: 827ms, Drone: 21
[P1_ATTEMPT] Time: 827ms, Drone: 36
[P1_ABORT] Time: 827ms, Drone: 21
[P1_ATTEMPT] Time: 827ms, Drone: 21
[P1_ABORT] Time: 827ms, Drone: 21
[P1_ATTEMPT] Time: 827ms, Drone: 21
[P1_ATTEMPT] Time: 827ms, Drone: 8
[P1_ABORT] Time: 827ms, Drone: 21
[P1_ATTEMPT] Time: 827ms, Drone: 21
[P1_ABORT] Time: 827ms, Drone: 8
[P1_ATTEMPT] Time: 827ms, Drone: 8
[P1_ABORT] Time: 827ms, Drone: 21
[P1_ATTEMPT] Time: 827ms, Drone: 21
[P1_SUCCESS] Time: 827ms, Drone: 18
[P1_RX] Time: 827ms, Receiver: 21, Sender: 18, RSSI: -78
[P1_RX] Time: 827ms, Receiver: 17, Sender: 18, RSSI: -86
[P1_RX] Time: 827ms, Receiver: 16, Sender: 18, RSSI: -94
[P1_RX] Time: 827ms, Receiver: 3, Sender: 18, RSSI: -97
[P1_RX] Time: 827ms, Receiver: 11, Sender: 18, RSSI: -98
[P1_RX] Time: 827ms, Receiver: 32, Sender: 18, RSSI: -99
[P1_RX] Time: 827ms, Receiver: 1, Sender: 18, RSSI: -99
[P1_RX] Time: 827ms, Receiver: 43, Sender: 18, RSSI: -99
[P1_RX] Time: 827ms, Receiver: 38, Sender: 18, RSSI: -100
[P1_RX] Time: 827ms, Receiver: 15, Sender: 18, RSSI: -100
[P1_RX] Time: 827ms, Receiver: 49, Sender: 18, RSSI: -100
[P1_RX] Time: 827ms, Receiver: 47, Sender: 18, RSSI: -103
[P1_RX] Time: 827ms, Receiver: 27, Sender: 18, RSSI: -106
[P1_RX] Time: 827ms, Receiver: 8, Sender: 18, RSSI: -106
[P1_RX] Time: 827ms, Receiver: 10, Sender: 18, RSSI: -107
[P1_ABORT] Time: 827ms, Drone: 8
[P1_ATTEMPT] Time: 827ms, Drone: 8
[P1_ABORT] Time: 827ms, Drone: 21
[P1_ATTEMPT] Time: 827ms, Drone: 21
[P1_SUCCESS] Time: 828ms, Drone: 36
[P1_RX] Time: 828ms, Receiver: 22, Sender: 36, RSSI: -99
[P1_RX] Time: 828ms, Receiver: 5, Sender: 36, RSSI: -100
[P1_RX] Time: 828ms, Receiver: 35, Sender: 36, RSSI: -101
[P1_RX] Time: 828ms, Receiver: 9, Sender: 36, RSSI: -106
[P1_RX] Time: 828ms, Receiver: 39, Sender: 36, RSSI: -106
[P1_SUCCESS] Time: 828ms, Drone: 8
[P1_RX] Time: 828ms, Receiver: 10, Sender: 8, RSSI: -100
[P1_SUCCESS] Time: 828ms, Drone: 21
[P1_RX] Time: 828ms, Receiver: 18, Sender: 21, RSSI: -78
[P1_RX] Time: 828ms, Receiver: 17, Sender: 21, RSSI: -91
[P1_RX] Time: 828ms, Receiver: 11, Sender: 21, RSSI: -96
[P1_RX] Time: 828ms, Receiver: 16, Sender: 21, RSSI: -97
[P1_RX] Time: 828ms, Receiver: 38, Sender: 21, RSSI: -96
[P1_RX] Time: 828ms, Receiver: 3, Sender: 21, RSSI: -97
[P1_RX] Time: 828ms, Receiver: 43, Sender: 21, RSSI: -98
[P1_RX] Time: 828ms, Receiver: 15, Sender: 21, RSSI: -100
[P1_RX] Time: 828ms, Receiver: 32, Sender: 21, RSSI: -101
[P1_RX] Time: 828ms, Receiver: 1, Sender: 21, RSSI: -101
[P1_RX] Time: 828ms, Receiver: 47, Sender: 21, RSSI: -104
[P1_RX] Time: 828ms, Receiver: 27, Sender: 21, RSSI: -106
[P1_RX] Time: 828ms, Receiver: 40, Sender: 21, RSSI: -107
[P1_RX] Time: 828ms, Receiver: 41, Sender: 21, RSSI: -107
[P1_RX] Time: 828ms, Receiver: 19, Sender: 21, RSSI: -108
[P1_ATTEMPT] Time: 829ms, Drone: 43
[P1_ATTEMPT] Time: 829ms, Drone: 38
[P1_ATTEMPT] Time: 830ms, Drone: 15
[P1_ABORT] Time: 830ms, Drone: 15
[P1_ATTEMPT] Time: 830ms, Drone: 15
[P1_ATTEMPT] Time: 830ms, Drone: 28
[P1_ABORT] Time: 830ms, Drone: 15
[P1_ATTEMPT] Time: 830ms, Drone: 15
[P1_ABORT] Time: 830ms, Drone: 15
[P1_ATTEMPT] Time: 830ms, Drone: 15
[P1_ATTEMPT] Time: 830ms, Drone: 23
[P1_ABORT] Time: 830ms, Drone: 15
[P1_ATTEMPT] Time: 830ms, Drone: 15
[P1_SUCCESS] Time: 830ms, Drone: 43
[P1_RX] Time: 830ms, Receiver: 15, Sender: 43, RSSI: -93
[P1_RX] Time: 830ms, Receiver: 18, Sender: 43, RSSI: -99
[P1_RX] Time: 830ms, Receiver: 32, Sender: 43, RSSI: -101
[P1_RX] Time: 830ms, Receiver: 16, Sender: 43, RSSI: -103
[P1_RX] Time: 830ms, Receiver: 1, Sender: 43, RSSI: -103
[P1_RX] Time: 830ms, Receiver: 49, Sender: 43, RSSI: -105
[P1_RX] Time: 830ms, Receiver: 27, Sender: 43, RSSI: -106
[P1_RX] Time: 830ms, Receiver: 45, Sender: 43, RSSI: -107
[P1_ABORT] Time: 830ms, Drone: 15
[P1_ATTEMPT] Time: 830ms, Drone: 15
[P1_SUCCESS] Time: 830ms, Drone: 38
[P1_ABORT] Time: 830ms, Drone: 15
[P1_ATTEMPT] Time: 830ms, Drone: 15
[P1_ATTEMPT] Time: 831ms, Drone: 30
[P1_SUCCESS] Time: 831ms, Drone: 28
[P1_RX] Time: 831ms, Receiver: 34, Sender: 28, RSSI: -78
[P1_RX] Time: 831ms, Receiver: 46, Sender: 28, RSSI: -82
[P1_RX] Time: 831ms, Receiver: 44, Sender: 28, RSSI: -99
[P1_RX] Time: 831ms, Receiver: 25, Sender: 28, RSSI: -103
[P1_RX] Time: 831ms, Receiver: 20, Sender: 28, RSSI: -104
[P1_ABORT] Time: 831ms, Drone: 30
[P1_ATTEMPT] Time: 831ms, Drone: 30
[P1_ABORT] Time: 831ms, Drone: 30
[P1_ATTEMPT] Time: 831ms, Drone: 30
[P1_ABORT] Time: 831ms, Drone: 30
[P1_ATTEMPT] Time: 831ms, Drone: 30
[P1_SUCCESS] Time: 831ms, Drone: 23
[P1_RX] Time: 831ms, Receiver: 14, Sender: 23, RSSI: -89
[P1_RX] Time: 831ms, Receiver: 0, Sender: 23, RSSI: -89
[P1_RX] Time: 831ms, Receiver: 26, Sender: 23, RSSI: -97
[P1_RX] Time: 831ms, Receiver: 42, Sender: 23, RSSI: -97
[P1_RX] Time: 831ms, Receiver: 2, Sender: 23, RSSI: -98
[P1_RX] Time: 831ms, Receiver: 24, Sender: 23, RSSI: -98
[P1_RX] Time: 831ms, Receiver: 6, Sender: 23, RSSI: -100
[P1_RX] Time: 831ms, Receiver: 30, Sender: 23, RSSI: -102
[P1_RX] Time: 831ms, Receiver: 13, Sender: 23, RSSI: -103
[P1_RX] Time: 831ms, Receiver: 45, Sender: 23, RSSI: -104
[P1_RX] Time: 831ms, Receiver: 48, Sender: 23, RSSI: -104
[P1_RX] Time: 831ms, Receiver: 7, Sender: 23, RSSI: -105
[P1_RX] Time: 831ms, Receiver: 39, Sender: 23, RSSI: -106
[P1_RX] Time: 831ms, Receiver: 9, Sender: 23, RSSI: -108
[P1_ABORT] Time: 831ms, Drone: 30
[P1_ATTEMPT] Time: 831ms, Drone: 30
[P1_ATTEMPT] Time: 831ms, Drone: 13
[P1_SUCCESS] Time: 831ms, Drone: 15
[P1_RX] Time: 831ms, Receiver: 43, Sender: 15, RSSI: -93
[P1_RX] Time: 831ms, Receiver: 18, Sender: 15, RSSI: -100
[P1_RX] Time: 831ms, Receiver: 16, Sender: 15, RSSI: -100
[P1_RX] Time: 831ms, Receiver: 21, Sender: 15, RSSI: -100
[P1_RX] Time: 831ms, Receiver: 3, Sender: 15, RSSI: -102
[P1_RX] Time: 831ms, Receiver: 17, Sender: 15, RSSI: -102
[P1_RX] Time: 831ms, Receiver: 49, Sender: 15, RSSI: -103
[P1_RX] Time: 831ms, Receiver: 38, Sender: 15, RSSI: -103
[P1_RX] Time: 831ms, Receiver: 33, Sender: 15, RSSI: -103
[P1_RX] Time: 831ms, Receiver: 11, Sender: 15, RSSI: -104
[P1_RX] Time: 831ms, Receiver: 37, Sender: 15, RSSI: -105
[P1_RX] Time: 831ms, Receiver: 10, Sender: 15, RSSI: -106
[P1_RX] Time: 831ms, Receiver: 29, Sender: 15, RSSI: -105
[P1_RX] Time: 831ms, Receiver: 8, Sender: 15, RSSI: -108
[P1_ABORT] Time: 831ms, Drone: 13
[P1_ATTEMPT] Time: 831ms, Drone: 13
[P1_ABORT] Time: 831ms, Drone: 13
[P1_ATTEMPT] Time: 831ms, Drone: 13
[P1_ABORT] Time: 832ms, Drone: 13
[P1_ATTEMPT] Time: 832ms, Drone: 13
[P1_ABORT] Time: 832ms, Drone: 13
[P1_ATTEMPT] Time: 832ms, Drone: 13
[P1_ABORT] Time: 832ms, Drone: 13
[P1_ATTEMPT] Time: 832ms, Drone: 13
[P1_SUCCESS] Time: 832ms, Drone: 30
[P1_RX] Time: 832ms, Receiver: 7, Sender: 30, RSSI: -94
[P1_RX] Time: 832ms, Receiver: 14, Sender: 30, RSSI: -97
[P1_RX] Time: 832ms, Receiver: 12, Sender: 30, RSSI: -98
[P1_RX] Time: 832ms, Receiver: 23, Sender: 30, RSSI: -102
[P1_RX] Time: 832ms, Receiver: 24, Sender: 30, RSSI: -103
[P1_RX] Time: 832ms, Receiver: 13, Sender: 30, RSSI: -104
[P1_RX] Time: 832ms, Receiver: 48, Sender: 30, RSSI: -105
[P1_RX] Time: 832ms, Receiver: 0, Sender: 30, RSSI: -105
[P1_RX] Time: 832ms, Receiver: 26, Sender: 30, RSSI: -106
[P1_RX] Time: 832ms, Receiver: 2, Sender: 30, RSSI: -106
[P1_RX] Time: 832ms, Receiver: 31, Sender: 30, RSSI: -107
[P1_RX] Time: 832ms, Receiver: 42, Sender: 30, RSSI: -108
[P1_ABORT] Time: 832ms, Drone: 13
[P1_ATTEMPT] Time: 832ms, Drone: 13
[P1_ATTEMPT] Time: 832ms, Drone: 48
[P1_ATTEMPT] Time: 833ms, Drone: 32
[P1_ABORT] Time: 833ms, Drone: 32
[P1_ATTEMPT] Time: 833ms, Drone: 32
[P1_ABORT] Time: 833ms, Drone: 32
[P1_ATTEMPT] Time: 833ms, Drone: 32
[P1_ABORT] Time: 833ms, Drone: 32
[P1_ATTEMPT] Time: 833ms, Drone: 32
[P1_ATTEMPT] Time: 833ms, Drone: 44
[P1_SUCCESS] Time: 833ms, Drone: 13
[P1_RX] Time: 833ms, Receiver: 31, Sender: 13, RSSI: -92
[P1_RX] Time: 833ms, Receiver: 45, Sender: 13, RSSI: -95
[P1_RX] Time: 833ms, Receiver: 4, Sender: 13, RSSI: -92
[P1_RX] Time: 833ms, Receiver: 2, Sender: 13, RSSI: -95
[P1_RX] Time: 833ms, Receiver: 23, Sender: 13, RSSI: -101
[P1_RX] Time: 833ms, Receiver: 0, Sender: 13, RSSI: -102
[P1_RX] Time: 833ms, Receiver: 14, Sender: 13, RSSI: -101
[P1_RX] Time: 833ms, Receiver: 33, Sender: 13, RSSI: -102
[P1_RX] Time: 833ms, Receiver: 32, Sender: 13, RSSI: -103
[P1_RX] Time: 833ms, Receiver: 29, Sender: 13, RSSI: -103
[P1_RX] Time: 833ms, Receiver: 37, Sender: 13, RSSI: -105
[P1_SUCCESS] Time: 833ms, Drone: 48
[P1_RX] Time: 833ms, Receiver: 20, Sender: 48, RSSI: -106
[P1_ABORT] Time: 833ms, Drone: 32
[P1_ATTEMPT] Time: 833ms, Drone: 32
[P1_ATTEMPT] Time: 833ms, Drone: 16
[P1_SUCCESS] Time: 834ms, Drone: 44
[P1_RX] Time: 834ms, Receiver: 28, Sender: 44, RSSI: -99
[P1_RX] Time: 834ms, Receiver: 46, Sender: 44, RSSI: -100
[P1_RX] Time: 834ms, Receiver: 34, Sender: 44, RSSI: -101
[P1_RX] Time: 834ms, Receiver: 20, Sender: 44, RSSI: -102
[P1_SUCCESS] Time: 834ms, Drone: 32
[P1_RX] Time: 834ms, Receiver: 1, Sender: 32, RSSI: -82
[P1_RX] Time: 834ms, Receiver: 15, Sender: 32, RSSI: -94
[P1_RX] Time: 834ms, Receiver: 47, Sender: 32, RSSI: -95
[P1_RX] Time: 834ms, Receiver: 27, Sender: 32, RSSI: -98
[P1_RX] Time: 834ms, Receiver: 45, Sender: 32, RSSI: -99
[P1_RX] Time: 834ms, Receiver: 43, Sender: 32, RSSI: -99
[P1_RX] Time: 834ms, Receiver: 4, Sender: 32, RSSI: -100
[P1_RX] Time: 834ms, Receiver: 19, Sender: 32, RSSI: -99
[P1_RX] Time: 834ms, Receiver: 31, Sender: 32, RSSI: -102
[P1_RX] Time: 834ms, Receiver: 13, Sender: 32, RSSI: -103
[P1_RX] Time: 834ms, Receiver: 2, Sender: 32, RSSI: -103
[P1_RX] Time: 834ms, Receiver: 24, Sender: 32, RSSI: -105
[P1_SUCCESS] Time: 834ms, Drone: 16
[P1_RX] Time: 834ms, Receiver: 17, Sender: 16, RSSI: -91
[P1_RX] Time: 834ms, Receiver: 18, Sender: 16, RSSI: -93
[P1_ATTEMPT] Time: 834ms, Drone: 45
[P1_ATTEMPT] Time: 834ms, Drone: 47
[P1_ABORT] Time: 835ms, Drone: 47
[P1_ATTEMPT] Time: 835ms, Drone: 47
[P1_ABORT] Time: 835ms, Drone: 47
[P1_ATTEMPT] Time: 835ms, Drone: 47
[P1_ATTEMPT] Time: 835ms, Drone: 46
[P1_ABORT] Time: 835ms, Drone: 47
[P1_ATTEMPT] Time: 835ms, Drone: 47
[P1_ABORT] Time: 835ms, Drone: 47
[P1_ATTEMPT] Time: 835ms, Drone: 47
[P1_ATTEMPT] Time: 835ms, Drone: 5
[P1_ABORT] Time: 835ms, Drone: 47
[P1_ATTEMPT] Time: 835ms, Drone: 47
[P1_ABORT] Time: 835ms, Drone: 5
[P1_ATTEMPT] Time: 835ms, Drone: 5
[P1_SUCCESS] Time: 835ms, Drone: 45
[P1_RX] Time: 835ms, Receiver: 31, Sender: 45, RSSI: -90
[P1_RX] Time: 835ms, Receiver: 13, Sender: 45, RSSI: -96
[P1_RX] Time: 835ms, Receiver: 2, Sender: 45, RSSI: -99
[P1_RX] Time: 835ms, Receiver: 32, Sender: 45, RSSI: -101
[P1_RX] Time: 835ms, Receiver: 4, Sender: 45, RSSI: -101
[P1_RX] Time: 835ms, Receiver: 27, Sender: 45, RSSI: -102
[P1_RX] Time: 835ms, Receiver: 1, Sender: 45, RSSI: -102
[P1_RX] Time: 835ms, Receiver: 0, Sender: 45, RSSI: -103
[P1_RX] Time: 835ms, Receiver: 48, Sender: 45, RSSI: -103
[P1_RX] Time: 835ms, Receiver: 24, Sender: 45, RSSI: -103
[P1_RX] Time: 835ms, Receiver: 15, Sender: 45, RSSI: -103
[P1_RX] Time: 835ms, Receiver: 19, Sender: 45, RSSI: -104
[P1_RX] Time: 835ms, Receiver: 23, Sender: 45, RSSI: -105
[P1_RX] Time: 835ms, Receiver: 47, Sender: 45, RSSI: -105
[P1_RX] Time: 835ms, Receiver: 33, Sender: 45, RSSI: -105
[P1_RX] Time: 835ms, Receiver: 16, Sender: 45, RSSI: -106
[P1_RX] Time: 835ms, Receiver: 42, Sender: 45, RSSI: -106
[P1_RX] Time: 835ms, Receiver: 14, Sender: 45, RSSI: -106
[P1_RX] Time: 835ms, Receiver: 43, Sender: 45, RSSI: -107
[P1_RX] Time: 835ms, Receiver: 29, Sender: 45, RSSI: -107
[P1_RX] Time: 835ms, Receiver: 40, Sender: 45, RSSI: -108
[P1_RX] Time: 835ms, Receiver: 30, Sender: 45, RSSI: -108
[P1_RX] Time: 835ms, Receiver: 26, Sender: 45, RSSI: -109
[P1_RX] Time: 835ms, Receiver: 17, Sender: 45, RSSI: -109
[P1_RX] Time: 835ms, Receiver: 21, Sender: 45, RSSI: -110
[P1_ABORT] Time: 835ms, Drone: 47
[P1_ATTEMPT] Time: 835ms, Drone: 47
[P1_ATTEMPT] Time: 835ms, Drone: 24
[P1_ATTEMPT] Time: 836ms, Drone: 9
[P1_SUCCESS] Time: 836ms, Drone: 46
[P1_RX] Time: 836ms, Receiver: 28, Sender: 46, RSSI: -82
[P1_RX] Time: 836ms, Receiver: 34, Sender: 46, RSSI: -87
[P1_RX] Time: 836ms, Receiver: 44, Sender: 46, RSSI: -100
[P1_RX] Time: 836ms, Receiver: 37, Sender: 46, RSSI: -105
[P1_RX] Time: 836ms, Receiver: 25, Sender: 46, RSSI: -106
[P1_ABORT] Time: 836ms, Drone: 9
[P1_ATTEMPT] Time: 836ms, Drone: 9
[P1_ATTEMPT] Time: 836ms, Drone: 4
[P1_ABORT] Time: 836ms, Drone: 9
[P1_ATTEMPT] Time: 836ms, Drone: 9
[P1_SUCCESS] Time: 836ms, Drone: 5
[P1_ABORT] Time: 836ms, Drone: 4
[P1_ATTEMPT] Time: 836ms, Drone: 4
[P1_RX] Time: 836ms, Receiver: 35, Sender: 5, RSSI: -75
[P1_RX] Time: 836ms, Receiver: 39, Sender: 5, RSSI: -98
[P1_RX] Time: 836ms, Receiver: 36, Sender: 5, RSSI: -99
[P1_RX] Time: 836ms, Receiver: 9, Sender: 5, RSSI: -100
[P1_RX] Time: 836ms, Receiver: 22, Sender: 5, RSSI: -102
[P1_RX] Time: 836ms, Receiver: 6, Sender: 5, RSSI: -103
[P1_ABORT] Time: 836ms, Drone: 9
[P1_ATTEMPT] Time: 836ms, Drone: 9
[P1_ATTEMPT] Time: 836ms, Drone: 6
[P1_SUCCESS] Time: 836ms, Drone: 47
[P1_RX] Time: 836ms, Receiver: 40, Sender: 47, RSSI: -90
[P1_RX] Time: 836ms, Receiver: 19, Sender: 47, RSSI: -92
[P1_RX] Time: 836ms, Receiver: 27, Sender: 47, RSSI: -94
[P1_RX] Time: 836ms, Receiver: 16, Sender: 47, RSSI: -97
[P1_RX] Time: 836ms, Receiver: 32, Sender: 47, RSSI: -98
[P1_RX] Time: 836ms, Receiver: 1, Sender: 47, RSSI: -99
[P1_RX] Time: 836ms, Receiver: 17, Sender: 47, RSSI: -100
[P1_RX] Time: 836ms, Receiver: 18, Sender: 47, RSSI: -102
[P1_RX] Time: 836ms, Receiver: 21, Sender: 47, RSSI: -104
[P1_RX] Time: 836ms, Receiver: 15, Sender: 47, RSSI: -104
[P1_RX] Time: 836ms, Receiver: 11, Sender: 47, RSSI: -105
[P1_RX] Time: 836ms, Receiver: 43, Sender: 47, RSSI: -105
[P1_ABORT] Time: 836ms, Drone: 4
[P1_ATTEMPT] Time: 836ms, Drone: 4
[P1_ABORT] Time: 836ms, Drone: 9
[P1_ATTEMPT] Time: 836ms, Drone: 9
[P1_ABORT] Time: 836ms, Drone: 6
[P1_ATTEMPT] Time: 836ms, Drone: 6
[P1_ATTEMPT] Time: 836ms, Drone: 25
[P1_ABORT] Time: 836ms, Drone: 4
[P1_ATTEMPT] Time: 836ms, Drone: 4
[P1_ATTEMPT] Time: 836ms, Drone: 33
[P1_SUCCESS] Time: 836ms, Drone: 24
[P1_RX] Time: 836ms, Receiver: 23, Sender: 24, RSSI: -98
[P1_RX] Time: 836ms, Receiver: 14, Sender: 24, RSSI: -99
[P1_RX] Time: 836ms, Receiver: 30, Sender: 24, RSSI: -103
[P1_RX] Time: 836ms, Receiver: 7, Sender: 24, RSSI: -106
[P1_RX] Time: 836ms, Receiver: 12, Sender: 24, RSSI: -107
[P1_ABORT] Time: 836ms, Drone: 4
[P1_ATTEMPT] Time: 836ms, Drone: 4
[P1_SUCCESS] Time: 837ms, Drone: 9
[P1_RX] Time: 837ms, Receiver: 35, Sender: 9, RSSI: -98
[P1_RX] Time: 837ms, Receiver: 5, Sender: 9, RSSI: -99
[P1_RX] Time: 837ms, Receiver: 22, Sender: 9, RSSI: -102
[P1_RX] Time: 837ms, Receiver: 36, Sender: 9, RSSI: -105
[P1_SUCCESS] Time: 837ms, Drone: 6
[P1_RX] Time: 837ms, Receiver: 42, Sender: 6, RSSI: -98
[P1_RX] Time: 837ms, Receiver: 0, Sender: 6, RSSI: -98
[P1_RX] Time: 837ms, Receiver: 23, Sender: 6, RSSI: -99
[P1_RX] Time: 837ms, Receiver: 26, Sender: 6, RSSI: -101
[P1_SUCCESS] Time: 837ms, Drone: 25
[P1_RX] Time: 837ms, Receiver: 34, Sender: 25, RSSI: -101
[P1_RX] Time: 837ms, Receiver: 28, Sender: 25, RSSI: -103
[P1_SUCCESS] Time: 837ms, Drone: 33
[P1_RX] Time: 837ms, Receiver: 37, Sender: 33, RSSI: -89
[P1_RX] Time: 837ms, Receiver: 15, Sender: 33, RSSI: -100
[P1_SUCCESS] Time: 837ms, Drone: 4
[P1_RX] Time: 837ms, Receiver: 48, Sender: 4, RSSI: -94
[P1_RX] Time: 837ms, Receiver: 13, Sender: 4, RSSI: -95
[P1_RX] Time: 837ms, Receiver: 1, Sender: 4, RSSI: -99
[P1_RX] Time: 837ms, Receiver: 45, Sender: 4, RSSI: -99
[P1_RX] Time: 837ms, Receiver: 32, Sender: 4, RSSI: -100
[P1_RX] Time: 837ms, Receiver: 16, Sender: 4, RSSI: -103
[P1_RX] Time: 837ms, Receiver: 49, Sender: 4, RSSI: -103
[P1_RX] Time: 837ms, Receiver: 3, Sender: 4, RSSI: -104
[P1_RX] Time: 837ms, Receiver: 18, Sender: 4, RSSI: -105
[P1_ATTEMPT] Time: 837ms, Drone: 10
[P1_ATTEMPT] Time: 837ms, Drone: 41
[P1_ATTEMPT] Time: 838ms, Drone: 27
[P1_ATTEMPT] Time: 838ms, Drone: 49
[P1_ATTEMPT] Time: 838ms, Drone: 31
[P1_ABORT] Time: 838ms, Drone: 31
[P1_ATTEMPT] Time: 838ms, Drone: 31
[P1_SUCCESS] Time: 838ms, Drone: 10
[P1_RX] Time: 838ms, Receiver: 38, Sender: 10, RSSI: -98
[P1_RX] Time: 838ms, Receiver: 8, Sender: 10, RSSI: -101
[P1_RX] Time: 838ms, Receiver: 43, Sender: 10, RSSI: -101
[P1_SUCCESS] Time: 838ms, Drone: 41
[P1_RX] Time: 838ms, Receiver: 40, Sender: 41, RSSI: -95
[P1_RX] Time: 838ms, Receiver: 47, Sender: 41, RSSI: -97
[P1_RX] Time: 838ms, Receiver: 5, Sender: 41, RSSI: -100
[P1_RX] Time: 838ms, Receiver: 36, Sender: 41, RSSI: -101
[P1_RX] Time: 838ms, Receiver: 35, Sender: 41, RSSI: -101
[P1_RX] Time: 838ms, Receiver: 22, Sender: 41, RSSI: -103
[P1_ABORT] Time: 838ms, Drone: 31
[P1_ATTEMPT] Time: 838ms, Drone: 31
[P1_SUCCESS] Time: 838ms, Drone: 27
[P1_RX] Time: 838ms, Receiver: 31, Sender: 27, RSSI: -104
[P1_RX] Time: 838ms, Receiver: 0, Sender: 27, RSSI: -105
[P1_RX] Time: 838ms, Receiver: 13, Sender: 27, RSSI: -105
[P1_SUCCESS] Time: 839ms, Drone: 49
[P1_RX] Time: 839ms, Receiver: 4, Sender: 49, RSSI: -103
[P1_RX] Time: 839ms, Receiver: 20, Sender: 49, RSSI: -105
[P1_ABORT] Time: 839ms, Drone: 31
[P2_ATTEMPT] Time: 842ms, Drone: 10, Slot: 0, Channel: 16
[P2_ATTEMPT] Time: 842ms, Drone: 14, Slot: 0, Channel: 15
[P2_ATTEMPT] Time: 842ms, Drone: 20, Slot: 0, Channel: 22
[P2_ATTEMPT] Time: 842ms, Drone: 33, Slot: 0, Channel: 26
[P2_ATTEMPT] Time: 842ms, Drone: 44, Slot: 0, Channel: 25
[P2_ATTEMPT] Time: 844ms, Drone: 8, Slot: 1, Channel: 20
[P2_ATTEMPT] Time: 844ms, Drone: 12, Slot: 1, Channel: 22
[P2_ATTEMPT] Time: 844ms, Drone: 25, Slot: 1, Channel: 16
[P2_ATTEMPT] Time: 844ms, Drone: 42, Slot: 1, Channel: 26
[P2_ATTEMPT] Time: 844ms, Drone: 43, Slot: 1, Channel: 22
[P2_ATTEMPT] Time: 844ms, Drone: 47, Slot: 1, Channel: 18
[P2_SUCCESS] Time: 844ms, Drone: 10
[P2_SUCCESS] Time: 844ms, Drone: 14
[P2_SUCCESS] Time: 844ms, Drone: 20
[P2_SUCCESS] Time: 844ms, Drone: 33
[P2_SUCCESS] Time: 844ms, Drone: 44
[P2_ATTEMPT] Time: 847ms, Drone: 1, Slot: 2, Channel: 18
[P2_ATTEMPT] Time: 847ms, Drone: 40, Slot: 2, Channel: 21
[P2_SUCCESS] Time: 847ms, Drone: 8
[P2_SUCCESS] Time: 847ms, Drone: 12
[P2_SUCCESS] Time: 847ms, Drone: 25
[P2_SUCCESS] Time: 847ms, Drone: 42
[P2_SUCCESS] Time: 847ms, Drone: 43
[P2_SUCCESS] Time: 847ms, Drone: 47
[P2_RX] Time: 847ms, Receiver: 15, Sender: 43, RSSI: -93
[P2_RX] Time: 847ms, Receiver: 26, Sender: 42, RSSI: -94
[P2_RX] Time: 847ms, Receiver: 27, Sender: 47, RSSI: -95
[P2_ATTEMPT] Time: 849ms, Drone: 4, Slot: 3, Channel: 21
[P2_ATTEMPT] Time: 849ms, Drone: 6, Slot: 3, Channel: 21
[P2_ATTEMPT] Time: 849ms, Drone: 15, Slot: 3, Channel: 21
[P2_ATTEMPT] Time: 849ms, Drone: 36, Slot: 3, Channel: 18
[P2_SUCCESS] Time: 849ms, Drone: 1
[P2_SUCCESS] Time: 849ms, Drone: 40
[P2_RX] Time: 849ms, Receiver: 32, Sender: 1, RSSI: -82
[P2_RX] Time: 849ms, Receiver: 16, Sender: 1, RSSI: -89
[P2_RX] Time: 849ms, Receiver: 47, Sender: 40, RSSI: -91
[P2_RX] Time: 849ms, Receiver: 19, Sender: 40, RSSI: -92
[P2_RX] Time: 849ms, Receiver: 41, Sender: 40, RSSI: -95
[P2_RX] Time: 849ms, Receiver: 27, Sender: 1, RSSI: -102
[P2_ATTEMPT] Time: 852ms, Drone: 11, Slot: 4, Channel: 12
[P2_ATTEMPT] Time: 852ms, Drone: 13, Slot: 4, Channel: 19
[P2_ATTEMPT] Time: 852ms, Drone: 17, Slot: 4, Channel: 20
[P2_ATTEMPT] Time: 852ms, Drone: 22, Slot: 4, Channel: 12
[P2_ATTEMPT] Time: 852ms, Drone: 35, Slot: 4, Channel: 14
[P2_SUCCESS] Time: 852ms, Drone: 4
[P2_SUCCESS] Time: 852ms, Drone: 6
[P2_SUCCESS] Time: 852ms, Drone: 15
[P2_SUCCESS] Time: 852ms, Drone: 36
[P2_RX] Time: 852ms, Receiver: 43, Sender: 15, RSSI: -93
[P2_RX] Time: 852ms, Receiver: 48, Sender: 4, RSSI: -94
[P2_RX] Time: 852ms, Receiver: 47, Sender: 15, RSSI: -103
[P2_ATTEMPT] Time: 854ms, Drone: 32, Slot: 5, Channel: 24
[P2_ATTEMPT] Time: 854ms, Drone: 38, Slot: 5, Channel: 14
[P2_ATTEMPT] Time: 854ms, Drone: 45, Slot: 5, Channel: 13
[P2_ATTEMPT] Time: 854ms, Drone: 49, Slot: 5, Channel: 26
[P2_SUCCESS] Time: 854ms, Drone: 11
[P2_SUCCESS] Time: 854ms, Drone: 13
[P2_SUCCESS] Time: 854ms, Drone: 17
[P2_SUCCESS] Time: 854ms, Drone: 22
[P2_SUCCESS] Time: 854ms, Drone: 35
[P2_RX] Time: 854ms, Receiver: 18, Sender: 17, RSSI: -86
[P2_RX] Time: 854ms, Receiver: 21, Sender: 17, RSSI: -91
[P2_RX] Time: 854ms, Receiver: 16, Sender: 17, RSSI: -91
[P2_RX] Time: 854ms, Receiver: 4, Sender: 13, RSSI: -96
[P2_RX] Time: 854ms, Receiver: 2, Sender: 13, RSSI: -97
[P2_RX] Time: 854ms, Receiver: 8, Sender: 17, RSSI: -108
[P2_ATTEMPT] Time: 857ms, Drone: 7, Slot: 6, Channel: 21
[P2_ATTEMPT] Time: 857ms, Drone: 34, Slot: 6, Channel: 16
[P2_SUCCESS] Time: 857ms, Drone: 32
[P2_SUCCESS] Time: 857ms, Drone: 38
[P2_SUCCESS] Time: 857ms, Drone: 45
[P2_SUCCESS] Time: 857ms, Drone: 49
[P2_RX] Time: 857ms, Receiver: 1, Sender: 32, RSSI: -82
[P2_RX] Time: 857ms, Receiver: 31, Sender: 45, RSSI: -90
[P2_RX] Time: 857ms, Receiver: 15, Sender: 32, RSSI: -95
[P2_RX] Time: 857ms, Receiver: 47, Sender: 32, RSSI: -99
[P2_ATTEMPT] Time: 859ms, Drone: 18, Slot: 7, Channel: 18
[P2_ATTEMPT] Time: 859ms, Drone: 19, Slot: 7, Channel: 21
[P2_ATTEMPT] Time: 859ms, Drone: 24, Slot: 7, Channel: 24
[P2_ATTEMPT] Time: 859ms, Drone: 31, Slot: 7, Channel: 19
[P2_ATTEMPT] Time: 859ms, Drone: 48, Slot: 7, Channel: 21
[P2_ABORT] Time: 859ms, Drone: 48
[P2_SUCCESS] Time: 859ms, Drone: 7
[P2_SUCCESS] Time: 859ms, Drone: 34
[P2_RX] Time: 859ms, Receiver: 28, Sender: 34, RSSI: -78
[P2_RX] Time: 859ms, Receiver: 46, Sender: 34, RSSI: -87
[P2_RX] Time: 859ms, Receiver: 30, Sender: 7, RSSI: -94
[P2_RX] Time: 859ms, Receiver: 25, Sender: 34, RSSI: -103
[P2_SUCCESS] Time: 861ms, Drone: 19
[P2_RX] Time: 861ms, Receiver: 40, Sender: 19, RSSI: -92
[P2_RX] Time: 861ms, Receiver: 47, Sender: 19, RSSI: -92
[P2_RX] Time: 861ms, Receiver: 41, Sender: 19, RSSI: -101
[P2_RX] Time: 861ms, Receiver: 6, Sender: 19, RSSI: -105
[P2_ATTEMPT] Time: 862ms, Drone: 0, Slot: 8, Channel: 17
[P2_ATTEMPT] Time: 862ms, Drone: 9, Slot: 8, Channel: 25
[P2_ATTEMPT] Time: 862ms, Drone: 16, Slot: 8, Channel: 25
[P2_ATTEMPT] Time: 862ms, Drone: 26, Slot: 8, Channel: 20
[P2_ATTEMPT] Time: 862ms, Drone: 27, Slot: 8, Channel: 19
[P2_ATTEMPT] Time: 862ms, Drone: 29, Slot: 8, Channel: 13
[P2_ATTEMPT] Time: 862ms, Drone: 30, Slot: 8, Channel: 16
[P2_ATTEMPT] Time: 862ms, Drone: 41, Slot: 8, Channel: 20
[P2_ATTEMPT] Time: 862ms, Drone: 46, Slot: 8, Channel: 18
[P2_SUCCESS] Time: 862ms, Drone: 18
[P2_SUCCESS] Time: 862ms, Drone: 24
[P2_SUCCESS] Time: 862ms, Drone: 31
[P2_RX] Time: 862ms, Receiver: 21, Sender: 18, RSSI: -78
[P2_RX] Time: 862ms, Receiver: 13, Sender: 31, RSSI: -92
[P2_RX] Time: 862ms, Receiver: 4, Sender: 31, RSSI: -101
[P2_RX] Time: 862ms, Receiver: 2, Sender: 31, RSSI: -102
[P2_RX] Time: 862ms, Receiver: 1, Sender: 24, RSSI: -107
[P2_RX] Time: 862ms, Receiver: 32, Sender: 24, RSSI: -108
[P2_ATTEMPT] Time: 864ms, Drone: 2, Slot: 9, Channel: 22
[P2_ATTEMPT] Time: 864ms, Drone: 3, Slot: 9, Channel: 20
[P2_ATTEMPT] Time: 864ms, Drone: 5, Slot: 9, Channel: 23
[P2_ATTEMPT] Time: 864ms, Drone: 21, Slot: 9, Channel: 16
[P2_ATTEMPT] Time: 864ms, Drone: 23, Slot: 9, Channel: 17
[P2_ATTEMPT] Time: 864ms, Drone: 28, Slot: 9, Channel: 17
[P2_ATTEMPT] Time: 864ms, Drone: 37, Slot: 9, Channel: 14
[P2_ATTEMPT] Time: 864ms, Drone: 39, Slot: 9, Channel: 19
[P2_SUCCESS] Time: 864ms, Drone: 0
[P2_SUCCESS] Time: 864ms, Drone: 9
[P2_SUCCESS] Time: 864ms, Drone: 16
[P2_SUCCESS] Time: 864ms, Drone: 26
[P2_SUCCESS] Time: 864ms, Drone: 27
[P2_SUCCESS] Time: 864ms, Drone: 29
[P2_SUCCESS] Time: 864ms, Drone: 30
[P2_SUCCESS] Time: 864ms, Drone: 41
[P2_SUCCESS] Time: 864ms, Drone: 46
[P2_RX] Time: 864ms, Receiver: 7, Sender: 30, RSSI: -94
[P2_RX] Time: 864ms, Receiver: 42, Sender: 26, RSSI: -94
[P2_RX] Time: 864ms, Receiver: 31, Sender: 27, RSSI: -106
[P2_RX] Time: 864ms, Receiver: 45, Sender: 29, RSSI: -107
[P2_SUCCESS] Time: 867ms, Drone: 2
[P2_SUCCESS] Time: 867ms, Drone: 3
[P2_SUCCESS] Time: 867ms, Drone: 5
[P2_SUCCESS] Time: 867ms, Drone: 21
[P2_SUCCESS] Time: 867ms, Drone: 23
[P2_SUCCESS] Time: 867ms, Drone: 28
[P2_SUCCESS] Time: 867ms, Drone: 37
[P2_SUCCESS] Time: 867ms, Drone: 39
[P1_ATTEMPT] Time: 867ms, Drone: 29
[P1_ATTEMPT] Time: 868ms, Drone: 45
[P1_SUCCESS] Time: 868ms, Drone: 29
[P1_RX] Time: 868ms, Receiver: 33, Sender: 29, RSSI: -89
[P1_RX] Time: 868ms, Receiver: 37, Sender: 29, RSSI: -89
[P1_RX] Time: 868ms, Receiver: 25, Sender: 29, RSSI: -93
[P1_RX] Time: 868ms, Receiver: 20, Sender: 29, RSSI: -103
[P1_RX] Time: 868ms, Receiver: 4, Sender: 29, RSSI: -103
[P1_RX] Time: 868ms, Receiver: 31, Sender: 29, RSSI: -105
[P1_RX] Time: 868ms, Receiver: 34, Sender: 29, RSSI: -105
[P1_RX] Time: 868ms, Receiver: 13, Sender: 29, RSSI: -105
[P1_RX] Time: 868ms, Receiver: 28, Sender: 29, RSSI: -106
[P1_RX] Time: 868ms, Receiver: 15, Sender: 29, RSSI: -106
[P1_RX] Time: 868ms, Receiver: 48, Sender: 29, RSSI: -106
[P1_RX] Time: 868ms, Receiver: 45, Sender: 29, RSSI: -107
[P1_RX] Time: 868ms, Receiver: 46, Sender: 29, RSSI: -107
[P1_RX] Time: 868ms, Receiver: 12, Sender: 29, RSSI: -109
[P1_RX] Time: 868ms, Receiver: 44, Sender: 29, RSSI: -109
[P1_ATTEMPT] Time: 868ms, Drone: 5
[P1_ABORT] Time: 868ms, Drone: 5
[P1_ATTEMPT] Time: 868ms, Drone: 5
[P1_ABORT] Time: 868ms, Drone: 5
[P1_ATTEMPT] Time: 868ms, Drone: 5
[P1_ABORT] Time: 868ms, Drone: 5
[P1_ATTEMPT] Time: 868ms, Drone: 5
[P1_SUCCESS] Time: 868ms, Drone: 45
[P1_RX] Time: 868ms, Receiver: 31, Sender: 45, RSSI: -90
[P1_RX] Time: 868ms, Receiver: 13, Sender: 45, RSSI: -96
[P1_RX] Time: 868ms, Receiver: 2, Sender: 45, RSSI: -99
[P1_RX] Time: 868ms, Receiver: 32, Sender: 45, RSSI: -101
[P1_RX] Time: 868ms, Receiver: 4, Sender: 45, RSSI: -101
[P1_RX] Time: 868ms, Receiver: 27, Sender: 45, RSSI: -102
[P1_RX] Time: 868ms, Receiver: 1, Sender: 45, RSSI: -102
[P1_RX] Time: 868ms, Receiver: 0, Sender: 45, RSSI: -103
[P1_RX] Time: 868ms, Receiver: 48, Sender: 45, RSSI: -103
[P1_RX] Time: 868ms, Receiver: 24, Sender: 45, RSSI: -103
[P1_RX] Time: 868ms, Receiver: 15, Sender: 45, RSSI: -103
[P1_RX] Time: 868ms, Receiver: 19, Sender: 45, RSSI: -104
[P1_RX] Time: 868ms, Receiver: 23, Sender: 45, RSSI: -105
[P1_RX] Time: 868ms, Receiver: 47, Sender: 45, RSSI: -105
[P1_RX] Time: 868ms, Receiver: 33, Sender: 45, RSSI: -105
[P1_RX] Time: 868ms, Receiver: 16, Sender: 45, RSSI: -106
[P1_RX] Time: 868ms, Receiver: 42, Sender: 45, RSSI: -106
[P1_RX] Time: 868ms, Receiver: 14, Sender: 45, RSSI: -106
[P1_RX] Time: 868ms, Receiver: 43, Sender: 45, RSSI: -107
[P1_RX] Time: 868ms, Receiver: 29, Sender: 45, RSSI: -107
[P1_RX] Time: 868ms, Receiver: 6, Sender: 45, RSSI: -109
[P1_RX] Time: 868ms, Receiver: 26, Sender: 45, RSSI: -109
[P1_RX] Time: 868ms, Receiver: 12, Sender: 45, RSSI: -109
[P1_RX] Time: 868ms, Receiver: 21, Sender: 45, RSSI: -110
[P1_ATTEMPT] Time: 869ms, Drone: 15
[P1_SUCCESS] Time: 869ms, Drone: 5
[P1_RX] Time: 869ms, Receiver: 35, Sender: 5, RSSI: -75
[P1_RX] Time: 869ms, Receiver: 39, Sender: 5, RSSI: -99
[P1_RX] Time: 869ms, Receiver: 19, Sender: 5, RSSI: -99
[P1_RX] Time: 869ms, Receiver: 36, Sender: 5, RSSI: -100
[P1_RX] Time: 869ms, Receiver: 41, Sender: 5, RSSI: -100
[P1_RX] Time: 869ms, Receiver: 9, Sender: 5, RSSI: -101
[P1_RX] Time: 869ms, Receiver: 47, Sender: 5, RSSI: -102
[P1_RX] Time: 869ms, Receiver: 22, Sender: 5, RSSI: -103
[P1_RX] Time: 869ms, Receiver: 6, Sender: 5, RSSI: -105
[P1_RX] Time: 869ms, Receiver: 42, Sender: 5, RSSI: -106
[P1_ATTEMPT] Time: 869ms, Drone: 16
[P1_SUCCESS] Time: 870ms, Drone: 15
[P1_RX] Time: 870ms, Receiver: 43, Sender: 15, RSSI: -93
[P1_RX] Time: 870ms, Receiver: 18, Sender: 15, RSSI: -100
[P1_RX] Time: 870ms, Receiver: 21, Sender: 15, RSSI: -100
[P1_RX] Time: 870ms, Receiver: 3, Sender: 15, RSSI: -102
[P1_RX] Time: 870ms, Receiver: 49, Sender: 15, RSSI: -102
[P1_RX] Time: 870ms, Receiver: 38, Sender: 15, RSSI: -103
[P1_RX] Time: 870ms, Receiver: 33, Sender: 15, RSSI: -103
[P1_RX] Time: 870ms, Receiver: 4, Sender: 15, RSSI: -103
[P1_RX] Time: 870ms, Receiver: 31, Sender: 15, RSSI: -104
[P1_RX] Time: 870ms, Receiver: 11, Sender: 15, RSSI: -104
[P1_RX] Time: 870ms, Receiver: 37, Sender: 15, RSSI: -105
[P1_RX] Time: 870ms, Receiver: 10, Sender: 15, RSSI: -106
[P1_RX] Time: 870ms, Receiver: 29, Sender: 15, RSSI: -106
[P1_RX] Time: 870ms, Receiver: 13, Sender: 15, RSSI: -105
[P1_RX] Time: 870ms, Receiver: 48, Sender: 15, RSSI: -107
[P1_ATTEMPT] Time: 870ms, Drone: 4
[P1_ABORT] Time: 870ms, Drone: 16
[P1_ATTEMPT] Time: 870ms, Drone: 16
[P1_ATTEMPT] Time: 870ms, Drone: 0
[P1_ABORT] Time: 870ms, Drone: 0
[P1_ATTEMPT] Time: 870ms, Drone: 0
[P1_ATTEMPT] Time: 870ms, Drone: 40
[P1_ABORT] Time: 870ms, Drone: 0
[P1_ATTEMPT] Time: 870ms, Drone: 0
[P1_ABORT] Time: 870ms, Drone: 0
[P1_ATTEMPT] Time: 870ms, Drone: 0
[P1_SUCCESS] Time: 870ms, Drone: 4
[P1_RX] Time: 870ms, Receiver: 48, Sender: 4, RSSI: -94
[P1_RX] Time: 870ms, Receiver: 13, Sender: 4, RSSI: -96
[P1_RX] Time: 870ms, Receiver: 31, Sender: 4, RSSI: -100
[P1_RX] Time: 870ms, Receiver: 45, Sender: 4, RSSI: -100
[P1_RX] Time: 870ms, Receiver: 2, Sender: 4, RSSI: -101
[P1_RX] Time: 870ms, Receiver: 24, Sender: 4, RSSI: -101
[P1_RX] Time: 870ms, Receiver: 33, Sender: 4, RSSI: -102
[P1_RX] Time: 870ms, Receiver: 29, Sender: 4, RSSI: -103
[P1_RX] Time: 870ms, Receiver: 20, Sender: 4, RSSI: -105
[P1_RX] Time: 870ms, Receiver: 37, Sender: 4, RSSI: -105
[P1_RX] Time: 870ms, Receiver: 42, Sender: 4, RSSI: -106
[P1_RX] Time: 870ms, Receiver: 25, Sender: 4, RSSI: -107
[P1_RX] Time: 870ms, Receiver: 0, Sender: 4, RSSI: -107
[P1_SUCCESS] Time: 870ms, Drone: 16
[P1_RX] Time: 870ms, Receiver: 1, Sender: 16, RSSI: -89
[P1_RX] Time: 870ms, Receiver: 32, Sender: 16, RSSI: -91
[P1_RX] Time: 870ms, Receiver: 17, Sender: 16, RSSI: -91
[P1_RX] Time: 870ms, Receiver: 18, Sender: 16, RSSI: -94
[P1_RX] Time: 870ms, Receiver: 21, Sender: 16, RSSI: -97
[P1_RX] Time: 870ms, Receiver: 47, Sender: 16, RSSI: -97
[P1_RX] Time: 870ms, Receiver: 3, Sender: 16, RSSI: -100
[P1_RX] Time: 870ms, Receiver: 49, Sender: 16, RSSI: -101
[P1_RX] Time: 870ms, Receiver: 19, Sender: 16, RSSI: -101
[P1_RX] Time: 870ms, Receiver: 27, Sender: 16, RSSI: -101
[P1_RX] Time: 870ms, Receiver: 43, Sender: 16, RSSI: -102
[P1_RX] Time: 870ms, Receiver: 11, Sender: 16, RSSI: -103
[P1_RX] Time: 870ms, Receiver: 41, Sender: 16, RSSI: -104
[P1_RX] Time: 870ms, Receiver: 38, Sender: 16, RSSI: -105
[P1_ABORT] Time: 871ms, Drone: 40
[P1_ATTEMPT] Time: 871ms, Drone: 40
[P1_ATTEMPT] Time: 871ms, Drone: 21
[P1_ATTEMPT] Time: 871ms, Drone: 14
[P1_ABORT] Time: 871ms, Drone: 14
[P1_ATTEMPT] Time: 871ms, Drone: 14
[P1_ABORT] Time: 871ms, Drone: 14
[P1_ATTEMPT] Time: 871ms, Drone: 14
[P1_ATTEMPT] Time: 871ms, Drone: 31
[P1_ABORT] Time: 871ms, Drone: 14
[P1_ATTEMPT] Time: 871ms, Drone: 14
[P1_ABORT] Time: 871ms, Drone: 31
[P1_ATTEMPT] Time: 871ms, Drone: 31
[P1_ABORT] Time: 871ms, Drone: 14
[P1_ATTEMPT] Time: 871ms, Drone: 14
[P1_SUCCESS] Time: 871ms, Drone: 0
[P1_RX] Time: 871ms, Receiver: 23, Sender: 0, RSSI: -89
[P1_RX] Time: 871ms, Receiver: 14, Sender: 0, RSSI: -97
[P1_RX] Time: 871ms, Receiver: 42, Sender: 0, RSSI: -98
[P1_RX] Time: 871ms, Receiver: 2, Sender: 0, RSSI: -98
[P1_RX] Time: 871ms, Receiver: 6, Sender: 0, RSSI: -99
[P1_RX] Time: 871ms, Receiver: 24, Sender: 0, RSSI: -101
[P1_RX] Time: 871ms, Receiver: 26, Sender: 0, RSSI: -102
[P1_RX] Time: 871ms, Receiver: 45, Sender: 0, RSSI: -103
[P1_RX] Time: 871ms, Receiver: 13, Sender: 0, RSSI: -104
[P1_RX] Time: 871ms, Receiver: 31, Sender: 0, RSSI: -104
[P1_RX] Time: 871ms, Receiver: 39, Sender: 0, RSSI: -105
[P1_RX] Time: 871ms, Receiver: 30, Sender: 0, RSSI: -105
[P1_RX] Time: 871ms, Receiver: 48, Sender: 0, RSSI: -106
[P1_ABORT] Time: 871ms, Drone: 31
[P1_ATTEMPT] Time: 871ms, Drone: 31
[P1_ABORT] Time: 871ms, Drone: 14
[P1_ATTEMPT] Time: 871ms, Drone: 14
[P1_SUCCESS] Time: 871ms, Drone: 40
[P1_RX] Time: 871ms, Receiver: 36, Sender: 40, RSSI: -104
[P1_RX] Time: 871ms, Receiver: 22, Sender: 40, RSSI: -106
[P1_ATTEMPT] Time: 872ms, Drone: 7
[P1_ATTEMPT] Time: 872ms, Drone: 8
[P1_SUCCESS] Time: 872ms, Drone: 21
[P1_RX] Time: 872ms, Receiver: 38, Sender: 21, RSSI: -97
[P1_RX] Time: 872ms, Receiver: 8, Sender: 21, RSSI: -104
[P1_RX] Time: 872ms, Receiver: 10, Sender: 21, RSSI: -105
[P1_ABORT] Time: 872ms, Drone: 8
[P1_ATTEMPT] Time: 872ms, Drone: 8
[P1_ATTEMPT] Time: 872ms, Drone: 6
[P1_SUCCESS] Time: 872ms, Drone: 31
[P1_RX] Time: 872ms, Receiver: 45, Sender: 31, RSSI: -90
[P1_RX] Time: 872ms, Receiver: 13, Sender: 31, RSSI: -92
[P1_RX] Time: 872ms, Receiver: 4, Sender: 31, RSSI: -100
[P1_RX] Time: 872ms, Receiver: 48, Sender: 31, RSSI: -100
[P1_RX] Time: 872ms, Receiver: 2, Sender: 31, RSSI: -98
[P1_RX] Time: 872ms, Receiver: 33, Sender: 31, RSSI: -102
[P1_RX] Time: 872ms, Receiver: 32, Sender: 31, RSSI: -103
[P1_RX] Time: 872ms, Receiver: 15, Sender: 31, RSSI: -104
[P1_RX] Time: 872ms, Receiver: 29, Sender: 31, RSSI: -104
[P1_RX] Time: 872ms, Receiver: 1, Sender: 31, RSSI: -104
[P1_RX] Time: 872ms, Receiver: 27, Sender: 31, RSSI: -105
[P1_RX] Time: 872ms, Receiver: 37, Sender: 31, RSSI: -106
[P1_SUCCESS] Time: 872ms, Drone: 14
[P1_RX] Time: 872ms, Receiver: 23, Sender: 14, RSSI: -88
[P1_RX] Time: 872ms, Receiver: 0, Sender: 14, RSSI: -96
[P1_RX] Time: 872ms, Receiver: 26, Sender: 14, RSSI: -98
[P1_RX] Time: 872ms, Receiver: 24, Sender: 14, RSSI: -97
[P1_RX] Time: 872ms, Receiver: 42, Sender: 14, RSSI: -100
[P1_RX] Time: 872ms, Receiver: 6, Sender: 14, RSSI: -103
[P1_ABORT] Time: 872ms, Drone: 6
[P1_ATTEMPT] Time: 872ms, Drone: 6
[P1_SUCCESS] Time: 872ms, Drone: 7
[P1_SUCCESS] Time: 873ms, Drone: 8
[P1_RX] Time: 873ms, Receiver: 10, Sender: 8, RSSI: -101
[P1_RX] Time: 873ms, Receiver: 38, Sender: 8, RSSI: -102
[P1_RX] Time: 873ms, Receiver: 3, Sender: 8, RSSI: -102
[P1_RX] Time: 873ms, Receiver: 21, Sender: 8, RSSI: -103
[P1_RX] Time: 873ms, Receiver: 11, Sender: 8, RSSI: -106
[P1_ATTEMPT] Time: 873ms, Drone: 37
[P1_SUCCESS] Time: 873ms, Drone: 6
[P1_RX] Time: 873ms, Receiver: 39, Sender: 6, RSSI: -95
[P1_RX] Time: 873ms, Receiver: 42, Sender: 6, RSSI: -98
[P1_RX] Time: 873ms, Receiver: 0, Sender: 6, RSSI: -99
[P1_RX] Time: 873ms, Receiver: 23, Sender: 6, RSSI: -100
[P1_RX] Time: 873ms, Receiver: 9, Sender: 6, RSSI: -101
[P1_RX] Time: 873ms, Receiver: 26, Sender: 6, RSSI: -102
[P1_RX] Time: 873ms, Receiver: 35, Sender: 6, RSSI: -103
[P1_RX] Time: 873ms, Receiver: 14, Sender: 6, RSSI: -104
[P1_RX] Time: 873ms, Receiver: 2, Sender: 6, RSSI: -105
[P1_RX] Time: 873ms, Receiver: 5, Sender: 6, RSSI: -105
[P1_RX] Time: 873ms, Receiver: 19, Sender: 6, RSSI: -105
[P1_RX] Time: 873ms, Receiver: 24, Sender: 6, RSSI: -106
[P1_RX] Time: 873ms, Receiver: 27, Sender: 6, RSSI: -109
[P1_SUCCESS] Time: 874ms, Drone: 37
[P1_RX] Time: 874ms, Receiver: 29, Sender: 37, RSSI: -89
[P1_RX] Time: 874ms, Receiver: 33, Sender: 37, RSSI: -90
[P1_RX] Time: 874ms, Receiver: 25, Sender: 37, RSSI: -95
[P1_RX] Time: 874ms, Receiver: 34, Sender: 37, RSSI: -102
[P1_RX] Time: 874ms, Receiver: 20, Sender: 37, RSSI: -103
[P1_RX] Time: 874ms, Receiver: 28, Sender: 37, RSSI: -104
[P1_RX] Time: 874ms, Receiver: 46, Sender: 37, RSSI: -105
[P1_RX] Time: 874ms, Receiver: 15, Sender: 37, RSSI: -105
[P1_RX] Time: 874ms, Receiver: 4, Sender: 37, RSSI: -106
[P1_RX] Time: 874ms, Receiver: 44, Sender: 37, RSSI: -107
[P1_RX] Time: 874ms, Receiver: 43, Sender: 37, RSSI: -108
[P1_ATTEMPT] Time: 875ms, Drone: 9
[P1_ATTEMPT] Time: 875ms, Drone: 11
[P1_ATTEMPT] Time: 875ms, Drone: 42
[P1_ABORT] Time: 875ms, Drone: 42
[P1_ATTEMPT] Time: 875ms, Drone: 42
[P1_ATTEMPT] Time: 875ms, Drone: 3
[P1_SUCCESS] Time: 876ms, Drone: 9
[P1_RX] Time: 876ms, Receiver: 39, Sender: 9, RSSI: -97
[P1_RX] Time: 876ms, Receiver: 35, Sender: 9, RSSI: -100
[P1_RX] Time: 876ms, Receiver: 5, Sender: 9, RSSI: -101
[P1_RX] Time: 876ms, Receiver: 6, Sender: 9, RSSI: -101
[P1_RX] Time: 876ms, Receiver: 22, Sender: 9, RSSI: -103
[P1_RX] Time: 876ms, Receiver: 19, Sender: 9, RSSI: -105
[P1_RX] Time: 876ms, Receiver: 0, Sender: 9, RSSI: -105
[P1_RX] Time: 876ms, Receiver: 27, Sender: 9, RSSI: -105
[P1_RX] Time: 876ms, Receiver: 42, Sender: 9, RSSI: -107
[P1_RX] Time: 876ms, Receiver: 36, Sender: 9, RSSI: -107
[P1_ABORT] Time: 876ms, Drone: 3
[P1_ATTEMPT] Time: 876ms, Drone: 3
[P1_ABORT] Time: 876ms, Drone: 3
[P1_ATTEMPT] Time: 876ms, Drone: 3
[P1_ABORT] Time: 876ms, Drone: 3
[P1_ATTEMPT] Time: 876ms, Drone: 3
[P1_SUCCESS] Time: 876ms, Drone: 11
[P1_RX] Time: 876ms, Receiver: 38, Sender: 11, RSSI: -94
[P1_RX] Time: 876ms, Receiver: 21, Sender: 11, RSSI: -96
[P1_RX] Time: 876ms, Receiver: 18, Sender: 11, RSSI: -98
[P1_RX] Time: 876ms, Receiver: 17, Sender: 11, RSSI: -99
[P1_RX] Time: 876ms, Receiver: 43, Sender: 11, RSSI: -100
[P1_RX] Time: 876ms, Receiver: 16, Sender: 11, RSSI: -103
[P1_RX] Time: 876ms, Receiver: 15, Sender: 11, RSSI: -104
[P1_RX] Time: 876ms, Receiver: 10, Sender: 11, RSSI: -105
[P1_RX] Time: 876ms, Receiver: 3, Sender: 11, RSSI: -106
[P1_RX] Time: 876ms, Receiver: 8, Sender: 11, RSSI: -107
[P1_RX] Time: 876ms, Receiver: 49, Sender: 11, RSSI: -107
[P1_ATTEMPT] Time: 876ms, Drone: 27
[P1_ABORT] Time: 876ms, Drone: 3
[P1_ATTEMPT] Time: 876ms, Drone: 3
[P1_ABORT] Time: 876ms, Drone: 27
[P1_ATTEMPT] Time: 876ms, Drone: 27
[P1_ABORT] Time: 876ms, Drone: 27
[P1_ATTEMPT] Time: 876ms, Drone: 27
[P1_ATTEMPT] Time: 876ms, Drone: 23
[P1_ABORT] Time: 876ms, Drone: 27
[P1_ATTEMPT] Time: 876ms, Drone: 27
[P1_SUCCESS] Time: 876ms, Drone: 42
[P1_RX] Time: 876ms, Receiver: 26, Sender: 42, RSSI: -94
[P1_RX] Time: 876ms, Receiver: 2, Sender: 42, RSSI: -96
[P1_RX] Time: 876ms, Receiver: 23, Sender: 42, RSSI: -97
[P1_RX] Time: 876ms, Receiver: 24, Sender: 42, RSSI: -98
[P1_RX] Time: 876ms, Receiver: 0, Sender: 42, RSSI: -98
[P1_RX] Time: 876ms, Receiver: 6, Sender: 42, RSSI: -98
[P1_RX] Time: 876ms, Receiver: 14, Sender: 42, RSSI: -102
[P1_RX] Time: 876ms, Receiver: 19, Sender: 42, RSSI: -102
[P1_RX] Time: 876ms, Receiver: 39, Sender: 42, RSSI: -103
[P1_RX] Time: 876ms, Receiver: 35, Sender: 42, RSSI: -104
[P1_RX] Time: 876ms, Receiver: 48, Sender: 42, RSSI: -105
[P1_RX] Time: 876ms, Receiver: 13, Sender: 42, RSSI: -105
[P1_RX] Time: 876ms, Receiver: 45, Sender: 42, RSSI: -105
[P1_RX] Time: 876ms, Receiver: 5, Sender: 42, RSSI: -105
[P1_RX] Time: 876ms, Receiver: 9, Sender: 42, RSSI: -106
[P1_RX] Time: 876ms, Receiver: 30, Sender: 42, RSSI: -107
[P1_ABORT] Time: 876ms, Drone: 23
[P1_ATTEMPT] Time: 876ms, Drone: 23
[P1_ABORT] Time: 877ms, Drone: 27
[P1_ATTEMPT] Time: 877ms, Drone: 27
[P1_ATTEMPT] Time: 877ms, Drone: 43
[P1_ABORT] Time: 877ms, Drone: 43
[P1_ATTEMPT] Time: 877ms, Drone: 43
[P1_ABORT] Time: 877ms, Drone: 43
[P1_ATTEMPT] Time: 877ms, Drone: 43
[P1_SUCCESS] Time: 877ms, Drone: 3
[P1_RX] Time: 877ms, Receiver: 49, Sender: 3, RSSI: -80
[P1_RX] Time: 877ms, Receiver: 18, Sender: 3, RSSI: -97
[P1_RX] Time: 877ms, Receiver: 21, Sender: 3, RSSI: -98
[P1_RX] Time: 877ms, Receiver: 17, Sender: 3, RSSI: -100
[P1_RX] Time: 877ms, Receiver: 16, Sender: 3, RSSI: -101
[P1_RX] Time: 877ms, Receiver: 1, Sender: 3, RSSI: -102
[P1_RX] Time: 877ms, Receiver: 15, Sender: 3, RSSI: -103
[P1_RX] Time: 877ms, Receiver: 8, Sender: 3, RSSI: -103
[P1_RX] Time: 877ms, Receiver: 43, Sender: 3, RSSI: -104
[P1_RX] Time: 877ms, Receiver: 38, Sender: 3, RSSI: -104
[P1_ATTEMPT] Time: 877ms, Drone: 10
[P1_ABORT] Time: 877ms, Drone: 43
[P1_ATTEMPT] Time: 877ms, Drone: 43
[P1_ABORT] Time: 877ms, Drone: 43
[P1_ATTEMPT] Time: 877ms, Drone: 43
[P1_ABORT] Time: 877ms, Drone: 43
[P1_ATTEMPT] Time: 877ms, Drone: 43
[P1_SUCCESS] Time: 877ms, Drone: 23
[P1_RX] Time: 877ms, Receiver: 14, Sender: 23, RSSI: -89
[P1_RX] Time: 877ms, Receiver: 0, Sender: 23, RSSI: -89
[P1_RX] Time: 877ms, Receiver: 26, Sender: 23, RSSI: -97
[P1_RX] Time: 877ms, Receiver: 42, Sender: 23, RSSI: -97
[P1_RX] Time: 877ms, Receiver: 2, Sender: 23, RSSI: -97
[P1_RX] Time: 877ms, Receiver: 24, Sender: 23, RSSI: -98
[P1_RX] Time: 877ms, Receiver: 6, Sender: 23, RSSI: -100
[P1_RX] Time: 877ms, Receiver: 30, Sender: 23, RSSI: -102
[P1_RX] Time: 877ms, Receiver: 13, Sender: 23, RSSI: -102
[P1_RX] Time: 877ms, Receiver: 48, Sender: 23, RSSI: -103
[P1_RX] Time: 877ms, Receiver: 7, Sender: 23, RSSI: -104
[P1_ATTEMPT] Time: 877ms, Drone: 19
[P1_ABORT] Time: 877ms, Drone: 43
[P1_ATTEMPT] Time: 877ms, Drone: 43
[P1_SUCCESS] Time: 877ms, Drone: 27
[P1_RX] Time: 877ms, Receiver: 47, Sender: 27, RSSI: -95
[P1_RX] Time: 877ms, Receiver: 19, Sender: 27, RSSI: -98
[P1_RX] Time: 877ms, Receiver: 40, Sender: 27, RSSI: -101
[P1_RX] Time: 877ms, Receiver: 35, Sender: 27, RSSI: -103
[P1_RX] Time: 877ms, Receiver: 5, Sender: 27, RSSI: -103
[P1_RX] Time: 877ms, Receiver: 9, Sender: 27, RSSI: -103
[P1_RX] Time: 877ms, Receiver: 36, Sender: 27, RSSI: -108
[P1_ABORT] Time: 877ms, Drone: 19
[P1_ATTEMPT] Time: 877ms, Drone: 19
[P1_ABORT] Time: 878ms, Drone: 43
[P1_ATTEMPT] Time: 878ms, Drone: 43
[P1_ABORT] Time: 878ms, Drone: 43
[P1_ATTEMPT] Time: 878ms, Drone: 43
[P1_ABORT] Time: 878ms, Drone: 43
[P1_ATTEMPT] Time: 878ms, Drone: 43
[P1_SUCCESS] Time: 878ms, Drone: 10
[P1_RX] Time: 878ms, Receiver: 38, Sender: 10, RSSI: -98
[P1_RX] Time: 878ms, Receiver: 8, Sender: 10, RSSI: -101
[P1_RX] Time: 878ms, Receiver: 43, Sender: 10, RSSI: -101
[P1_RX] Time: 878ms, Receiver: 21, Sender: 10, RSSI: -103
[P1_RX] Time: 878ms, Receiver: 11, Sender: 10, RSSI: -103
[P1_RX] Time: 878ms, Receiver: 15, Sender: 10, RSSI: -102
[P1_RX] Time: 878ms, Receiver: 3, Sender: 10, RSSI: -105
[P1_ATTEMPT] Time: 878ms, Drone: 33
[P1_ABORT] Time: 878ms, Drone: 43
[P1_ATTEMPT] Time: 878ms, Drone: 43
[P1_ATTEMPT] Time: 878ms, Drone: 34
[P1_ATTEMPT] Time: 878ms, Drone: 26
[P1_ABORT] Time: 878ms, Drone: 26
[P1_ATTEMPT] Time: 878ms, Drone: 26
[P1_ABORT] Time: 878ms, Drone: 26
[P1_ATTEMPT] Time: 878ms, Drone: 26
[P1_SUCCESS] Time: 878ms, Drone: 19
[P1_RX] Time: 878ms, Receiver: 40, Sender: 19, RSSI: -92
[P1_RX] Time: 878ms, Receiver: 47, Sender: 19, RSSI: -92
[P1_RX] Time: 878ms, Receiver: 27, Sender: 19, RSSI: -98
[P1_RX] Time: 878ms, Receiver: 35, Sender: 19, RSSI: -98
[P1_RX] Time: 878ms, Receiver: 5, Sender: 19, RSSI: -99
[P1_RX] Time: 878ms, Receiver: 41, Sender: 19, RSSI: -101
[P1_RX] Time: 878ms, Receiver: 1, Sender: 19, RSSI: -102
[P1_RX] Time: 878ms, Receiver: 16, Sender: 19, RSSI: -102
[P1_RX] Time: 878ms, Receiver: 42, Sender: 19, RSSI: -103
[P1_RX] Time: 878ms, Receiver: 2, Sender: 19, RSSI: -103
[P1_RX] Time: 878ms, Receiver: 39, Sender: 19, RSSI: -104
[P1_RX] Time: 878ms, Receiver: 9, Sender: 19, RSSI: -105
[P1_RX] Time: 878ms, Receiver: 0, Sender: 19, RSSI: -105
[P1_RX] Time: 878ms, Receiver: 6, Sender: 19, RSSI: -105
[P1_RX] Time: 878ms, Receiver: 23, Sender: 19, RSSI: -107
[P1_RX] Time: 878ms, Receiver: 26, Sender: 19, RSSI: -108
[P1_RX] Time: 878ms, Receiver: 22, Sender: 19, RSSI: -108
[P1_SUCCESS] Time: 879ms, Drone: 33
[P1_RX] Time: 879ms, Receiver: 29, Sender: 33, RSSI: -89
[P1_RX] Time: 879ms, Receiver: 37, Sender: 33, RSSI: -89
[P1_RX] Time: 879ms, Receiver: 25, Sender: 33, RSSI: -97
[P1_SUCCESS] Time: 879ms, Drone: 43
[P1_RX] Time: 879ms, Receiver: 15, Sender: 43, RSSI: -92
[P1_RX] Time: 879ms, Receiver: 38, Sender: 43, RSSI: -96
[P1_RX] Time: 879ms, Receiver: 21, Sender: 43, RSSI: -98
[P1_RX] Time: 879ms, Receiver: 18, Sender: 43, RSSI: -98
[P1_RX] Time: 879ms, Receiver: 11, Sender: 43, RSSI: -99
[P1_RX] Time: 879ms, Receiver: 10, Sender: 43, RSSI: -101
[P1_RX] Time: 879ms, Receiver: 3, Sender: 43, RSSI: -102
[P1_RX] Time: 879ms, Receiver: 49, Sender: 43, RSSI: -102
[P1_SUCCESS] Time: 879ms, Drone: 34
[P1_RX] Time: 879ms, Receiver: 28, Sender: 34, RSSI: -78
[P1_RX] Time: 879ms, Receiver: 46, Sender: 34, RSSI: -87
[P1_RX] Time: 879ms, Receiver: 44, Sender: 34, RSSI: -100
[P1_SUCCESS] Time: 879ms, Drone: 26
[P1_RX] Time: 879ms, Receiver: 42, Sender: 26, RSSI: -94
[P1_RX] Time: 879ms, Receiver: 23, Sender: 26, RSSI: -97
[P1_RX] Time: 879ms, Receiver: 14, Sender: 26, RSSI: -99
[P1_RX] Time: 879ms, Receiver: 24, Sender: 26, RSSI: -99
[P1_RX] Time: 879ms, Receiver: 2, Sender: 26, RSSI: -101
[P1_RX] Time: 879ms, Receiver: 0, Sender: 26, RSSI: -102
[P1_RX] Time: 879ms, Receiver: 6, Sender: 26, RSSI: -102
[P1_RX] Time: 879ms, Receiver: 30, Sender: 26, RSSI: -106
[P1_RX] Time: 879ms, Receiver: 48, Sender: 26, RSSI: -106
[P1_RX] Time: 879ms, Receiver: 7, Sender: 26, RSSI: -106
[P1_RX] Time: 879ms, Receiver: 39, Sender: 26, RSSI: -107
[P1_RX] Time: 879ms, Receiver: 13, Sender: 26, RSSI: -107
[P1_RX] Time: 879ms, Receiver: 19, Sender: 26, RSSI: -108
[P1_ATTEMPT] Time: 881ms, Drone: 18
[P1_SUCCESS] Time: 882ms, Drone: 18
[P1_RX] Time: 882ms, Receiver: 21, Sender: 18, RSSI: -78
[P1_RX] Time: 882ms, Receiver: 17, Sender: 18, RSSI: -86
[P1_RX] Time: 882ms, Receiver: 16, Sender: 18, RSSI: -94
[P1_RX] Time: 882ms, Receiver: 3, Sender: 18, RSSI: -97
[P1_RX] Time: 882ms, Receiver: 11, Sender: 18, RSSI: -98
[P1_RX] Time: 882ms, Receiver: 32, Sender: 18, RSSI: -99
[P1_RX] Time: 882ms, Receiver: 1, Sender: 18, RSSI: -99
[P1_RX] Time: 882ms, Receiver: 43, Sender: 18, RSSI: -99
[P1_RX] Time: 882ms, Receiver: 38, Sender: 18, RSSI: -100
[P1_RX] Time: 882ms, Receiver: 15, Sender: 18, RSSI: -100
[P1_RX] Time: 882ms, Receiver: 49, Sender: 18, RSSI: -100
[P1_RX] Time: 882ms, Receiver: 47, Sender: 18, RSSI: -103
[P1_RX] Time: 882ms, Receiver: 27, Sender: 18, RSSI: -106
[P1_RX] Time: 882ms, Receiver: 8, Sender: 18, RSSI: -106
[P1_RX] Time: 882ms, Receiver: 40, Sender: 18, RSSI: -106
[P1_RX] Time: 882ms, Receiver: 10, Sender: 18, RSSI: -107
[P1_RX] Time: 882ms, Receiver: 41, Sender: 18, RSSI: -107
[P1_RX] Time: 882ms, Receiver: 19, Sender: 18, RSSI: -107
[P1_RX] Time: 882ms, Receiver: 4, Sender: 18, RSSI: -108
[P1_RX] Time: 882ms, Receiver: 45, Sender: 18, RSSI: -109
[P1_ATTEMPT] Time: 882ms, Drone: 35
[P1_ATTEMPT] Time: 882ms, Drone: 20
[P1_ATTEMPT] Time: 882ms, Drone: 12
[P1_ATTEMPT] Time: 882ms, Drone: 41
[P1_ABORT] Time: 882ms, Drone: 41
[P1_ATTEMPT] Time: 882ms, Drone: 41
[P1_ATTEMPT] Time: 882ms, Drone: 36
[P1_ABORT] Time: 882ms, Drone: 41
[P1_ATTEMPT] Time: 882ms, Drone: 41
[P1_ABORT] Time: 883ms, Drone: 36
[P1_ATTEMPT] Time: 883ms, Drone: 36
[P1_SUCCESS] Time: 883ms, Drone: 35
[P1_RX] Time: 883ms, Receiver: 5, Sender: 35, RSSI: -75
[P1_RX] Time: 883ms, Receiver: 39, Sender: 35, RSSI: -97
[P1_RX] Time: 883ms, Receiver: 19, Sender: 35, RSSI: -98
[P1_RX] Time: 883ms, Receiver: 40, Sender: 35, RSSI: -99
[P1_RX] Time: 883ms, Receiver: 9, Sender: 35, RSSI: -100
[P1_RX] Time: 883ms, Receiver: 41, Sender: 35, RSSI: -102
[P1_RX] Time: 883ms, Receiver: 36, Sender: 35, RSSI: -102
[P1_RX] Time: 883ms, Receiver: 47, Sender: 35, RSSI: -102
[P1_RX] Time: 883ms, Receiver: 6, Sender: 35, RSSI: -103
[P1_RX] Time: 883ms, Receiver: 22, Sender: 35, RSSI: -104
[P1_RX] Time: 883ms, Receiver: 27, Sender: 35, RSSI: -104
[P1_RX] Time: 883ms, Receiver: 42, Sender: 35, RSSI: -105
[P1_ABORT] Time: 883ms, Drone: 41
[P1_ATTEMPT] Time: 883ms, Drone: 41
[P1_ABORT] Time: 883ms, Drone: 36
[P1_ATTEMPT] Time: 883ms, Drone: 36
[P1_ATTEMPT] Time: 883ms, Drone: 13
[P1_ATTEMPT] Time: 883ms, Drone: 25
[P1_ABORT] Time: 883ms, Drone: 13
[P1_ATTEMPT] Time: 883ms, Drone: 13
[P1_SUCCESS] Time: 883ms, Drone: 20
[P1_RX] Time: 883ms, Receiver: 29, Sender: 20, RSSI: -102
[P1_RX] Time: 883ms, Receiver: 44, Sender: 20, RSSI: -103
[P1_RX] Time: 883ms, Receiver: 37, Sender: 20, RSSI: -103
[P1_RX] Time: 883ms, Receiver: 25, Sender: 20, RSSI: -103
[P1_RX] Time: 883ms, Receiver: 34, Sender: 20, RSSI: -104
[P1_RX] Time: 883ms, Receiver: 28, Sender: 20, RSSI: -104
[P1_RX] Time: 883ms, Receiver: 33, Sender: 20, RSSI: -104
[P1_RX] Time: 883ms, Receiver: 49, Sender: 20, RSSI: -106
[P1_ABORT] Time: 883ms, Drone: 25
[P1_ATTEMPT] Time: 883ms, Drone: 25
[P1_ABORT] Time: 883ms, Drone: 13
[P1_ATTEMPT] Time: 883ms, Drone: 13
[P1_ATTEMPT] Time: 883ms, Drone: 44
[P1_SUCCESS] Time: 883ms, Drone: 12
[P1_RX] Time: 883ms, Receiver: 30, Sender: 12, RSSI: -98
[P1_RX] Time: 883ms, Receiver: 7, Sender: 12, RSSI: -103
[P1_RX] Time: 883ms, Receiver: 13, Sender: 12, RSSI: -104
[P1_RX] Time: 883ms, Receiver: 48, Sender: 12, RSSI: -104
[P1_ABORT] Time: 883ms, Drone: 13
[P1_ATTEMPT] Time: 883ms, Drone: 13
[P1_SUCCESS] Time: 884ms, Drone: 41
[P1_RX] Time: 884ms, Receiver: 40, Sender: 41, RSSI: -95
[P1_RX] Time: 884ms, Receiver: 47, Sender: 41, RSSI: -96
[P1_RX] Time: 884ms, Receiver: 5, Sender: 41, RSSI: -97
[P1_RX] Time: 884ms, Receiver: 27, Sender: 41, RSSI: -100
[P1_RX] Time: 884ms, Receiver: 19, Sender: 41, RSSI: -100
[P1_RX] Time: 884ms, Receiver: 35, Sender: 41, RSSI: -99
[P1_RX] Time: 884ms, Receiver: 17, Sender: 41, RSSI: -104
[P1_SUCCESS] Time: 884ms, Drone: 36
[P1_ATTEMPT] Time: 884ms, Drone: 2
[P1_ABORT] Time: 884ms, Drone: 2
[P1_ATTEMPT] Time: 884ms, Drone: 2
[P1_SUCCESS] Time: 884ms, Drone: 25
[P1_RX] Time: 884ms, Receiver: 29, Sender: 25, RSSI: -93
[P1_RX] Time: 884ms, Receiver: 37, Sender: 25, RSSI: -95
[P1_RX] Time: 884ms, Receiver: 33, Sender: 25, RSSI: -98
[P1_ABORT] Time: 884ms, Drone: 2
[P1_ATTEMPT] Time: 884ms, Drone: 2
[P1_SUCCESS] Time: 884ms, Drone: 44
[P1_RX] Time: 884ms, Receiver: 28, Sender: 44, RSSI: -98
[P1_RX] Time: 884ms, Receiver: 46, Sender: 44, RSSI: -99
[P1_SUCCESS] Time: 884ms, Drone: 13
[P1_RX] Time: 884ms, Receiver: 45, Sender: 13, RSSI: -96
[P1_RX] Time: 884ms, Receiver: 2, Sender: 13, RSSI: -97
[P1_RX] Time: 884ms, Receiver: 24, Sender: 13, RSSI: -98
[P1_RX] Time: 884ms, Receiver: 23, Sender: 13, RSSI: -103
[P1_RX] Time: 884ms, Receiver: 0, Sender: 13, RSSI: -103
[P1_RX] Time: 884ms, Receiver: 14, Sender: 13, RSSI: -103
[P1_RX] Time: 884ms, Receiver: 30, Sender: 13, RSSI: -104
[P1_RX] Time: 884ms, Receiver: 42, Sender: 13, RSSI: -105
[P1_RX] Time: 884ms, Receiver: 15, Sender: 13, RSSI: -104
[P1_RX] Time: 884ms, Receiver: 26, Sender: 13, RSSI: -106
[P1_RX] Time: 884ms, Receiver: 7, Sender: 13, RSSI: -108
[P1_ABORT] Time: 884ms, Drone: 2
[P1_ATTEMPT] Time: 884ms, Drone: 2
[P1_ATTEMPT] Time: 885ms, Drone: 46
[P1_ATTEMPT] Time: 885ms, Drone: 39
[P1_SUCCESS] Time: 885ms, Drone: 2
[P1_RX] Time: 885ms, Receiver: 24, Sender: 2, RSSI: -89
[P1_RX] Time: 885ms, Receiver: 42, Sender: 2, RSSI: -96
[P1_RX] Time: 885ms, Receiver: 13, Sender: 2, RSSI: -97
[P1_RX] Time: 885ms, Receiver: 23, Sender: 2, RSSI: -98
[P1_RX] Time: 885ms, Receiver: 48, Sender: 2, RSSI: -98
[P1_RX] Time: 885ms, Receiver: 0, Sender: 2, RSSI: -98
[P1_RX] Time: 885ms, Receiver: 45, Sender: 2, RSSI: -99
[P1_RX] Time: 885ms, Receiver: 14, Sender: 2, RSSI: -101
[P1_RX] Time: 885ms, Receiver: 26, Sender: 2, RSSI: -101
[P1_RX] Time: 885ms, Receiver: 4, Sender: 2, RSSI: -102
[P1_RX] Time: 885ms, Receiver: 31, Sender: 2, RSSI: -102
[P1_RX] Time: 885ms, Receiver: 19, Sender: 2, RSSI: -103
[P1_RX] Time: 885ms, Receiver: 1, Sender: 2, RSSI: -105
[P1_RX] Time: 885ms, Receiver: 6, Sender: 2, RSSI: -105
[P1_RX] Time: 885ms, Receiver: 32, Sender: 2, RSSI: -105
[P1_RX] Time: 885ms, Receiver: 30, Sender: 2, RSSI: -106
[P1_RX] Time: 885ms, Receiver: 27, Sender: 2, RSSI: -106
[P1_RX] Time: 885ms, Receiver: 47, Sender: 2, RSSI: -106
[P1_RX] Time: 885ms, Receiver: 40, Sender: 2, RSSI: -107
[P1_RX] Time: 885ms, Receiver: 16, Sender: 2, RSSI: -108
[P1_RX] Time: 885ms, Receiver: 35, Sender: 2, RSSI: -108
[P1_RX] Time: 885ms, Receiver: 39, Sender: 2, RSSI: -108
[P1_RX] Time: 885ms, Receiver: 7, Sender: 2, RSSI: -109
[P1_ATTEMPT] Time: 885ms, Drone: 30
[P1_SUCCESS] Time: 885ms, Drone: 46
[P1_RX] Time: 885ms, Receiver: 28, Sender: 46, RSSI: -82
[P1_RX] Time: 885ms, Receiver: 34, Sender: 46, RSSI: -87
[P1_RX] Time: 885ms, Receiver: 44, Sender: 46, RSSI: -100
[P1_RX] Time: 885ms, Receiver: 37, Sender: 46, RSSI: -104
[P1_RX] Time: 885ms, Receiver: 25, Sender: 46, RSSI: -105
[P1_RX] Time: 885ms, Receiver: 20, Sender: 46, RSSI: -106
[P1_ATTEMPT] Time: 886ms, Drone: 22
[P1_ABORT] Time: 886ms, Drone: 22
[P1_ATTEMPT] Time: 886ms, Drone: 22
[P1_SUCCESS] Time: 886ms, Drone: 39
[P1_RX] Time: 886ms, Receiver: 6, Sender: 39, RSSI: -95
[P1_RX] Time: 886ms, Receiver: 35, Sender: 39, RSSI: -97
[P1_RX] Time: 886ms, Receiver: 9, Sender: 39, RSSI: -97
[P1_RX] Time: 886ms, Receiver: 5, Sender: 39, RSSI: -99
[P1_RX] Time: 886ms, Receiver: 42, Sender: 39, RSSI: -103
[P1_RX] Time: 886ms, Receiver: 19, Sender: 39, RSSI: -104
[P1_RX] Time: 886ms, Receiver: 40, Sender: 39, RSSI: -106
[P1_RX] Time: 886ms, Receiver: 22, Sender: 39, RSSI: -107
[P1_RX] Time: 886ms, Receiver: 36, Sender: 39, RSSI: -107
[P1_RX] Time: 886ms, Receiver: 47, Sender: 39, RSSI: -108
[P1_RX] Time: 886ms, Receiver: 27, Sender: 39, RSSI: -108
[P1_RX] Time: 886ms, Receiver: 41, Sender: 39, RSSI: -108
[P1_ATTEMPT] Time: 886ms, Drone: 38
[P1_SUCCESS] Time: 886ms, Drone: 30
[P1_RX] Time: 886ms, Receiver: 7, Sender: 30, RSSI: -94
[P1_RX] Time: 886ms, Receiver: 12, Sender: 30, RSSI: -98
[P1_RX] Time: 886ms, Receiver: 13, Sender: 30, RSSI: -104
[P1_RX] Time: 886ms, Receiver: 48, Sender: 30, RSSI: -104
[P1_ATTEMPT] Time: 887ms, Drone: 47
[P1_ABORT] Time: 887ms, Drone: 47
[P1_ATTEMPT] Time: 887ms, Drone: 47
[P1_SUCCESS] Time: 887ms, Drone: 22
[P1_RX] Time: 887ms, Receiver: 36, Sender: 22, RSSI: -100
[P1_RX] Time: 887ms, Receiver: 9, Sender: 22, RSSI: -103
[P1_RX] Time: 887ms, Receiver: 5, Sender: 22, RSSI: -103
[P1_RX] Time: 887ms, Receiver: 41, Sender: 22, RSSI: -103
[P1_RX] Time: 887ms, Receiver: 35, Sender: 22, RSSI: -104
[P1_RX] Time: 887ms, Receiver: 39, Sender: 22, RSSI: -107
[P1_ABORT] Time: 887ms, Drone: 47
[P1_ATTEMPT] Time: 887ms, Drone: 47
[P1_ATTEMPT] Time: 887ms, Drone: 24
[P1_SUCCESS] Time: 887ms, Drone: 38
[P1_RX] Time: 887ms, Receiver: 11, Sender: 38, RSSI: -94
[P1_RX] Time: 887ms, Receiver: 43, Sender: 38, RSSI: -96
[P1_RX] Time: 887ms, Receiver: 21, Sender: 38, RSSI: -97
[P1_RX] Time: 887ms, Receiver: 10, Sender: 38, RSSI: -99
[P1_RX] Time: 887ms, Receiver: 18, Sender: 38, RSSI: -99
[P1_RX] Time: 887ms, Receiver: 17, Sender: 38, RSSI: -102
[P1_RX] Time: 887ms, Receiver: 15, Sender: 38, RSSI: -103
[P1_RX] Time: 887ms, Receiver: 8, Sender: 38, RSSI: -103
[P1_RX] Time: 887ms, Receiver: 3, Sender: 38, RSSI: -104
[P1_RX] Time: 887ms, Receiver: 16, Sender: 38, RSSI: -105
[P1_RX] Time: 887ms, Receiver: 49, Sender: 38, RSSI: -105
[P1_RX] Time: 887ms, Receiver: 32, Sender: 38, RSSI: -106
[P1_RX] Time: 887ms, Receiver: 1, Sender: 38, RSSI: -106
[P1_ATTEMPT] Time: 887ms, Drone: 17
[P1_ABORT] Time: 887ms, Drone: 17
[P1_ATTEMPT] Time: 887ms, Drone: 17
[P1_ABORT] Time: 887ms, Drone: 17
[P1_ATTEMPT] Time: 887ms, Drone: 17
[P1_ABORT] Time: 888ms, Drone: 17
[P1_ATTEMPT] Time: 888ms, Drone: 17
[P1_ABORT] Time: 888ms, Drone: 17
[P1_ATTEMPT] Time: 888ms, Drone: 17
[P1_ABORT] Time: 888ms, Drone: 17
[P1_ATTEMPT] Time: 888ms, Drone: 17
[P1_ATTEMPT] Time: 888ms, Drone: 49
[P1_SUCCESS] Time: 888ms, Drone: 47
[P1_RX] Time: 888ms, Receiver: 40, Sender: 47, RSSI: -91
[P1_RX] Time: 888ms, Receiver: 19, Sender: 47, RSSI: -92
[P1_RX] Time: 888ms, Receiver: 27, Sender: 47, RSSI: -95
[P1_RX] Time: 888ms, Receiver: 41, Sender: 47, RSSI: -97
[P1_RX] Time: 888ms, Receiver: 16, Sender: 47, RSSI: -97
[P1_RX] Time: 888ms, Receiver: 32, Sender: 47, RSSI: -98
[P1_RX] Time: 888ms, Receiver: 1, Sender: 47, RSSI: -99
[P1_RX] Time: 888ms, Receiver: 17, Sender: 47, RSSI: -100
[P1_RX] Time: 888ms, Receiver: 5, Sender: 47, RSSI: -102
[P1_RX] Time: 888ms, Receiver: 35, Sender: 47, RSSI: -102
[P1_RX] Time: 888ms, Receiver: 18, Sender: 47, RSSI: -103
[P1_RX] Time: 888ms, Receiver: 21, Sender: 47, RSSI: -104
[P1_RX] Time: 888ms, Receiver: 11, Sender: 47, RSSI: -106
[P1_RX] Time: 888ms, Receiver: 36, Sender: 47, RSSI: -107
[P1_RX] Time: 888ms, Receiver: 22, Sender: 47, RSSI: -107
[P1_SUCCESS] Time: 888ms, Drone: 24
[P1_RX] Time: 888ms, Receiver: 2, Sender: 24, RSSI: -89
[P1_RX] Time: 888ms, Receiver: 48, Sender: 24, RSSI: -95
[P1_RX] Time: 888ms, Receiver: 13, Sender: 24, RSSI: -97
[P1_RX] Time: 888ms, Receiver: 42, Sender: 24, RSSI: -97
[P1_RX] Time: 888ms, Receiver: 23, Sender: 24, RSSI: -98
[P1_RX] Time: 888ms, Receiver: 26, Sender: 24, RSSI: -99
[P1_RX] Time: 888ms, Receiver: 14, Sender: 24, RSSI: -99
[P1_RX] Time: 888ms, Receiver: 0, Sender: 24, RSSI: -100
[P1_RX] Time: 888ms, Receiver: 4, Sender: 24, RSSI: -101
[P1_RX] Time: 888ms, Receiver: 30, Sender: 24, RSSI: -103
[P1_RX] Time: 888ms, Receiver: 31, Sender: 24, RSSI: -102
[P1_RX] Time: 888ms, Receiver: 6, Sender: 24, RSSI: -105
[P1_RX] Time: 888ms, Receiver: 7, Sender: 24, RSSI: -106
[P1_RX] Time: 888ms, Receiver: 12, Sender: 24, RSSI: -107
[P1_ABORT] Time: 888ms, Drone: 17
[P1_ATTEMPT] Time: 888ms, Drone: 17
[P1_ATTEMPT] Time: 888ms, Drone: 1
[P1_ABORT] Time: 888ms, Drone: 1
[P1_ATTEMPT] Time: 888ms, Drone: 1
[P1_ABORT] Time: 888ms, Drone: 1
[P1_ATTEMPT] Time: 888ms, Drone: 1
[P1_ABORT] Time: 888ms, Drone: 1
[P1_ATTEMPT] Time: 888ms, Drone: 1
[P1_ABORT] Time: 889ms, Drone: 1
[P1_ATTEMPT] Time: 889ms, Drone: 1
[P1_ABORT] Time: 889ms, Drone: 1
[P1_ATTEMPT] Time: 889ms, Drone: 1
[P1_ATTEMPT] Time: 889ms, Drone: 28
[P1_SUCCESS] Time: 889ms, Drone: 49
[P1_RX] Time: 889ms, Receiver: 3, Sender: 49, RSSI: -80
[P1_RX] Time: 889ms, Receiver: 15, Sender: 49, RSSI: -100
[P1_RX] Time: 889ms, Receiver: 8, Sender: 49, RSSI: -103
[P1_RX] Time: 889ms, Receiver: 4, Sender: 49, RSSI: -104
[P1_RX] Time: 889ms, Receiver: 20, Sender: 49, RSSI: -106
[P1_RX] Time: 889ms, Receiver: 10, Sender: 49, RSSI: -105
[P1_RX] Time: 889ms, Receiver: 33, Sender: 49, RSSI: -107
[P1_ABORT] Time: 889ms, Drone: 1
[P1_ATTEMPT] Time: 889ms, Drone: 1
[P1_SUCCESS] Time: 889ms, Drone: 17
[P1_RX] Time: 889ms, Receiver: 18, Sender: 17, RSSI: -86
[P1_RX] Time: 889ms, Receiver: 21, Sender: 17, RSSI: -90
[P1_RX] Time: 889ms, Receiver: 16, Sender: 17, RSSI: -91
[P1_RX] Time: 889ms, Receiver: 11, Sender: 17, RSSI: -99
[P1_RX] Time: 889ms, Receiver: 47, Sender: 17, RSSI: -100
[P1_RX] Time: 889ms, Receiver: 40, Sender: 17, RSSI: -103
[P1_RX] Time: 889ms, Receiver: 41, Sender: 17, RSSI: -104
[P1_RX] Time: 889ms, Receiver: 27, Sender: 17, RSSI: -104
[P1_RX] Time: 889ms, Receiver: 19, Sender: 17, RSSI: -104
[P1_ABORT] Time: 889ms, Drone: 1
[P1_ATTEMPT] Time: 889ms, Drone: 1
[P1_ATTEMPT] Time: 889ms, Drone: 48
[P1_ABORT] Time: 889ms, Drone: 48
[P1_ATTEMPT] Time: 889ms, Drone: 48
[P1_ABORT] Time: 889ms, Drone: 48
[P1_ATTEMPT] Time: 889ms, Drone: 48
[P1_ATTEMPT] Time: 889ms, Drone: 32
[P1_ABORT] Time: 890ms, Drone: 48
[P1_ABORT] Time: 890ms, Drone: 32
[P1_SUCCESS] Time: 890ms, Drone: 28
[P1_RX] Time: 890ms, Receiver: 34, Sender: 28, RSSI: -78
[P1_RX] Time: 890ms, Receiver: 46, Sender: 28, RSSI: -82
[P1_RX] Time: 890ms, Receiver: 44, Sender: 28, RSSI: -99
[P1_RX] Time: 890ms, Receiver: 37, Sender: 28, RSSI: -104
[P1_RX] Time: 890ms, Receiver: 25, Sender: 28, RSSI: -104
[P1_RX] Time: 890ms, Receiver: 20, Sender: 28, RSSI: -105
[P1_RX] Time: 890ms, Receiver: 29, Sender: 28, RSSI: -106
[P1_SUCCESS] Time: 890ms, Drone: 1
[P1_RX] Time: 890ms, Receiver: 32, Sender: 1, RSSI: -82
[P1_RX] Time: 890ms, Receiver: 16, Sender: 1, RSSI: -89
[P1_RX] Time: 890ms, Receiver: 15, Sender: 1, RSSI: -98
[P1_RX] Time: 890ms, Receiver: 17, Sender: 1, RSSI: -99
[P1_RX] Time: 890ms, Receiver: 18, Sender: 1, RSSI: -99
[P1_RX] Time: 890ms, Receiver: 47, Sender: 1, RSSI: -99
[P1_RX] Time: 890ms, Receiver: 4, Sender: 1, RSSI: -101
[P1_RX] Time: 890ms, Receiver: 21, Sender: 1, RSSI: -101
[P1_RX] Time: 890ms, Receiver: 19, Sender: 1, RSSI: -102
[P1_RX] Time: 890ms, Receiver: 3, Sender: 1, RSSI: -101
[P1_RX] Time: 890ms, Receiver: 49, Sender: 1, RSSI: -102
[P1_RX] Time: 890ms, Receiver: 45, Sender: 1, RSSI: -102
[P1_RX] Time: 890ms, Receiver: 27, Sender: 1, RSSI: -102
[P1_RX] Time: 890ms, Receiver: 40, Sender: 1, RSSI: -103
[P1_RX] Time: 890ms, Receiver: 43, Sender: 1, RSSI: -103
[P1_RX] Time: 890ms, Receiver: 2, Sender: 1, RSSI: -104
[P1_RX] Time: 890ms, Receiver: 13, Sender: 1, RSSI: -105
[P1_RX] Time: 890ms, Receiver: 31, Sender: 1, RSSI: -105
[P1_RX] Time: 890ms, Receiver: 48, Sender: 1, RSSI: -105
[P1_RX] Time: 890ms, Receiver: 11, Sender: 1, RSSI: -106
[P1_RX] Time: 890ms, Receiver: 41, Sender: 1, RSSI: -107
[P1_RX] Time: 890ms, Receiver: 24, Sender: 1, RSSI: -107
[P1_RX] Time: 890ms, Receiver: 38, Sender: 1, RSSI: -106
[P1_RX] Time: 890ms, Receiver: 42, Sender: 1, RSSI: -108
[P1_RX] Time: 890ms, Receiver: 35, Sender: 1, RSSI: -109
[P2_ATTEMPT] Time: 893ms, Drone: 3, Slot: 0, Channel: 21
[P2_ATTEMPT] Time: 893ms, Drone: 45, Slot: 0, Channel: 15
[P2_ATTEMPT] Time: 893ms, Drone: 46, Slot: 0, Channel: 15
[P2_ATTEMPT] Time: 895ms, Drone: 24, Slot: 1, Channel: 21
[P2_ATTEMPT] Time: 895ms, Drone: 29, Slot: 1, Channel: 23
[P2_SUCCESS] Time: 895ms, Drone: 3
[P2_SUCCESS] Time: 895ms, Drone: 45
[P2_SUCCESS] Time: 895ms, Drone: 46
[P2_ATTEMPT] Time: 898ms, Drone: 5, Slot: 2, Channel: 15
[P2_ATTEMPT] Time: 898ms, Drone: 6, Slot: 2, Channel: 25
[P2_ATTEMPT] Time: 898ms, Drone: 12, Slot: 2, Channel: 26
[P2_ATTEMPT] Time: 898ms, Drone: 16, Slot: 2, Channel: 15
[P2_ATTEMPT] Time: 898ms, Drone: 21, Slot: 2, Channel: 18
[P2_ATTEMPT] Time: 898ms, Drone: 27, Slot: 2, Channel: 14
[P2_ATTEMPT] Time: 898ms, Drone: 37, Slot: 2, Channel: 14
[P2_ATTEMPT] Time: 898ms, Drone: 38, Slot: 2, Channel: 13
[P2_ATTEMPT] Time: 898ms, Drone: 48, Slot: 2, Channel: 12
[P2_SUCCESS] Time: 898ms, Drone: 24
[P2_SUCCESS] Time: 898ms, Drone: 29
[P2_RX] Time: 898ms, Receiver: 2, Sender: 24, RSSI: -89
[P2_ATTEMPT] Time: 900ms, Drone: 9, Slot: 3, Channel: 25
[P2_ATTEMPT] Time: 900ms, Drone: 18, Slot: 3, Channel: 26
[P2_ATTEMPT] Time: 900ms, Drone: 34, Slot: 3, Channel: 24
[P2_ATTEMPT] Time: 900ms, Drone: 47, Slot: 3, Channel: 13
[P2_SUCCESS] Time: 900ms, Drone: 5
[P2_SUCCESS] Time: 900ms, Drone: 6
[P2_SUCCESS] Time: 900ms, Drone: 12
[P2_SUCCESS] Time: 900ms, Drone: 16
[P2_SUCCESS] Time: 900ms, Drone: 21
[P2_SUCCESS] Time: 900ms, Drone: 27
[P2_SUCCESS] Time: 900ms, Drone: 37
[P2_SUCCESS] Time: 900ms, Drone: 38
[P2_SUCCESS] Time: 900ms, Drone: 48
[P2_RX] Time: 900ms, Receiver: 35, Sender: 5, RSSI: -75
[P2_RX] Time: 900ms, Receiver: 29, Sender: 37, RSSI: -89
[P2_RX] Time: 900ms, Receiver: 1, Sender: 16, RSSI: -89
[P2_RX] Time: 900ms, Receiver: 33, Sender: 37, RSSI: -90
[P2_RX] Time: 900ms, Receiver: 32, Sender: 16, RSSI: -91
[P2_RX] Time: 900ms, Receiver: 11, Sender: 38, RSSI: -94
[P2_RX] Time: 900ms, Receiver: 39, Sender: 6, RSSI: -95
[P2_RX] Time: 900ms, Receiver: 25, Sender: 37, RSSI: -95
[P2_RX] Time: 900ms, Receiver: 45, Sender: 16, RSSI: -104
[P2_ATTEMPT] Time: 903ms, Drone: 26, Slot: 4, Channel: 16
[P2_ATTEMPT] Time: 903ms, Drone: 28, Slot: 4, Channel: 19
[P2_ATTEMPT] Time: 903ms, Drone: 41, Slot: 4, Channel: 20
[P2_SUCCESS] Time: 903ms, Drone: 9
[P2_SUCCESS] Time: 903ms, Drone: 18
[P2_SUCCESS] Time: 903ms, Drone: 34
[P2_SUCCESS] Time: 903ms, Drone: 47
[P2_RX] Time: 903ms, Receiver: 21, Sender: 18, RSSI: -78
[P2_RX] Time: 903ms, Receiver: 17, Sender: 18, RSSI: -86
[P2_RX] Time: 903ms, Receiver: 19, Sender: 47, RSSI: -92
[P2_RX] Time: 903ms, Receiver: 16, Sender: 18, RSSI: -94
[P2_RX] Time: 903ms, Receiver: 27, Sender: 47, RSSI: -95
[P2_RX] Time: 903ms, Receiver: 39, Sender: 9, RSSI: -97
[P2_RX] Time: 903ms, Receiver: 6, Sender: 9, RSSI: -101
[P2_RX] Time: 903ms, Receiver: 11, Sender: 47, RSSI: -106
[P2_ATTEMPT] Time: 905ms, Drone: 13, Slot: 5, Channel: 15
[P2_ATTEMPT] Time: 905ms, Drone: 14, Slot: 5, Channel: 21
[P2_ATTEMPT] Time: 905ms, Drone: 17, Slot: 5, Channel: 17
[P2_SUCCESS] Time: 905ms, Drone: 26
[P2_SUCCESS] Time: 905ms, Drone: 28
[P2_SUCCESS] Time: 905ms, Drone: 41
[P2_RX] Time: 905ms, Receiver: 34, Sender: 28, RSSI: -78
[P2_RX] Time: 905ms, Receiver: 46, Sender: 28, RSSI: -82
[P2_RX] Time: 905ms, Receiver: 42, Sender: 26, RSSI: -94
[P2_RX] Time: 905ms, Receiver: 40, Sender: 41, RSSI: -95
[P2_ATTEMPT] Time: 908ms, Drone: 7, Slot: 6, Channel: 21
[P2_ATTEMPT] Time: 908ms, Drone: 11, Slot: 6, Channel: 16
[P2_ATTEMPT] Time: 908ms, Drone: 19, Slot: 6, Channel: 17
[P2_ATTEMPT] Time: 908ms, Drone: 23, Slot: 6, Channel: 24
[P2_ATTEMPT] Time: 908ms, Drone: 30, Slot: 6, Channel: 15
[P2_ATTEMPT] Time: 908ms, Drone: 31, Slot: 6, Channel: 16
[P2_ATTEMPT] Time: 908ms, Drone: 36, Slot: 6, Channel: 15
[P2_ATTEMPT] Time: 908ms, Drone: 40, Slot: 6, Channel: 24
[P2_SUCCESS] Time: 908ms, Drone: 13
[P2_SUCCESS] Time: 908ms, Drone: 14
[P2_SUCCESS] Time: 908ms, Drone: 17
[P2_RX] Time: 908ms, Receiver: 18, Sender: 17, RSSI: -86
[P2_RX] Time: 908ms, Receiver: 21, Sender: 17, RSSI: -91
[P2_RX] Time: 908ms, Receiver: 16, Sender: 17, RSSI: -91
[P2_RX] Time: 908ms, Receiver: 24, Sender: 14, RSSI: -99
[P2_RX] Time: 908ms, Receiver: 2, Sender: 14, RSSI: -101
[P2_RX] Time: 908ms, Receiver: 32, Sender: 13, RSSI: -105
[P2_RX] Time: 908ms, Receiver: 1, Sender: 13, RSSI: -105
[P2_ATTEMPT] Time: 910ms, Drone: 2, Slot: 7, Channel: 26
[P2_ATTEMPT] Time: 910ms, Drone: 22, Slot: 7, Channel: 15
[P2_ATTEMPT] Time: 910ms, Drone: 25, Slot: 7, Channel: 18
[P2_ATTEMPT] Time: 910ms, Drone: 32, Slot: 7, Channel: 17
[P2_ATTEMPT] Time: 910ms, Drone: 33, Slot: 7, Channel: 23
[P2_ATTEMPT] Time: 910ms, Drone: 35, Slot: 7, Channel: 25
[P2_ATTEMPT] Time: 910ms, Drone: 43, Slot: 7, Channel: 24
[P2_ATTEMPT] Time: 910ms, Drone: 44, Slot: 7, Channel: 14
[P2_SUCCESS] Time: 910ms, Drone: 7
[P2_SUCCESS] Time: 910ms, Drone: 11
[P2_SUCCESS] Time: 910ms, Drone: 19
[P2_SUCCESS] Time: 910ms, Drone: 23
[P2_SUCCESS] Time: 910ms, Drone: 30
[P2_SUCCESS] Time: 910ms, Drone: 31
[P2_SUCCESS] Time: 910ms, Drone: 36
[P2_SUCCESS] Time: 910ms, Drone: 40
[P2_RX] Time: 910ms, Receiver: 14, Sender: 23, RSSI: -89
[P2_RX] Time: 910ms, Receiver: 0, Sender: 23, RSSI: -89
[P2_RX] Time: 910ms, Receiver: 45, Sender: 31, RSSI: -90
[P2_RX] Time: 910ms, Receiver: 47, Sender: 19, RSSI: -92
[P2_RX] Time: 910ms, Receiver: 13, Sender: 31, RSSI: -92
[P2_RX] Time: 910ms, Receiver: 38, Sender: 11, RSSI: -94
[P2_RX] Time: 910ms, Receiver: 16, Sender: 19, RSSI: -102
[P2_RX] Time: 910ms, Receiver: 17, Sender: 19, RSSI: -106
[P2_RX] Time: 910ms, Receiver: 18, Sender: 19, RSSI: -107
[P2_ATTEMPT] Time: 913ms, Drone: 1, Slot: 8, Channel: 26
[P2_ATTEMPT] Time: 913ms, Drone: 4, Slot: 8, Channel: 13
[P2_ATTEMPT] Time: 913ms, Drone: 39, Slot: 8, Channel: 14
[P2_ATTEMPT] Time: 913ms, Drone: 49, Slot: 8, Channel: 18
[P2_SUCCESS] Time: 913ms, Drone: 2
[P2_SUCCESS] Time: 913ms, Drone: 22
[P2_SUCCESS] Time: 913ms, Drone: 25
[P2_SUCCESS] Time: 913ms, Drone: 32
[P2_SUCCESS] Time: 913ms, Drone: 33
[P2_SUCCESS] Time: 913ms, Drone: 35
[P2_SUCCESS] Time: 913ms, Drone: 43
[P2_SUCCESS] Time: 913ms, Drone: 44
[P2_RX] Time: 913ms, Receiver: 5, Sender: 35, RSSI: -75
[P2_RX] Time: 913ms, Receiver: 29, Sender: 33, RSSI: -89
[P2_RX] Time: 913ms, Receiver: 24, Sender: 2, RSSI: -89
[P2_RX] Time: 913ms, Receiver: 37, Sender: 33, RSSI: -90
[P2_RX] Time: 913ms, Receiver: 15, Sender: 43, RSSI: -93
[P2_RX] Time: 913ms, Receiver: 18, Sender: 32, RSSI: -99
[P2_RX] Time: 913ms, Receiver: 47, Sender: 32, RSSI: -99
[P2_RX] Time: 913ms, Receiver: 17, Sender: 32, RSSI: -99
[P2_RX] Time: 913ms, Receiver: 36, Sender: 22, RSSI: -100
[P2_RX] Time: 913ms, Receiver: 9, Sender: 35, RSSI: -100
[P2_RX] Time: 913ms, Receiver: 21, Sender: 32, RSSI: -101
[P2_RX] Time: 913ms, Receiver: 19, Sender: 32, RSSI: -102
[P2_ATTEMPT] Time: 915ms, Drone: 0, Slot: 9, Channel: 23
[P2_ATTEMPT] Time: 915ms, Drone: 8, Slot: 9, Channel: 17
[P2_ATTEMPT] Time: 915ms, Drone: 10, Slot: 9, Channel: 18
[P2_ATTEMPT] Time: 915ms, Drone: 15, Slot: 9, Channel: 16
[P2_ATTEMPT] Time: 915ms, Drone: 20, Slot: 9, Channel: 12
[P2_ATTEMPT] Time: 915ms, Drone: 42, Slot: 9, Channel: 13
[P2_SUCCESS] Time: 915ms, Drone: 1
[P2_SUCCESS] Time: 915ms, Drone: 4
[P2_SUCCESS] Time: 915ms, Drone: 39
[P2_SUCCESS] Time: 915ms, Drone: 49
[P2_RX] Time: 915ms, Receiver: 3, Sender: 49, RSSI: -80
[P2_RX] Time: 915ms, Receiver: 32, Sender: 1, RSSI: -82
[P2_RX] Time: 915ms, Receiver: 16, Sender: 1, RSSI: -89
[P2_RX] Time: 915ms, Receiver: 48, Sender: 4, RSSI: -94
[P2_RX] Time: 915ms, Receiver: 6, Sender: 39, RSSI: -95
[P2_RX] Time: 915ms, Receiver: 2, Sender: 1, RSSI: -105
[P1_ATTEMPT] Time: 918ms, Drone: 46
[P2_SUCCESS] Time: 918ms, Drone: 0
[P2_SUCCESS] Time: 918ms, Drone: 8
[P2_SUCCESS] Time: 918ms, Drone: 10
[P2_SUCCESS] Time: 918ms, Drone: 15
[P2_SUCCESS] Time: 918ms, Drone: 20
[P2_SUCCESS] Time: 918ms, Drone: 42
[P1_ATTEMPT] Time: 918ms, Drone: 26
[P1_ATTEMPT] Time: 919ms, Drone: 3
[P1_SUCCESS] Time: 919ms, Drone: 46
[P1_RX] Time: 919ms, Receiver: 28, Sender: 46, RSSI: -82
[P1_RX] Time: 919ms, Receiver: 34, Sender: 46, RSSI: -87
[P1_RX] Time: 919ms, Receiver: 44, Sender: 46, RSSI: -100
[P1_RX] Time: 919ms, Receiver: 37, Sender: 46, RSSI: -105
[P1_RX] Time: 919ms, Receiver: 25, Sender: 46, RSSI: -106
[P1_RX] Time: 919ms, Receiver: 20, Sender: 46, RSSI: -107
[P1_RX] Time: 919ms, Receiver: 29, Sender: 46, RSSI: -107
[P1_ATTEMPT] Time: 919ms, Drone: 1
[P1_ABORT] Time: 919ms, Drone: 1
[P1_ATTEMPT] Time: 919ms, Drone: 1
[P1_SUCCESS] Time: 919ms, Drone: 26
[P1_RX] Time: 919ms, Receiver: 42, Sender: 26, RSSI: -94
[P1_RX] Time: 919ms, Receiver: 23, Sender: 26, RSSI: -97
[P1_RX] Time: 919ms, Receiver: 14, Sender: 26, RSSI: -99
[P1_RX] Time: 919ms, Receiver: 24, Sender: 26, RSSI: -99
[P1_RX] Time: 919ms, Receiver: 2, Sender: 26, RSSI: -101
[P1_RX] Time: 919ms, Receiver: 0, Sender: 26, RSSI: -102
[P1_RX] Time: 919ms, Receiver: 6, Sender: 26, RSSI: -102
[P1_RX] Time: 919ms, Receiver: 30, Sender: 26, RSSI: -106
[P1_RX] Time: 919ms, Receiver: 48, Sender: 26, RSSI: -106
[P1_RX] Time: 919ms, Receiver: 7, Sender: 26, RSSI: -106
[P1_RX] Time: 919ms, Receiver: 39, Sender: 26, RSSI: -107
[P1_RX] Time: 919ms, Receiver: 19, Sender: 26, RSSI: -108
[P1_ATTEMPT] Time: 919ms, Drone: 8
[P1_ABORT] Time: 919ms, Drone: 1
[P1_ATTEMPT] Time: 919ms, Drone: 1
[P1_ABORT] Time: 919ms, Drone: 8
[P1_ATTEMPT] Time: 919ms, Drone: 8
[P1_ABORT] Time: 919ms, Drone: 1
[P1_ATTEMPT] Time: 919ms, Drone: 1
[P1_ABORT] Time: 919ms, Drone: 8
[P1_ATTEMPT] Time: 919ms, Drone: 8
[P1_ATTEMPT] Time: 920ms, Drone: 39
[P1_SUCCESS] Time: 920ms, Drone: 3
[P1_RX] Time: 920ms, Receiver: 49, Sender: 3, RSSI: -80
[P1_RX] Time: 920ms, Receiver: 18, Sender: 3, RSSI: -97
[P1_RX] Time: 920ms, Receiver: 21, Sender: 3, RSSI: -98
[P1_RX] Time: 920ms, Receiver: 17, Sender: 3, RSSI: -100
[P1_RX] Time: 920ms, Receiver: 16, Sender: 3, RSSI: -100
[P1_RX] Time: 920ms, Receiver: 15, Sender: 3, RSSI: -102
[P1_RX] Time: 920ms, Receiver: 32, Sender: 3, RSSI: -102
[P1_RX] Time: 920ms, Receiver: 8, Sender: 3, RSSI: -103
[P1_RX] Time: 920ms, Receiver: 43, Sender: 3, RSSI: -104
[P1_RX] Time: 920ms, Receiver: 38, Sender: 3, RSSI: -104
[P1_RX] Time: 920ms, Receiver: 11, Sender: 3, RSSI: -106
[P1_RX] Time: 920ms, Receiver: 10, Sender: 3, RSSI: -107
[P1_RX] Time: 920ms, Receiver: 20, Sender: 3, RSSI: -108
[P1_ABORT] Time: 920ms, Drone: 1
[P1_ATTEMPT] Time: 920ms, Drone: 1
[P1_ABORT] Time: 920ms, Drone: 8
[P1_ATTEMPT] Time: 920ms, Drone: 8
[P1_ATTEMPT] Time: 920ms, Drone: 24
[P1_ATTEMPT] Time: 920ms, Drone: 42
[P1_ABORT] Time: 920ms, Drone: 42
[P1_ATTEMPT] Time: 920ms, Drone: 42
[P1_ABORT] Time: 920ms, Drone: 42
[P1_ATTEMPT] Time: 920ms, Drone: 42
[P1_SUCCESS] Time: 920ms, Drone: 39
[P1_RX] Time: 920ms, Receiver: 6, Sender: 39, RSSI: -95
[P1_RX] Time: 920ms, Receiver: 35, Sender: 39, RSSI: -96
[P1_RX] Time: 920ms, Receiver: 9, Sender: 39, RSSI: -97
[P1_RX] Time: 920ms, Receiver: 5, Sender: 39, RSSI: -98
[P1_RX] Time: 920ms, Receiver: 22, Sender: 39, RSSI: -106
[P1_RX] Time: 920ms, Receiver: 36, Sender: 39, RSSI: -106
[P1_ATTEMPT] Time: 920ms, Drone: 43
[P1_SUCCESS] Time: 921ms, Drone: 1
[P1_RX] Time: 921ms, Receiver: 32, Sender: 1, RSSI: -82
[P1_RX] Time: 921ms, Receiver: 16, Sender: 1, RSSI: -89
[P1_RX] Time: 921ms, Receiver: 15, Sender: 1, RSSI: -98
[P1_RX] Time: 921ms, Receiver: 17, Sender: 1, RSSI: -98
[P1_RX] Time: 921ms, Receiver: 18, Sender: 1, RSSI: -98
[P1_RX] Time: 921ms, Receiver: 47, Sender: 1, RSSI: -98
[P1_RX] Time: 921ms, Receiver: 4, Sender: 1, RSSI: -98
[P1_RX] Time: 921ms, Receiver: 21, Sender: 1, RSSI: -99
[P1_RX] Time: 921ms, Receiver: 3, Sender: 1, RSSI: -99
[P1_RX] Time: 921ms, Receiver: 49, Sender: 1, RSSI: -100
[P1_RX] Time: 921ms, Receiver: 27, Sender: 1, RSSI: -100
[P1_RX] Time: 921ms, Receiver: 43, Sender: 1, RSSI: -101
[P1_SUCCESS] Time: 921ms, Drone: 8
[P1_RX] Time: 921ms, Receiver: 10, Sender: 8, RSSI: -101
[P1_RX] Time: 921ms, Receiver: 38, Sender: 8, RSSI: -101
[P1_ABORT] Time: 921ms, Drone: 42
[P1_ATTEMPT] Time: 921ms, Drone: 42
[P1_ABORT] Time: 921ms, Drone: 43
[P1_ATTEMPT] Time: 921ms, Drone: 43
[P1_SUCCESS] Time: 921ms, Drone: 24
[P1_RX] Time: 921ms, Receiver: 2, Sender: 24, RSSI: -89
[P1_RX] Time: 921ms, Receiver: 48, Sender: 24, RSSI: -94
[P1_RX] Time: 921ms, Receiver: 13, Sender: 24, RSSI: -97
[P1_RX] Time: 921ms, Receiver: 30, Sender: 24, RSSI: -102
[P1_RX] Time: 921ms, Receiver: 7, Sender: 24, RSSI: -105
[P1_RX] Time: 921ms, Receiver: 12, Sender: 24, RSSI: -106
[P1_ABORT] Time: 921ms, Drone: 42
[P1_ATTEMPT] Time: 921ms, Drone: 42
[P1_ATTEMPT] Time: 921ms, Drone: 45
[P1_ATTEMPT] Time: 921ms, Drone: 18
[P1_ABORT] Time: 921ms, Drone: 18
[P1_ATTEMPT] Time: 921ms, Drone: 18
[P1_ABORT] Time: 921ms, Drone: 18
[P1_ATTEMPT] Time: 921ms, Drone: 18
[P1_ATTEMPT] Time: 921ms, Drone: 16
[P1_ABORT] Time: 921ms, Drone: 18
[P1_ATTEMPT] Time: 921ms, Drone: 18
[P1_ATTEMPT] Time: 921ms, Drone: 6
[P1_ABORT] Time: 921ms, Drone: 16
[P1_ATTEMPT] Time: 921ms, Drone: 16
[P1_ABORT] Time: 921ms, Drone: 18
[P1_ATTEMPT] Time: 921ms, Drone: 18
[P1_ABORT] Time: 921ms, Drone: 6
[P1_ATTEMPT] Time: 921ms, Drone: 6
[P1_SUCCESS] Time: 922ms, Drone: 43
[P1_RX] Time: 922ms, Receiver: 15, Sender: 43, RSSI: -93
[P1_RX] Time: 922ms, Receiver: 38, Sender: 43, RSSI: -96
[P1_RX] Time: 922ms, Receiver: 21, Sender: 43, RSSI: -98
[P1_RX] Time: 922ms, Receiver: 18, Sender: 43, RSSI: -99
[P1_RX] Time: 922ms, Receiver: 11, Sender: 43, RSSI: -99
[P1_RX] Time: 922ms, Receiver: 32, Sender: 43, RSSI: -98
[P1_RX] Time: 922ms, Receiver: 10, Sender: 43, RSSI: -102
[P1_RX] Time: 922ms, Receiver: 17, Sender: 43, RSSI: -101
[P1_RX] Time: 922ms, Receiver: 16, Sender: 43, RSSI: -100
[P1_RX] Time: 922ms, Receiver: 3, Sender: 43, RSSI: -103
[P1_RX] Time: 922ms, Receiver: 49, Sender: 43, RSSI: -103
[P1_RX] Time: 922ms, Receiver: 8, Sender: 43, RSSI: -106
[P1_ABORT] Time: 922ms, Drone: 16
[P1_ATTEMPT] Time: 922ms, Drone: 16
[P1_ABORT] Time: 922ms, Drone: 18
[P1_ATTEMPT] Time: 922ms, Drone: 18
[P1_SUCCESS] Time: 922ms, Drone: 42
[P1_RX] Time: 922ms, Receiver: 26, Sender: 42, RSSI: -94
[P1_RX] Time: 922ms, Receiver: 2, Sender: 42, RSSI: -94
[P1_RX] Time: 922ms, Receiver: 23, Sender: 42, RSSI: -96
[P1_RX] Time: 922ms, Receiver: 24, Sender: 42, RSSI: -97
[P1_RX] Time: 922ms, Receiver: 0, Sender: 42, RSSI: -97
[P1_RX] Time: 922ms, Receiver: 6, Sender: 42, RSSI: -98
[P1_RX] Time: 922ms, Receiver: 14, Sender: 42, RSSI: -100
[P1_RX] Time: 922ms, Receiver: 19, Sender: 42, RSSI: -100
[P1_RX] Time: 922ms, Receiver: 39, Sender: 42, RSSI: -102
[P1_RX] Time: 922ms, Receiver: 35, Sender: 42, RSSI: -103
[P1_RX] Time: 922ms, Receiver: 5, Sender: 42, RSSI: -104
[P1_ABORT] Time: 922ms, Drone: 6
[P1_ATTEMPT] Time: 922ms, Drone: 6
[P1_SUCCESS] Time: 922ms, Drone: 45
[P1_RX] Time: 922ms, Receiver: 31, Sender: 45, RSSI: -90
[P1_RX] Time: 922ms, Receiver: 13, Sender: 45, RSSI: -95
[P1_RX] Time: 922ms, Receiver: 4, Sender: 45, RSSI: -100
[P1_RX] Time: 922ms, Receiver: 27, Sender: 45, RSSI: -100
[P1_RX] Time: 922ms, Receiver: 47, Sender: 45, RSSI: -102
[P1_RX] Time: 922ms, Receiver: 29, Sender: 45, RSSI: -105
[P1_RX] Time: 922ms, Receiver: 12, Sender: 45, RSSI: -107
[P1_ABORT] Time: 922ms, Drone: 16
[P1_ATTEMPT] Time: 922ms, Drone: 16
[P1_ATTEMPT] Time: 922ms, Drone: 19
[P1_ATTEMPT] Time: 922ms, Drone: 37
[P1_ABORT] Time: 922ms, Drone: 19
[P1_ATTEMPT] Time: 922ms, Drone: 19
[P1_ABORT] Time: 922ms, Drone: 19
[P1_ATTEMPT] Time: 922ms, Drone: 19
[P1_SUCCESS] Time: 922ms, Drone: 18
[P1_RX] Time: 922ms, Receiver: 21, Sender: 18, RSSI: -78
[P1_RX] Time: 922ms, Receiver: 17, Sender: 18, RSSI: -85
[P1_RX] Time: 922ms, Receiver: 3, Sender: 18, RSSI: -96
[P1_RX] Time: 922ms, Receiver: 11, Sender: 18, RSSI: -97
[P1_RX] Time: 922ms, Receiver: 43, Sender: 18, RSSI: -98
[P1_RX] Time: 922ms, Receiver: 38, Sender: 18, RSSI: -99
[P1_RX] Time: 922ms, Receiver: 15, Sender: 18, RSSI: -97
[P1_RX] Time: 922ms, Receiver: 49, Sender: 18, RSSI: -98
[P1_RX] Time: 922ms, Receiver: 8, Sender: 18, RSSI: -104
[P1_RX] Time: 922ms, Receiver: 10, Sender: 18, RSSI: -105
[P1_SUCCESS] Time: 923ms, Drone: 6
[P1_RX] Time: 923ms, Receiver: 39, Sender: 6, RSSI: -95
[P1_RX] Time: 923ms, Receiver: 42, Sender: 6, RSSI: -98
[P1_RX] Time: 923ms, Receiver: 0, Sender: 6, RSSI: -98
[P1_RX] Time: 923ms, Receiver: 23, Sender: 6, RSSI: -100
[P1_RX] Time: 923ms, Receiver: 9, Sender: 6, RSSI: -101
[P1_RX] Time: 923ms, Receiver: 26, Sender: 6, RSSI: -101
[P1_RX] Time: 923ms, Receiver: 35, Sender: 6, RSSI: -102
[P1_RX] Time: 923ms, Receiver: 14, Sender: 6, RSSI: -104
[P1_RX] Time: 923ms, Receiver: 2, Sender: 6, RSSI: -102
[P1_RX] Time: 923ms, Receiver: 5, Sender: 6, RSSI: -103
[P1_RX] Time: 923ms, Receiver: 24, Sender: 6, RSSI: -104
[P1_ABORT] Time: 923ms, Drone: 19
[P1_ATTEMPT] Time: 923ms, Drone: 19
[P1_SUCCESS] Time: 923ms, Drone: 16
[P1_RX] Time: 923ms, Receiver: 1, Sender: 16, RSSI: -89
[P1_RX] Time: 923ms, Receiver: 32, Sender: 16, RSSI: -90
[P1_RX] Time: 923ms, Receiver: 47, Sender: 16, RSSI: -96
[P1_RX] Time: 923ms, Receiver: 40, Sender: 16, RSSI: -100
[P1_RX] Time: 923ms, Receiver: 19, Sender: 16, RSSI: -100
[P1_RX] Time: 923ms, Receiver: 27, Sender: 16, RSSI: -100
[P1_RX] Time: 923ms, Receiver: 41, Sender: 16, RSSI: -102
[P1_RX] Time: 923ms, Receiver: 45, Sender: 16, RSSI: -103
[P1_ABORT] Time: 923ms, Drone: 19
[P1_ATTEMPT] Time: 923ms, Drone: 19
[P1_ATTEMPT] Time: 923ms, Drone: 28
[P1_SUCCESS] Time: 923ms, Drone: 37
[P1_RX] Time: 923ms, Receiver: 29, Sender: 37, RSSI: -89
[P1_RX] Time: 923ms, Receiver: 33, Sender: 37, RSSI: -90
[P1_RX] Time: 923ms, Receiver: 25, Sender: 37, RSSI: -95
[P1_RX] Time: 923ms, Receiver: 34, Sender: 37, RSSI: -102
[P1_RX] Time: 923ms, Receiver: 20, Sender: 37, RSSI: -103
[P1_RX] Time: 923ms, Receiver: 28, Sender: 37, RSSI: -104
[P1_RX] Time: 923ms, Receiver: 46, Sender: 37, RSSI: -105
[P1_RX] Time: 923ms, Receiver: 44, Sender: 37, RSSI: -107
[P1_ABORT] Time: 923ms, Drone: 28
[P1_ATTEMPT] Time: 923ms, Drone: 28
[P1_SUCCESS] Time: 924ms, Drone: 19
[P1_RX] Time: 924ms, Receiver: 40, Sender: 19, RSSI: -92
[P1_RX] Time: 924ms, Receiver: 47, Sender: 19, RSSI: -92
[P1_RX] Time: 924ms, Receiver: 27, Sender: 19, RSSI: -98
[P1_RX] Time: 924ms, Receiver: 35, Sender: 19, RSSI: -98
[P1_RX] Time: 924ms, Receiver: 5, Sender: 19, RSSI: -99
[P1_RX] Time: 924ms, Receiver: 41, Sender: 19, RSSI: -101
[P1_RX] Time: 924ms, Receiver: 1, Sender: 19, RSSI: -101
[P1_RX] Time: 924ms, Receiver: 32, Sender: 19, RSSI: -101
[P1_RX] Time: 924ms, Receiver: 16, Sender: 19, RSSI: -102
[P1_RX] Time: 924ms, Receiver: 42, Sender: 19, RSSI: -102
[P1_RX] Time: 924ms, Receiver: 2, Sender: 19, RSSI: -102
[P1_RX] Time: 924ms, Receiver: 39, Sender: 19, RSSI: -104
[P1_RX] Time: 924ms, Receiver: 45, Sender: 19, RSSI: -103
[P1_RX] Time: 924ms, Receiver: 9, Sender: 19, RSSI: -104
[P1_RX] Time: 924ms, Receiver: 0, Sender: 19, RSSI: -105
[P1_RX] Time: 924ms, Receiver: 6, Sender: 19, RSSI: -105
[P1_RX] Time: 924ms, Receiver: 17, Sender: 19, RSSI: -105
[P1_RX] Time: 924ms, Receiver: 24, Sender: 19, RSSI: -105
[P1_RX] Time: 924ms, Receiver: 36, Sender: 19, RSSI: -107
[P1_RX] Time: 924ms, Receiver: 18, Sender: 19, RSSI: -106
[P1_RX] Time: 924ms, Receiver: 4, Sender: 19, RSSI: -104
[P1_RX] Time: 924ms, Receiver: 26, Sender: 19, RSSI: -108
[P1_ATTEMPT] Time: 924ms, Drone: 25
[P1_ABORT] Time: 924ms, Drone: 25
[P1_ATTEMPT] Time: 924ms, Drone: 25
[P1_ABORT] Time: 924ms, Drone: 25
[P1_ATTEMPT] Time: 924ms, Drone: 25
[P1_ABORT] Time: 924ms, Drone: 25
[P1_ATTEMPT] Time: 924ms, Drone: 25
[P1_SUCCESS] Time: 924ms, Drone: 28
[P1_RX] Time: 924ms, Receiver: 34, Sender: 28, RSSI: -78
[P1_RX] Time: 924ms, Receiver: 46, Sender: 28, RSSI: -82
[P1_RX] Time: 924ms, Receiver: 44, Sender: 28, RSSI: -99
[P1_RX] Time: 924ms, Receiver: 37, Sender: 28, RSSI: -104
[P1_RX] Time: 924ms, Receiver: 25, Sender: 28, RSSI: -104
[P1_RX] Time: 924ms, Receiver: 20, Sender: 28, RSSI: -105
[P1_RX] Time: 924ms, Receiver: 29, Sender: 28, RSSI: -106
[P1_ABORT] Time: 924ms, Drone: 25
[P1_ATTEMPT] Time: 924ms, Drone: 25
[P1_ATTEMPT] Time: 925ms, Drone: 10
[P1_ATTEMPT] Time: 925ms, Drone: 27
[P1_SUCCESS] Time: 925ms, Drone: 25
[P1_RX] Time: 925ms, Receiver: 29, Sender: 25, RSSI: -93
[P1_RX] Time: 925ms, Receiver: 37, Sender: 25, RSSI: -95
[P1_RX] Time: 925ms, Receiver: 33, Sender: 25, RSSI: -99
[P1_RX] Time: 925ms, Receiver: 34, Sender: 25, RSSI: -103
[P1_RX] Time: 925ms, Receiver: 20, Sender: 25, RSSI: -104
[P1_RX] Time: 925ms, Receiver: 28, Sender: 25, RSSI: -104
[P1_RX] Time: 925ms, Receiver: 46, Sender: 25, RSSI: -106
[P1_SUCCESS] Time: 925ms, Drone: 10
[P1_RX] Time: 925ms, Receiver: 38, Sender: 10, RSSI: -98
[P1_RX] Time: 925ms, Receiver: 8, Sender: 10, RSSI: -101
[P1_RX] Time: 925ms, Receiver: 43, Sender: 10, RSSI: -102
[P1_RX] Time: 925ms, Receiver: 21, Sender: 10, RSSI: -105
[P1_RX] Time: 925ms, Receiver: 11, Sender: 10, RSSI: -105
[P1_ATTEMPT] Time: 926ms, Drone: 14
[P1_ABORT] Time: 926ms, Drone: 14
[P1_ATTEMPT] Time: 926ms, Drone: 14
[P1_ABORT] Time: 926ms, Drone: 14
[P1_ATTEMPT] Time: 926ms, Drone: 14
[P1_ABORT] Time: 926ms, Drone: 14
[P1_ATTEMPT] Time: 926ms, Drone: 14
[P1_SUCCESS] Time: 926ms, Drone: 27
[P1_RX] Time: 926ms, Receiver: 47, Sender: 27, RSSI: -95
[P1_RX] Time: 926ms, Receiver: 19, Sender: 27, RSSI: -98
[P1_RX] Time: 926ms, Receiver: 41, Sender: 27, RSSI: -101
[P1_RX] Time: 926ms, Receiver: 40, Sender: 27, RSSI: -101
[P1_RX] Time: 926ms, Receiver: 45, Sender: 27, RSSI: -102
[P1_RX] Time: 926ms, Receiver: 1, Sender: 27, RSSI: -102
[P1_RX] Time: 926ms, Receiver: 35, Sender: 27, RSSI: -104
[P1_RX] Time: 926ms, Receiver: 5, Sender: 27, RSSI: -104
[P1_RX] Time: 926ms, Receiver: 15, Sender: 27, RSSI: -102
[P1_RX] Time: 926ms, Receiver: 9, Sender: 27, RSSI: -105
[P1_RX] Time: 926ms, Receiver: 31, Sender: 27, RSSI: -105
[P1_RX] Time: 926ms, Receiver: 2, Sender: 27, RSSI: -106
[P1_RX] Time: 926ms, Receiver: 0, Sender: 27, RSSI: -106
[P1_RX] Time: 926ms, Receiver: 22, Sender: 27, RSSI: -107
[P1_RX] Time: 926ms, Receiver: 13, Sender: 27, RSSI: -107
[P1_RX] Time: 926ms, Receiver: 42, Sender: 27, RSSI: -107
[P1_RX] Time: 926ms, Receiver: 39, Sender: 27, RSSI: -108
[P1_RX] Time: 926ms, Receiver: 6, Sender: 27, RSSI: -108
[P1_ATTEMPT] Time: 926ms, Drone: 15
[P1_SUCCESS] Time: 927ms, Drone: 14
[P1_RX] Time: 927ms, Receiver: 23, Sender: 14, RSSI: -89
[P1_RX] Time: 927ms, Receiver: 0, Sender: 14, RSSI: -97
[P1_RX] Time: 927ms, Receiver: 30, Sender: 14, RSSI: -97
[P1_RX] Time: 927ms, Receiver: 26, Sender: 14, RSSI: -99
[P1_RX] Time: 927ms, Receiver: 24, Sender: 14, RSSI: -99
[P1_RX] Time: 927ms, Receiver: 7, Sender: 14, RSSI: -101
[P1_RX] Time: 927ms, Receiver: 2, Sender: 14, RSSI: -101
[P1_RX] Time: 927ms, Receiver: 42, Sender: 14, RSSI: -102
[P1_RX] Time: 927ms, Receiver: 13, Sender: 14, RSSI: -104
[P1_RX] Time: 927ms, Receiver: 6, Sender: 14, RSSI: -104
[P1_RX] Time: 927ms, Receiver: 48, Sender: 14, RSSI: -105
[P1_RX] Time: 927ms, Receiver: 12, Sender: 14, RSSI: -106
[P1_ATTEMPT] Time: 927ms, Drone: 4
[P1_ATTEMPT] Time: 927ms, Drone: 36
[P1_ABORT] Time: 927ms, Drone: 4
[P1_ATTEMPT] Time: 927ms, Drone: 4
[P1_SUCCESS] Time: 927ms, Drone: 15
[P1_RX] Time: 927ms, Receiver: 43, Sender: 15, RSSI: -93
[P1_RX] Time: 927ms, Receiver: 32, Sender: 15, RSSI: -95
[P1_RX] Time: 927ms, Receiver: 1, Sender: 15, RSSI: -98
[P1_RX] Time: 927ms, Receiver: 18, Sender: 15, RSSI: -100
[P1_RX] Time: 927ms, Receiver: 16, Sender: 15, RSSI: -100
[P1_RX] Time: 927ms, Receiver: 21, Sender: 15, RSSI: -100
[P1_RX] Time: 927ms, Receiver: 3, Sender: 15, RSSI: -102
[P1_RX] Time: 927ms, Receiver: 17, Sender: 15, RSSI: -102
[P1_RX] Time: 927ms, Receiver: 49, Sender: 15, RSSI: -103
[P1_RX] Time: 927ms, Receiver: 38, Sender: 15, RSSI: -103
[P1_RX] Time: 927ms, Receiver: 33, Sender: 15, RSSI: -103
[P1_RX] Time: 927ms, Receiver: 11, Sender: 15, RSSI: -104
[P1_RX] Time: 927ms, Receiver: 37, Sender: 15, RSSI: -105
[P1_RX] Time: 927ms, Receiver: 47, Sender: 15, RSSI: -105
[P1_RX] Time: 927ms, Receiver: 10, Sender: 15, RSSI: -106
[P1_RX] Time: 927ms, Receiver: 29, Sender: 15, RSSI: -105
[P1_RX] Time: 927ms, Receiver: 8, Sender: 15, RSSI: -108
[P1_ABORT] Time: 927ms, Drone: 4
[P1_ATTEMPT] Time: 927ms, Drone: 4
[P1_ATTEMPT] Time: 928ms, Drone: 21
[P1_ABORT] Time: 928ms, Drone: 21
[P1_ATTEMPT] Time: 928ms, Drone: 21
[P1_ATTEMPT] Time: 928ms, Drone: 11
[P1_ABORT] Time: 928ms, Drone: 21
[P1_ATTEMPT] Time: 928ms, Drone: 21
[P1_SUCCESS] Time: 928ms, Drone: 36
[P1_RX] Time: 928ms, Receiver: 22, Sender: 36, RSSI: -100
[P1_RX] Time: 928ms, Receiver: 5, Sender: 36, RSSI: -100
[P1_RX] Time: 928ms, Receiver: 41, Sender: 36, RSSI: -101
[P1_RX] Time: 928ms, Receiver: 35, Sender: 36, RSSI: -102
[P1_RX] Time: 928ms, Receiver: 40, Sender: 36, RSSI: -104
[P1_RX] Time: 928ms, Receiver: 9, Sender: 36, RSSI: -107
[P1_RX] Time: 928ms, Receiver: 39, Sender: 36, RSSI: -107
[P1_ATTEMPT] Time: 928ms, Drone: 33
[P1_ATTEMPT] Time: 928ms, Drone: 0
[P1_ABORT] Time: 928ms, Drone: 21
[P1_ATTEMPT] Time: 928ms, Drone: 21
[P1_ABORT] Time: 928ms, Drone: 33
[P1_ATTEMPT] Time: 928ms, Drone: 33
[P1_ABORT] Time: 928ms, Drone: 0
[P1_ATTEMPT] Time: 928ms, Drone: 0
[P1_SUCCESS] Time: 928ms, Drone: 4
[P1_RX] Time: 928ms, Receiver: 48, Sender: 4, RSSI: -94
[P1_RX] Time: 928ms, Receiver: 13, Sender: 4, RSSI: -96
[P1_RX] Time: 928ms, Receiver: 31, Sender: 4, RSSI: -101
[P1_RX] Time: 928ms, Receiver: 1, Sender: 4, RSSI: -101
[P1_RX] Time: 928ms, Receiver: 45, Sender: 4, RSSI: -101
[P1_RX] Time: 928ms, Receiver: 2, Sender: 4, RSSI: -101
[P1_RX] Time: 928ms, Receiver: 24, Sender: 4, RSSI: -102
[P1_RX] Time: 928ms, Receiver: 32, Sender: 4, RSSI: -102
[P1_RX] Time: 928ms, Receiver: 33, Sender: 4, RSSI: -103
[P1_RX] Time: 928ms, Receiver: 29, Sender: 4, RSSI: -103
[P1_RX] Time: 928ms, Receiver: 15, Sender: 4, RSSI: -103
[P1_RX] Time: 928ms, Receiver: 20, Sender: 4, RSSI: -106
[P1_RX] Time: 928ms, Receiver: 37, Sender: 4, RSSI: -106
[P1_RX] Time: 928ms, Receiver: 49, Sender: 4, RSSI: -106
[P1_RX] Time: 928ms, Receiver: 42, Sender: 4, RSSI: -106
[P1_RX] Time: 928ms, Receiver: 25, Sender: 4, RSSI: -108
[P1_RX] Time: 928ms, Receiver: 26, Sender: 4, RSSI: -108
[P1_ABORT] Time: 928ms, Drone: 21
[P1_ATTEMPT] Time: 928ms, Drone: 21
[P1_ABORT] Time: 928ms, Drone: 33
[P1_ATTEMPT] Time: 928ms, Drone: 33
[P1_ABORT] Time: 928ms, Drone: 21
[P1_ATTEMPT] Time: 928ms, Drone: 21
[P1_ABORT] Time: 928ms, Drone: 21
[P1_ATTEMPT] Time: 928ms, Drone: 21
[P1_ABORT] Time: 929ms, Drone: 21
[P1_ATTEMPT] Time: 929ms, Drone: 21
[P1_ATTEMPT] Time: 929ms, Drone: 9
[P1_ABORT] Time: 929ms, Drone: 21
[P1_ATTEMPT] Time: 929ms, Drone: 21
[P1_ABORT] Time: 929ms, Drone: 9
[P1_ATTEMPT] Time: 929ms, Drone: 9
[P1_SUCCESS] Time: 929ms, Drone: 11
[P1_RX] Time: 929ms, Receiver: 38, Sender: 11, RSSI: -94
[P1_RX] Time: 929ms, Receiver: 10, Sender: 11, RSSI: -106
[P1_RX] Time: 929ms, Receiver: 47, Sender: 11, RSSI: -106
[P1_ABORT] Time: 929ms, Drone: 21
[P1_ATTEMPT] Time: 929ms, Drone: 21
[P1_ABORT] Time: 929ms, Drone: 9
[P1_ATTEMPT] Time: 929ms, Drone: 9
[P1_ABORT] Time: 929ms, Drone: 9
[P1_ATTEMPT] Time: 929ms, Drone: 9
[P1_SUCCESS] Time: 929ms, Drone: 0
[P1_RX] Time: 929ms, Receiver: 23, Sender: 0, RSSI: -89
[P1_RX] Time: 929ms, Receiver: 14, Sender: 0, RSSI: -97
[P1_RX] Time: 929ms, Receiver: 42, Sender: 0, RSSI: -98
[P1_RX] Time: 929ms, Receiver: 2, Sender: 0, RSSI: -98
[P1_RX] Time: 929ms, Receiver: 6, Sender: 0, RSSI: -99
[P1_RX] Time: 929ms, Receiver: 24, Sender: 0, RSSI: -100
[P1_RX] Time: 929ms, Receiver: 26, Sender: 0, RSSI: -101
[P1_RX] Time: 929ms, Receiver: 45, Sender: 0, RSSI: -100
[P1_RX] Time: 929ms, Receiver: 13, Sender: 0, RSSI: -101
[P1_RX] Time: 929ms, Receiver: 9, Sender: 0, RSSI: -104
[P1_RX] Time: 929ms, Receiver: 39, Sender: 0, RSSI: -104
[P1_RX] Time: 929ms, Receiver: 30, Sender: 0, RSSI: -104
[P1_RX] Time: 929ms, Receiver: 48, Sender: 0, RSSI: -103
[P1_RX] Time: 929ms, Receiver: 5, Sender: 0, RSSI: -107
[P1_ABORT] Time: 929ms, Drone: 9
[P1_ATTEMPT] Time: 929ms, Drone: 9
[P1_SUCCESS] Time: 929ms, Drone: 33
[P1_RX] Time: 929ms, Receiver: 29, Sender: 33, RSSI: -89
[P1_RX] Time: 929ms, Receiver: 37, Sender: 33, RSSI: -90
[P1_RX] Time: 929ms, Receiver: 25, Sender: 33, RSSI: -98
[P1_RX] Time: 929ms, Receiver: 4, Sender: 33, RSSI: -102
[P1_RX] Time: 929ms, Receiver: 20, Sender: 33, RSSI: -105
[P1_RX] Time: 929ms, Receiver: 34, Sender: 33, RSSI: -106
[P1_RX] Time: 929ms, Receiver: 28, Sender: 33, RSSI: -107
[P1_RX] Time: 929ms, Receiver: 12, Sender: 33, RSSI: -106
[P1_ATTEMPT] Time: 930ms, Drone: 40
[P1_SUCCESS] Time: 930ms, Drone: 21
[P1_RX] Time: 930ms, Receiver: 18, Sender: 21, RSSI: -78
[P1_RX] Time: 930ms, Receiver: 17, Sender: 21, RSSI: -91
[P1_RX] Time: 930ms, Receiver: 11, Sender: 21, RSSI: -96
[P1_RX] Time: 930ms, Receiver: 16, Sender: 21, RSSI: -97
[P1_RX] Time: 930ms, Receiver: 38, Sender: 21, RSSI: -97
[P1_RX] Time: 930ms, Receiver: 3, Sender: 21, RSSI: -98
[P1_RX] Time: 930ms, Receiver: 43, Sender: 21, RSSI: -99
[P1_RX] Time: 930ms, Receiver: 49, Sender: 21, RSSI: -100
[P1_RX] Time: 930ms, Receiver: 32, Sender: 21, RSSI: -101
[P1_RX] Time: 930ms, Receiver: 1, Sender: 21, RSSI: -101
[P1_RX] Time: 930ms, Receiver: 8, Sender: 21, RSSI: -105
[P1_RX] Time: 930ms, Receiver: 47, Sender: 21, RSSI: -105
[P1_RX] Time: 930ms, Receiver: 10, Sender: 21, RSSI: -105
[P1_ABORT] Time: 930ms, Drone: 40
[P1_ATTEMPT] Time: 930ms, Drone: 40
[P1_SUCCESS] Time: 930ms, Drone: 9
[P1_RX] Time: 930ms, Receiver: 39, Sender: 9, RSSI: -97
[P1_RX] Time: 930ms, Receiver: 35, Sender: 9, RSSI: -100
[P1_RX] Time: 930ms, Receiver: 5, Sender: 9, RSSI: -101
[P1_RX] Time: 930ms, Receiver: 6, Sender: 9, RSSI: -101
[P1_RX] Time: 930ms, Receiver: 22, Sender: 9, RSSI: -103
[P1_RX] Time: 930ms, Receiver: 0, Sender: 9, RSSI: -105
[P1_RX] Time: 930ms, Receiver: 42, Sender: 9, RSSI: -106
[P1_RX] Time: 930ms, Receiver: 36, Sender: 9, RSSI: -106
[P1_RX] Time: 930ms, Receiver: 23, Sender: 9, RSSI: -107
[P1_SUCCESS] Time: 931ms, Drone: 40
[P1_RX] Time: 931ms, Receiver: 47, Sender: 40, RSSI: -91
[P1_RX] Time: 931ms, Receiver: 19, Sender: 40, RSSI: -92
[P1_RX] Time: 931ms, Receiver: 41, Sender: 40, RSSI: -95
[P1_RX] Time: 931ms, Receiver: 5, Sender: 40, RSSI: -98
[P1_RX] Time: 931ms, Receiver: 35, Sender: 40, RSSI: -99
[P1_RX] Time: 931ms, Receiver: 27, Sender: 40, RSSI: -101
[P1_RX] Time: 931ms, Receiver: 16, Sender: 40, RSSI: -102
[P1_RX] Time: 931ms, Receiver: 1, Sender: 40, RSSI: -103
[P1_RX] Time: 931ms, Receiver: 17, Sender: 40, RSSI: -104
[P1_RX] Time: 931ms, Receiver: 32, Sender: 40, RSSI: -104
[P1_RX] Time: 931ms, Receiver: 36, Sender: 40, RSSI: -104
[P1_RX] Time: 931ms, Receiver: 18, Sender: 40, RSSI: -106
[P1_RX] Time: 931ms, Receiver: 39, Sender: 40, RSSI: -106
[P1_RX] Time: 931ms, Receiver: 42, Sender: 40, RSSI: -107
[P1_RX] Time: 931ms, Receiver: 2, Sender: 40, RSSI: -107
[P1_RX] Time: 931ms, Receiver: 22, Sender: 40, RSSI: -107
[P1_RX] Time: 931ms, Receiver: 21, Sender: 40, RSSI: -107
[P1_RX] Time: 931ms, Receiver: 45, Sender: 40, RSSI: -108
[P1_ATTEMPT] Time: 931ms, Drone: 12
[P1_ATTEMPT] Time: 931ms, Drone: 30
[P1_ABORT] Time: 931ms, Drone: 30
[P1_ATTEMPT] Time: 931ms, Drone: 30
[P1_ABORT] Time: 931ms, Drone: 30
[P1_ATTEMPT] Time: 931ms, Drone: 30
[P1_ABORT] Time: 932ms, Drone: 30
[P1_ATTEMPT] Time: 932ms, Drone: 30
[P1_ATTEMPT] Time: 932ms, Drone: 5
[P1_ABORT] Time: 932ms, Drone: 30
[P1_ATTEMPT] Time: 932ms, Drone: 30
[P1_SUCCESS] Time: 932ms, Drone: 12
[P1_RX] Time: 932ms, Receiver: 30, Sender: 12, RSSI: -98
[P1_RX] Time: 932ms, Receiver: 7, Sender: 12, RSSI: -103
[P1_RX] Time: 932ms, Receiver: 13, Sender: 12, RSSI: -105
[P1_RX] Time: 932ms, Receiver: 14, Sender: 12, RSSI: -106
[P1_RX] Time: 932ms, Receiver: 48, Sender: 12, RSSI: -106
[P1_RX] Time: 932ms, Receiver: 31, Sender: 12, RSSI: -107
[P1_RX] Time: 932ms, Receiver: 24, Sender: 12, RSSI: -108
[P1_RX] Time: 932ms, Receiver: 23, Sender: 12, RSSI: -108
[P1_RX] Time: 932ms, Receiver: 29, Sender: 12, RSSI: -109
[P1_ABORT] Time: 932ms, Drone: 30
[P1_ATTEMPT] Time: 932ms, Drone: 30
[P1_ATTEMPT] Time: 932ms, Drone: 49
[P1_SUCCESS] Time: 932ms, Drone: 5
[P1_RX] Time: 932ms, Receiver: 35, Sender: 5, RSSI: -75
[P1_RX] Time: 932ms, Receiver: 40, Sender: 5, RSSI: -98
[P1_RX] Time: 932ms, Receiver: 39, Sender: 5, RSSI: -99
[P1_RX] Time: 932ms, Receiver: 19, Sender: 5, RSSI: -99
[P1_RX] Time: 932ms, Receiver: 36, Sender: 5, RSSI: -100
[P1_RX] Time: 932ms, Receiver: 41, Sender: 5, RSSI: -100
[P1_RX] Time: 932ms, Receiver: 9, Sender: 5, RSSI: -101
[P1_RX] Time: 932ms, Receiver: 47, Sender: 5, RSSI: -102
[P1_RX] Time: 932ms, Receiver: 22, Sender: 5, RSSI: -103
[P1_RX] Time: 932ms, Receiver: 27, Sender: 5, RSSI: -105
[P1_RX] Time: 932ms, Receiver: 6, Sender: 5, RSSI: -105
[P1_RX] Time: 932ms, Receiver: 42, Sender: 5, RSSI: -106
[P1_SUCCESS] Time: 933ms, Drone: 30
[P1_RX] Time: 933ms, Receiver: 7, Sender: 30, RSSI: -94
[P1_RX] Time: 933ms, Receiver: 14, Sender: 30, RSSI: -97
[P1_RX] Time: 933ms, Receiver: 12, Sender: 30, RSSI: -98
[P1_RX] Time: 933ms, Receiver: 13, Sender: 30, RSSI: -103
[P1_RX] Time: 933ms, Receiver: 48, Sender: 30, RSSI: -103
[P1_RX] Time: 933ms, Receiver: 31, Sender: 30, RSSI: -105
[P1_SUCCESS] Time: 933ms, Drone: 49
[P1_RX] Time: 933ms, Receiver: 3, Sender: 49, RSSI: -80
[P1_RX] Time: 933ms, Receiver: 18, Sender: 49, RSSI: -100
[P1_RX] Time: 933ms, Receiver: 21, Sender: 49, RSSI: -100
[P1_RX] Time: 933ms, Receiver: 15, Sender: 49, RSSI: -102
[P1_RX] Time: 933ms, Receiver: 8, Sender: 49, RSSI: -104
[P1_RX] Time: 933ms, Receiver: 43, Sender: 49, RSSI: -104
[P1_RX] Time: 933ms, Receiver: 38, Sender: 49, RSSI: -105
[P1_RX] Time: 933ms, Receiver: 4, Sender: 49, RSSI: -104
[P1_RX] Time: 933ms, Receiver: 11, Sender: 49, RSSI: -106
[P1_RX] Time: 933ms, Receiver: 10, Sender: 49, RSSI: -107
[P1_RX] Time: 933ms, Receiver: 37, Sender: 49, RSSI: -107
[P1_ATTEMPT] Time: 933ms, Drone: 23
[P1_ATTEMPT] Time: 933ms, Drone: 47
[P1_SUCCESS] Time: 934ms, Drone: 23
[P1_RX] Time: 934ms, Receiver: 14, Sender: 23, RSSI: -89
[P1_RX] Time: 934ms, Receiver: 0, Sender: 23, RSSI: -89
[P1_RX] Time: 934ms, Receiver: 26, Sender: 23, RSSI: -97
[P1_RX] Time: 934ms, Receiver: 42, Sender: 23, RSSI: -97
[P1_RX] Time: 934ms, Receiver: 2, Sender: 23, RSSI: -97
[P1_RX] Time: 934ms, Receiver: 24, Sender: 23, RSSI: -98
[P1_RX] Time: 934ms, Receiver: 6, Sender: 23, RSSI: -100
[P1_RX] Time: 934ms, Receiver: 30, Sender: 23, RSSI: -102
[P1_RX] Time: 934ms, Receiver: 13, Sender: 23, RSSI: -102
[P1_RX] Time: 934ms, Receiver: 45, Sender: 23, RSSI: -102
[P1_RX] Time: 934ms, Receiver: 48, Sender: 23, RSSI: -104
[P1_RX] Time: 934ms, Receiver: 7, Sender: 23, RSSI: -105
[P1_RX] Time: 934ms, Receiver: 31, Sender: 23, RSSI: -104
[P1_ATTEMPT] Time: 934ms, Drone: 13
[P1_SUCCESS] Time: 934ms, Drone: 47
[P1_RX] Time: 934ms, Receiver: 40, Sender: 47, RSSI: -91
[P1_RX] Time: 934ms, Receiver: 19, Sender: 47, RSSI: -92
[P1_RX] Time: 934ms, Receiver: 27, Sender: 47, RSSI: -95
[P1_RX] Time: 934ms, Receiver: 41, Sender: 47, RSSI: -97
[P1_RX] Time: 934ms, Receiver: 16, Sender: 47, RSSI: -97
[P1_RX] Time: 934ms, Receiver: 32, Sender: 47, RSSI: -99
[P1_RX] Time: 934ms, Receiver: 1, Sender: 47, RSSI: -99
[P1_RX] Time: 934ms, Receiver: 17, Sender: 47, RSSI: -100
[P1_RX] Time: 934ms, Receiver: 5, Sender: 47, RSSI: -101
[P1_RX] Time: 934ms, Receiver: 35, Sender: 47, RSSI: -102
[P1_RX] Time: 934ms, Receiver: 18, Sender: 47, RSSI: -103
[P1_RX] Time: 934ms, Receiver: 21, Sender: 47, RSSI: -105
[P1_RX] Time: 934ms, Receiver: 15, Sender: 47, RSSI: -105
[P1_RX] Time: 934ms, Receiver: 11, Sender: 47, RSSI: -106
[P1_RX] Time: 934ms, Receiver: 43, Sender: 47, RSSI: -106
[P1_RX] Time: 934ms, Receiver: 36, Sender: 47, RSSI: -107
[P1_ATTEMPT] Time: 934ms, Drone: 31
[P1_ATTEMPT] Time: 934ms, Drone: 20
[P1_ABORT] Time: 935ms, Drone: 20
[P1_ATTEMPT] Time: 935ms, Drone: 20
[P1_ABORT] Time: 935ms, Drone: 20
[P1_ATTEMPT] Time: 935ms, Drone: 20
[P1_SUCCESS] Time: 935ms, Drone: 13
[P1_RX] Time: 935ms, Receiver: 48, Sender: 13, RSSI: -93
[P1_RX] Time: 935ms, Receiver: 4, Sender: 13, RSSI: -96
[P1_RX] Time: 935ms, Receiver: 2, Sender: 13, RSSI: -97
[P1_RX] Time: 935ms, Receiver: 24, Sender: 13, RSSI: -98
[P1_RX] Time: 935ms, Receiver: 23, Sender: 13, RSSI: -103
[P1_RX] Time: 935ms, Receiver: 0, Sender: 13, RSSI: -104
[P1_RX] Time: 935ms, Receiver: 14, Sender: 13, RSSI: -104
[P1_RX] Time: 935ms, Receiver: 30, Sender: 13, RSSI: -104
[P1_RX] Time: 935ms, Receiver: 42, Sender: 13, RSSI: -105
[P1_RX] Time: 935ms, Receiver: 26, Sender: 13, RSSI: -107
[P1_ATTEMPT] Time: 935ms, Drone: 38
[P1_SUCCESS] Time: 935ms, Drone: 31
[P1_ATTEMPT] Time: 936ms, Drone: 2
[P1_ATTEMPT] Time: 936ms, Drone: 32
[P1_SUCCESS] Time: 936ms, Drone: 20
[P1_RX] Time: 936ms, Receiver: 29, Sender: 20, RSSI: -102
[P1_RX] Time: 936ms, Receiver: 44, Sender: 20, RSSI: -103
[P1_RX] Time: 936ms, Receiver: 37, Sender: 20, RSSI: -103
[P1_RX] Time: 936ms, Receiver: 25, Sender: 20, RSSI: -104
[P1_RX] Time: 936ms, Receiver: 34, Sender: 20, RSSI: -104
[P1_RX] Time: 936ms, Receiver: 28, Sender: 20, RSSI: -104
[P1_RX] Time: 936ms, Receiver: 33, Sender: 20, RSSI: -104
[P1_RX] Time: 936ms, Receiver: 4, Sender: 20, RSSI: -105
[P1_RX] Time: 936ms, Receiver: 46, Sender: 20, RSSI: -106
[P1_RX] Time: 936ms, Receiver: 48, Sender: 20, RSSI: -108
[P1_SUCCESS] Time: 936ms, Drone: 38
[P1_RX] Time: 936ms, Receiver: 11, Sender: 38, RSSI: -94
[P1_RX] Time: 936ms, Receiver: 43, Sender: 38, RSSI: -96
[P1_RX] Time: 936ms, Receiver: 21, Sender: 38, RSSI: -97
[P1_RX] Time: 936ms, Receiver: 10, Sender: 38, RSSI: -98
[P1_RX] Time: 936ms, Receiver: 18, Sender: 38, RSSI: -99
[P1_RX] Time: 936ms, Receiver: 17, Sender: 38, RSSI: -102
[P1_RX] Time: 936ms, Receiver: 15, Sender: 38, RSSI: -102
[P1_RX] Time: 936ms, Receiver: 8, Sender: 38, RSSI: -102
[P1_RX] Time: 936ms, Receiver: 3, Sender: 38, RSSI: -103
[P1_RX] Time: 936ms, Receiver: 16, Sender: 38, RSSI: -105
[P1_RX] Time: 936ms, Receiver: 32, Sender: 38, RSSI: -105
[P1_RX] Time: 936ms, Receiver: 1, Sender: 38, RSSI: -106
[P1_ABORT] Time: 936ms, Drone: 32
[P1_ATTEMPT] Time: 936ms, Drone: 32
[P1_ATTEMPT] Time: 936ms, Drone: 44
[P1_ATTEMPT] Time: 936ms, Drone: 35
[P1_ABORT] Time: 936ms, Drone: 35
[P1_ATTEMPT] Time: 936ms, Drone: 35
[P1_SUCCESS] Time: 936ms, Drone: 2
[P1_RX] Time: 936ms, Receiver: 24, Sender: 2, RSSI: -89
[P1_RX] Time: 936ms, Receiver: 42, Sender: 2, RSSI: -96
[P1_RX] Time: 936ms, Receiver: 13, Sender: 2, RSSI: -97
[P1_RX] Time: 936ms, Receiver: 23, Sender: 2, RSSI: -98
[P1_RX] Time: 936ms, Receiver: 48, Sender: 2, RSSI: -98
[P1_RX] Time: 936ms, Receiver: 0, Sender: 2, RSSI: -98
[P1_RX] Time: 936ms, Receiver: 45, Sender: 2, RSSI: -99
[P1_RX] Time: 936ms, Receiver: 14, Sender: 2, RSSI: -101
[P1_RX] Time: 936ms, Receiver: 26, Sender: 2, RSSI: -101
[P1_RX] Time: 936ms, Receiver: 4, Sender: 2, RSSI: -102
[P1_RX] Time: 936ms, Receiver: 31, Sender: 2, RSSI: -102
[P1_RX] Time: 936ms, Receiver: 19, Sender: 2, RSSI: -103
[P1_RX] Time: 936ms, Receiver: 6, Sender: 2, RSSI: -105
[P1_RX] Time: 936ms, Receiver: 30, Sender: 2, RSSI: -106
[P1_ATTEMPT] Time: 937ms, Drone: 34
[P1_ABORT] Time: 937ms, Drone: 35
[P1_ATTEMPT] Time: 937ms, Drone: 35
[P1_SUCCESS] Time: 937ms, Drone: 32
[P1_RX] Time: 937ms, Receiver: 21, Sender: 32, RSSI: -101
[P1_RX] Time: 937ms, Receiver: 43, Sender: 32, RSSI: -101
[P1_RX] Time: 937ms, Receiver: 3, Sender: 32, RSSI: -102
[P1_RX] Time: 937ms, Receiver: 49, Sender: 32, RSSI: -103
[P1_RX] Time: 937ms, Receiver: 11, Sender: 32, RSSI: -105
[P1_RX] Time: 937ms, Receiver: 38, Sender: 32, RSSI: -106
[P1_ABORT] Time: 937ms, Drone: 34
[P1_ATTEMPT] Time: 937ms, Drone: 34
[P1_ABORT] Time: 937ms, Drone: 34
[P1_ATTEMPT] Time: 937ms, Drone: 34
[P1_SUCCESS] Time: 937ms, Drone: 44
[P1_RX] Time: 937ms, Receiver: 28, Sender: 44, RSSI: -99
[P1_RX] Time: 937ms, Receiver: 46, Sender: 44, RSSI: -100
[P1_RX] Time: 937ms, Receiver: 34, Sender: 44, RSSI: -101
[P1_RX] Time: 937ms, Receiver: 20, Sender: 44, RSSI: -102
[P1_ABORT] Time: 937ms, Drone: 34
[P1_ATTEMPT] Time: 937ms, Drone: 34
[P1_ATTEMPT] Time: 937ms, Drone: 7
[P1_SUCCESS] Time: 938ms, Drone: 35
[P1_RX] Time: 938ms, Receiver: 5, Sender: 35, RSSI: -75
[P1_RX] Time: 938ms, Receiver: 39, Sender: 35, RSSI: -97
[P1_RX] Time: 938ms, Receiver: 19, Sender: 35, RSSI: -98
[P1_RX] Time: 938ms, Receiver: 40, Sender: 35, RSSI: -99
[P1_RX] Time: 938ms, Receiver: 9, Sender: 35, RSSI: -100
[P1_RX] Time: 938ms, Receiver: 41, Sender: 35, RSSI: -102
[P1_RX] Time: 938ms, Receiver: 36, Sender: 35, RSSI: -102
[P1_RX] Time: 938ms, Receiver: 47, Sender: 35, RSSI: -102
[P1_RX] Time: 938ms, Receiver: 6, Sender: 35, RSSI: -103
[P1_RX] Time: 938ms, Receiver: 22, Sender: 35, RSSI: -104
[P1_RX] Time: 938ms, Receiver: 27, Sender: 35, RSSI: -104
[P1_RX] Time: 938ms, Receiver: 42, Sender: 35, RSSI: -105
[P1_RX] Time: 938ms, Receiver: 16, Sender: 35, RSSI: -109
[P1_SUCCESS] Time: 938ms, Drone: 34
[P1_RX] Time: 938ms, Receiver: 28, Sender: 34, RSSI: -78
[P1_RX] Time: 938ms, Receiver: 46, Sender: 34, RSSI: -87
[P1_RX] Time: 938ms, Receiver: 44, Sender: 34, RSSI: -101
[P1_RX] Time: 938ms, Receiver: 37, Sender: 34, RSSI: -102
[P1_RX] Time: 938ms, Receiver: 25, Sender: 34, RSSI: -102
[P1_RX] Time: 938ms, Receiver: 20, Sender: 34, RSSI: -104
[P1_RX] Time: 938ms, Receiver: 29, Sender: 34, RSSI: -104
[P1_RX] Time: 938ms, Receiver: 33, Sender: 34, RSSI: -106
[P1_SUCCESS] Time: 938ms, Drone: 7
[P1_RX] Time: 938ms, Receiver: 30, Sender: 7, RSSI: -94
[P1_RX] Time: 938ms, Receiver: 12, Sender: 7, RSSI: -103
[P1_RX] Time: 938ms, Receiver: 48, Sender: 7, RSSI: -106
[P1_RX] Time: 938ms, Receiver: 13, Sender: 7, RSSI: -106
[P1_ATTEMPT] Time: 938ms, Drone: 29
[P1_ATTEMPT] Time: 938ms, Drone: 17
[P1_SUCCESS] Time: 939ms, Drone: 29
[P1_RX] Time: 939ms, Receiver: 33, Sender: 29, RSSI: -89
[P1_RX] Time: 939ms, Receiver: 37, Sender: 29, RSSI: -89
[P1_RX] Time: 939ms, Receiver: 25, Sender: 29, RSSI: -93
[P1_RX] Time: 939ms, Receiver: 20, Sender: 29, RSSI: -103
[P1_RX] Time: 939ms, Receiver: 4, Sender: 29, RSSI: -103
[P1_RX] Time: 939ms, Receiver: 31, Sender: 29, RSSI: -105
[P1_RX] Time: 939ms, Receiver: 34, Sender: 29, RSSI: -105
[P1_RX] Time: 939ms, Receiver: 13, Sender: 29, RSSI: -105
[P1_RX] Time: 939ms, Receiver: 28, Sender: 29, RSSI: -106
[P1_RX] Time: 939ms, Receiver: 48, Sender: 29, RSSI: -106
[P1_RX] Time: 939ms, Receiver: 46, Sender: 29, RSSI: -107
[P1_ATTEMPT] Time: 939ms, Drone: 41
[P1_ATTEMPT] Time: 939ms, Drone: 48
[P1_ABORT] Time: 939ms, Drone: 41
[P1_ATTEMPT] Time: 939ms, Drone: 41
[P1_SUCCESS] Time: 939ms, Drone: 17
[P1_RX] Time: 939ms, Receiver: 18, Sender: 17, RSSI: -86
[P1_RX] Time: 939ms, Receiver: 21, Sender: 17, RSSI: -91
[P1_RX] Time: 939ms, Receiver: 11, Sender: 17, RSSI: -99
[P1_RX] Time: 939ms, Receiver: 47, Sender: 17, RSSI: -100
[P1_RX] Time: 939ms, Receiver: 38, Sender: 17, RSSI: -102
[P1_RX] Time: 939ms, Receiver: 40, Sender: 17, RSSI: -103
[P1_RX] Time: 939ms, Receiver: 41, Sender: 17, RSSI: -104
[P1_RX] Time: 939ms, Receiver: 27, Sender: 17, RSSI: -104
[P1_RX] Time: 939ms, Receiver: 19, Sender: 17, RSSI: -105
[P1_RX] Time: 939ms, Receiver: 8, Sender: 17, RSSI: -107
[P1_RX] Time: 939ms, Receiver: 10, Sender: 17, RSSI: -107
[P1_ABORT] Time: 939ms, Drone: 41
[P1_ATTEMPT] Time: 939ms, Drone: 41
[P1_ATTEMPT] Time: 940ms, Drone: 22
[P1_SUCCESS] Time: 940ms, Drone: 48
[P1_RX] Time: 940ms, Receiver: 13, Sender: 48, RSSI: -93
[P1_RX] Time: 940ms, Receiver: 4, Sender: 48, RSSI: -94
[P1_RX] Time: 940ms, Receiver: 24, Sender: 48, RSSI: -95
[P1_RX] Time: 940ms, Receiver: 2, Sender: 48, RSSI: -98
[P1_RX] Time: 940ms, Receiver: 31, Sender: 48, RSSI: -101
[P1_RX] Time: 940ms, Receiver: 45, Sender: 48, RSSI: -103
[P1_RX] Time: 940ms, Receiver: 14, Sender: 48, RSSI: -105
[P1_RX] Time: 940ms, Receiver: 30, Sender: 48, RSSI: -105
[P1_RX] Time: 940ms, Receiver: 23, Sender: 48, RSSI: -105
[P1_RX] Time: 940ms, Receiver: 42, Sender: 48, RSSI: -105
[P1_RX] Time: 940ms, Receiver: 26, Sender: 48, RSSI: -106
[P1_RX] Time: 940ms, Receiver: 0, Sender: 48, RSSI: -106
[P1_RX] Time: 940ms, Receiver: 29, Sender: 48, RSSI: -106
[P1_RX] Time: 940ms, Receiver: 12, Sender: 48, RSSI: -106
[P1_RX] Time: 940ms, Receiver: 33, Sender: 48, RSSI: -107
[P1_RX] Time: 940ms, Receiver: 7, Sender: 48, RSSI: -109
[P1_ABORT] Time: 940ms, Drone: 22
[P1_ATTEMPT] Time: 940ms, Drone: 22
[P1_SUCCESS] Time: 940ms, Drone: 41
[P1_RX] Time: 940ms, Receiver: 5, Sender: 41, RSSI: -100
[P1_RX] Time: 940ms, Receiver: 36, Sender: 41, RSSI: -101
[P1_RX] Time: 940ms, Receiver: 35, Sender: 41, RSSI: -101
[P1_RX] Time: 940ms, Receiver: 22, Sender: 41, RSSI: -103
[P1_RX] Time: 940ms, Receiver: 17, Sender: 41, RSSI: -104
[P1_RX] Time: 940ms, Receiver: 9, Sender: 41, RSSI: -106
[P1_RX] Time: 940ms, Receiver: 18, Sender: 41, RSSI: -106
[P1_RX] Time: 940ms, Receiver: 11, Sender: 41, RSSI: -107
[P1_RX] Time: 940ms, Receiver: 21, Sender: 41, RSSI: -107
[P1_RX] Time: 940ms, Receiver: 39, Sender: 41, RSSI: -107
[P1_ABORT] Time: 940ms, Drone: 22
[P1_ATTEMPT] Time: 940ms, Drone: 22
[P1_SUCCESS] Time: 941ms, Drone: 22
[P1_RX] Time: 941ms, Receiver: 36, Sender: 22, RSSI: -100
[P1_RX] Time: 941ms, Receiver: 9, Sender: 22, RSSI: -103
[P1_RX] Time: 941ms, Receiver: 5, Sender: 22, RSSI: -103
[P1_RX] Time: 941ms, Receiver: 41, Sender: 22, RSSI: -103
[P1_RX] Time: 941ms, Receiver: 35, Sender: 22, RSSI: -104
[P1_RX] Time: 941ms, Receiver: 39, Sender: 22, RSSI: -107
[P1_RX] Time: 941ms, Receiver: 40, Sender: 22, RSSI: -107
[P1_RX] Time: 941ms, Receiver: 27, Sender: 22, RSSI: -108
[P1_RX] Time: 941ms, Receiver: 47, Sender: 22, RSSI: -108
[P1_RX] Time: 941ms, Receiver: 19, Sender: 22, RSSI: -108
[P2_ATTEMPT] Time: 944ms, Drone: 4, Slot: 0, Channel: 18
[P2_ATTEMPT] Time: 944ms, Drone: 6, Slot: 0, Channel: 20
[P2_ATTEMPT] Time: 944ms, Drone: 18, Slot: 0, Channel: 18
[P2_ATTEMPT] Time: 944ms, Drone: 33, Slot: 0, Channel: 19
[P2_ATTEMPT] Time: 944ms, Drone: 38, Slot: 0, Channel: 13
[P2_ATTEMPT] Time: 944ms, Drone: 40, Slot: 0, Channel: 20
[P2_ATTEMPT] Time: 944ms, Drone: 42, Slot: 0, Channel: 18
[P2_ATTEMPT] Time: 946ms, Drone: 8, Slot: 1, Channel: 25
[P2_ATTEMPT] Time: 946ms, Drone: 26, Slot: 1, Channel: 15
[P2_ATTEMPT] Time: 946ms, Drone: 31, Slot: 1, Channel: 25
[P2_ATTEMPT] Time: 946ms, Drone: 37, Slot: 1, Channel: 20
[P2_ATTEMPT] Time: 946ms, Drone: 47, Slot: 1, Channel: 15
[P2_ATTEMPT] Time: 946ms, Drone: 48, Slot: 1, Channel: 19
[P2_SUCCESS] Time: 946ms, Drone: 4
[P2_SUCCESS] Time: 946ms, Drone: 6
[P2_SUCCESS] Time: 946ms, Drone: 18
[P2_SUCCESS] Time: 946ms, Drone: 33
[P2_SUCCESS] Time: 946ms, Drone: 38
[P2_SUCCESS] Time: 946ms, Drone: 40
[P2_SUCCESS] Time: 946ms, Drone: 42
[P2_ATTEMPT] Time: 949ms, Drone: 2, Slot: 2, Channel: 15
[P2_ATTEMPT] Time: 949ms, Drone: 13, Slot: 2, Channel: 25
[P2_ATTEMPT] Time: 949ms, Drone: 16, Slot: 2, Channel: 19
[P2_ATTEMPT] Time: 949ms, Drone: 17, Slot: 2, Channel: 12
[P2_SUCCESS] Time: 949ms, Drone: 8
[P2_SUCCESS] Time: 949ms, Drone: 26
[P2_SUCCESS] Time: 949ms, Drone: 31
[P2_SUCCESS] Time: 949ms, Drone: 37
[P2_SUCCESS] Time: 949ms, Drone: 47
[P2_SUCCESS] Time: 949ms, Drone: 48
[P2_RX] Time: 949ms, Receiver: 33, Sender: 37, RSSI: -90
[P2_RX] Time: 949ms, Receiver: 40, Sender: 47, RSSI: -91
[P2_RX] Time: 949ms, Receiver: 4, Sender: 48, RSSI: -94
[P2_RX] Time: 949ms, Receiver: 42, Sender: 26, RSSI: -94
[P2_RX] Time: 949ms, Receiver: 27, Sender: 47, RSSI: -95
[P2_RX] Time: 949ms, Receiver: 25, Sender: 37, RSSI: -95
[P2_ATTEMPT] Time: 951ms, Drone: 0, Slot: 3, Channel: 24
[P2_ATTEMPT] Time: 951ms, Drone: 9, Slot: 3, Channel: 13
[P2_ATTEMPT] Time: 951ms, Drone: 15, Slot: 3, Channel: 20
[P2_ATTEMPT] Time: 951ms, Drone: 20, Slot: 3, Channel: 26
[P2_ATTEMPT] Time: 951ms, Drone: 36, Slot: 3, Channel: 23
[P2_ATTEMPT] Time: 951ms, Drone: 41, Slot: 3, Channel: 21
[P2_SUCCESS] Time: 951ms, Drone: 2
[P2_SUCCESS] Time: 951ms, Drone: 13
[P2_SUCCESS] Time: 951ms, Drone: 16
[P2_SUCCESS] Time: 951ms, Drone: 17
[P2_RX] Time: 951ms, Receiver: 18, Sender: 17, RSSI: -86
[P2_RX] Time: 951ms, Receiver: 24, Sender: 2, RSSI: -89
[P2_RX] Time: 951ms, Receiver: 1, Sender: 16, RSSI: -89
[P2_RX] Time: 951ms, Receiver: 31, Sender: 13, RSSI: -92
[P2_RX] Time: 951ms, Receiver: 48, Sender: 13, RSSI: -93
[P2_RX] Time: 951ms, Receiver: 42, Sender: 2, RSSI: -96
[P2_RX] Time: 951ms, Receiver: 26, Sender: 2, RSSI: -101
[P2_RX] Time: 951ms, Receiver: 4, Sender: 16, RSSI: -106
[P2_RX] Time: 951ms, Receiver: 27, Sender: 2, RSSI: -106
[P2_RX] Time: 951ms, Receiver: 47, Sender: 2, RSSI: -106
[P2_RX] Time: 951ms, Receiver: 40, Sender: 2, RSSI: -107
[P2_ATTEMPT] Time: 954ms, Drone: 14, Slot: 4, Channel: 12
[P2_ATTEMPT] Time: 954ms, Drone: 19, Slot: 4, Channel: 26
[P2_ATTEMPT] Time: 954ms, Drone: 28, Slot: 4, Channel: 24
[P2_ATTEMPT] Time: 954ms, Drone: 32, Slot: 4, Channel: 23
[P2_ATTEMPT] Time: 954ms, Drone: 35, Slot: 4, Channel: 15
[P2_SUCCESS] Time: 954ms, Drone: 0
[P2_SUCCESS] Time: 954ms, Drone: 9
[P2_SUCCESS] Time: 954ms, Drone: 15
[P2_SUCCESS] Time: 954ms, Drone: 20
[P2_SUCCESS] Time: 954ms, Drone: 36
[P2_SUCCESS] Time: 954ms, Drone: 41
[P2_RX] Time: 954ms, Receiver: 43, Sender: 15, RSSI: -93
[P2_RX] Time: 954ms, Receiver: 33, Sender: 15, RSSI: -103
[P2_RX] Time: 954ms, Receiver: 37, Sender: 15, RSSI: -105
[P2_ATTEMPT] Time: 956ms, Drone: 10, Slot: 5, Channel: 21
[P2_ATTEMPT] Time: 956ms, Drone: 22, Slot: 5, Channel: 16
[P2_ATTEMPT] Time: 956ms, Drone: 23, Slot: 5, Channel: 18
[P2_SUCCESS] Time: 956ms, Drone: 14
[P2_SUCCESS] Time: 956ms, Drone: 19
[P2_SUCCESS] Time: 956ms, Drone: 28
[P2_SUCCESS] Time: 956ms, Drone: 32
[P2_SUCCESS] Time: 956ms, Drone: 35
[P2_RX] Time: 956ms, Receiver: 5, Sender: 35, RSSI: -75
[P2_RX] Time: 956ms, Receiver: 34, Sender: 28, RSSI: -78
[P2_RX] Time: 956ms, Receiver: 46, Sender: 28, RSSI: -82
[P2_RX] Time: 956ms, Receiver: 40, Sender: 19, RSSI: -92
[P2_RX] Time: 956ms, Receiver: 47, Sender: 19, RSSI: -92
[P2_RX] Time: 956ms, Receiver: 27, Sender: 35, RSSI: -104
[P2_RX] Time: 956ms, Receiver: 42, Sender: 35, RSSI: -105
[P2_ATTEMPT] Time: 959ms, Drone: 3, Slot: 6, Channel: 12
[P2_ATTEMPT] Time: 959ms, Drone: 5, Slot: 6, Channel: 21
[P2_ATTEMPT] Time: 959ms, Drone: 21, Slot: 6, Channel: 13
[P2_ATTEMPT] Time: 959ms, Drone: 29, Slot: 6, Channel: 20
[P2_ATTEMPT] Time: 959ms, Drone: 45, Slot: 6, Channel: 24
[P2_SUCCESS] Time: 959ms, Drone: 10
[P2_SUCCESS] Time: 959ms, Drone: 22
[P2_SUCCESS] Time: 959ms, Drone: 23
[P2_RX] Time: 959ms, Receiver: 14, Sender: 23, RSSI: -89
[P2_RX] Time: 959ms, Receiver: 0, Sender: 23, RSSI: -89
[P2_ATTEMPT] Time: 961ms, Drone: 7, Slot: 7, Channel: 16
[P2_ATTEMPT] Time: 961ms, Drone: 12, Slot: 7, Channel: 12
[P2_ATTEMPT] Time: 961ms, Drone: 34, Slot: 7, Channel: 18
[P2_ATTEMPT] Time: 961ms, Drone: 39, Slot: 7, Channel: 16
[P2_SUCCESS] Time: 961ms, Drone: 3
[P2_SUCCESS] Time: 961ms, Drone: 5
[P2_SUCCESS] Time: 961ms, Drone: 21
[P2_SUCCESS] Time: 961ms, Drone: 29
[P2_SUCCESS] Time: 961ms, Drone: 45
[P2_RX] Time: 961ms, Receiver: 35, Sender: 5, RSSI: -75
[P2_RX] Time: 961ms, Receiver: 18, Sender: 21, RSSI: -78
[P2_RX] Time: 961ms, Receiver: 49, Sender: 3, RSSI: -80
[P2_RX] Time: 961ms, Receiver: 33, Sender: 29, RSSI: -89
[P2_RX] Time: 961ms, Receiver: 37, Sender: 29, RSSI: -89
[P2_RX] Time: 961ms, Receiver: 31, Sender: 45, RSSI: -90
[P2_RX] Time: 961ms, Receiver: 17, Sender: 21, RSSI: -91
[P2_RX] Time: 961ms, Receiver: 25, Sender: 29, RSSI: -93
[P2_RX] Time: 961ms, Receiver: 13, Sender: 45, RSSI: -96
[P2_RX] Time: 961ms, Receiver: 38, Sender: 21, RSSI: -97
[P2_RX] Time: 961ms, Receiver: 41, Sender: 5, RSSI: -100
[P2_RX] Time: 961ms, Receiver: 15, Sender: 29, RSSI: -106
[P2_ATTEMPT] Time: 964ms, Drone: 1, Slot: 8, Channel: 13
[P2_ATTEMPT] Time: 964ms, Drone: 25, Slot: 8, Channel: 14
[P2_ATTEMPT] Time: 964ms, Drone: 27, Slot: 8, Channel: 26
[P2_ATTEMPT] Time: 964ms, Drone: 30, Slot: 8, Channel: 13
[P2_ATTEMPT] Time: 964ms, Drone: 44, Slot: 8, Channel: 14
[P2_SUCCESS] Time: 964ms, Drone: 7
[P2_SUCCESS] Time: 964ms, Drone: 12
[P2_SUCCESS] Time: 964ms, Drone: 34
[P2_SUCCESS] Time: 964ms, Drone: 39
[P2_RX] Time: 964ms, Receiver: 28, Sender: 34, RSSI: -78
[P2_RX] Time: 964ms, Receiver: 46, Sender: 34, RSSI: -87
[P2_RX] Time: 964ms, Receiver: 6, Sender: 39, RSSI: -95
[P2_RX] Time: 964ms, Receiver: 22, Sender: 39, RSSI: -106
[P2_ATTEMPT] Time: 966ms, Drone: 11, Slot: 9, Channel: 14
[P2_ATTEMPT] Time: 966ms, Drone: 24, Slot: 9, Channel: 17
[P2_ATTEMPT] Time: 966ms, Drone: 43, Slot: 9, Channel: 20
[P2_ATTEMPT] Time: 966ms, Drone: 46, Slot: 9, Channel: 13
[P2_ATTEMPT] Time: 966ms, Drone: 49, Slot: 9, Channel: 23
[P2_SUCCESS] Time: 966ms, Drone: 1
[P2_SUCCESS] Time: 966ms, Drone: 25
[P2_SUCCESS] Time: 966ms, Drone: 27
[P2_SUCCESS] Time: 966ms, Drone: 30
[P2_SUCCESS] Time: 966ms, Drone: 44
[P2_RX] Time: 966ms, Receiver: 32, Sender: 1, RSSI: -82
[P2_RX] Time: 966ms, Receiver: 16, Sender: 1, RSSI: -89
[P2_RX] Time: 966ms, Receiver: 29, Sender: 25, RSSI: -93
[P2_RX] Time: 966ms, Receiver: 7, Sender: 30, RSSI: -94
[P2_RX] Time: 966ms, Receiver: 47, Sender: 27, RSSI: -95
[P2_RX] Time: 966ms, Receiver: 37, Sender: 25, RSSI: -95
[P2_RX] Time: 966ms, Receiver: 19, Sender: 27, RSSI: -98
[P2_RX] Time: 966ms, Receiver: 17, Sender: 1, RSSI: -99
[P2_RX] Time: 966ms, Receiver: 18, Sender: 1, RSSI: -99
[P2_RX] Time: 966ms, Receiver: 40, Sender: 27, RSSI: -101
[P2_RX] Time: 966ms, Receiver: 21, Sender: 1, RSSI: -101
[P2_SUCCESS] Time: 968ms, Drone: 43
[P2_RX] Time: 968ms, Receiver: 15, Sender: 43, RSSI: -93
[P2_RX] Time: 968ms, Receiver: 33, Sender: 43, RSSI: -107
[P2_SUCCESS] Time: 969ms, Drone: 11
[P2_SUCCESS] Time: 969ms, Drone: 24
[P2_SUCCESS] Time: 969ms, Drone: 46
[P2_SUCCESS] Time: 969ms, Drone: 49
[P1_ATTEMPT] Time: 969ms, Drone: 26
[P1_ATTEMPT] Time: 969ms, Drone: 24
[P1_ABORT] Time: 969ms, Drone: 24
[P1_ATTEMPT] Time: 969ms, Drone: 24
[P1_ABORT] Time: 970ms, Drone: 24
[P1_ATTEMPT] Time: 970ms, Drone: 24
[P1_SUCCESS] Time: 970ms, Drone: 26
[P1_RX] Time: 970ms, Receiver: 42, Sender: 26, RSSI: -94
[P1_RX] Time: 970ms, Receiver: 23, Sender: 26, RSSI: -97
[P1_RX] Time: 970ms, Receiver: 14, Sender: 26, RSSI: -99
[P1_RX] Time: 970ms, Receiver: 24, Sender: 26, RSSI: -99
[P1_RX] Time: 970ms, Receiver: 2, Sender: 26, RSSI: -101
[P1_RX] Time: 970ms, Receiver: 0, Sender: 26, RSSI: -102
[P1_RX] Time: 970ms, Receiver: 6, Sender: 26, RSSI: -102
[P1_RX] Time: 970ms, Receiver: 30, Sender: 26, RSSI: -106
[P1_RX] Time: 970ms, Receiver: 48, Sender: 26, RSSI: -106
[P1_RX] Time: 970ms, Receiver: 7, Sender: 26, RSSI: -106
[P1_RX] Time: 970ms, Receiver: 39, Sender: 26, RSSI: -107
[P1_RX] Time: 970ms, Receiver: 13, Sender: 26, RSSI: -107
[P1_RX] Time: 970ms, Receiver: 19, Sender: 26, RSSI: -108
[P1_RX] Time: 970ms, Receiver: 31, Sender: 26, RSSI: -110
[P1_RX] Time: 970ms, Receiver: 5, Sender: 26, RSSI: -110
[P1_ABORT] Time: 970ms, Drone: 24
[P1_ATTEMPT] Time: 970ms, Drone: 24
[P1_ATTEMPT] Time: 970ms, Drone: 2
[P1_ABORT] Time: 970ms, Drone: 2
[P1_ATTEMPT] Time: 970ms, Drone: 2
[P1_ABORT] Time: 970ms, Drone: 2
[P1_ATTEMPT] Time: 970ms, Drone: 2
[P1_ABORT] Time: 970ms, Drone: 2
[P1_ATTEMPT] Time: 970ms, Drone: 2
[P1_ABORT] Time: 971ms, Drone: 2
[P1_ATTEMPT] Time: 971ms, Drone: 2
[P1_SUCCESS] Time: 971ms, Drone: 24
[P1_RX] Time: 971ms, Receiver: 2, Sender: 24, RSSI: -89
[P1_RX] Time: 971ms, Receiver: 48, Sender: 24, RSSI: -95
[P1_RX] Time: 971ms, Receiver: 13, Sender: 24, RSSI: -98
[P1_RX] Time: 971ms, Receiver: 42, Sender: 24, RSSI: -98
[P1_RX] Time: 971ms, Receiver: 23, Sender: 24, RSSI: -98
[P1_RX] Time: 971ms, Receiver: 26, Sender: 24, RSSI: -99
[P1_RX] Time: 971ms, Receiver: 14, Sender: 24, RSSI: -99
[P1_RX] Time: 971ms, Receiver: 0, Sender: 24, RSSI: -101
[P1_RX] Time: 971ms, Receiver: 4, Sender: 24, RSSI: -102
[P1_RX] Time: 971ms, Receiver: 45, Sender: 24, RSSI: -103
[P1_RX] Time: 971ms, Receiver: 30, Sender: 24, RSSI: -103
[P1_RX] Time: 971ms, Receiver: 31, Sender: 24, RSSI: -104
[P1_RX] Time: 971ms, Receiver: 6, Sender: 24, RSSI: -106
[P1_RX] Time: 971ms, Receiver: 19, Sender: 24, RSSI: -106
[P1_RX] Time: 971ms, Receiver: 1, Sender: 24, RSSI: -107
[P1_RX] Time: 971ms, Receiver: 32, Sender: 24, RSSI: -108
[P1_RX] Time: 971ms, Receiver: 12, Sender: 24, RSSI: -108
[P1_RX] Time: 971ms, Receiver: 47, Sender: 24, RSSI: -109
[P1_ABORT] Time: 971ms, Drone: 2
[P1_ATTEMPT] Time: 971ms, Drone: 2
[P1_ATTEMPT] Time: 971ms, Drone: 27
[P1_ABORT] Time: 971ms, Drone: 27
[P1_ATTEMPT] Time: 971ms, Drone: 27
[P1_ABORT] Time: 971ms, Drone: 27
[P1_ATTEMPT] Time: 971ms, Drone: 27
[P1_ABORT] Time: 971ms, Drone: 27
[P1_ATTEMPT] Time: 971ms, Drone: 27
[P1_ATTEMPT] Time: 971ms, Drone: 46
[P1_ATTEMPT] Time: 971ms, Drone: 21
[P1_ABORT] Time: 972ms, Drone: 27
[P1_ATTEMPT] Time: 972ms, Drone: 27
[P1_ATTEMPT] Time: 972ms, Drone: 8
[P1_SUCCESS] Time: 972ms, Drone: 2
[P1_RX] Time: 972ms, Receiver: 24, Sender: 2, RSSI: -89
[P1_RX] Time: 972ms, Receiver: 42, Sender: 2, RSSI: -96
[P1_RX] Time: 972ms, Receiver: 13, Sender: 2, RSSI: -97
[P1_RX] Time: 972ms, Receiver: 23, Sender: 2, RSSI: -98
[P1_RX] Time: 972ms, Receiver: 48, Sender: 2, RSSI: -98
[P1_RX] Time: 972ms, Receiver: 0, Sender: 2, RSSI: -98
[P1_RX] Time: 972ms, Receiver: 45, Sender: 2, RSSI: -99
[P1_RX] Time: 972ms, Receiver: 14, Sender: 2, RSSI: -101
[P1_RX] Time: 972ms, Receiver: 26, Sender: 2, RSSI: -101
[P1_RX] Time: 972ms, Receiver: 4, Sender: 2, RSSI: -102
[P1_RX] Time: 972ms, Receiver: 31, Sender: 2, RSSI: -102
[P1_RX] Time: 972ms, Receiver: 19, Sender: 2, RSSI: -103
[P1_RX] Time: 972ms, Receiver: 1, Sender: 2, RSSI: -105
[P1_RX] Time: 972ms, Receiver: 6, Sender: 2, RSSI: -105
[P1_RX] Time: 972ms, Receiver: 32, Sender: 2, RSSI: -105
[P1_RX] Time: 972ms, Receiver: 30, Sender: 2, RSSI: -106
[P1_RX] Time: 972ms, Receiver: 27, Sender: 2, RSSI: -106
[P1_RX] Time: 972ms, Receiver: 47, Sender: 2, RSSI: -106
[P1_RX] Time: 972ms, Receiver: 40, Sender: 2, RSSI: -107
[P1_RX] Time: 972ms, Receiver: 16, Sender: 2, RSSI: -108
[P1_RX] Time: 972ms, Receiver: 35, Sender: 2, RSSI: -108
[P1_RX] Time: 972ms, Receiver: 39, Sender: 2, RSSI: -108
[P1_RX] Time: 972ms, Receiver: 5, Sender: 2, RSSI: -108
[P1_ABORT] Time: 972ms, Drone: 27
[P1_ATTEMPT] Time: 972ms, Drone: 27
[P1_ATTEMPT] Time: 972ms, Drone: 4
[P1_ABORT] Time: 972ms, Drone: 4
[P1_ATTEMPT] Time: 972ms, Drone: 4
[P1_ATTEMPT] Time: 972ms, Drone: 17
[P1_ABORT] Time: 972ms, Drone: 4
[P1_ATTEMPT] Time: 972ms, Drone: 4
[P1_ABORT] Time: 972ms, Drone: 17
[P1_ATTEMPT] Time: 972ms, Drone: 17
[P1_ABORT] Time: 972ms, Drone: 4
[P1_ATTEMPT] Time: 972ms, Drone: 4
[P1_SUCCESS] Time: 972ms, Drone: 46
[P1_RX] Time: 972ms, Receiver: 28, Sender: 46, RSSI: -82
[P1_RX] Time: 972ms, Receiver: 34, Sender: 46, RSSI: -87
[P1_RX] Time: 972ms, Receiver: 44, Sender: 46, RSSI: -99
[P1_RX] Time: 972ms, Receiver: 37, Sender: 46, RSSI: -104
[P1_RX] Time: 972ms, Receiver: 25, Sender: 46, RSSI: -105
[P1_RX] Time: 972ms, Receiver: 20, Sender: 46, RSSI: -105
[P1_ABORT] Time: 972ms, Drone: 17
[P1_ATTEMPT] Time: 972ms, Drone: 17
[P1_ABORT] Time: 972ms, Drone: 4
[P1_ATTEMPT] Time: 972ms, Drone: 4
[P1_SUCCESS] Time: 972ms, Drone: 21
[P1_RX] Time: 972ms, Receiver: 18, Sender: 21, RSSI: -78
[P1_RX] Time: 972ms, Receiver: 17, Sender: 21, RSSI: -91
[P1_RX] Time: 972ms, Receiver: 11, Sender: 21, RSSI: -96
[P1_RX] Time: 972ms, Receiver: 16, Sender: 21, RSSI: -97
[P1_RX] Time: 972ms, Receiver: 38, Sender: 21, RSSI: -96
[P1_RX] Time: 972ms, Receiver: 3, Sender: 21, RSSI: -97
[P1_RX] Time: 972ms, Receiver: 49, Sender: 21, RSSI: -99
[P1_RX] Time: 972ms, Receiver: 32, Sender: 21, RSSI: -100
[P1_RX] Time: 972ms, Receiver: 1, Sender: 21, RSSI: -101
[P1_SUCCESS] Time: 972ms, Drone: 8
[P1_RX] Time: 972ms, Receiver: 10, Sender: 8, RSSI: -99
[P1_ABORT] Time: 972ms, Drone: 17
[P1_ATTEMPT] Time: 972ms, Drone: 17
[P1_ABORT] Time: 973ms, Drone: 4
[P1_ATTEMPT] Time: 973ms, Drone: 4
[P1_SUCCESS] Time: 973ms, Drone: 27
[P1_RX] Time: 973ms, Receiver: 35, Sender: 27, RSSI: -104
[P1_RX] Time: 973ms, Receiver: 5, Sender: 27, RSSI: -104
[P1_RX] Time: 973ms, Receiver: 9, Sender: 27, RSSI: -104
[P1_RX] Time: 973ms, Receiver: 31, Sender: 27, RSSI: -104
[P1_RX] Time: 973ms, Receiver: 2, Sender: 27, RSSI: -105
[P1_RX] Time: 973ms, Receiver: 0, Sender: 27, RSSI: -106
[P1_RX] Time: 973ms, Receiver: 22, Sender: 27, RSSI: -107
[P1_RX] Time: 973ms, Receiver: 13, Sender: 27, RSSI: -105
[P1_RX] Time: 973ms, Receiver: 42, Sender: 27, RSSI: -106
[P1_RX] Time: 973ms, Receiver: 39, Sender: 27, RSSI: -107
[P1_RX] Time: 973ms, Receiver: 6, Sender: 27, RSSI: -108
[P1_ABORT] Time: 973ms, Drone: 17
[P1_ATTEMPT] Time: 973ms, Drone: 17
[P1_ATTEMPT] Time: 973ms, Drone: 28
[P1_ATTEMPT] Time: 973ms, Drone: 22
[P1_SUCCESS] Time: 973ms, Drone: 4
[P1_RX] Time: 973ms, Receiver: 48, Sender: 4, RSSI: -94
[P1_RX] Time: 973ms, Receiver: 13, Sender: 4, RSSI: -96
[P1_RX] Time: 973ms, Receiver: 31, Sender: 4, RSSI: -100
[P1_RX] Time: 973ms, Receiver: 45, Sender: 4, RSSI: -101
[P1_RX] Time: 973ms, Receiver: 2, Sender: 4, RSSI: -101
[P1_RX] Time: 973ms, Receiver: 24, Sender: 4, RSSI: -102
[P1_RX] Time: 973ms, Receiver: 29, Sender: 4, RSSI: -103
[P1_RX] Time: 973ms, Receiver: 23, Sender: 4, RSSI: -107
[P1_ATTEMPT] Time: 973ms, Drone: 49
[P1_SUCCESS] Time: 974ms, Drone: 17
[P1_RX] Time: 974ms, Receiver: 18, Sender: 17, RSSI: -86
[P1_RX] Time: 974ms, Receiver: 21, Sender: 17, RSSI: -91
[P1_RX] Time: 974ms, Receiver: 16, Sender: 17, RSSI: -91
[P1_RX] Time: 974ms, Receiver: 11, Sender: 17, RSSI: -99
[P1_RX] Time: 974ms, Receiver: 3, Sender: 17, RSSI: -99
[P1_RX] Time: 974ms, Receiver: 47, Sender: 17, RSSI: -100
[P1_RX] Time: 974ms, Receiver: 49, Sender: 17, RSSI: -101
[P1_RX] Time: 974ms, Receiver: 38, Sender: 17, RSSI: -102
[P1_RX] Time: 974ms, Receiver: 40, Sender: 17, RSSI: -103
[P1_RX] Time: 974ms, Receiver: 41, Sender: 17, RSSI: -104
[P1_RX] Time: 974ms, Receiver: 27, Sender: 17, RSSI: -103
[P1_ABORT] Time: 974ms, Drone: 49
[P1_ATTEMPT] Time: 974ms, Drone: 49
[P1_SUCCESS] Time: 974ms, Drone: 28
[P1_RX] Time: 974ms, Receiver: 34, Sender: 28, RSSI: -78
[P1_RX] Time: 974ms, Receiver: 46, Sender: 28, RSSI: -82
[P1_RX] Time: 974ms, Receiver: 44, Sender: 28, RSSI: -99
[P1_ATTEMPT] Time: 974ms, Drone: 35
[P1_ABORT] Time: 974ms, Drone: 35
[P1_ATTEMPT] Time: 974ms, Drone: 35
[P1_ATTEMPT] Time: 974ms, Drone: 44
[P1_ABORT] Time: 974ms, Drone: 35
[P1_ATTEMPT] Time: 974ms, Drone: 35
[P1_ABORT] Time: 974ms, Drone: 44
[P1_ATTEMPT] Time: 974ms, Drone: 44
[P1_ABORT] Time: 974ms, Drone: 35
[P1_ATTEMPT] Time: 974ms, Drone: 35
[P1_SUCCESS] Time: 974ms, Drone: 22
[P1_RX] Time: 974ms, Receiver: 36, Sender: 22, RSSI: -100
[P1_RX] Time: 974ms, Receiver: 9, Sender: 22, RSSI: -103
[P1_RX] Time: 974ms, Receiver: 5, Sender: 22, RSSI: -103
[P1_RX] Time: 974ms, Receiver: 41, Sender: 22, RSSI: -103
[P1_RX] Time: 974ms, Receiver: 35, Sender: 22, RSSI: -104
[P1_RX] Time: 974ms, Receiver: 39, Sender: 22, RSSI: -107
[P1_RX] Time: 974ms, Receiver: 27, Sender: 22, RSSI: -108
[P1_ABORT] Time: 974ms, Drone: 44
[P1_ATTEMPT] Time: 974ms, Drone: 44
[P1_ABORT] Time: 974ms, Drone: 35
[P1_ATTEMPT] Time: 974ms, Drone: 35
[P1_ABORT] Time: 974ms, Drone: 44
[P1_ATTEMPT] Time: 974ms, Drone: 44
[P1_SUCCESS] Time: 975ms, Drone: 49
[P1_RX] Time: 975ms, Receiver: 3, Sender: 49, RSSI: -80
[P1_RX] Time: 975ms, Receiver: 18, Sender: 49, RSSI: -100
[P1_RX] Time: 975ms, Receiver: 21, Sender: 49, RSSI: -100
[P1_RX] Time: 975ms, Receiver: 16, Sender: 49, RSSI: -102
[P1_RX] Time: 975ms, Receiver: 1, Sender: 49, RSSI: -102
[P1_RX] Time: 975ms, Receiver: 17, Sender: 49, RSSI: -102
[P1_RX] Time: 975ms, Receiver: 32, Sender: 49, RSSI: -103
[P1_RX] Time: 975ms, Receiver: 8, Sender: 49, RSSI: -104
[P1_RX] Time: 975ms, Receiver: 38, Sender: 49, RSSI: -105
[P1_RX] Time: 975ms, Receiver: 4, Sender: 49, RSSI: -106
[P1_RX] Time: 975ms, Receiver: 20, Sender: 49, RSSI: -107
[P1_RX] Time: 975ms, Receiver: 11, Sender: 49, RSSI: -106
[P1_RX] Time: 975ms, Receiver: 10, Sender: 49, RSSI: -107
[P1_ATTEMPT] Time: 975ms, Drone: 37
[P1_ATTEMPT] Time: 975ms, Drone: 19
[P1_ATTEMPT] Time: 975ms, Drone: 7
[P1_ATTEMPT] Time: 975ms, Drone: 40
[P1_ABORT] Time: 975ms, Drone: 19
[P1_ATTEMPT] Time: 975ms, Drone: 19
[P1_ABORT] Time: 975ms, Drone: 40
[P1_ATTEMPT] Time: 975ms, Drone: 40
[P1_ATTEMPT] Time: 975ms, Drone: 23
[P1_ABORT] Time: 975ms, Drone: 19
[P1_ATTEMPT] Time: 975ms, Drone: 19
[P1_ABORT] Time: 975ms, Drone: 40
[P1_ATTEMPT] Time: 975ms, Drone: 40
[P1_ABORT] Time: 975ms, Drone: 23
[P1_ATTEMPT] Time: 975ms, Drone: 23
[P1_ATTEMPT] Time: 975ms, Drone: 20
[P1_ABORT] Time: 975ms, Drone: 19
[P1_ATTEMPT] Time: 975ms, Drone: 19
[P1_ABORT] Time: 975ms, Drone: 40
[P1_ATTEMPT] Time: 975ms, Drone: 40
[P1_ABORT] Time: 975ms, Drone: 23
[P1_ATTEMPT] Time: 975ms, Drone: 23
[P1_ABORT] Time: 975ms, Drone: 20
[P1_ATTEMPT] Time: 975ms, Drone: 20
[P1_ABORT] Time: 975ms, Drone: 19
[P1_ATTEMPT] Time: 975ms, Drone: 19
[P1_SUCCESS] Time: 975ms, Drone: 35
[P1_RX] Time: 975ms, Receiver: 5, Sender: 35, RSSI: -75
[P1_RX] Time: 975ms, Receiver: 39, Sender: 35, RSSI: -97
[P1_RX] Time: 975ms, Receiver: 19, Sender: 35, RSSI: -98
[P1_RX] Time: 975ms, Receiver: 40, Sender: 35, RSSI: -99
[P1_RX] Time: 975ms, Receiver: 9, Sender: 35, RSSI: -100
[P1_RX] Time: 975ms, Receiver: 41, Sender: 35, RSSI: -101
[P1_RX] Time: 975ms, Receiver: 36, Sender: 35, RSSI: -102
[P1_RX] Time: 975ms, Receiver: 47, Sender: 35, RSSI: -102
[P1_RX] Time: 975ms, Receiver: 6, Sender: 35, RSSI: -103
[P1_RX] Time: 975ms, Receiver: 22, Sender: 35, RSSI: -104
[P1_RX] Time: 975ms, Receiver: 27, Sender: 35, RSSI: -104
[P1_RX] Time: 975ms, Receiver: 42, Sender: 35, RSSI: -105
[P1_ABORT] Time: 975ms, Drone: 40
[P1_ATTEMPT] Time: 975ms, Drone: 40
[P1_ABORT] Time: 975ms, Drone: 23
[P1_ATTEMPT] Time: 975ms, Drone: 23
[P1_ABORT] Time: 975ms, Drone: 20
[P1_ATTEMPT] Time: 975ms, Drone: 20
[P1_SUCCESS] Time: 975ms, Drone: 44
[P1_RX] Time: 975ms, Receiver: 28, Sender: 44, RSSI: -99
[P1_RX] Time: 975ms, Receiver: 46, Sender: 44, RSSI: -100
[P1_RX] Time: 975ms, Receiver: 34, Sender: 44, RSSI: -101
[P1_RX] Time: 975ms, Receiver: 20, Sender: 44, RSSI: -103
[P1_ABORT] Time: 975ms, Drone: 19
[P1_ATTEMPT] Time: 975ms, Drone: 19
[P1_ATTEMPT] Time: 975ms, Drone: 3
[P1_ABORT] Time: 975ms, Drone: 23
[P1_ATTEMPT] Time: 975ms, Drone: 23
[P1_ABORT] Time: 975ms, Drone: 20
[P1_ATTEMPT] Time: 975ms, Drone: 20
[P1_ABORT] Time: 976ms, Drone: 23
[P1_ATTEMPT] Time: 976ms, Drone: 23
[P1_ABORT] Time: 976ms, Drone: 20
[P1_ATTEMPT] Time: 976ms, Drone: 20
[P1_SUCCESS] Time: 976ms, Drone: 37
[P1_RX] Time: 976ms, Receiver: 4, Sender: 37, RSSI: -104
[P1_ABORT] Time: 976ms, Drone: 23
[P1_ATTEMPT] Time: 976ms, Drone: 23
[P1_SUCCESS] Time: 976ms, Drone: 7
[P1_RX] Time: 976ms, Receiver: 30, Sender: 7, RSSI: -94
[P1_RX] Time: 976ms, Receiver: 14, Sender: 7, RSSI: -100
[P1_RX] Time: 976ms, Receiver: 12, Sender: 7, RSSI: -102
[P1_ABORT] Time: 976ms, Drone: 20
[P1_ATTEMPT] Time: 976ms, Drone: 20
[P1_ABORT] Time: 976ms, Drone: 23
[P1_ATTEMPT] Time: 976ms, Drone: 23
[P1_ABORT] Time: 976ms, Drone: 20
[P1_ATTEMPT] Time: 976ms, Drone: 20
[P1_ATTEMPT] Time: 976ms, Drone: 0
[P1_ABORT] Time: 976ms, Drone: 23
[P1_ATTEMPT] Time: 976ms, Drone: 23
[P1_ABORT] Time: 976ms, Drone: 20
[P1_ATTEMPT] Time: 976ms, Drone: 20
[P1_ABORT] Time: 976ms, Drone: 0
[P1_ATTEMPT] Time: 976ms, Drone: 0
[P1_ABORT] Time: 976ms, Drone: 23
[P1_ATTEMPT] Time: 976ms, Drone: 23
[P1_ABORT] Time: 976ms, Drone: 20
[P1_ATTEMPT] Time: 976ms, Drone: 20
[P1_ABORT] Time: 976ms, Drone: 0
[P1_ATTEMPT] Time: 976ms, Drone: 0
[P1_ABORT] Time: 976ms, Drone: 23
[P1_ATTEMPT] Time: 976ms, Drone: 23
[P1_ATTEMPT] Time: 976ms, Drone: 10
[P1_ABORT] Time: 976ms, Drone: 20
[P1_ATTEMPT] Time: 976ms, Drone: 20
[P1_SUCCESS] Time: 976ms, Drone: 40
[P1_RX] Time: 976ms, Receiver: 47, Sender: 40, RSSI: -88
[P1_RX] Time: 976ms, Receiver: 41, Sender: 40, RSSI: -94
[P1_RX] Time: 976ms, Receiver: 5, Sender: 40, RSSI: -95
[P1_RX] Time: 976ms, Receiver: 35, Sender: 40, RSSI: -95
[P1_RX] Time: 976ms, Receiver: 36, Sender: 40, RSSI: -102
[P1_ABORT] Time: 976ms, Drone: 0
[P1_ATTEMPT] Time: 976ms, Drone: 0
[P1_SUCCESS] Time: 976ms, Drone: 19
[P1_RX] Time: 976ms, Receiver: 1, Sender: 19, RSSI: -97
[P1_RX] Time: 976ms, Receiver: 32, Sender: 19, RSSI: -98
[P1_RX] Time: 976ms, Receiver: 42, Sender: 19, RSSI: -101
[P1_RX] Time: 976ms, Receiver: 2, Sender: 19, RSSI: -101
[P1_RX] Time: 976ms, Receiver: 45, Sender: 19, RSSI: -102
[P1_RX] Time: 976ms, Receiver: 0, Sender: 19, RSSI: -104
[P1_RX] Time: 976ms, Receiver: 6, Sender: 19, RSSI: -104
[P1_RX] Time: 976ms, Receiver: 24, Sender: 19, RSSI: -104
[P1_RX] Time: 976ms, Receiver: 23, Sender: 19, RSSI: -105
[P1_RX] Time: 976ms, Receiver: 26, Sender: 19, RSSI: -106
[P1_SUCCESS] Time: 976ms, Drone: 3
[P1_RX] Time: 976ms, Receiver: 49, Sender: 3, RSSI: -80
[P1_RX] Time: 976ms, Receiver: 18, Sender: 3, RSSI: -97
[P1_RX] Time: 976ms, Receiver: 21, Sender: 3, RSSI: -97
[P1_RX] Time: 976ms, Receiver: 17, Sender: 3, RSSI: -98
[P1_RX] Time: 976ms, Receiver: 8, Sender: 3, RSSI: -103
[P1_RX] Time: 976ms, Receiver: 38, Sender: 3, RSSI: -103
[P1_RX] Time: 976ms, Receiver: 11, Sender: 3, RSSI: -103
[P1_RX] Time: 976ms, Receiver: 10, Sender: 3, RSSI: -106
[P1_RX] Time: 976ms, Receiver: 20, Sender: 3, RSSI: -107
[P1_ABORT] Time: 976ms, Drone: 23
[P1_ATTEMPT] Time: 976ms, Drone: 23
[P1_ABORT] Time: 976ms, Drone: 10
[P1_ATTEMPT] Time: 976ms, Drone: 10
[P1_ABORT] Time: 976ms, Drone: 0
[P1_ATTEMPT] Time: 976ms, Drone: 0
[P1_ATTEMPT] Time: 977ms, Drone: 18
[P1_ABORT] Time: 977ms, Drone: 18
[P1_ATTEMPT] Time: 977ms, Drone: 18
[P1_ABORT] Time: 977ms, Drone: 18
[P1_ATTEMPT] Time: 977ms, Drone: 18
[P1_SUCCESS] Time: 977ms, Drone: 20
[P1_RX] Time: 977ms, Receiver: 29, Sender: 20, RSSI: -102
[P1_RX] Time: 977ms, Receiver: 44, Sender: 20, RSSI: -102
[P1_RX] Time: 977ms, Receiver: 37, Sender: 20, RSSI: -102
[P1_RX] Time: 977ms, Receiver: 25, Sender: 20, RSSI: -104
[P1_RX] Time: 977ms, Receiver: 34, Sender: 20, RSSI: -104
[P1_RX] Time: 977ms, Receiver: 28, Sender: 20, RSSI: -104
[P1_ABORT] Time: 977ms, Drone: 18
[P1_ATTEMPT] Time: 977ms, Drone: 18
[P1_SUCCESS] Time: 977ms, Drone: 23
[P1_RX] Time: 977ms, Receiver: 14, Sender: 23, RSSI: -88
[P1_RX] Time: 977ms, Receiver: 26, Sender: 23, RSSI: -96
[P1_RX] Time: 977ms, Receiver: 42, Sender: 23, RSSI: -95
[P1_RX] Time: 977ms, Receiver: 2, Sender: 23, RSSI: -95
[P1_RX] Time: 977ms, Receiver: 24, Sender: 23, RSSI: -96
[P1_RX] Time: 977ms, Receiver: 6, Sender: 23, RSSI: -96
[P1_RX] Time: 977ms, Receiver: 30, Sender: 23, RSSI: -100
[P1_RX] Time: 977ms, Receiver: 48, Sender: 23, RSSI: -101
[P1_RX] Time: 977ms, Receiver: 7, Sender: 23, RSSI: -103
[P1_SUCCESS] Time: 977ms, Drone: 10
[P1_RX] Time: 977ms, Receiver: 38, Sender: 10, RSSI: -98
[P1_RX] Time: 977ms, Receiver: 8, Sender: 10, RSSI: -101
[P1_RX] Time: 977ms, Receiver: 21, Sender: 10, RSSI: -104
[P1_RX] Time: 977ms, Receiver: 11, Sender: 10, RSSI: -105
[P1_RX] Time: 977ms, Receiver: 18, Sender: 10, RSSI: -105
[P1_RX] Time: 977ms, Receiver: 3, Sender: 10, RSSI: -104
[P1_SUCCESS] Time: 977ms, Drone: 0
[P1_RX] Time: 977ms, Receiver: 9, Sender: 0, RSSI: -103
[P1_RX] Time: 977ms, Receiver: 27, Sender: 0, RSSI: -104
[P1_RX] Time: 977ms, Receiver: 35, Sender: 0, RSSI: -105
[P1_RX] Time: 977ms, Receiver: 5, Sender: 0, RSSI: -105
[P1_ABORT] Time: 977ms, Drone: 18
[P1_ATTEMPT] Time: 977ms, Drone: 18
[P1_SUCCESS] Time: 978ms, Drone: 18
[P1_RX] Time: 978ms, Receiver: 21, Sender: 18, RSSI: -78
[P1_RX] Time: 978ms, Receiver: 17, Sender: 18, RSSI: -86
[P1_RX] Time: 978ms, Receiver: 16, Sender: 18, RSSI: -94
[P1_RX] Time: 978ms, Receiver: 3, Sender: 18, RSSI: -97
[P1_RX] Time: 978ms, Receiver: 11, Sender: 18, RSSI: -98
[P1_RX] Time: 978ms, Receiver: 32, Sender: 18, RSSI: -99
[P1_RX] Time: 978ms, Receiver: 1, Sender: 18, RSSI: -99
[P1_RX] Time: 978ms, Receiver: 38, Sender: 18, RSSI: -100
[P1_RX] Time: 978ms, Receiver: 49, Sender: 18, RSSI: -100
[P1_RX] Time: 978ms, Receiver: 47, Sender: 18, RSSI: -103
[P1_RX] Time: 978ms, Receiver: 27, Sender: 18, RSSI: -106
[P1_RX] Time: 978ms, Receiver: 8, Sender: 18, RSSI: -106
[P1_RX] Time: 978ms, Receiver: 40, Sender: 18, RSSI: -106
[P1_RX] Time: 978ms, Receiver: 10, Sender: 18, RSSI: -107
[P1_RX] Time: 978ms, Receiver: 41, Sender: 18, RSSI: -107
[P1_RX] Time: 978ms, Receiver: 19, Sender: 18, RSSI: -107
[P1_RX] Time: 978ms, Receiver: 45, Sender: 18, RSSI: -109
[P1_ATTEMPT] Time: 978ms, Drone: 39
[P1_ATTEMPT] Time: 979ms, Drone: 29
[P1_ATTEMPT] Time: 979ms, Drone: 47
[P1_ABORT] Time: 979ms, Drone: 47
[P1_ATTEMPT] Time: 979ms, Drone: 47
[P1_ABORT] Time: 979ms, Drone: 47
[P1_ATTEMPT] Time: 979ms, Drone: 47
[P1_ABORT] Time: 979ms, Drone: 47
[P1_ATTEMPT] Time: 979ms, Drone: 47
[P1_ABORT] Time: 979ms, Drone: 47
[P1_ATTEMPT] Time: 979ms, Drone: 47
[P1_SUCCESS] Time: 979ms, Drone: 39
[P1_RX] Time: 979ms, Receiver: 6, Sender: 39, RSSI: -95
[P1_RX] Time: 979ms, Receiver: 35, Sender: 39, RSSI: -97
[P1_RX] Time: 979ms, Receiver: 9, Sender: 39, RSSI: -97
[P1_RX] Time: 979ms, Receiver: 5, Sender: 39, RSSI: -99
[P1_RX] Time: 979ms, Receiver: 42, Sender: 39, RSSI: -103
[P1_RX] Time: 979ms, Receiver: 19, Sender: 39, RSSI: -104
[P1_RX] Time: 979ms, Receiver: 0, Sender: 39, RSSI: -105
[P1_RX] Time: 979ms, Receiver: 40, Sender: 39, RSSI: -106
[P1_RX] Time: 979ms, Receiver: 22, Sender: 39, RSSI: -107
[P1_RX] Time: 979ms, Receiver: 26, Sender: 39, RSSI: -107
[P1_RX] Time: 979ms, Receiver: 36, Sender: 39, RSSI: -107
[P1_RX] Time: 979ms, Receiver: 47, Sender: 39, RSSI: -108
[P1_RX] Time: 979ms, Receiver: 27, Sender: 39, RSSI: -108
[P1_ATTEMPT] Time: 979ms, Drone: 11
[P1_SUCCESS] Time: 980ms, Drone: 29
[P1_RX] Time: 980ms, Receiver: 37, Sender: 29, RSSI: -89
[P1_RX] Time: 980ms, Receiver: 25, Sender: 29, RSSI: -93
[P1_RX] Time: 980ms, Receiver: 20, Sender: 29, RSSI: -103
[P1_RX] Time: 980ms, Receiver: 4, Sender: 29, RSSI: -103
[P1_RX] Time: 980ms, Receiver: 31, Sender: 29, RSSI: -104
[P1_RX] Time: 980ms, Receiver: 34, Sender: 29, RSSI: -105
[P1_RX] Time: 980ms, Receiver: 13, Sender: 29, RSSI: -104
[P1_RX] Time: 980ms, Receiver: 28, Sender: 29, RSSI: -106
[P1_RX] Time: 980ms, Receiver: 48, Sender: 29, RSSI: -105
[P1_RX] Time: 980ms, Receiver: 46, Sender: 29, RSSI: -107
[P1_SUCCESS] Time: 980ms, Drone: 47
[P1_RX] Time: 980ms, Receiver: 40, Sender: 47, RSSI: -91
[P1_RX] Time: 980ms, Receiver: 19, Sender: 47, RSSI: -92
[P1_RX] Time: 980ms, Receiver: 27, Sender: 47, RSSI: -95
[P1_RX] Time: 980ms, Receiver: 41, Sender: 47, RSSI: -97
[P1_RX] Time: 980ms, Receiver: 16, Sender: 47, RSSI: -97
[P1_RX] Time: 980ms, Receiver: 5, Sender: 47, RSSI: -102
[P1_RX] Time: 980ms, Receiver: 35, Sender: 47, RSSI: -102
[P1_RX] Time: 980ms, Receiver: 45, Sender: 47, RSSI: -105
[P1_RX] Time: 980ms, Receiver: 2, Sender: 47, RSSI: -106
[P1_RX] Time: 980ms, Receiver: 9, Sender: 47, RSSI: -107
[P1_RX] Time: 980ms, Receiver: 36, Sender: 47, RSSI: -107
[P1_RX] Time: 980ms, Receiver: 42, Sender: 47, RSSI: -107
[P1_RX] Time: 980ms, Receiver: 39, Sender: 47, RSSI: -108
[P1_RX] Time: 980ms, Receiver: 0, Sender: 47, RSSI: -109
[P1_SUCCESS] Time: 980ms, Drone: 11
[P1_RX] Time: 980ms, Receiver: 10, Sender: 11, RSSI: -105
[P1_RX] Time: 980ms, Receiver: 3, Sender: 11, RSSI: -104
[P1_RX] Time: 980ms, Receiver: 8, Sender: 11, RSSI: -106
[P1_RX] Time: 980ms, Receiver: 49, Sender: 11, RSSI: -105
[P1_ATTEMPT] Time: 981ms, Drone: 48
[P1_ATTEMPT] Time: 981ms, Drone: 25
[P1_ATTEMPT] Time: 981ms, Drone: 9
[P1_ATTEMPT] Time: 981ms, Drone: 45
[P1_ABORT] Time: 981ms, Drone: 45
[P1_ATTEMPT] Time: 981ms, Drone: 45
[P1_ABORT] Time: 982ms, Drone: 45
[P1_ATTEMPT] Time: 982ms, Drone: 45
[P1_ABORT] Time: 982ms, Drone: 45
[P1_ATTEMPT] Time: 982ms, Drone: 45
[P1_SUCCESS] Time: 982ms, Drone: 48
[P1_RX] Time: 982ms, Receiver: 13, Sender: 48, RSSI: -93
[P1_RX] Time: 982ms, Receiver: 4, Sender: 48, RSSI: -94
[P1_RX] Time: 982ms, Receiver: 24, Sender: 48, RSSI: -95
[P1_RX] Time: 982ms, Receiver: 2, Sender: 48, RSSI: -98
[P1_RX] Time: 982ms, Receiver: 31, Sender: 48, RSSI: -101
[P1_RX] Time: 982ms, Receiver: 45, Sender: 48, RSSI: -102
[P1_RX] Time: 982ms, Receiver: 14, Sender: 48, RSSI: -104
[P1_RX] Time: 982ms, Receiver: 30, Sender: 48, RSSI: -104
[P1_RX] Time: 982ms, Receiver: 23, Sender: 48, RSSI: -104
[P1_RX] Time: 982ms, Receiver: 42, Sender: 48, RSSI: -105
[P1_RX] Time: 982ms, Receiver: 1, Sender: 48, RSSI: -105
[P1_RX] Time: 982ms, Receiver: 12, Sender: 48, RSSI: -104
[P1_ABORT] Time: 982ms, Drone: 45
[P1_ATTEMPT] Time: 982ms, Drone: 45
[P1_SUCCESS] Time: 982ms, Drone: 25
[P1_RX] Time: 982ms, Receiver: 29, Sender: 25, RSSI: -93
[P1_RX] Time: 982ms, Receiver: 37, Sender: 25, RSSI: -95
[P1_RX] Time: 982ms, Receiver: 34, Sender: 25, RSSI: -103
[P1_RX] Time: 982ms, Receiver: 20, Sender: 25, RSSI: -103
[P1_RX] Time: 982ms, Receiver: 28, Sender: 25, RSSI: -104
[P1_RX] Time: 982ms, Receiver: 46, Sender: 25, RSSI: -106
[P1_RX] Time: 982ms, Receiver: 44, Sender: 25, RSSI: -108
[P1_ATTEMPT] Time: 982ms, Drone: 38
[P1_SUCCESS] Time: 982ms, Drone: 9
[P1_RX] Time: 982ms, Receiver: 39, Sender: 9, RSSI: -97
[P1_RX] Time: 982ms, Receiver: 35, Sender: 9, RSSI: -100
[P1_RX] Time: 982ms, Receiver: 5, Sender: 9, RSSI: -101
[P1_RX] Time: 982ms, Receiver: 22, Sender: 9, RSSI: -103
[P1_RX] Time: 982ms, Receiver: 41, Sender: 9, RSSI: -106
[P1_RX] Time: 982ms, Receiver: 40, Sender: 9, RSSI: -105
[P1_RX] Time: 982ms, Receiver: 36, Sender: 9, RSSI: -106
[P1_ATTEMPT] Time: 982ms, Drone: 14
[P1_ABORT] Time: 982ms, Drone: 14
[P1_ATTEMPT] Time: 982ms, Drone: 14
[P1_ABORT] Time: 983ms, Drone: 14
[P1_ATTEMPT] Time: 983ms, Drone: 14
[P1_ABORT] Time: 983ms, Drone: 14
[P1_ATTEMPT] Time: 983ms, Drone: 14
[P1_SUCCESS] Time: 983ms, Drone: 45
[P1_RX] Time: 983ms, Receiver: 31, Sender: 45, RSSI: -90
[P1_RX] Time: 983ms, Receiver: 13, Sender: 45, RSSI: -96
[P1_RX] Time: 983ms, Receiver: 2, Sender: 45, RSSI: -99
[P1_RX] Time: 983ms, Receiver: 32, Sender: 45, RSSI: -101
[P1_RX] Time: 983ms, Receiver: 4, Sender: 45, RSSI: -101
[P1_RX] Time: 983ms, Receiver: 27, Sender: 45, RSSI: -102
[P1_RX] Time: 983ms, Receiver: 1, Sender: 45, RSSI: -102
[P1_RX] Time: 983ms, Receiver: 0, Sender: 45, RSSI: -103
[P1_RX] Time: 983ms, Receiver: 48, Sender: 45, RSSI: -103
[P1_RX] Time: 983ms, Receiver: 24, Sender: 45, RSSI: -103
[P1_RX] Time: 983ms, Receiver: 19, Sender: 45, RSSI: -104
[P1_RX] Time: 983ms, Receiver: 23, Sender: 45, RSSI: -105
[P1_RX] Time: 983ms, Receiver: 47, Sender: 45, RSSI: -105
[P1_RX] Time: 983ms, Receiver: 42, Sender: 45, RSSI: -106
[P1_RX] Time: 983ms, Receiver: 14, Sender: 45, RSSI: -106
[P1_RX] Time: 983ms, Receiver: 30, Sender: 45, RSSI: -108
[P1_ABORT] Time: 983ms, Drone: 14
[P1_ATTEMPT] Time: 983ms, Drone: 14
[P1_SUCCESS] Time: 983ms, Drone: 38
[P1_RX] Time: 983ms, Receiver: 10, Sender: 38, RSSI: -98
[P1_RX] Time: 983ms, Receiver: 8, Sender: 38, RSSI: -103
[P1_ATTEMPT] Time: 983ms, Drone: 1
[P1_SUCCESS] Time: 984ms, Drone: 14
[P1_RX] Time: 984ms, Receiver: 23, Sender: 14, RSSI: -89
[P1_RX] Time: 984ms, Receiver: 0, Sender: 14, RSSI: -97
[P1_RX] Time: 984ms, Receiver: 30, Sender: 14, RSSI: -97
[P1_RX] Time: 984ms, Receiver: 26, Sender: 14, RSSI: -99
[P1_RX] Time: 984ms, Receiver: 24, Sender: 14, RSSI: -99
[P1_RX] Time: 984ms, Receiver: 7, Sender: 14, RSSI: -101
[P1_RX] Time: 984ms, Receiver: 2, Sender: 14, RSSI: -101
[P1_RX] Time: 984ms, Receiver: 42, Sender: 14, RSSI: -102
[P1_RX] Time: 984ms, Receiver: 13, Sender: 14, RSSI: -104
[P1_RX] Time: 984ms, Receiver: 6, Sender: 14, RSSI: -104
[P1_RX] Time: 984ms, Receiver: 48, Sender: 14, RSSI: -105
[P1_RX] Time: 984ms, Receiver: 12, Sender: 14, RSSI: -106
[P1_RX] Time: 984ms, Receiver: 31, Sender: 14, RSSI: -106
[P1_RX] Time: 984ms, Receiver: 45, Sender: 14, RSSI: -106
[P1_RX] Time: 984ms, Receiver: 4, Sender: 14, RSSI: -109
[P1_ATTEMPT] Time: 984ms, Drone: 42
[P1_ABORT] Time: 984ms, Drone: 42
[P1_ATTEMPT] Time: 984ms, Drone: 42
[P1_ABORT] Time: 984ms, Drone: 42
[P1_ATTEMPT] Time: 984ms, Drone: 42
[P1_ATTEMPT] Time: 984ms, Drone: 15
[P1_ABORT] Time: 984ms, Drone: 42
[P1_ATTEMPT] Time: 984ms, Drone: 42
[P1_ABORT] Time: 984ms, Drone: 42
[P1_ATTEMPT] Time: 984ms, Drone: 42
[P1_SUCCESS] Time: 984ms, Drone: 1
[P1_RX] Time: 984ms, Receiver: 32, Sender: 1, RSSI: -82
[P1_RX] Time: 984ms, Receiver: 16, Sender: 1, RSSI: -89
[P1_RX] Time: 984ms, Receiver: 17, Sender: 1, RSSI: -99
[P1_RX] Time: 984ms, Receiver: 18, Sender: 1, RSSI: -99
[P1_RX] Time: 984ms, Receiver: 47, Sender: 1, RSSI: -99
[P1_RX] Time: 984ms, Receiver: 4, Sender: 1, RSSI: -101
[P1_RX] Time: 984ms, Receiver: 21, Sender: 1, RSSI: -101
[P1_RX] Time: 984ms, Receiver: 19, Sender: 1, RSSI: -102
[P1_RX] Time: 984ms, Receiver: 3, Sender: 1, RSSI: -102
[P1_RX] Time: 984ms, Receiver: 49, Sender: 1, RSSI: -102
[P1_RX] Time: 984ms, Receiver: 45, Sender: 1, RSSI: -102
[P1_RX] Time: 984ms, Receiver: 27, Sender: 1, RSSI: -102
[P1_RX] Time: 984ms, Receiver: 40, Sender: 1, RSSI: -103
[P1_RX] Time: 984ms, Receiver: 2, Sender: 1, RSSI: -105
[P1_RX] Time: 984ms, Receiver: 13, Sender: 1, RSSI: -105
[P1_RX] Time: 984ms, Receiver: 31, Sender: 1, RSSI: -105
[P1_RX] Time: 984ms, Receiver: 48, Sender: 1, RSSI: -106
[P1_RX] Time: 984ms, Receiver: 11, Sender: 1, RSSI: -106
[P1_RX] Time: 984ms, Receiver: 41, Sender: 1, RSSI: -107
[P1_RX] Time: 984ms, Receiver: 24, Sender: 1, RSSI: -107
[P1_RX] Time: 984ms, Receiver: 38, Sender: 1, RSSI: -107
[P1_RX] Time: 984ms, Receiver: 42, Sender: 1, RSSI: -108
[P1_ABORT] Time: 984ms, Drone: 15
[P1_ATTEMPT] Time: 984ms, Drone: 15
[P1_ATTEMPT] Time: 985ms, Drone: 5
[P1_ABORT] Time: 985ms, Drone: 5
[P1_ATTEMPT] Time: 985ms, Drone: 5
[P1_ATTEMPT] Time: 985ms, Drone: 33
[P1_ABORT] Time: 985ms, Drone: 5
[P1_ATTEMPT] Time: 985ms, Drone: 5
[P1_ABORT] Time: 985ms, Drone: 5
[P1_ATTEMPT] Time: 985ms, Drone: 5
[P1_SUCCESS] Time: 985ms, Drone: 42
[P1_RX] Time: 985ms, Receiver: 26, Sender: 42, RSSI: -94
[P1_RX] Time: 985ms, Receiver: 2, Sender: 42, RSSI: -96
[P1_RX] Time: 985ms, Receiver: 23, Sender: 42, RSSI: -97
[P1_RX] Time: 985ms, Receiver: 24, Sender: 42, RSSI: -98
[P1_RX] Time: 985ms, Receiver: 0, Sender: 42, RSSI: -98
[P1_RX] Time: 985ms, Receiver: 6, Sender: 42, RSSI: -98
[P1_RX] Time: 985ms, Receiver: 14, Sender: 42, RSSI: -102
[P1_RX] Time: 985ms, Receiver: 19, Sender: 42, RSSI: -103
[P1_RX] Time: 985ms, Receiver: 39, Sender: 42, RSSI: -103
[P1_RX] Time: 985ms, Receiver: 35, Sender: 42, RSSI: -105
[P1_RX] Time: 985ms, Receiver: 48, Sender: 42, RSSI: -105
[P1_RX] Time: 985ms, Receiver: 13, Sender: 42, RSSI: -105
[P1_RX] Time: 985ms, Receiver: 5, Sender: 42, RSSI: -106
[P1_RX] Time: 985ms, Receiver: 9, Sender: 42, RSSI: -107
[P1_RX] Time: 985ms, Receiver: 40, Sender: 42, RSSI: -107
[P1_ABORT] Time: 985ms, Drone: 5
[P1_ATTEMPT] Time: 985ms, Drone: 5
[P1_ABORT] Time: 985ms, Drone: 33
[P1_ATTEMPT] Time: 985ms, Drone: 33
[P1_SUCCESS] Time: 985ms, Drone: 15
[P1_RX] Time: 985ms, Receiver: 18, Sender: 15, RSSI: -100
[P1_RX] Time: 985ms, Receiver: 21, Sender: 15, RSSI: -100
[P1_RX] Time: 985ms, Receiver: 3, Sender: 15, RSSI: -102
[P1_RX] Time: 985ms, Receiver: 17, Sender: 15, RSSI: -102
[P1_RX] Time: 985ms, Receiver: 49, Sender: 15, RSSI: -102
[P1_RX] Time: 985ms, Receiver: 38, Sender: 15, RSSI: -103
[P1_RX] Time: 985ms, Receiver: 11, Sender: 15, RSSI: -104
[P1_RX] Time: 985ms, Receiver: 37, Sender: 15, RSSI: -105
[P1_RX] Time: 985ms, Receiver: 10, Sender: 15, RSSI: -106
[P1_RX] Time: 985ms, Receiver: 29, Sender: 15, RSSI: -106
[P1_RX] Time: 985ms, Receiver: 8, Sender: 15, RSSI: -108
[P1_ABORT] Time: 985ms, Drone: 33
[P1_ATTEMPT] Time: 985ms, Drone: 33
[P1_ATTEMPT] Time: 986ms, Drone: 31
[P1_ABORT] Time: 986ms, Drone: 31
[P1_ATTEMPT] Time: 986ms, Drone: 31
[P1_ABORT] Time: 986ms, Drone: 31
[P1_ATTEMPT] Time: 986ms, Drone: 31
[P1_SUCCESS] Time: 986ms, Drone: 5
[P1_RX] Time: 986ms, Receiver: 35, Sender: 5, RSSI: -75
[P1_RX] Time: 986ms, Receiver: 40, Sender: 5, RSSI: -98
[P1_RX] Time: 986ms, Receiver: 39, Sender: 5, RSSI: -99
[P1_RX] Time: 986ms, Receiver: 19, Sender: 5, RSSI: -99
[P1_RX] Time: 986ms, Receiver: 36, Sender: 5, RSSI: -100
[P1_RX] Time: 986ms, Receiver: 41, Sender: 5, RSSI: -100
[P1_RX] Time: 986ms, Receiver: 9, Sender: 5, RSSI: -101
[P1_RX] Time: 986ms, Receiver: 47, Sender: 5, RSSI: -102
[P1_RX] Time: 986ms, Receiver: 22, Sender: 5, RSSI: -103
[P1_RX] Time: 986ms, Receiver: 27, Sender: 5, RSSI: -105
[P1_RX] Time: 986ms, Receiver: 6, Sender: 5, RSSI: -105
[P1_RX] Time: 986ms, Receiver: 42, Sender: 5, RSSI: -106
[P1_ABORT] Time: 986ms, Drone: 31
[P1_ATTEMPT] Time: 986ms, Drone: 31
[P1_SUCCESS] Time: 986ms, Drone: 33
[P1_RX] Time: 986ms, Receiver: 29, Sender: 33, RSSI: -89
[P1_RX] Time: 986ms, Receiver: 37, Sender: 33, RSSI: -90
[P1_RX] Time: 986ms, Receiver: 25, Sender: 33, RSSI: -98
[P1_RX] Time: 986ms, Receiver: 31, Sender: 33, RSSI: -102
[P1_RX] Time: 986ms, Receiver: 4, Sender: 33, RSSI: -103
[P1_RX] Time: 986ms, Receiver: 15, Sender: 33, RSSI: -103
[P1_RX] Time: 986ms, Receiver: 13, Sender: 33, RSSI: -104
[P1_RX] Time: 986ms, Receiver: 20, Sender: 33, RSSI: -105
[P1_RX] Time: 986ms, Receiver: 34, Sender: 33, RSSI: -106
[P1_RX] Time: 986ms, Receiver: 48, Sender: 33, RSSI: -106
[P1_RX] Time: 986ms, Receiver: 28, Sender: 33, RSSI: -107
[P1_RX] Time: 986ms, Receiver: 46, Sender: 33, RSSI: -108
[P1_RX] Time: 986ms, Receiver: 49, Sender: 33, RSSI: -108
[P1_ABORT] Time: 986ms, Drone: 31
[P1_ATTEMPT] Time: 986ms, Drone: 31
[P1_ATTEMPT] Time: 987ms, Drone: 6
[P1_ATTEMPT] Time: 987ms, Drone: 41
[P1_ATTEMPT] Time: 987ms, Drone: 16
[P1_ABORT] Time: 987ms, Drone: 16
[P1_ATTEMPT] Time: 987ms, Drone: 16
[P1_SUCCESS] Time: 987ms, Drone: 31
[P1_RX] Time: 987ms, Receiver: 45, Sender: 31, RSSI: -90
[P1_RX] Time: 987ms, Receiver: 13, Sender: 31, RSSI: -92
[P1_RX] Time: 987ms, Receiver: 4, Sender: 31, RSSI: -101
[P1_RX] Time: 987ms, Receiver: 48, Sender: 31, RSSI: -101
[P1_RX] Time: 987ms, Receiver: 2, Sender: 31, RSSI: -102
[P1_RX] Time: 987ms, Receiver: 33, Sender: 31, RSSI: -102
[P1_RX] Time: 987ms, Receiver: 24, Sender: 31, RSSI: -104
[P1_RX] Time: 987ms, Receiver: 32, Sender: 31, RSSI: -104
[P1_RX] Time: 987ms, Receiver: 15, Sender: 31, RSSI: -104
[P1_RX] Time: 987ms, Receiver: 29, Sender: 31, RSSI: -105
[P1_RX] Time: 987ms, Receiver: 37, Sender: 31, RSSI: -106
[P1_RX] Time: 987ms, Receiver: 12, Sender: 31, RSSI: -107
[P1_RX] Time: 987ms, Receiver: 25, Sender: 31, RSSI: -108
[P1_ABORT] Time: 987ms, Drone: 16
[P1_ATTEMPT] Time: 987ms, Drone: 16
[P1_ATTEMPT] Time: 988ms, Drone: 30
[P1_SUCCESS] Time: 988ms, Drone: 6
[P1_RX] Time: 988ms, Receiver: 39, Sender: 6, RSSI: -95
[P1_ABORT] Time: 988ms, Drone: 16
[P1_ATTEMPT] Time: 988ms, Drone: 16
[P1_ATTEMPT] Time: 988ms, Drone: 13
[P1_ATTEMPT] Time: 988ms, Drone: 43
[P1_ABORT] Time: 988ms, Drone: 16
[P1_ATTEMPT] Time: 988ms, Drone: 16
[P1_ABORT] Time: 988ms, Drone: 16
[P1_ATTEMPT] Time: 988ms, Drone: 16
[P1_SUCCESS] Time: 988ms, Drone: 41
[P1_RX] Time: 988ms, Receiver: 36, Sender: 41, RSSI: -101
[P1_ABORT] Time: 988ms, Drone: 16
[P1_ATTEMPT] Time: 988ms, Drone: 16
[P1_ABORT] Time: 988ms, Drone: 16
[P1_ATTEMPT] Time: 988ms, Drone: 16
[P1_ATTEMPT] Time: 988ms, Drone: 36
[P1_ABORT] Time: 988ms, Drone: 16
[P1_ATTEMPT] Time: 988ms, Drone: 16
[P1_ABORT] Time: 988ms, Drone: 16
[P1_ATTEMPT] Time: 988ms, Drone: 16
[P1_ABORT] Time: 988ms, Drone: 16
[P1_ATTEMPT] Time: 988ms, Drone: 16
[P1_SUCCESS] Time: 988ms, Drone: 30
[P1_RX] Time: 988ms, Receiver: 7, Sender: 30, RSSI: -94
[P1_RX] Time: 988ms, Receiver: 14, Sender: 30, RSSI: -96
[P1_RX] Time: 988ms, Receiver: 12, Sender: 30, RSSI: -97
[P1_RX] Time: 988ms, Receiver: 23, Sender: 30, RSSI: -100
[P1_SUCCESS] Time: 988ms, Drone: 13
[P1_RX] Time: 988ms, Receiver: 31, Sender: 13, RSSI: -92
[P1_RX] Time: 988ms, Receiver: 48, Sender: 13, RSSI: -93
[P1_RX] Time: 988ms, Receiver: 45, Sender: 13, RSSI: -96
[P1_RX] Time: 988ms, Receiver: 4, Sender: 13, RSSI: -96
[P1_RX] Time: 988ms, Receiver: 2, Sender: 13, RSSI: -97
[P1_RX] Time: 988ms, Receiver: 24, Sender: 13, RSSI: -97
[P1_RX] Time: 988ms, Receiver: 33, Sender: 13, RSSI: -103
[P1_RX] Time: 988ms, Receiver: 29, Sender: 13, RSSI: -104
[P1_ABORT] Time: 989ms, Drone: 16
[P1_ATTEMPT] Time: 989ms, Drone: 16
[P1_ATTEMPT] Time: 989ms, Drone: 34
[P1_ABORT] Time: 989ms, Drone: 16
[P1_ATTEMPT] Time: 989ms, Drone: 16
[P1_SUCCESS] Time: 989ms, Drone: 43
[P1_RX] Time: 989ms, Receiver: 38, Sender: 43, RSSI: -96
[P1_RX] Time: 989ms, Receiver: 21, Sender: 43, RSSI: -99
[P1_RX] Time: 989ms, Receiver: 11, Sender: 43, RSSI: -100
[P1_RX] Time: 989ms, Receiver: 10, Sender: 43, RSSI: -102
[P1_RX] Time: 989ms, Receiver: 17, Sender: 43, RSSI: -102
[P1_RX] Time: 989ms, Receiver: 3, Sender: 43, RSSI: -103
[P1_RX] Time: 989ms, Receiver: 8, Sender: 43, RSSI: -106
[P1_ABORT] Time: 989ms, Drone: 16
[P1_ATTEMPT] Time: 989ms, Drone: 16
[P1_SUCCESS] Time: 989ms, Drone: 36
[P1_RX] Time: 989ms, Receiver: 22, Sender: 36, RSSI: -99
[P1_RX] Time: 989ms, Receiver: 5, Sender: 36, RSSI: -100
[P1_RX] Time: 989ms, Receiver: 35, Sender: 36, RSSI: -101
[P1_RX] Time: 989ms, Receiver: 9, Sender: 36, RSSI: -106
[P1_RX] Time: 989ms, Receiver: 39, Sender: 36, RSSI: -106
[P1_SUCCESS] Time: 990ms, Drone: 34
[P1_RX] Time: 990ms, Receiver: 28, Sender: 34, RSSI: -78
[P1_RX] Time: 990ms, Receiver: 46, Sender: 34, RSSI: -87
[P1_RX] Time: 990ms, Receiver: 44, Sender: 34, RSSI: -101
[P1_RX] Time: 990ms, Receiver: 37, Sender: 34, RSSI: -102
[P1_RX] Time: 990ms, Receiver: 25, Sender: 34, RSSI: -103
[P1_RX] Time: 990ms, Receiver: 20, Sender: 34, RSSI: -105
[P1_RX] Time: 990ms, Receiver: 29, Sender: 34, RSSI: -105
[P1_RX] Time: 990ms, Receiver: 33, Sender: 34, RSSI: -107
[P1_ATTEMPT] Time: 990ms, Drone: 32
[P1_ABORT] Time: 990ms, Drone: 32
[P1_ATTEMPT] Time: 990ms, Drone: 32
[P1_SUCCESS] Time: 990ms, Drone: 16
[P1_RX] Time: 990ms, Receiver: 1, Sender: 16, RSSI: -89
[P1_RX] Time: 990ms, Receiver: 32, Sender: 16, RSSI: -91
[P1_RX] Time: 990ms, Receiver: 17, Sender: 16, RSSI: -91
[P1_RX] Time: 990ms, Receiver: 18, Sender: 16, RSSI: -94
[P1_RX] Time: 990ms, Receiver: 21, Sender: 16, RSSI: -97
[P1_RX] Time: 990ms, Receiver: 47, Sender: 16, RSSI: -97
[P1_RX] Time: 990ms, Receiver: 15, Sender: 16, RSSI: -100
[P1_RX] Time: 990ms, Receiver: 3, Sender: 16, RSSI: -100
[P1_RX] Time: 990ms, Receiver: 40, Sender: 16, RSSI: -101
[P1_RX] Time: 990ms, Receiver: 49, Sender: 16, RSSI: -102
[P1_RX] Time: 990ms, Receiver: 19, Sender: 16, RSSI: -102
[P1_RX] Time: 990ms, Receiver: 27, Sender: 16, RSSI: -102
[P1_RX] Time: 990ms, Receiver: 43, Sender: 16, RSSI: -102
[P1_RX] Time: 990ms, Receiver: 11, Sender: 16, RSSI: -103
[P1_RX] Time: 990ms, Receiver: 41, Sender: 16, RSSI: -105
[P1_RX] Time: 990ms, Receiver: 38, Sender: 16, RSSI: -105
[P1_RX] Time: 990ms, Receiver: 4, Sender: 16, RSSI: -105
[P1_RX] Time: 990ms, Receiver: 45, Sender: 16, RSSI: -105
[P1_RX] Time: 990ms, Receiver: 2, Sender: 16, RSSI: -107
[P1_RX] Time: 990ms, Receiver: 31, Sender: 16, RSSI: -107
[P1_RX] Time: 990ms, Receiver: 35, Sender: 16, RSSI: -109
[P1_ABORT] Time: 990ms, Drone: 32
[P1_ATTEMPT] Time: 990ms, Drone: 32
[P1_SUCCESS] Time: 991ms, Drone: 32
[P1_RX] Time: 991ms, Receiver: 1, Sender: 32, RSSI: -82
[P1_RX] Time: 991ms, Receiver: 16, Sender: 32, RSSI: -91
[P1_RX] Time: 991ms, Receiver: 15, Sender: 32, RSSI: -95
[P1_RX] Time: 991ms, Receiver: 18, Sender: 32, RSSI: -99
[P1_RX] Time: 991ms, Receiver: 47, Sender: 32, RSSI: -99
[P1_RX] Time: 991ms, Receiver: 17, Sender: 32, RSSI: -99
[P1_RX] Time: 991ms, Receiver: 27, Sender: 32, RSSI: -100
[P1_RX] Time: 991ms, Receiver: 45, Sender: 32, RSSI: -101
[P1_RX] Time: 991ms, Receiver: 21, Sender: 32, RSSI: -101
[P1_RX] Time: 991ms, Receiver: 43, Sender: 32, RSSI: -101
[P1_RX] Time: 991ms, Receiver: 4, Sender: 32, RSSI: -102
[P1_RX] Time: 991ms, Receiver: 19, Sender: 32, RSSI: -102
[P1_RX] Time: 991ms, Receiver: 3, Sender: 32, RSSI: -103
[P1_RX] Time: 991ms, Receiver: 49, Sender: 32, RSSI: -103
[P1_RX] Time: 991ms, Receiver: 40, Sender: 32, RSSI: -104
[P1_RX] Time: 991ms, Receiver: 31, Sender: 32, RSSI: -104
[P1_RX] Time: 991ms, Receiver: 13, Sender: 32, RSSI: -105
[P1_RX] Time: 991ms, Receiver: 2, Sender: 32, RSSI: -105
[P1_RX] Time: 991ms, Receiver: 11, Sender: 32, RSSI: -105
[P1_RX] Time: 991ms, Receiver: 38, Sender: 32, RSSI: -106
[P1_RX] Time: 991ms, Receiver: 48, Sender: 32, RSSI: -106
[P1_RX] Time: 991ms, Receiver: 41, Sender: 32, RSSI: -106
[P1_RX] Time: 991ms, Receiver: 33, Sender: 32, RSSI: -107
[P1_RX] Time: 991ms, Receiver: 24, Sender: 32, RSSI: -108
[P1_RX] Time: 991ms, Receiver: 37, Sender: 32, RSSI: -109
[P1_ATTEMPT] Time: 991ms, Drone: 12
[P1_SUCCESS] Time: 992ms, Drone: 12
[P1_RX] Time: 992ms, Receiver: 30, Sender: 12, RSSI: -98
[P1_RX] Time: 992ms, Receiver: 7, Sender: 12, RSSI: -103
[P1_RX] Time: 992ms, Receiver: 13, Sender: 12, RSSI: -105
[P1_RX] Time: 992ms, Receiver: 14, Sender: 12, RSSI: -106
[P1_RX] Time: 992ms, Receiver: 48, Sender: 12, RSSI: -106
[P1_RX] Time: 992ms, Receiver: 31, Sender: 12, RSSI: -107
[P1_RX] Time: 992ms, Receiver: 24, Sender: 12, RSSI: -108
[P1_RX] Time: 992ms, Receiver: 25, Sender: 12, RSSI: -109
[P1_RX] Time: 992ms, Receiver: 2, Sender: 12, RSSI: -109
[P1_RX] Time: 992ms, Receiver: 33, Sender: 12, RSSI: -109
[P2_ATTEMPT] Time: 995ms, Drone: 8, Slot: 0, Channel: 12
[P2_ATTEMPT] Time: 995ms, Drone: 15, Slot: 0, Channel: 17
[P2_ATTEMPT] Time: 995ms, Drone: 19, Slot: 0, Channel: 24
[P2_ATTEMPT] Time: 995ms, Drone: 21, Slot: 0, Channel: 18
[P2_ATTEMPT] Time: 995ms, Drone: 29, Slot: 0, Channel: 26
[P2_ATTEMPT] Time: 995ms, Drone: 49, Slot: 0, Channel: 22
[P2_ATTEMPT] Time: 997ms, Drone: 13, Slot: 1, Channel: 14
[P2_ATTEMPT] Time: 997ms, Drone: 23, Slot: 1, Channel: 18
[P2_ATTEMPT] Time: 997ms, Drone: 25, Slot: 1, Channel: 22
[P2_ATTEMPT] Time: 997ms, Drone: 34, Slot: 1, Channel: 23
[P2_SUCCESS] Time: 997ms, Drone: 8
[P2_SUCCESS] Time: 997ms, Drone: 15
[P2_SUCCESS] Time: 997ms, Drone: 19
[P2_SUCCESS] Time: 997ms, Drone: 21
[P2_SUCCESS] Time: 997ms, Drone: 29
[P2_SUCCESS] Time: 997ms, Drone: 49

=== Drone  0 Metrics Report (Top 5 within 100m) ===
Target (Dist)  | Disc. Ratio | Bcn Ratio | Avg Disc. IAT | Max Disc. IAT | Mean Bcn AoI | Max Bcn AoI
-----------------------------------------------------------------------------------------------------
Drone 23 ( 26m) |        90.0 |      50.0 |          53.7 |         115.0 |         41.3 |       117.5
Drone 14 ( 49m) |        70.0 |       5.0 |          70.1 |         144.0 |        374.4 |       823.5
Drone 42 ( 54m) |        85.0 |       0.0 |          60.8 |         154.0 |        459.0 |       918.0
Drone  2 ( 54m) |        90.0 |       5.0 |          55.9 |         107.0 |        278.8 |       673.5
Drone  6 ( 56m) |        75.0 |       0.0 |          65.3 |         154.0 |        459.0 |       918.0
--> Monitor Member List Match Ratio: 19.0%

=== Drone 25 Metrics Report (Top 5 within 100.0m) ===
Target (Dist)  | Disc. Ratio | Bcn Ratio | Avg Disc. IAT | Max Disc. IAT | Mean Bcn AoI | Max Bcn AoI
-----------------------------------------------------------------------------------------------------
Drone 29 ( 35m) |        85.0 |      45.0 |          60.9 |         118.0 |         71.7 |       272.5
Drone 37 ( 43m) |        85.0 |      60.0 |          57.1 |         115.0 |         35.6 |       114.5
Drone 33 ( 55m) |        70.0 |       0.0 |          74.2 |         153.0 |        459.0 |       918.0
Drone 34 ( 77m) |        80.0 |      10.0 |          64.9 |         118.0 |        165.3 |       369.5
Drone 20 ( 87m) |        65.0 |       0.0 |          80.5 |         190.0 |        459.0 |       918.0
--> Monitor Member List Match Ratio: 33.0%

=== Drone 49 Metrics Report (Top 5 within 100.0m) ===
Target (Dist)  | Disc. Ratio | Bcn Ratio | Avg Disc. IAT | Max Disc. IAT | Mean Bcn AoI | Max Bcn AoI
-----------------------------------------------------------------------------------------------------
Drone  3 ( 13m) |        75.0 |      50.0 |          69.5 |         142.0 |         58.2 |       224.5
Drone 18 ( 62m) |        60.0 |       0.0 |          83.9 |         149.0 |        459.0 |       918.0
Drone 21 ( 63m) |        70.0 |       0.0 |          69.2 |         206.0 |        459.0 |       918.0
Drone 16 ( 72m) |        55.0 |       5.0 |          93.8 |         166.0 |        252.9 |       612.0
Drone  1 ( 73m) |        60.0 |       0.0 |          88.7 |         188.0 |        459.0 |       918.0
--> Monitor Member List Match Ratio: 15.0%

=================================================
          GLOBAL NETWORK METRICS (1.0s)          
=================================================
Phase 1 TX Attempts             : 2486 times
Phase 1 TX Aborts (CSMA Busy)   : 1498 times
Phase 1 TX Success (Sent)       : 988 times
Phase 1 RX Success (Total Rcvd) : 8793 packets
-------------------------------------------------
Total 50B Data Packets Delivered: 928
Total Network Slots Elapsed     : 190 slots
Spatial Reuse Factor (SRF)      : 4.88 packets/slot
Discovery Message Reception Ratio: 74.9%
Beacon Packet Reception Ratio   : 15.1%
Monitor Member List Match Ratio : 23.6%
Avg Discovery Msg IAT (Top-K)   : 67.2 ms
Max Discovery Msg IAT (Top-K)   : 361.0 ms
Mean Beacon Packet AoI (Top-K)  : 292.4 ms
Max Beacon Packet AoI (Top-K)   : 930.5 ms
=================================================

